route_distance_m,route_eta_sec,atm_count,bank_count,restaurant_count,pharmacy_count,cafe_count,shopping_mall_count,supermarket_count,hospital_count,police_count,bus_station_count,train_station_count,commercial_activity_score,emergency_presence_score,transport_activity_score,isolation_score,redzone_overlap_score,incident_density,avg_incident_severity,temporal_risk_score,nighttime_score,risk_probability
4802,325,0,3,4,0,2,0,0,0,0,0,0,6,0,0,88.0,0.352273,3.748438,4.918958,15.826278,0.03252,0.412113
9202,1123,2,2,6,4,4,0,2,3,0,4,2,12,3,6,61.0,0.333836,5.216257,3.302306,9.254038,0.642152,0.469378
6194,603,2,1,6,1,1,0,0,0,0,3,0,7,0,3,81.5,0.318939,4.68195,3.130733,2.362166,0.456066,0.321178
3549,360,0,1,4,0,1,0,3,1,3,2,0,8,4,2,73.0,0.322486,3.663004,4.904964,8.817832,0.301878,0.408947
4284,367,1,0,4,0,2,0,0,1,0,0,0,6,1,0,86.0,0.557034,6.069094,4.441233,16.949471,0.904382,0.562621
10563,936,1,1,4,2,6,1,0,2,0,0,0,11,2,0,74.0,0.530218,3.976143,5.267826,28.407829,0.65314,0.468222
4990,849,2,2,2,1,3,0,0,0,2,3,0,5,2,3,81.5,0.094223,2.004008,2.681928,0.030565,0.456005,0.280896
4700,389,1,0,4,1,4,1,1,0,1,2,0,10,1,2,75.0,0.469182,4.042553,4.969304,52.0564,0.791594,0.438204
11581,1464,2,2,14,4,4,2,2,1,0,6,1,22,1,7,43.5,0.489503,5.69899,4.422465,21.970156,0.2711,0.465027
11000,1300,2,4,14,1,9,0,10,0,5,8,4,33,5,12,6.0,0.061879,1.090909,1.930888,0.426119,0.530484,0.121024
8493,1020,2,0,15,3,8,0,3,3,2,3,1,26,5,4,32.0,0.146181,3.650065,2.552904,6.512503,0.366962,0.209134
12646,882,3,1,2,2,5,0,0,0,0,1,1,7,0,2,83.0,0.88157,5.377194,7.058243,293.787978,0.979103,0.753666
9429,1546,2,2,16,2,5,3,3,1,0,5,2,27,1,7,33.5,0.558478,6.257291,5.356395,14.040912,0.450714,0.453672
3633,420,2,0,1,0,4,0,0,0,0,0,0,5,0,0,90.0,0.426623,4.128819,3.199549,12.088143,0.381294,0.445201
8841,622,1,1,7,1,1,0,0,2,0,3,0,8,2,3,75.5,0.673675,4.863703,4.77599,14.53251,0.222903,0.57376
8542,1051,2,0,13,1,5,1,1,2,0,4,0,20,2,4,50.0,0.617284,3.043784,4.704722,18.990226,0.401237,0.404918
3161,400,0,0,0,2,1,0,2,0,0,2,1,3,0,3,89.5,0.008039,1.898134,2.846562,1.329545,0.505419,0.250714
4500,326,0,1,2,1,0,1,0,0,0,0,0,3,0,0,94.0,0.922507,6.0,7.169403,28.39893,0.702817,0.727493
5047,458,0,1,3,0,0,1,1,1,0,0,0,5,1,0,88.0,0.868873,4.953438,5.877022,36.283023,0.552958,0.675971
14763,922,0,0,3,0,2,0,1,0,0,1,1,6,0,2,85.0,0.868517,7.586534,6.657543,161.354,0.640747,0.70918
10529,658,0,1,3,0,2,0,0,1,0,1,0,5,1,1,86.5,0.77578,7.218159,5.811284,169.60857,0.859301,0.70097
7106,1075,1,0,9,1,5,3,3,2,1,4,0,20,3,4,48.0,0.109536,2.673797,2.128576,4.545066,0.496929,0.272702
8711,906,2,0,6,0,4,0,3,2,1,1,0,13,3,1,66.5,0.711213,6.199059,3.958467,48.987937,0.581032,0.528373
5644,1132,3,0,10,2,14,1,3,1,0,4,2,28,1,6,33.0,1.0,7.61871,6.784307,178.185211,0.404434,0.700588
7071,520,0,2,2,1,4,0,1,0,0,4,1,7,0,5,78.5,0.396884,4.242681,5.033214,16.25492,0.808308,0.586043
2996,481,1,3,7,2,9,1,1,1,0,3,0,18,1,3,57.5,0.864206,8.344459,6.178979,50.201929,0.840166,0.677978
3319,332,0,0,3,1,1,0,2,1,0,1,1,6,1,2,83.0,0.076415,0.301296,4.584467,0.0,0.122888,0.246135
11896,1218,0,3,5,1,5,0,0,0,1,5,0,10,1,5,70.5,0.757395,6.220578,5.393415,85.637308,0.604496,0.657027
3200,300,0,0,1,0,2,0,0,1,0,1,1,3,1,2,89.0,0.844846,6.25,6.504623,14.008287,0.332217,0.641902
8629,539,0,0,0,0,4,0,0,0,0,1,1,4,0,2,89.0,0.983415,6.605632,7.444201,261.691496,0.760701,0.729135
4156,472,0,2,3,2,7,0,0,1,0,2,0,10,1,2,75.0,0.183538,2.40616,2.663177,0.022951,0.389809,0.187104
6090,774,2,3,4,1,8,0,1,2,0,3,2,13,2,5,62.5,0.029361,0.492611,3.003902,0.84839,0.133732,0.131135
8356,863,1,0,3,0,5,0,2,2,0,1,0,10,2,1,74.5,0.520905,4.54763,4.842513,18.189246,0.175221,0.49816
10324,1413,6,2,12,2,7,2,4,1,2,3,2,25,3,5,36.5,0.65261,3.390159,4.170717,25.883153,0.330847,0.423312
4500,381,0,0,1,3,2,0,1,1,0,0,1,4,1,1,88.5,1.0,6.0,6.174048,31.282459,0.485442,0.717272
4605,598,1,0,3,2,1,0,0,1,1,2,1,4,2,3,83.5,0.496976,4.12595,4.247724,15.196859,0.475407,0.494897
5419,446,3,0,4,0,3,1,1,0,0,4,0,9,0,4,76.0,0.517866,5.536077,5.044375,33.910886,0.98843,0.536072
7689,715,1,0,6,2,6,1,2,1,0,1,2,15,1,3,63.5,0.059197,1.690727,3.077155,8.265701,0.454691,0.245946
3759,300,1,0,3,0,2,1,0,0,0,0,0,6,0,0,88.0,0.405371,5.054536,5.304646,48.002014,0.956025,0.48326
6757,554,1,0,5,1,2,0,2,0,0,0,0,9,0,0,82.0,0.242823,3.403877,3.926463,17.619677,0.698457,0.436435
16500,1385,0,0,9,1,11,0,6,1,1,2,2,26,2,4,38.0,0.824151,5.515152,5.385102,102.291707,0.219339,0.570483
7022,1082,1,1,9,0,4,1,2,2,3,5,1,16,5,6,49.0,0.200725,2.848191,2.738638,3.896411,0.339348,0.24412
15526,1096,1,0,6,2,10,0,5,0,0,2,1,21,0,3,53.5,1.0,8.115419,5.926673,76.351682,0.649568,0.754279
3284,419,3,0,8,0,7,0,1,0,0,0,0,16,0,0,68.0,0.059781,1.82704,3.473674,0.859335,0.487846,0.272306
4500,304,1,1,2,0,1,0,0,0,1,1,2,3,1,3,87.5,0.68708,7.777778,5.522599,161.496114,0.887438,0.732876
7029,912,2,0,7,2,3,4,5,1,4,2,0,19,5,2,49.0,0.058538,1.28041,2.48755,0.693821,0.362963,0.148277
11242,1707,2,0,8,1,5,1,3,0,2,6,0,17,2,6,53.0,0.651035,4.447607,5.48899,22.358928,0.492123,0.533526
3200,300,1,0,3,0,0,0,0,0,0,2,0,3,0,2,91.0,0.637215,4.375,4.227105,7.131637,0.808359,0.488695
8629,1105,3,2,10,0,9,1,2,1,2,3,3,22,3,6,41.0,0.540209,4.05609,4.365728,4.464318,0.421731,0.343549
4501,637,1,0,7,3,4,1,1,0,0,0,2,13,0,2,71.0,0.077283,2.221729,3.677424,2.574737,0.627253,0.271412
6682,805,3,2,13,2,4,0,2,0,0,4,0,19,0,4,56.0,0.68983,4.190362,4.317392,16.442138,0.294615,0.455532
9308,608,1,0,2,1,4,1,3,0,0,2,0,10,0,2,77.0,0.934791,6.123765,5.925435,205.261236,0.909926,0.672468
10324,1401,3,1,7,2,10,5,2,0,1,3,1,24,1,4,44.0,0.74401,4.165052,4.702222,15.51738,0.612182,0.453865
8813,550,1,0,5,1,1,0,0,1,0,0,0,6,1,0,86.0,0.717356,7.148531,5.030371,68.153003,0.780538,0.66177
15000,1565,1,0,12,2,9,4,5,0,2,7,3,30,2,10,21.0,0.556062,6.6,4.953444,26.452757,0.957436,0.516402
4996,325,0,0,0,1,4,0,2,0,0,1,0,6,0,1,86.5,0.861894,4.603683,6.483477,90.460043,0.943463,0.654616
4132,300,1,0,3,2,1,0,2,1,1,1,1,6,2,2,81.0,0.523081,4.11423,4.148929,17.288099,0.956432,0.532783
15360,960,2,1,9,0,9,2,1,0,0,2,2,21,0,4,52.0,0.977509,7.291667,6.84994,465.121235,0.977438,0.706571
5218,519,3,0,2,1,0,0,0,1,0,0,1,2,1,1,92.5,0.029251,1.533154,2.484914,0.268972,0.025014,0.176589
11000,1347,4,1,17,4,10,2,2,1,2,3,2,31,3,5,24.5,0.192571,0.363636,3.597363,2.937506,0.031103,0.121784
8250,752,3,2,15,2,9,0,4,1,1,2,0,28,2,2,37.0,0.194271,1.818182,2.913102,3.664698,0.19889,0.230855
8076,531,1,1,3,3,0,0,0,0,0,1,0,3,0,1,92.5,1.0,6.438831,6.466122,218.455149,0.904628,0.750416
6801,523,2,2,8,2,4,0,2,0,0,2,0,14,0,2,69.0,0.474956,6.469637,5.061509,37.07195,0.821247,0.521466
1500,312,1,1,3,0,2,0,0,1,0,0,0,5,1,0,88.0,0.126925,2.0,3.323313,1.017086,0.268667,0.255229
8141,1290,7,1,10,2,12,2,1,1,2,4,0,25,3,4,38.0,0.123444,0.73701,2.668116,0.030083,0.235047,0.204084
5623,869,1,1,11,0,11,0,4,0,3,2,1,26,3,3,37.5,0.881224,10.49262,5.978562,75.526572,0.997486,0.756984
7775,930,0,1,6,2,3,0,1,0,2,3,0,10,2,3,71.5,0.137835,2.057878,3.42525,1.229424,0.257907,0.220738
2800,410,2,2,7,3,8,0,2,0,0,1,0,17,0,1,64.5,1.0,9.285714,5.863378,87.415588,0.780092,0.804004
6037,824,2,1,3,2,4,1,1,2,0,2,0,9,2,2,75.0,0.663611,3.147259,4.170517,6.775052,0.526265,0.435543
4129,651,3,0,6,1,4,1,1,2,0,2,1,12,2,3,67.5,0.072474,1.210947,1.960607,2.671468,0.095177,0.20406
8598,1299,4,0,6,3,3,1,0,3,0,5,1,10,3,6,65.0,0.641482,6.28053,4.758198,20.727958,0.242537,0.543042
1500,300,1,0,2,1,1,0,1,0,0,0,0,4,0,0,92.0,0.151923,2.0,2.988059,1.1e-05,0.438151,0.236604
4298,406,0,0,1,0,0,0,2,0,0,2,0,3,0,2,91.0,0.662751,4.885993,3.929466,21.666324,0.435455,0.493564
3853,362,1,2,0,0,0,0,0,0,0,5,1,0,0,6,91.0,0.326031,2.335842,2.805805,0.095757,0.143436,0.323559
5811,796,4,1,5,0,4,1,0,1,1,4,1,10,2,5,68.5,0.199833,1.720874,3.640131,1.021722,0.456591,0.221226
16662,1090,4,2,6,0,2,2,1,1,1,3,1,11,2,4,68.0,0.887875,6.961949,6.447568,306.937034,0.785365,0.801641
5488,566,2,0,4,1,3,0,2,1,1,1,1,9,2,2,75.0,0.207944,2.186589,2.709734,3.199348,0.50375,0.169201
11990,992,5,3,10,1,6,0,6,0,0,1,0,22,0,1,54.5,0.6315,4.336947,4.803877,29.194068,0.026999,0.504551
6075,782,0,3,12,1,6,1,4,2,0,3,0,23,2,3,45.5,0.903971,9.547325,5.77707,207.740945,0.724718,0.672326
13000,1395,4,1,11,4,4,4,1,2,1,3,0,20,3,3,49.5,0.036864,1.692308,2.593929,0.095179,0.470882,0.204356
18000,1293,0,3,14,0,3,2,2,1,1,1,1,21,2,2,51.0,0.849301,5.833333,5.468231,357.744167,0.744263,0.676473
1500,300,0,0,2,0,1,0,0,0,0,2,0,3,0,2,91.0,0.183805,0.666667,1.244633,0.0,0.169392,0.240413
15000,2642,9,4,16,6,11,3,4,2,3,18,2,34,5,20,0.0,0.734769,4.533333,4.304931,33.952355,0.501549,0.508917
11450,1426,0,2,6,1,6,2,2,2,2,3,2,16,4,5,52.5,0.769946,5.938865,4.677114,30.709982,0.447782,0.60958
5550,792,2,0,6,1,3,0,1,1,0,4,0,10,1,4,72.0,0.402659,4.144144,4.721417,8.811967,0.324783,0.425324
11670,1387,1,2,7,0,1,0,1,1,1,2,3,9,2,5,70.5,0.363634,4.37018,4.216785,43.403752,0.523313,0.565394
5478,838,0,2,6,2,2,1,1,0,0,2,2,10,0,4,74.0,0.50575,5.111355,5.691846,30.568124,0.29954,0.531705
3200,307,2,2,1,1,1,0,1,0,0,2,0,3,0,2,91.0,0.353279,3.75,4.213462,10.823746,0.681224,0.460436
14260,891,4,1,3,1,4,0,3,1,0,2,1,10,1,3,73.5,1.0,7.223001,6.33684,449.427085,0.771038,0.72599
8373,618,1,2,5,0,2,1,2,0,0,3,0,10,0,3,75.5,0.87691,9.435089,5.945636,138.830086,0.730207,0.737224
8638,576,0,1,5,1,3,0,0,2,0,0,0,8,2,0,80.0,0.961347,5.325307,7.300189,226.131143,0.755561,0.754523
5404,1144,4,0,13,3,10,0,2,1,0,1,1,25,1,2,45.0,0.747253,8.327165,6.094953,35.488229,0.522904,0.660847
7834,1112,3,2,20,2,11,2,3,0,0,5,0,36,0,5,20.5,0.845252,6.382436,5.605958,152.037693,0.92114,0.650564
6472,639,1,4,4,0,4,1,1,1,1,3,1,10,2,4,70.0,0.052063,0.772559,2.336574,1.995647,0.231454,0.201604
7802,710,0,1,5,1,5,1,0,1,1,2,0,11,2,2,71.0,0.620985,4.357857,4.75114,4.97268,0.117204,0.483124
11572,1144,2,4,11,1,8,3,4,1,1,4,4,26,2,8,32.0,0.632606,3.110957,4.368608,4.558777,0.036915,0.412719
6992,838,4,2,19,2,6,1,5,0,3,3,4,31,3,7,21.5,0.899908,8.009153,6.270989,206.645297,0.844962,0.663541
8461,721,1,0,2,0,4,1,1,0,0,0,1,8,0,1,82.5,0.965365,7.564118,6.639141,23.494424,0.320827,0.71597
9280,764,1,2,4,0,1,0,1,0,0,0,0,6,0,0,88.0,0.960356,9.159483,6.082152,207.246017,0.603542,0.871005
7973,687,0,0,3,0,2,0,2,0,2,1,0,7,2,1,80.5,0.870836,4.264392,6.15264,22.715863,0.681311,0.660869
8668,1299,3,1,8,3,5,1,7,0,1,1,0,21,1,1,54.5,0.244883,3.576373,2.801133,7.857585,0.310588,0.276392
7995,572,3,1,4,3,6,1,7,1,0,2,1,18,1,3,57.5,0.611114,5.128205,4.38788,39.708655,0.869723,0.547558
7619,603,1,1,10,1,10,0,0,2,2,5,2,20,4,7,41.5,0.371623,5.643785,4.621375,11.039541,0.871522,0.460074
13809,1018,2,1,3,0,3,1,3,0,1,0,0,10,1,0,78.0,0.714513,6.372656,5.772382,355.537025,0.814188,0.66063
10266,1254,2,0,11,3,9,0,7,1,2,4,1,27,3,5,32.5,0.438297,3.506721,3.972945,50.870926,0.582591,0.427149
4929,651,4,3,6,1,2,1,2,2,0,1,1,11,2,2,71.0,0.068212,1.825928,2.67826,1.33853,0.54096,0.224302
7714,824,1,2,7,3,7,0,5,3,1,3,1,19,4,4,48.0,0.106596,2.463054,2.582758,4.292828,0.110179,0.204034
11499,718,1,3,6,4,3,2,2,1,0,0,0,13,1,0,72.0,1.0,8.261588,6.421722,406.693297,0.943335,0.76856
10650,665,1,2,4,0,3,0,1,0,0,0,0,8,0,0,84.0,0.974499,7.41784,6.547224,99.523177,0.912099,0.862599
5595,807,1,1,0,1,2,0,1,0,0,1,1,3,0,2,91.0,0.080192,2.859696,2.755524,0.631473,0.467565,0.302529
12837,941,0,1,4,3,4,0,1,2,0,1,1,9,2,2,75.0,0.387655,3.972891,4.303837,28.358161,0.952787,0.470561
12169,1128,2,3,7,3,8,2,3,6,3,1,3,20,9,4,36.0,0.85018,6.245378,6.603355,58.927465,0.93994,0.630932
5998,659,1,1,11,1,4,0,0,0,1,2,0,15,1,2,65.0,0.836484,7.335779,4.3201,8.381902,0.03646,0.53758
3981,370,1,3,4,1,2,0,2,0,1,1,0,8,1,1,80.5,0.034087,1.255966,2.442621,0.280837,0.217574,0.228025
4495,688,4,2,12,0,7,2,1,1,0,0,0,22,1,0,54.0,0.837306,8.231368,5.959486,119.926821,0.656571,0.655838
6151,619,1,1,11,0,4,0,2,3,0,7,1,17,3,8,48.0,0.889781,6.665583,4.544302,34.629281,0.212898,0.611688
4500,414,1,0,2,0,0,2,1,0,0,3,0,5,0,3,85.5,0.823117,6.666667,6.024239,62.485472,0.648195,0.710596
3935,429,3,1,8,3,3,0,0,0,0,0,0,11,0,0,78.0,0.169481,1.778907,3.297196,0.08204,0.740973,0.289214
2712,416,1,0,4,0,3,0,0,0,0,2,0,7,0,2,83.0,0.078238,2.212389,2.060926,0.445341,0.403637,0.22711
3200,381,0,1,5,0,1,0,1,0,0,2,0,7,0,2,83.0,0.783671,7.5,4.738419,15.502602,0.221915,0.625593
3942,602,3,1,7,1,6,3,0,0,0,3,1,16,0,4,62.0,0.682334,5.834602,5.403565,19.689715,0.883511,0.662296
2600,300,0,1,2,1,2,0,0,0,0,2,0,4,0,2,89.0,0.750265,4.615385,5.184447,5.68186,0.689063,0.516097
6655,415,1,0,2,2,1,0,0,0,0,0,1,3,0,1,92.5,0.819136,9.015778,5.812292,31.3714,0.860326,0.749645
16500,1133,1,1,14,1,15,1,4,1,1,4,1,34,2,5,20.5,0.629815,5.454545,4.831599,47.443103,0.917363,0.413521
4335,323,1,1,1,0,4,0,1,0,1,1,0,6,1,1,84.5,0.553174,6.459054,5.541791,56.565245,0.967228,0.57614
3080,385,0,1,4,1,2,0,0,0,0,2,0,6,0,2,85.0,0.714211,3.896104,4.66533,5.199921,0.592568,0.434033
9242,1099,1,0,5,1,3,2,2,1,0,0,2,12,1,2,71.0,0.547103,4.760874,4.91786,33.749059,0.553787,0.435517
6080,822,0,0,3,1,4,1,4,1,1,2,2,12,2,4,66.0,0.582316,3.125,4.527757,14.233248,0.343873,0.499422
3154,551,1,1,7,3,5,0,0,1,0,0,0,12,1,0,74.0,0.947875,9.194673,6.567619,105.511819,0.519218,0.755093
5238,677,0,1,4,1,7,1,2,0,1,3,0,14,1,3,65.5,0.132598,2.481863,2.591103,1.09166,0.514593,0.242068
6013,765,2,0,5,1,5,0,0,1,0,1,0,10,1,1,76.5,0.617814,2.660901,4.69483,13.013963,0.355217,0.477773
3735,412,1,0,1,1,1,0,3,0,0,2,2,5,0,4,84.0,0.298665,3.212851,4.614736,7.943481,0.646263,0.460738
12321,982,2,2,13,3,11,2,4,1,0,6,2,30,1,8,26.0,0.059127,0.973947,2.031406,2.257186,0.256649,0.129682
12755,1576,3,0,10,3,10,1,2,1,3,12,2,23,4,14,25.0,0.603275,5.252842,4.861042,31.184257,0.39213,0.542159
13323,915,0,1,6,1,2,0,4,2,1,1,0,12,3,1,68.5,1.0,7.881108,6.869039,487.171192,0.838393,0.770136
13935,883,2,1,3,1,2,2,0,1,0,0,0,7,1,0,84.0,0.882179,7.463222,6.696153,355.63753,0.968333,0.744784
6400,1283,1,2,11,1,6,1,2,1,3,2,3,20,4,5,44.5,0.166066,2.03125,2.621068,1.20082,0.41055,0.22451
15000,1576,3,6,18,2,12,1,1,1,1,3,4,32,2,7,21.5,0.546453,5.333333,3.850757,20.158837,0.073172,0.434405
4651,524,2,1,4,1,4,0,1,1,6,2,2,9,7,4,62.0,0.213106,1.290045,3.094754,0.356784,0.546505,0.224059
14000,1447,4,2,19,1,20,1,3,3,2,7,1,43,5,8,0.0,0.785475,5.571429,5.804825,54.553759,0.761957,0.699143
8438,1222,2,3,5,3,6,0,7,2,2,4,0,18,4,4,50.0,0.051023,2.844276,2.630287,3.209249,0.510784,0.254563
4873,304,0,0,0,0,0,0,0,0,0,2,1,0,0,3,95.5,0.78722,6.566797,5.768315,106.613292,0.934271,0.673071
4071,489,0,0,7,0,4,1,1,0,1,2,1,13,1,3,67.5,0.455961,2.702039,3.945148,3.617199,0.177208,0.404948
12925,1272,4,0,12,1,8,0,5,4,6,6,2,25,10,8,18.0,0.093235,2.088975,3.922264,2.666051,0.487746,0.278632
5973,1036,1,1,18,1,5,0,0,0,0,2,2,23,0,4,48.0,0.831983,9.877783,5.872227,47.056301,0.535278,0.668867
3200,332,0,0,1,2,2,0,0,0,0,1,0,3,0,1,92.5,0.396985,3.75,3.918151,0.270592,0.390109,0.450052
3426,354,1,0,1,0,3,0,0,0,0,4,0,4,0,4,86.0,0.433668,4.670169,4.807716,14.335432,0.725857,0.463353
11000,2145,2,3,20,4,11,1,2,2,1,7,1,34,3,8,14.0,0.06334,1.727273,2.879722,8.864424,0.524532,0.197437
2449,300,1,1,3,0,2,0,0,0,0,2,0,5,0,2,87.0,0.148884,2.44998,2.74855,10.391395,0.481743,0.305832
6704,680,3,1,6,1,5,0,3,1,0,4,1,14,1,5,62.5,0.415391,5.519093,4.576063,19.83141,0.846896,0.483135
15000,1930,5,2,8,1,8,1,1,2,2,5,3,18,4,8,44.0,0.434043,3.8,3.153781,23.314705,0.511648,0.465632
6219,802,1,1,4,2,3,0,1,0,0,1,0,8,0,1,82.5,0.667117,4.180736,3.510477,15.739451,0.444258,0.477469
8584,683,0,1,3,1,5,2,3,1,0,2,0,13,1,2,69.0,0.519249,6.523765,4.124548,30.378055,0.699132,0.461099
11382,775,2,0,3,0,4,2,1,1,0,2,0,10,1,2,75.0,0.997952,8.258654,6.33311,389.332986,0.673121,0.741688
11658,1320,2,0,12,1,4,0,0,3,1,2,1,16,4,3,55.5,0.598494,5.232458,4.577396,44.479577,0.314704,0.508585
3445,452,1,0,0,0,2,0,1,2,0,0,0,3,2,0,90.0,0.778591,5.224964,5.259429,22.141192,0.496865,0.601892
12301,1386,5,3,8,1,15,0,2,0,0,9,0,25,0,9,36.5,0.717691,3.820828,5.102274,12.805988,0.409034,0.489629
3477,431,3,1,6,0,4,1,2,1,1,0,4,13,2,4,64.0,0.153301,2.588438,3.512174,3.256665,0.688647,0.281143
15000,1270,2,2,10,1,8,2,2,4,1,11,0,22,5,11,29.5,0.237626,4.133333,3.192921,21.201258,0.90468,0.485453
6308,605,1,0,5,0,0,1,0,0,0,2,2,6,0,4,82.0,0.764333,5.389981,4.804047,16.362349,0.024997,0.505982
5477,605,0,2,2,1,2,1,4,0,2,2,0,9,2,2,75.0,0.103975,3.286471,2.786025,3.133286,0.24846,0.248821
6112,524,1,1,5,0,3,0,0,0,1,3,0,8,1,3,77.5,0.412304,4.253927,3.356629,7.035303,0.012933,0.401138
3668,567,4,0,6,1,13,1,3,1,1,0,0,23,2,0,50.0,0.951237,8.7241,6.12221,144.812493,0.889819,0.714314
7903,1125,4,2,8,1,7,1,1,1,3,2,1,17,4,3,53.5,0.139501,2.530685,3.342765,6.249687,0.519245,0.203125
5630,1039,1,2,6,1,4,0,1,2,0,2,1,11,2,3,69.5,0.246568,2.309059,3.139108,4.609954,0.395834,0.271591
8845,1150,1,1,10,1,7,0,2,6,2,3,2,19,8,5,38.5,0.092065,2.374223,3.348892,11.632102,0.115155,0.19783
9826,688,2,1,4,1,1,0,0,1,0,0,0,5,1,0,88.0,0.871467,8.650519,7.513274,417.407969,0.945123,0.764809
8350,521,3,0,3,0,1,0,0,0,0,1,0,4,0,1,90.5,0.802897,5.748503,5.857092,176.633999,0.899556,0.653213
12888,805,0,0,1,2,4,1,2,1,2,1,0,8,3,1,76.5,0.801152,8.45748,4.85504,364.394152,0.802578,0.707273
3960,351,0,1,4,0,3,0,1,0,0,0,0,8,0,0,84.0,0.401911,2.777778,3.743524,7.07153,0.554838,0.303858
5363,884,4,3,7,3,4,2,6,1,2,6,2,19,3,8,44.0,0.020942,1.118777,3.695543,0.815412,0.493969,0.214958
15137,1333,1,4,4,2,4,0,2,0,1,5,0,10,1,5,70.5,0.925195,7.399088,5.487111,393.701001,0.613045,0.695151
13506,844,0,0,2,0,3,0,1,0,1,3,1,6,1,4,80.0,0.823391,7.922405,5.88629,379.571843,0.864203,0.746091
2895,398,0,0,5,0,3,0,1,0,0,0,0,9,0,0,82.0,0.556798,6.217617,3.064064,10.900522,0.537809,0.524279
11000,1252,2,3,11,0,10,2,4,6,1,4,1,27,7,5,24.5,0.067126,1.454545,2.156048,1.006225,0.04011,0.152483
3045,300,2,3,5,1,3,0,1,0,2,3,0,9,2,3,73.5,0.120826,2.298851,4.536119,5.482161,0.499054,0.311924
4832,735,1,1,4,2,3,0,3,1,0,4,1,10,1,5,70.5,0.144903,1.448675,3.153264,0.112175,0.492005,0.235153
5909,776,1,6,8,0,3,1,0,1,0,1,0,12,1,1,72.5,0.87209,7.277035,5.866061,150.920578,0.918901,0.745528
11357,1149,0,1,5,1,4,0,0,1,0,2,0,9,1,2,77.0,0.386967,3.522057,4.431878,32.259874,0.971319,0.53985
2600,300,0,1,3,0,3,1,1,1,0,2,0,8,1,2,79.0,0.628635,5.0,3.766492,15.191022,0.779862,0.522964
2800,509,2,1,5,1,4,0,2,0,0,2,0,11,0,2,75.0,0.6842,8.928571,6.23333,54.374089,0.542836,0.744134
3292,300,0,0,2,0,1,0,0,0,0,1,1,3,0,2,91.0,0.350464,3.948967,3.256079,8.0249,0.9764,0.433609
6688,796,2,3,8,0,4,3,0,0,0,4,1,15,0,5,62.5,0.601346,5.083732,5.384925,9.487016,0.445111,0.487627
4515,449,1,0,0,1,1,1,0,0,0,0,0,2,0,0,96.0,0.406016,5.094131,4.23756,9.476079,0.264675,0.426132
5130,949,1,1,6,2,3,1,0,1,0,2,1,10,1,3,73.5,0.701727,4.678363,5.066235,6.588116,0.465432,0.531239
14401,900,3,2,5,0,1,0,1,0,0,1,0,7,0,1,84.5,0.985215,8.679953,6.656282,192.075528,0.99879,0.787845
6097,1268,4,1,6,4,9,2,2,2,1,5,1,19,3,6,47.0,0.02006,1.476136,3.597293,0.167351,0.509468,0.287291
7311,658,0,1,4,0,2,0,0,0,0,1,1,6,0,2,85.0,0.919976,8.343592,6.214048,75.010253,0.573143,0.747443
5128,672,4,2,5,2,5,2,3,2,0,1,0,15,2,1,64.5,0.08968,2.535101,3.193963,0.663857,0.069317,0.205102
6705,1190,1,2,10,0,6,1,2,2,1,1,2,19,3,3,51.5,0.330128,2.833706,3.24794,6.023899,0.537511,0.306427
15889,1054,1,2,11,2,5,0,1,0,2,4,0,17,2,4,56.0,0.792824,7.489458,6.346158,91.404516,0.916943,0.718147
5509,823,2,3,6,2,2,1,1,1,0,3,0,10,1,3,73.5,0.085411,2.904338,2.523137,1.034236,0.463539,0.297454
3200,375,0,0,3,0,1,4,0,0,0,1,0,8,0,1,82.5,0.672803,4.375,5.152596,6.28917,0.406659,0.583053
2209,331,2,1,4,0,5,1,0,0,0,1,0,10,0,1,78.5,0.175791,2.263468,4.208723,1.717611,0.547916,0.344872
6671,957,4,3,20,0,7,3,2,2,1,2,3,32,3,5,22.5,0.985637,12.29201,5.842655,292.868202,0.856756,0.771881
3823,300,0,0,2,0,4,1,0,2,0,2,1,7,2,3,77.5,0.600822,8.631964,5.871108,14.311105,0.897807,0.64076
8630,1371,2,1,5,2,6,1,4,0,1,4,1,16,1,5,58.5,0.057077,1.158749,3.106179,2.691606,0.199842,0.242567
5976,640,2,3,6,1,4,1,4,1,0,2,1,15,1,3,63.5,0.603676,2.677376,4.759733,5.954957,0.779971,0.421042
4978,602,1,4,5,0,7,0,1,0,0,3,0,13,0,3,69.5,0.057537,2.611491,3.801529,2.387239,0.790466,0.294209
2600,300,1,0,4,2,4,0,2,0,0,1,1,10,0,2,77.0,0.7102,6.538462,5.476907,33.525975,0.988796,0.646082
9968,1124,2,2,11,1,9,4,1,0,0,2,3,25,0,5,42.5,0.615758,5.718299,5.024079,27.567074,0.664895,0.557287
11872,742,2,1,4,1,8,2,0,1,0,4,1,14,1,5,62.5,0.886792,5.390836,5.734721,37.718514,0.959421,0.676636
5729,674,1,1,3,2,8,2,4,3,0,3,1,17,3,4,54.0,0.136346,1.396404,2.85532,0.207587,0.481033,0.116847
6564,703,6,2,6,0,3,1,1,1,0,4,0,11,1,4,70.0,0.651777,5.941499,4.628312,19.752018,0.126412,0.461552
3958,506,0,0,7,1,5,0,2,2,0,1,0,14,2,1,66.5,0.908205,11.116726,6.088712,128.114864,0.68519,0.724494
6346,680,2,2,4,1,3,1,2,0,1,4,0,10,1,4,72.0,0.075433,2.836432,2.507464,2.394009,0.045421,0.240674
8852,612,0,0,2,0,4,2,2,0,0,0,0,10,0,0,80.0,1.0,9.60235,7.301723,409.382673,0.952407,0.821309
6927,1082,2,0,12,0,4,1,1,4,2,6,2,18,6,8,40.0,0.154816,2.16544,2.821279,5.678593,0.31825,0.267998
12015,914,2,3,2,0,1,0,1,0,0,1,2,4,0,3,87.5,0.939724,5.493134,5.168479,30.938937,0.492072,0.673638
9586,1256,2,4,4,1,2,1,2,3,2,2,1,9,5,3,67.5,0.095667,2.920926,3.711341,4.92399,0.530361,0.326661
12375,1036,1,1,5,1,4,2,1,0,1,2,1,12,1,3,69.5,0.389736,3.313131,3.593905,10.722218,0.104742,0.412955
6893,430,1,1,2,0,1,0,2,0,0,0,0,5,0,0,90.0,0.894501,5.802989,6.179134,80.582386,0.907483,0.723894
7424,464,1,0,3,1,0,0,0,0,0,2,0,3,0,2,91.0,0.966321,6.734914,7.358329,278.239241,0.94163,0.723242
10465,706,2,3,3,1,3,0,1,1,0,3,0,7,1,3,79.5,0.823459,6.49785,6.778934,145.702356,0.86474,0.687897
7521,630,2,2,8,1,9,0,1,0,0,2,0,18,0,2,61.0,0.560848,7.046935,4.987928,41.843285,0.931205,0.523687
8697,590,3,0,2,0,3,0,0,1,0,3,0,5,1,3,83.5,0.897933,8.278717,6.600692,71.007406,0.778571,0.732071
14323,1255,2,3,19,1,12,1,3,2,1,6,1,35,3,7,13.5,0.575181,4.39852,4.500284,49.423377,0.920669,0.450988
16500,1699,1,3,10,6,5,2,3,1,0,7,1,20,1,8,46.0,0.604426,4.606061,4.392672,43.81742,0.145506,0.46561
6115,395,1,0,0,0,1,0,0,0,0,1,0,1,0,1,96.5,0.730348,5.887163,5.981492,109.897164,0.758518,0.68567
6879,1484,6,2,5,1,8,1,2,3,0,4,2,16,3,6,53.0,0.244198,1.30833,4.659752,2.057631,0.467,0.19068
18000,1267,1,2,3,2,6,0,4,2,1,1,0,13,3,1,66.5,0.799349,6.055556,5.887935,108.947921,0.877575,0.683889
13095,1023,1,3,4,0,7,0,1,2,0,6,1,12,2,7,61.5,0.655889,5.956472,4.952885,56.153895,0.700686,0.533202
6406,1107,0,1,14,0,13,0,0,0,2,3,1,27,2,4,36.0,1.0,10.615048,6.426689,151.070831,0.534117,0.692685
2200,365,1,0,2,0,3,0,1,0,0,1,0,6,0,1,86.5,0.114606,1.363636,4.339922,0.583923,0.437569,0.359005
6996,857,0,3,18,2,9,0,2,0,2,7,1,29,2,8,26.0,0.893023,7.146941,6.448518,196.87742,0.95492,0.663813
9739,1105,3,0,11,4,4,0,0,0,1,2,0,15,1,2,65.0,0.524433,3.080398,4.413185,16.533358,0.369529,0.48261
8262,535,0,0,2,0,0,0,1,0,1,2,0,3,1,2,89.0,0.64657,7.988381,6.132422,69.049418,0.88689,0.656823
5300,331,0,1,5,1,2,0,1,1,0,1,0,8,1,1,80.5,0.835784,4.528302,4.859479,39.020835,0.798539,0.672506
3639,304,3,0,3,2,2,1,0,1,1,3,0,6,2,3,79.5,0.242957,3.297609,4.935971,3.096136,0.880952,0.422128
13494,1778,1,2,20,1,11,4,3,0,2,13,3,38,2,16,0.0,0.829771,4.742849,5.313209,32.334402,0.462356,0.508369
4054,645,1,1,10,2,3,0,3,2,0,5,1,16,2,6,55.0,0.082386,2.960039,3.211259,4.997376,0.386955,0.238924
5196,608,1,1,7,0,1,1,3,1,1,4,1,12,2,5,64.5,0.040939,1.34719,2.371975,1.8e-05,0.223918,0.222827
14425,1430,3,2,6,5,10,1,4,1,2,7,0,21,3,7,41.5,0.731938,6.169844,5.138323,39.536697,0.392848,0.563313
10956,1133,3,2,9,1,3,1,1,2,0,1,0,14,2,1,66.5,0.578659,4.107338,5.093654,36.512691,0.649587,0.431077
13035,1324,3,4,8,5,6,1,1,1,1,4,2,16,2,6,55.0,0.540935,3.068661,4.319446,12.330482,0.072736,0.419859
6358,813,4,2,3,0,4,0,2,1,1,2,0,9,2,2,75.0,0.554607,4.246618,4.923168,25.067019,0.412611,0.453295
5673,715,5,3,12,4,2,0,3,0,3,2,1,17,3,3,55.5,0.032575,1.762736,2.78981,1.718027,0.269913,0.200035
7024,849,1,1,6,2,4,0,2,1,2,5,0,12,3,5,62.5,0.29403,1.566059,4.723948,1.345302,0.302019,0.2339
7475,1141,2,4,7,3,7,0,3,1,2,5,1,17,3,6,51.0,0.703091,6.688963,4.720516,20.364709,0.17098,0.498591
10017,679,2,1,4,1,3,2,2,0,1,1,1,11,1,2,73.0,0.938808,5.291005,6.88273,88.927952,0.912232,0.670853
14679,1282,3,1,6,0,2,1,2,1,0,1,0,11,1,1,74.5,0.879126,6.676204,5.176808,33.742059,0.60728,0.653335
9007,731,2,1,9,3,6,0,0,1,0,1,2,15,1,3,63.5,0.493843,3.552792,4.927658,37.020225,0.815347,0.497774
4728,452,1,0,8,1,4,2,2,1,0,3,0,16,1,3,61.5,0.039086,2.115059,3.159101,1.063476,0.293799,0.167397
14243,1546,3,1,6,2,8,0,3,1,1,4,0,17,2,4,56.0,0.633047,6.950783,4.737569,54.827348,0.530902,0.541605
3400,394,1,0,4,0,4,0,1,1,0,1,2,9,1,3,75.5,0.177715,1.764706,3.531726,0.044881,0.518193,0.265734
7475,1029,2,1,8,1,6,3,3,1,3,1,0,20,4,1,50.5,0.152542,2.809365,3.76723,4.154257,0.137686,0.237481
12892,1408,3,2,7,0,7,0,5,0,1,1,1,19,1,2,57.0,0.546002,3.800807,4.148846,10.589729,0.171597,0.418892
4307,341,0,1,4,1,3,0,0,2,1,3,0,7,3,3,75.5,0.626371,3.714883,4.621961,51.515069,0.890835,0.472846
7453,1005,5,0,3,4,4,0,3,0,2,4,0,10,2,4,70.0,0.633812,6.708708,5.657415,19.51213,0.346847,0.518435
15000,1208,5,1,10,2,10,3,3,0,0,6,2,26,0,8,36.0,0.66009,4.866667,5.080621,97.30783,0.934838,0.539957
10939,786,0,0,5,1,2,0,0,1,0,3,0,7,1,3,79.5,0.944521,8.775939,6.397707,412.192488,0.767847,0.802268
5351,483,0,1,8,4,1,1,2,1,0,4,1,12,1,5,66.5,0.291829,2.990095,3.443512,1.215292,0.739271,0.34161
5751,383,1,2,3,0,1,0,1,0,1,2,0,5,1,2,85.0,0.815447,5.912015,6.685316,25.428114,0.865372,0.668068
15182,1654,4,1,11,0,13,1,1,4,1,2,0,26,5,2,35.0,0.741479,6.191543,4.629333,68.25419,0.59211,0.566331
7329,692,0,3,5,1,2,0,4,0,0,1,0,11,0,1,76.5,0.594007,6.003548,5.363199,111.066579,0.651124,0.581447
8441,643,3,0,2,3,5,2,0,0,0,1,1,9,0,2,79.0,0.887746,5.68653,5.89521,55.126483,0.688989,0.716428
6562,583,3,0,5,2,3,0,3,1,1,6,1,11,2,7,63.5,0.445209,3.352636,4.863037,2.522031,0.75876,0.427871
9215,575,3,1,6,2,2,1,1,1,0,0,0,10,1,0,78.0,0.940355,6.836679,6.546774,177.376737,0.859022,0.673805
6173,659,2,0,2,0,1,2,1,0,0,4,2,6,0,6,79.0,0.361103,4.049895,3.554971,22.404021,0.351764,0.417043
11852,1204,2,0,6,2,7,0,4,2,0,4,0,17,2,4,56.0,0.539338,5.484306,4.500331,29.532705,0.398486,0.5009
3200,393,0,0,2,0,0,1,1,0,0,1,2,4,0,3,87.5,0.501081,2.8125,4.459767,1.910222,0.207371,0.438598
10511,777,2,0,3,1,0,2,1,0,1,1,0,6,1,1,84.5,0.863113,5.613167,6.550604,68.216738,0.451662,0.693206
6541,441,0,0,0,3,2,1,0,1,0,1,0,3,1,1,90.5,0.962473,6.7268,6.410726,155.626179,0.82695,0.780321
8865,1114,5,1,7,2,5,0,1,1,0,4,0,13,1,4,66.0,0.403804,3.271292,3.15983,4.001503,0.449088,0.283529
4725,703,3,2,6,2,6,2,5,3,0,0,2,19,3,2,53.0,0.136304,2.539683,2.187018,6.667111,0.636214,0.233823
4333,542,0,0,5,0,4,2,1,0,2,0,1,12,2,1,70.5,0.574177,5.538888,3.935882,3.731549,0.429609,0.416555
7527,470,0,0,0,1,1,1,0,1,0,0,0,2,1,0,94.0,0.575392,7.838448,5.13319,41.952496,0.813978,0.660849
10482,789,0,1,10,4,3,0,0,1,0,3,2,13,1,5,64.5,0.347812,5.151689,4.335576,44.274053,0.938373,0.474285
16500,1210,3,0,12,2,10,1,0,5,1,2,0,23,6,2,39.0,0.955338,6.909091,5.442663,49.776208,0.853502,0.646941
5678,654,2,3,5,4,6,1,2,3,1,4,0,14,4,4,58.0,0.514428,2.11342,3.804165,2.083901,0.184136,0.288762
16500,1633,1,2,8,2,8,0,5,1,0,2,1,21,1,3,51.5,0.399057,4.727273,4.175496,79.981762,0.581853,0.517895
18000,1125,4,3,6,2,7,1,0,1,2,4,0,14,3,4,60.0,0.8275,7.388889,5.507514,161.271135,0.77881,0.705609
11731,733,1,1,2,1,2,1,2,0,0,0,0,7,0,0,86.0,0.958812,8.780155,5.300762,276.906491,0.567809,0.790475
10858,766,4,2,7,1,6,0,1,0,1,1,0,14,1,1,68.5,0.991747,10.038681,6.311672,151.912801,0.611834,0.778668
6193,764,2,4,4,3,6,1,2,1,1,1,2,13,2,3,65.5,0.266908,2.583562,4.080204,3.401668,0.471157,0.318325
7923,962,4,2,10,1,6,0,0,0,0,3,1,16,0,4,62.0,0.313972,3.66023,5.038257,5.673517,0.353495,0.421436
6746,1016,5,2,18,3,10,3,1,0,0,4,3,32,0,7,25.5,0.829667,5.92944,5.482003,162.129301,0.943472,0.667065
6797,1020,3,1,7,1,10,2,3,1,1,7,1,22,2,8,40.0,0.031001,2.501103,2.502199,4.470274,0.588919,0.291717
14495,1172,1,1,3,1,6,1,0,0,0,3,0,10,0,3,75.5,0.942269,7.312867,6.356531,105.019099,0.667458,0.723828
6691,634,1,1,8,1,2,2,0,0,0,2,0,12,0,2,73.0,0.837737,5.230907,5.816425,31.199233,0.68138,0.589572
8676,1062,2,1,3,2,1,0,1,0,0,1,0,5,0,1,88.5,1.0,9.45136,6.353349,196.934106,0.268975,0.783159
3748,689,1,1,4,4,3,1,1,1,1,2,1,9,2,3,73.5,0.11341,1.334045,2.655894,0.782455,0.284637,0.178111
9108,569,0,0,6,1,1,0,1,1,1,0,0,8,2,0,80.0,0.849592,6.807202,6.236667,273.591923,0.886452,0.716539
4500,300,0,1,1,1,2,0,1,1,0,1,0,4,1,1,88.5,0.7698,6.222222,5.895896,35.286136,0.819626,0.687258
8511,716,1,0,3,1,5,1,1,2,1,2,0,10,3,2,71.0,0.942712,5.40477,6.514802,33.59504,0.455437,0.730802
4731,627,0,1,3,1,3,0,1,1,2,4,0,7,3,4,74.0,0.617754,5.072923,5.172802,3.325399,0.319318,0.452436
7610,676,1,2,3,0,6,1,2,0,0,6,2,12,0,8,64.0,0.563318,6.833114,4.223408,131.475171,0.76146,0.529938
3489,408,1,1,2,0,2,0,1,1,0,2,0,5,1,2,85.0,0.278575,4.012611,3.02076,5.987127,0.522623,0.364896
1509,300,0,0,4,0,3,0,2,2,0,1,0,9,2,1,76.5,0.076684,0.662691,1.18756,0.000887,0.568971,0.147351
3895,470,3,0,0,0,1,0,1,1,1,3,0,2,2,3,87.5,0.461912,5.905006,3.268457,4.129053,0.558873,0.491976
9951,1086,1,0,3,0,1,1,2,1,0,2,0,7,1,2,81.0,0.599866,4.622651,5.092505,15.690842,0.477013,0.564866
6539,408,1,0,1,0,2,1,0,1,0,0,0,4,1,0,90.0,0.989632,5.3525,6.412838,148.938789,0.955173,0.72732
14982,1477,1,0,6,0,4,1,1,0,1,1,1,12,1,2,71.0,0.985159,6.541183,5.842238,48.465131,0.250921,0.736749
5742,910,1,5,10,2,5,0,2,2,5,2,4,17,7,6,43.0,0.298933,4.179728,2.903578,10.431146,0.475075,0.391503
9434,708,1,2,3,1,2,0,0,1,0,1,0,5,1,1,86.5,0.893575,7.737969,6.270746,322.13505,0.785901,0.795928
5561,424,0,1,7,0,2,0,2,1,0,2,0,11,1,2,73.0,0.505355,6.114008,5.397625,13.637115,0.995594,0.649708
4500,303,0,0,1,1,2,0,0,0,2,2,0,3,2,2,87.0,1.0,9.111111,6.319539,139.104544,0.834183,0.760606
2600,316,1,0,4,0,2,0,0,0,0,1,0,6,0,1,86.5,0.598057,5.0,4.382015,5.397595,0.404188,0.422585
2893,376,2,0,4,1,3,1,3,1,0,2,0,11,1,2,73.0,0.269039,4.147943,3.244891,3.722218,0.724959,0.262238
15392,962,4,1,9,3,2,2,2,0,0,0,0,15,0,0,70.0,0.907396,7.796258,6.654584,380.209764,0.960583,0.740759
3654,430,2,1,8,1,7,0,2,0,1,5,1,17,1,6,55.0,0.94708,8.210181,6.708359,122.326719,0.993959,0.782286
6190,574,1,1,1,1,1,1,0,2,2,2,0,3,4,2,83.0,0.090965,3.231018,2.490352,4.263491,0.739099,0.394406
7718,943,2,3,7,2,6,1,1,1,0,2,0,15,1,2,65.0,0.696342,4.664421,4.809318,25.401644,0.430031,0.400741
8757,1070,1,0,3,2,3,2,3,1,0,3,1,11,1,4,70.0,0.693316,7.308439,4.830108,25.788307,0.252024,0.529962
3054,429,0,0,7,2,2,0,0,1,1,2,0,9,2,2,75.0,0.173007,2.292076,3.097659,2.456213,0.543624,0.326545
9135,1323,3,1,7,0,8,1,5,3,0,3,0,21,3,3,47.5,0.45267,4.597701,4.055907,13.588238,0.579771,0.421484
8800,715,1,0,3,2,2,1,4,0,0,0,0,10,0,0,80.0,0.849098,7.386364,5.773106,30.710735,0.447733,0.727476
7974,1260,2,1,2,1,9,1,3,0,2,1,1,15,2,2,63.0,0.523244,3.009782,4.30294,8.337482,0.30062,0.458397
13000,1863,3,3,15,1,6,0,2,0,2,5,1,23,2,6,41.0,0.122677,1.692308,4.094302,13.360385,0.488267,0.331199
6039,560,1,0,9,1,4,0,2,1,1,2,0,15,2,2,63.0,0.557794,4.470939,5.337448,7.282155,0.85639,0.45624
4000,473,1,2,8,1,3,0,1,2,1,4,0,12,3,4,64.0,0.904536,7.25,5.454484,98.385075,0.982927,0.686581
17292,1080,1,0,4,1,3,1,1,0,0,2,0,9,0,2,79.0,0.813026,7.922739,6.114626,543.022759,0.810476,0.82288
16551,1601,2,0,4,3,6,0,1,4,2,5,2,11,6,7,55.5,0.925286,6.887801,6.239222,65.779883,0.547406,0.682004
15000,1782,9,3,8,5,6,1,2,1,2,4,0,17,3,4,54.0,0.423613,5.266667,3.478486,12.425007,0.47612,0.436402
3256,400,1,1,6,0,4,1,0,0,2,1,3,11,2,4,68.0,0.090097,1.842752,3.345464,0.909956,0.137898,0.243971
3200,300,1,1,2,0,0,0,0,0,0,1,0,2,0,1,94.5,0.660167,5.625,5.125513,34.916218,0.818445,0.615459
7063,841,2,2,6,1,3,1,2,1,0,5,0,12,1,5,66.5,0.589636,4.813818,5.252972,20.291432,0.073802,0.401884
9433,759,3,1,8,0,4,1,2,2,1,2,1,15,3,3,59.5,0.298313,4.452454,3.482861,21.18271,0.80878,0.420968
9271,712,0,0,2,0,1,0,0,1,1,1,0,3,2,1,88.5,0.996309,9.168375,7.410469,423.134256,0.683008,0.8237
4965,576,2,1,2,0,2,0,1,0,0,1,3,5,0,4,84.0,0.698874,7.452165,4.586414,29.108025,0.312358,0.618223
13979,1457,3,2,10,1,3,0,2,0,0,3,0,15,0,3,65.5,1.0,5.436727,6.022119,56.902277,0.291496,0.70185
12059,876,3,1,6,1,4,1,4,1,0,2,2,15,1,4,62.0,0.616618,6.219421,6.211128,53.545374,0.900798,0.588003
3771,405,4,1,2,1,1,0,0,0,0,0,1,3,0,1,92.5,0.47854,4.77327,4.353507,1.748911,0.356484,0.472243
9409,588,0,0,3,1,3,0,0,0,0,1,1,6,0,2,85.0,0.763038,5.526623,5.842201,200.963935,0.98876,0.660114
9789,982,2,1,2,1,1,1,2,1,0,2,0,6,1,2,83.0,0.51873,2.451732,3.877993,16.79986,0.368192,0.413356
9503,1058,0,0,2,2,3,0,1,0,2,3,1,6,2,4,78.0,0.495622,5.682416,3.911473,22.642614,0.346941,0.550827
4135,407,0,0,3,0,4,1,1,0,1,4,0,9,1,4,74.0,0.930645,6.045949,5.832706,42.750662,0.367165,0.639203
12893,841,0,1,10,0,2,0,0,0,0,2,0,12,0,2,73.0,0.82435,6.127356,5.781809,54.458037,0.846804,0.664142
11140,696,4,1,7,1,2,1,2,1,1,0,1,12,2,1,70.5,0.701626,6.822262,4.934736,32.099032,0.747877,0.716436
5679,444,0,2,3,0,0,0,1,1,0,0,0,4,1,0,90.0,0.26114,3.521747,4.915986,34.26846,0.923928,0.431064
3996,696,0,2,3,3,1,1,6,0,3,1,0,11,3,1,70.5,0.16836,2.002002,3.255303,2.73251,0.315736,0.28794
7669,585,0,0,6,2,1,0,2,2,0,1,1,9,2,2,75.0,0.399855,4.433433,4.717065,20.146533,0.968626,0.560484
5116,752,0,1,4,1,2,2,1,2,2,1,1,9,4,2,71.0,0.173304,3.713839,3.159972,4.238685,0.544345,0.307823
4103,354,1,1,1,0,5,2,2,1,0,2,1,10,1,3,73.5,0.171515,3.412137,4.166624,5.422571,0.100652,0.3375
7394,705,0,1,3,0,3,2,1,0,0,0,0,9,0,0,82.0,0.90006,7.708953,5.579155,82.017118,0.412009,0.75794
5214,819,0,0,5,3,4,0,3,1,1,1,0,12,2,1,70.5,0.659117,3.260453,4.945329,14.276919,0.32268,0.420301
6806,619,2,1,1,0,2,1,1,0,1,3,0,5,1,3,83.5,0.910582,5.730238,5.636974,37.339214,0.205651,0.621453
5963,392,0,0,3,0,1,1,0,0,0,1,0,5,0,1,88.5,0.82501,5.701828,6.220013,57.23165,0.906074,0.717843
6408,649,1,2,5,1,2,0,3,2,1,1,1,10,3,2,71.0,0.665672,6.242197,4.445908,10.065851,0.067584,0.481997
6225,497,1,0,3,0,4,1,1,0,0,0,0,9,0,0,82.0,0.67369,5.943775,5.574724,42.779998,0.826686,0.623426
7281,1121,0,1,3,2,8,1,2,0,0,8,2,14,0,10,57.0,0.760007,6.592501,5.876764,20.843089,0.291592,0.606745
5222,326,1,0,3,1,0,0,2,1,0,0,0,5,1,0,88.0,0.880978,6.319418,6.497214,130.818117,0.851076,0.72046
7475,966,1,2,13,0,10,0,0,1,3,5,0,23,4,5,38.5,0.783853,6.287625,5.664626,61.553322,0.531385,0.521118
11809,739,2,1,7,2,3,1,1,0,1,1,0,12,1,1,72.5,0.929262,6.097045,7.029068,44.737241,0.911742,0.686803
6075,925,1,1,15,0,5,3,1,1,1,4,0,24,2,4,42.0,0.829761,5.761317,6.110332,36.830141,0.730586,0.690835
7268,1015,0,2,14,0,3,2,1,2,0,1,0,20,2,1,54.5,0.05958,1.238305,1.989066,0.518513,0.090389,0.216004
10960,1153,1,4,9,0,4,3,1,2,0,3,1,17,2,4,56.0,0.415318,4.470803,4.042001,22.369053,0.44978,0.515793
5281,691,3,3,16,1,5,1,3,1,1,2,0,25,2,2,43.0,0.867469,7.006249,5.619119,136.415089,0.675703,0.653064
2600,307,0,0,4,0,0,0,1,1,0,2,2,5,1,4,82.0,0.632785,8.461538,4.936187,11.147409,0.374024,0.574355
16500,1333,4,3,10,1,9,0,2,1,0,2,2,21,1,4,50.0,0.603515,5.151515,4.907403,38.896056,0.277415,0.462162
3029,398,2,1,6,1,4,1,1,0,0,1,1,12,0,2,73.0,0.849033,10.894685,5.926435,68.03824,0.598931,0.709013
6349,719,0,0,1,0,2,0,2,2,0,3,1,5,2,4,80.0,0.552255,5.355174,4.671049,8.625749,0.237112,0.47402
9937,1122,7,1,13,1,9,0,4,1,2,8,3,26,3,11,25.5,0.074901,1.811412,2.108485,10.349369,0.093557,0.19485
3264,435,1,2,5,0,3,1,3,1,0,3,0,12,1,3,69.5,0.253316,3.370098,3.269515,0.267509,0.150729,0.267739
7323,457,0,0,5,0,2,0,1,1,0,1,0,8,1,1,80.5,0.862947,7.920251,5.66091,99.620477,0.761425,0.698203
4747,577,0,0,10,0,6,2,2,2,1,3,0,20,3,3,49.5,0.655416,8.637034,4.98565,21.278044,0.611327,0.618475
4942,500,2,1,4,1,4,0,1,0,0,0,0,9,0,0,82.0,0.164245,5.463375,3.090076,5.953201,0.910375,0.460823
15000,1396,1,4,17,4,12,0,2,2,1,5,1,31,3,6,23.0,0.490602,4.666667,4.461986,39.38339,0.988744,0.467899
4500,453,1,0,2,0,0,0,0,1,1,1,0,2,2,1,90.5,0.848047,6.666667,4.381792,52.27884,0.356451,0.699759
4014,533,2,3,6,0,3,0,1,1,0,3,1,10,1,4,72.0,0.410245,3.238665,4.023897,1.283647,0.26624,0.293804
6233,624,2,0,8,0,6,1,2,1,1,2,0,17,2,2,59.0,0.580036,4.01091,5.661992,76.416449,0.954501,0.421258
13471,1393,3,4,20,6,13,2,4,2,5,2,1,39,7,3,3.5,0.843011,5.122114,4.399238,17.296416,0.070495,0.433367
8947,875,2,3,5,1,3,1,2,1,1,6,1,11,2,7,63.5,0.757172,6.48262,5.809375,54.472546,0.666888,0.496455
5119,766,0,1,10,2,10,1,3,1,0,6,2,24,1,8,38.0,0.864299,11.525689,5.821715,133.129422,0.930226,0.720386
7662,1043,3,1,6,1,4,1,3,1,1,5,0,14,2,5,60.5,0.516124,5.87314,4.019432,22.296126,0.324278,0.465728
4884,535,2,1,0,0,1,1,1,0,0,0,2,3,0,2,91.0,1.0,6.142506,5.715578,7.644252,0.510236,0.658013
4923,450,0,0,1,1,0,1,1,0,0,0,0,3,0,0,94.0,0.937969,10.562665,5.862837,204.289292,0.626612,0.781296
11579,723,1,1,0,1,1,0,0,0,0,1,1,1,0,2,95.0,0.862345,6.64997,5.260443,156.490032,0.852404,0.687989
4112,440,0,0,3,2,0,0,2,0,1,3,0,5,1,3,83.5,0.481448,3.891051,4.805995,16.329581,0.361928,0.483913
3019,438,3,0,3,2,4,0,1,0,0,0,0,8,0,0,84.0,0.018026,1.656178,2.907354,0.344382,0.225866,0.2617
3429,435,1,1,4,2,4,0,2,1,0,1,1,10,1,2,75.0,0.144439,1.458151,1.52208,0.590299,0.377318,0.159468
9114,1382,3,1,21,1,12,0,1,2,0,4,0,34,2,4,22.0,0.951593,7.351328,6.595549,285.187146,0.446111,0.666642
7626,658,1,1,4,1,0,0,3,2,1,4,1,7,3,5,72.5,0.182276,2.360346,3.708956,1.710235,0.479769,0.277134
11000,1632,4,1,16,1,13,2,5,4,5,4,1,36,9,5,2.5,0.203032,3.363636,3.764479,1.43211,0.559553,0.189117
8288,914,6,4,8,1,4,2,2,1,2,4,0,16,3,4,56.0,0.025527,1.689189,2.385946,3.758904,0.56736,0.273547
18000,1134,0,1,7,1,3,4,2,2,0,1,1,16,2,2,61.0,0.916597,6.055556,6.209505,112.409648,0.875176,0.744952
18000,1552,1,0,3,3,7,0,1,1,1,3,0,11,2,3,69.5,0.965997,6.222222,5.709791,281.742108,0.479688,0.693839
3405,340,0,0,6,0,3,0,0,0,0,2,0,9,0,2,79.0,0.700706,3.817915,4.044674,6.075357,0.01019,0.438007
7258,881,1,1,4,2,0,0,0,1,0,2,0,4,1,2,87.0,0.278306,1.928906,2.95489,6.402076,0.423919,0.332308
5269,573,3,1,5,1,4,1,1,0,1,3,3,11,1,6,67.0,0.073006,1.518315,2.494205,0.071067,0.379948,0.206144
5614,826,0,1,6,0,0,0,0,4,0,3,0,6,4,3,75.5,0.374533,4.275027,4.072792,2.925814,0.256066,0.400082
12340,1206,1,2,10,2,2,3,2,4,0,2,0,17,4,2,55.0,0.302192,4.862237,4.718887,29.047644,0.632807,0.439218
4235,489,1,1,1,1,5,0,1,0,1,2,0,7,1,2,81.0,0.354956,4.72255,3.547751,5.917461,0.55735,0.377027
14851,1811,2,1,11,1,13,2,4,3,0,6,0,30,3,6,25.0,0.543588,4.37681,4.845838,24.904929,0.523414,0.435825
5605,1077,2,4,6,4,3,0,1,0,0,0,0,10,0,0,80.0,0.091149,0.892061,3.166496,0.097395,0.250997,0.204565
3200,300,0,2,1,0,1,1,0,0,1,2,1,3,1,3,87.5,0.876423,4.6875,4.837337,18.642472,0.096569,0.612748
7786,600,4,1,2,0,3,0,0,1,0,2,0,5,1,2,85.0,0.868181,5.522733,6.839649,76.183033,0.785428,0.650904
10876,1044,2,1,8,1,2,1,1,1,1,2,1,12,2,3,67.5,0.311733,2.574476,4.246771,32.443884,0.707684,0.493434
5444,442,0,0,4,3,2,0,0,1,1,1,0,6,2,1,82.5,0.662298,6.429096,5.428461,37.28399,0.177203,0.503218
16500,2019,2,1,5,2,6,1,2,1,1,3,0,14,2,3,63.5,0.551231,4.121212,5.086873,36.345979,0.273787,0.438886
7212,641,2,3,12,0,6,1,5,0,1,3,1,24,1,4,44.0,0.602873,5.823627,5.043677,23.714661,0.77734,0.473226
18000,1125,3,0,5,1,2,0,0,1,0,3,0,7,1,3,79.5,0.639321,5.555556,6.508436,116.190103,0.968766,0.652431
7750,932,0,2,5,1,14,0,5,2,0,5,0,24,2,5,40.5,0.269389,3.483871,3.598785,17.771714,0.779139,0.398688
9397,1225,0,1,4,1,3,0,2,0,1,1,1,9,1,2,77.0,0.35762,4.575928,3.79571,11.776973,0.267898,0.421351
3933,440,1,1,3,0,0,0,0,1,0,1,1,3,1,2,89.0,0.74717,5.339436,4.968678,14.955952,0.263208,0.510196
4765,392,1,1,6,0,4,1,1,2,1,2,0,12,3,2,67.0,0.71957,5.87618,4.679549,21.900684,0.980326,0.537515
2600,300,1,0,3,1,2,0,1,0,0,4,0,6,0,4,82.0,0.63347,5.384615,5.736285,12.081589,0.803621,0.503702
2200,300,0,0,0,1,0,0,1,1,0,0,1,1,1,1,94.5,0.043501,0.454545,1.0,0.000801,0.123775,0.214883
1714,300,0,0,5,0,3,0,1,0,1,0,0,9,1,0,80.0,0.09203,1.166861,3.73894,0.142648,0.003695,0.216916
6540,1456,1,2,8,3,5,3,5,3,5,4,1,21,8,5,34.5,0.110871,1.987768,2.272556,2.053931,0.487807,0.185287
11000,1668,5,4,4,2,8,1,3,0,1,6,1,16,1,7,55.5,0.299376,2.636364,4.299488,2.42975,0.651424,0.280295
9357,673,2,0,9,2,4,1,1,0,0,1,1,15,0,2,67.0,0.833079,7.160415,6.114687,56.551015,0.588144,0.676951
7111,1065,3,3,19,3,16,1,1,1,3,6,0,37,4,6,9.0,1.0,8.297005,6.346331,236.61744,0.70536,0.699041
12836,932,1,1,7,0,3,0,1,0,0,2,0,11,0,2,75.0,0.935034,7.323154,6.416839,374.424138,0.669915,0.678861
4972,331,1,2,3,0,2,0,0,1,0,1,0,5,1,1,86.5,0.608783,4.827031,5.136076,60.092084,0.873093,0.594318
7980,978,3,3,10,2,8,5,1,1,1,7,1,24,2,8,36.0,0.071247,2.380952,2.289922,3.014221,0.613316,0.264593
10294,883,4,2,8,1,8,0,2,0,0,4,1,18,0,5,56.5,0.579978,7.577229,4.997607,73.23279,0.906987,0.611989
18000,1170,2,2,2,1,3,0,1,0,0,5,2,6,0,7,77.5,0.925478,6.888889,5.802953,157.144071,0.625189,0.709225
5549,1231,5,0,6,2,6,0,0,3,6,6,0,12,9,6,49.0,0.179258,1.441701,2.752391,0.001596,0.296655,0.218078
8359,1004,3,2,9,1,9,0,2,3,4,3,1,20,7,4,40.0,0.020558,1.076684,3.039069,3.088001,0.340093,0.122507
12077,1614,3,2,20,4,20,1,5,0,0,7,1,46,0,8,0.0,0.96969,6.458558,6.1177,92.52477,0.563353,0.686813
5735,704,1,1,3,0,1,0,2,0,0,3,0,6,0,3,83.5,0.395007,4.010462,4.564061,10.598854,0.401262,0.406363
13361,902,0,2,9,1,13,1,4,0,0,4,2,27,0,6,37.0,0.297714,3.068633,4.378177,12.886154,0.759408,0.411216
18000,1190,0,0,2,1,4,0,1,0,0,2,0,7,0,2,83.0,0.740368,5.722222,4.721994,92.986496,0.501205,0.699143
5103,590,6,1,11,1,9,1,1,1,2,5,2,22,3,7,39.5,1.0,7.838526,7.193369,183.126464,0.78252,0.69131
18000,1125,0,1,3,1,3,0,0,2,0,2,0,6,2,2,81.0,0.957229,6.277778,5.660118,270.661982,0.829994,0.768087
3659,441,2,0,3,1,1,0,1,0,0,2,0,5,0,2,87.0,0.293223,5.192676,3.363765,4.576033,0.645226,0.382966
9125,1146,2,2,8,4,4,1,1,0,2,6,0,14,2,6,59.0,0.55452,6.575342,4.42662,22.725229,0.5875,0.426905
8847,610,0,1,4,0,5,0,1,0,1,0,0,10,1,0,78.0,0.861664,8.929581,5.964901,32.101834,0.780514,0.691214
7022,438,1,1,0,1,1,1,0,0,0,2,0,2,0,2,93.0,0.771852,6.978069,6.165053,72.694866,0.913109,0.732275
6137,659,2,2,10,0,4,0,0,0,0,1,0,14,0,1,70.5,0.559618,4.236598,4.136522,42.994432,0.319073,0.483981
10099,1142,0,2,12,3,6,1,1,1,0,4,3,20,1,7,47.5,0.112924,1.485296,2.113724,1.037994,0.2089,0.241682
4607,326,0,2,3,2,1,0,0,1,0,1,0,4,1,1,88.5,0.381137,6.51183,4.976345,35.144541,0.893954,0.506235
12186,775,1,3,8,1,4,1,0,0,1,2,1,13,1,3,67.5,0.805972,6.318726,6.348555,120.952474,0.8877,0.694549
14021,1032,1,2,8,0,3,0,1,0,0,0,0,12,0,0,76.0,0.656083,3.209472,5.72939,40.387791,0.707869,0.651845
18000,1159,3,1,15,1,3,0,1,1,1,3,1,19,2,4,52.0,0.889753,7.666667,6.343981,261.036902,0.771916,0.672451
5526,366,1,0,6,0,3,1,0,0,0,0,0,10,0,0,80.0,0.854905,6.333695,4.665525,28.251407,0.964371,0.671511
9768,1108,2,2,3,4,5,2,3,4,3,2,1,13,7,3,55.5,0.324567,2.661753,3.469834,4.451998,0.693415,0.306663
9248,631,1,2,2,0,3,0,1,0,1,6,0,6,1,6,77.0,0.80896,5.8391,5.952763,76.149425,0.470225,0.67767
16711,1044,1,0,3,2,5,2,2,2,1,0,0,12,3,0,70.0,0.911464,7.599785,6.754479,545.813485,0.552052,0.743447
11268,1430,0,1,9,4,6,3,0,2,2,6,0,18,4,6,47.0,0.525653,6.123536,4.335523,30.620275,0.535863,0.540729
12615,1655,4,2,11,1,10,1,3,0,2,6,2,25,2,8,34.0,0.431542,3.408641,4.203479,19.806826,0.50728,0.443111
3509,455,3,0,1,1,0,1,1,0,1,1,0,3,1,1,90.5,0.0,3.419778,3.157463,3.39217,0.598966,0.302328
9501,889,1,2,14,2,11,0,1,0,1,5,2,26,1,7,35.5,0.324656,4.104831,4.353194,24.606346,0.84795,0.455492
5263,632,3,1,15,2,10,0,4,1,1,1,0,29,2,1,36.5,0.754798,9.120274,5.998652,92.24469,0.786385,0.652526
7693,782,0,1,2,1,6,0,2,0,0,1,1,10,0,2,77.0,0.780312,5.849474,5.125171,51.904407,0.238242,0.629808
4129,581,0,0,5,0,0,0,4,1,0,2,1,9,1,3,75.5,0.874458,5.812545,5.801889,37.920699,0.361151,0.629132
4812,452,0,1,7,0,3,3,3,0,0,1,0,16,0,1,66.5,0.281832,1.246883,3.562898,0.003729,0.102104,0.239022
4282,651,1,2,8,2,5,0,1,5,1,5,1,14,6,6,51.0,0.08507,2.335357,2.469449,2.688899,0.398263,0.224975
4332,637,3,1,2,0,6,1,2,4,1,1,1,11,5,2,65.0,0.707742,5.078486,4.365348,13.920104,0.270995,0.476213
7506,1362,3,3,5,2,7,1,2,1,0,2,0,15,1,2,65.0,0.81865,5.595524,5.495575,29.074108,0.347817,0.598278
12737,1107,2,1,6,3,9,2,1,1,2,2,0,18,3,2,55.0,0.518594,4.318128,5.121183,11.07097,0.163017,0.452312
18000,1288,4,0,9,3,1,4,0,1,1,1,2,14,2,3,63.5,0.927697,8.0,6.251184,551.546435,0.945495,0.750839
7731,1253,2,1,8,1,7,2,1,1,3,4,0,18,4,4,50.0,0.194609,1.164144,2.287786,2.13939,0.370868,0.163307
4657,573,4,0,5,1,2,1,0,0,2,2,0,8,2,2,77.0,0.017232,1.288383,2.704956,0.410622,0.066399,0.211759
10210,1103,2,1,3,0,2,0,3,1,0,2,1,8,1,3,77.5,0.770783,6.366308,5.482184,21.709084,0.504026,0.621161
3560,300,0,0,1,1,1,0,0,0,1,1,0,2,1,1,92.5,0.562173,5.337079,3.795874,8.026775,0.196829,0.501455
7022,654,1,0,10,1,3,2,2,2,1,0,1,17,3,1,58.5,0.682142,3.987468,5.120367,11.613217,0.756632,0.435926
3977,610,3,2,5,0,6,1,1,1,1,3,2,13,2,5,62.5,0.026506,2.514458,4.328856,0.512884,0.695913,0.224105
7536,567,2,1,6,3,5,0,0,2,1,2,1,11,3,3,67.5,0.720468,5.440552,4.328922,17.30644,0.005003,0.530937
5883,553,4,1,3,0,3,0,1,0,2,1,1,7,2,2,79.0,0.067494,2.209757,2.461274,0.42584,0.519513,0.234854
6254,639,4,2,16,5,7,1,0,0,0,5,0,24,0,5,44.5,0.628165,6.076111,5.276429,37.152123,0.781159,0.659909
2247,344,0,0,5,0,2,1,0,0,0,1,0,8,0,1,82.5,0.062156,2.225189,2.349384,1.180178,0.530648,0.218248
18000,1153,1,0,4,3,3,2,2,0,1,0,1,11,1,1,74.5,1.0,6.777778,6.436061,523.174652,0.831323,0.7689
3818,612,1,3,5,1,1,0,1,1,2,1,0,7,3,1,78.5,0.102917,2.095338,2.970281,0.00375,0.179114,0.196209
11000,1239,2,3,12,1,8,2,0,3,3,8,5,22,6,13,24.5,0.08653,2.181818,2.231403,0.098546,0.01152,0.185579
6431,577,2,2,6,0,4,1,0,0,0,3,0,11,0,3,73.5,0.492442,3.576427,4.243367,11.483564,0.411613,0.403648
5386,336,0,0,0,0,3,0,1,0,0,1,0,4,0,1,90.5,0.976542,5.941329,7.431503,159.275197,0.9432,0.771959
4623,496,0,1,4,0,4,1,3,2,1,3,0,12,3,3,65.5,0.111336,1.730478,2.80494,2.073851,0.456286,0.166514
4778,537,1,0,8,1,8,1,2,1,0,6,0,19,1,6,51.0,0.042153,2.511511,3.09123,1.109926,0.523464,0.17986
9569,621,3,1,5,1,3,0,2,2,2,1,0,10,4,1,70.5,0.671452,5.016198,5.923876,151.167152,0.974375,0.593355
5406,569,3,2,11,0,6,1,0,0,0,2,0,18,0,2,61.0,0.917051,6.844247,6.572173,147.795999,0.862978,0.75949
1541,300,3,0,2,0,0,2,1,1,0,0,0,5,1,0,88.0,0.000434,1.946788,2.947748,0.059292,0.159184,0.246123
9621,854,3,1,5,0,3,0,1,0,0,0,0,9,0,0,82.0,0.69603,6.963933,5.072513,64.792051,0.615443,0.70491
18000,1125,1,1,2,0,3,3,0,1,1,1,1,8,2,2,77.0,0.643313,7.0,6.421317,173.486237,0.872719,0.698053
13722,857,2,0,1,1,2,0,1,2,1,2,1,4,3,3,81.5,0.981582,8.672205,7.148542,97.440776,0.552131,0.811105
6710,740,1,1,5,0,2,1,1,1,0,0,0,9,1,0,80.0,0.835212,5.961252,4.824792,53.490146,0.521526,0.658553
6754,518,0,0,4,0,2,0,0,0,2,4,0,6,2,4,78.0,0.12618,3.70151,3.376634,9.806398,0.810809,0.392044
12345,1131,5,1,5,0,1,1,3,0,1,7,0,10,1,7,67.5,0.353917,4.131227,4.681813,23.568005,0.347375,0.44362
8735,1350,4,5,14,5,16,1,4,4,1,5,1,35,5,6,11.0,0.314339,1.373784,2.999347,0.440131,0.088306,0.141938
6623,1224,1,1,9,2,8,2,3,3,2,4,3,22,5,7,35.5,0.176257,2.566813,3.311475,4.768413,0.326143,0.195723
8321,1449,4,1,5,1,11,2,0,2,1,3,2,18,3,5,50.5,0.136257,1.802668,3.659396,0.029918,0.344688,0.239308
12110,1110,1,2,7,1,2,0,1,0,0,3,0,10,0,3,75.5,0.439484,4.78943,4.119675,9.852988,0.153481,0.431668
11079,1121,1,0,2,2,5,1,1,0,0,1,1,9,0,2,79.0,1.0,6.589042,6.479969,120.024034,0.546276,0.750249
7120,1253,2,2,14,2,6,0,3,1,4,6,4,23,5,10,29.0,0.183682,2.668539,2.767686,4.141038,0.096032,0.209365
12525,1105,1,1,11,4,1,1,3,2,1,6,2,16,3,8,50.0,0.598325,4.630739,4.593361,41.105715,0.415079,0.543015
9242,888,0,1,11,1,2,2,2,0,1,5,2,17,1,7,53.5,0.696227,6.3839,6.474161,235.350395,0.907032,0.620829
14029,907,0,0,6,2,2,0,2,0,1,1,1,10,1,2,75.0,0.967078,6.629125,5.746734,79.688858,0.514557,0.655018
13223,1096,3,0,4,1,4,1,3,1,1,4,1,12,2,5,64.5,0.499257,4.083793,4.211039,17.323389,0.289068,0.491457
10830,1654,2,1,11,4,9,2,3,4,2,9,3,25,6,12,20.0,0.536814,4.339797,5.161953,17.59075,0.35434,0.466152
4450,836,1,2,11,3,4,1,0,0,0,3,0,16,0,3,63.5,0.164839,2.247191,3.580108,3.754531,0.619178,0.30789
5920,492,0,1,3,0,3,0,0,1,0,4,2,6,1,6,77.0,0.122024,2.871622,2.972105,10.809417,0.790171,0.396524
12145,1365,4,0,10,1,13,2,2,1,3,2,0,27,4,2,35.0,0.019536,1.152738,1.449818,1.128071,0.079017,0.157156
10289,1209,4,2,8,1,3,3,1,1,1,2,1,15,2,3,61.5,0.727354,5.831471,4.407984,27.804073,0.177642,0.532875
3695,510,0,1,3,0,2,1,3,0,1,3,0,9,1,3,75.5,0.082536,1.894452,2.512665,0.196778,0.317121,0.202243
7152,1026,3,1,8,1,4,1,1,0,0,2,1,14,0,3,67.5,0.418712,6.012304,3.78484,40.556576,0.572393,0.539881
9532,1028,2,1,6,1,6,1,5,1,0,0,1,18,1,1,60.5,0.682251,7.343684,5.472491,148.312351,0.573279,0.589188
5076,671,1,1,7,3,5,0,1,1,0,3,1,13,1,4,66.0,0.134028,4.137116,3.002924,0.469106,0.487369,0.255382
6560,724,1,0,5,2,3,2,1,0,1,3,0,11,1,3,71.5,0.249157,3.963415,3.565656,5.499035,0.767056,0.362237
7379,827,2,0,6,1,2,3,3,1,0,3,0,14,1,3,65.5,0.147587,4.201111,3.798522,7.510405,0.581371,0.361813
11000,1329,2,1,7,4,4,4,3,3,5,6,0,18,8,6,39.0,0.15849,1.454545,3.040976,7.205446,0.067271,0.188426
8014,954,4,3,16,0,14,3,3,3,2,4,1,36,5,5,10.5,0.844242,6.987771,6.197287,84.37763,0.731708,0.669606
14570,910,2,0,0,2,2,0,1,1,1,1,1,3,2,2,87.0,0.885712,8.098833,7.209687,494.023271,0.783299,0.793369
5983,904,4,0,19,3,4,1,5,1,0,9,1,29,1,10,25.0,0.925251,9.694133,5.778963,111.748996,0.826334,0.678425
4838,336,1,1,2,0,1,0,0,0,1,0,1,3,1,1,90.5,0.065204,3.307152,3.265893,5.363595,0.572935,0.330788
11065,1200,0,3,10,1,9,1,3,0,1,4,0,23,1,4,46.0,0.542908,4.609128,4.504169,20.782892,0.411923,0.420804
10269,641,3,1,4,1,3,1,1,0,0,0,0,9,0,0,82.0,0.823169,8.37472,7.178622,274.550692,0.685231,0.744965
10018,1401,1,1,13,2,10,2,6,2,0,3,3,31,2,6,25.0,0.117451,1.397485,3.302058,1.662776,0.337014,0.142634
6721,883,0,0,12,0,3,1,1,2,2,4,0,17,4,4,52.0,0.225122,2.678173,2.964012,0.802721,0.099574,0.203742
8913,726,2,2,5,1,5,0,0,2,0,4,5,10,2,9,62.5,0.666997,4.15124,4.465101,40.363172,0.010594,0.454219
9356,984,2,1,9,2,7,2,4,1,1,1,1,22,2,2,49.0,0.350374,4.489098,3.11283,11.765588,0.775134,0.406299
2600,300,2,0,8,0,3,1,0,0,1,1,0,12,1,1,72.5,0.089905,5.0,4.887607,20.47502,0.987136,0.436052
12886,805,0,0,4,0,2,0,0,1,1,1,0,6,2,1,82.5,0.815481,6.518702,6.773169,183.89192,0.760145,0.704209
3069,443,1,0,4,2,2,1,2,0,0,3,0,9,0,3,77.5,0.919972,7.168459,5.995725,78.745207,0.815946,0.676766
11314,862,3,5,11,3,7,1,2,3,2,4,0,21,5,4,42.0,0.094343,1.060633,2.742504,1.364875,0.091594,0.140184
7571,821,0,0,9,0,3,0,3,1,0,3,1,15,1,4,62.0,0.189202,0.924581,3.004682,2.411537,0.248318,0.235567
7006,869,1,1,6,3,5,1,4,1,1,3,2,16,2,5,56.5,0.712265,5.138453,4.9103,17.770948,0.363666,0.444647
8059,503,1,0,1,0,1,0,0,0,0,1,1,2,0,2,93.0,0.765261,7.072838,5.831415,59.139556,0.825919,0.695416
4653,614,1,1,7,2,2,0,0,2,2,2,1,9,4,3,69.5,0.062303,1.289491,3.109613,0.110153,0.576124,0.252093
1500,300,1,0,2,1,0,0,1,2,1,0,0,3,3,0,88.0,0.065983,0.666667,3.957269,0.389518,0.48018,0.293316
13764,992,3,2,2,2,7,1,0,2,0,1,0,10,2,1,74.5,0.589749,7.337983,3.959504,45.003259,0.924487,0.642567
1542,300,0,0,5,1,2,1,2,0,0,0,0,10,0,0,80.0,0.161838,1.945525,3.338818,0.017618,0.566885,0.313487
18000,1125,0,1,6,2,4,3,3,0,0,1,1,16,0,2,65.0,0.746831,6.722222,5.492133,209.287957,0.836378,0.673242
16269,1089,2,0,3,1,4,1,2,2,2,0,0,10,4,0,72.0,0.68769,8.728256,5.591583,156.111073,0.861311,0.764008
10180,1371,2,2,8,3,6,2,1,0,0,6,2,17,0,8,54.0,0.456923,6.090373,3.520473,23.392974,0.405674,0.575547
7598,912,1,3,10,1,4,2,4,2,0,3,1,20,2,4,50.0,0.562534,5.264543,3.418315,20.573479,0.11009,0.473411
15000,1571,1,5,13,4,12,1,2,2,0,5,2,28,2,7,29.5,0.52156,6.533333,4.928804,39.545041,0.875822,0.600325
4520,499,1,1,4,1,2,0,1,0,0,1,0,7,0,1,84.5,0.604879,3.761062,4.304524,6.860956,0.175244,0.449052
4122,432,1,2,1,1,2,0,1,1,0,1,0,4,1,1,88.5,0.380715,2.668607,3.357238,5.572176,0.655225,0.410183
4413,543,2,0,8,0,6,0,2,1,0,2,0,16,1,2,63.0,0.745275,4.985271,5.058378,18.856387,0.109311,0.58513
11798,1258,0,0,8,2,2,0,0,0,0,1,0,10,0,1,78.5,0.708782,7.119851,5.252341,84.876214,0.283794,0.593097
5985,703,3,1,4,0,1,1,2,0,1,0,0,8,1,0,82.0,0.445897,3.508772,4.252841,9.614919,0.340346,0.495711
5135,515,0,1,9,1,2,0,0,0,1,1,1,11,1,2,73.0,0.072092,0.584226,3.145057,0.0,0.002006,0.175842
5899,811,3,0,7,2,4,0,1,1,0,4,0,12,1,4,68.0,0.636394,3.390405,3.930455,9.525868,0.219646,0.444963
7505,731,2,1,13,3,7,0,1,1,0,2,1,21,1,3,51.5,0.650359,3.997335,4.309216,23.04772,0.133566,0.491124
4064,606,0,0,4,1,1,1,3,0,0,0,0,9,0,0,82.0,0.554428,4.183071,4.594911,3.586172,0.266385,0.478655
9392,845,2,1,7,0,2,1,2,0,0,0,0,12,0,0,76.0,0.458992,4.578365,3.931153,39.952652,0.293703,0.405418
2800,337,1,0,4,0,3,0,4,0,0,3,1,11,0,4,72.0,0.768766,7.857143,5.332537,20.153636,0.801848,0.682683
4942,677,1,1,8,1,6,3,1,0,1,6,2,18,1,8,50.0,0.086894,1.416431,4.428242,5.827588,0.50081,0.213936
2600,300,0,0,1,1,6,0,1,1,0,1,0,8,1,1,80.5,0.853863,6.538462,7.023059,20.484671,0.963397,0.634489
8669,698,1,0,4,3,7,0,2,0,1,0,0,13,1,0,72.0,0.606228,5.421617,4.530206,19.096021,0.01543,0.447095
4112,473,0,1,7,0,6,0,0,1,0,3,1,13,1,4,66.0,0.748923,8.754864,5.827332,141.633396,0.899288,0.678514
3258,458,2,1,2,0,0,1,0,0,0,4,1,3,0,5,86.5,0.247487,4.910988,3.307029,3.894916,0.384156,0.364458
5942,769,2,1,13,0,6,0,0,2,1,6,1,19,3,7,45.5,0.877877,8.078088,5.983416,111.179415,0.731966,0.71255
11931,1825,4,2,10,0,8,0,2,0,0,8,4,20,0,12,42.0,0.463948,4.023133,4.263064,24.460764,0.538448,0.510798
5177,339,0,0,2,0,1,0,1,1,0,4,0,4,1,4,84.0,1.0,9.658103,7.002293,212.99715,0.905169,0.807929
18000,1125,1,3,6,0,5,0,1,0,0,2,1,12,0,3,71.5,0.999401,7.222222,6.460449,575.494285,0.984307,0.679364
4412,473,0,0,3,0,2,0,0,1,0,1,1,5,1,2,85.0,0.28681,1.813237,4.037664,0.09422,0.671433,0.363387
5039,537,2,1,5,2,4,0,1,3,1,1,1,10,4,2,69.0,0.138429,3.770589,3.21829,7.435221,0.203901,0.349315
8513,737,3,2,0,1,2,1,0,0,0,0,0,3,0,0,94.0,0.933546,7.517914,5.990749,48.072934,0.65178,0.792389
5570,478,0,1,0,1,0,0,0,0,0,1,0,0,0,1,98.5,0.929739,5.56553,6.058463,63.066427,0.656839,0.685229
7861,877,1,2,7,1,2,1,2,0,0,1,0,12,0,1,74.5,0.444304,4.45236,5.014733,13.858583,0.325278,0.457443
4500,300,1,0,2,1,2,0,1,0,0,1,3,5,0,4,84.0,0.820335,6.222222,6.644126,54.627626,0.637874,0.679305
11489,1736,2,1,5,3,6,1,2,2,0,11,1,14,2,12,50.0,0.924545,5.396466,5.054756,48.360273,0.255597,0.56394
13202,1256,1,4,4,5,6,0,1,0,0,0,1,11,0,1,76.5,1.0,10.301469,6.558268,481.081809,0.63571,0.830561
4517,632,3,1,4,1,4,1,1,2,0,3,1,10,2,4,70.0,0.963088,9.962364,6.235817,215.875543,0.71671,0.71403
16500,1282,5,2,11,4,2,0,0,1,0,0,2,13,1,2,69.0,0.430672,2.787879,3.697524,18.677298,0.217419,0.420226
8234,786,1,0,3,0,7,1,2,0,1,3,2,13,1,5,64.5,0.821247,5.829487,6.551372,90.936466,0.623832,0.70088
7532,747,0,0,5,1,3,0,1,0,0,0,1,9,0,1,80.5,0.952433,6.107276,5.741013,36.625821,0.53225,0.66131
8079,841,3,2,13,1,4,3,1,1,0,4,0,21,1,4,50.0,0.044657,2.599332,3.72741,4.491255,0.261433,0.219049
8926,1509,3,1,6,2,8,0,2,4,0,5,1,16,4,6,51.0,0.13361,1.568452,4.413259,0.595055,0.300428,0.144862
8933,590,2,0,1,1,1,0,1,0,0,3,2,3,0,5,86.5,0.872324,4.25389,5.76709,33.285968,0.512865,0.654615
3915,510,0,1,3,0,6,1,1,0,1,4,1,11,1,5,68.5,0.202681,1.532567,2.988973,0.003469,0.141153,0.211495
5314,714,1,1,4,2,3,1,1,1,0,2,0,9,1,2,77.0,0.499592,4.892736,4.533325,7.544265,0.233867,0.437518
6170,747,3,1,17,0,12,0,3,0,2,2,0,32,2,2,29.0,0.93611,7.293355,5.108792,145.080193,0.990102,0.67897
9537,705,4,1,3,1,4,0,4,2,2,3,1,11,4,4,64.0,0.959838,6.291287,6.014668,106.544382,0.709901,0.680524
4509,359,0,1,5,1,1,1,0,0,0,0,0,7,0,0,86.0,0.371604,4.435573,3.597003,8.011108,0.796555,0.472998
17398,1163,2,2,9,1,6,1,1,0,1,2,2,17,1,4,58.0,0.948187,7.242212,5.864461,188.332642,0.63881,0.702252
4500,319,1,0,0,1,2,1,2,0,0,0,0,5,0,0,90.0,0.662957,7.333333,4.807584,48.253038,0.702297,0.690465
14858,1433,3,3,7,0,8,2,1,0,0,7,1,18,0,8,52.0,0.572018,3.769013,4.804927,55.941882,0.661017,0.463698
5460,647,0,0,3,1,1,0,0,0,0,3,1,4,0,4,86.0,0.89462,7.692308,5.274082,31.465092,0.289712,0.691527
8160,510,1,0,4,0,1,0,0,0,0,1,0,5,0,1,88.5,0.821223,7.598039,6.017126,178.921826,0.744458,0.726966
5339,727,1,0,6,3,4,0,2,0,0,6,2,12,0,8,64.0,0.154054,2.434913,3.428814,4.421342,0.375481,0.3296
9682,623,3,1,4,0,2,0,1,0,0,1,0,7,0,1,84.5,0.737495,7.539765,5.846244,30.109521,0.847455,0.695398
10614,2209,6,3,15,2,8,4,4,3,2,8,1,31,5,9,14.5,0.866685,6.689278,5.843084,87.921173,0.496329,0.674022
6660,925,4,3,5,1,7,1,3,0,3,2,0,16,3,2,59.0,0.083121,1.951952,3.201072,0.018369,0.505738,0.304471
6879,792,1,3,3,0,3,0,0,1,0,2,0,6,1,2,83.0,0.685202,3.488879,5.030676,11.388895,0.304991,0.445883
3200,300,0,0,2,1,1,0,1,0,0,0,1,4,0,1,90.5,0.873976,5.3125,5.38074,4.232193,0.13555,0.544156
3417,351,1,1,5,0,0,0,1,0,0,1,0,6,0,1,86.5,0.125551,2.048581,2.843708,1.132632,0.287007,0.185767
5275,890,0,0,7,2,4,0,0,1,3,1,1,11,4,2,67.0,0.2159,2.464455,2.955334,3.730779,0.295893,0.206719
4724,332,0,0,1,0,1,1,1,0,1,1,0,4,1,1,88.5,0.596052,5.292125,5.254109,36.023774,0.907934,0.604846
9362,911,0,1,3,0,1,1,0,0,0,3,1,5,0,4,84.0,0.705722,6.302072,5.438185,23.969762,0.520047,0.650881
6958,646,1,1,3,0,4,0,0,0,1,0,0,7,1,0,84.0,0.767223,7.617131,5.220108,37.752691,0.336907,0.724643
4130,551,1,1,4,1,2,0,3,0,0,4,1,9,0,5,74.5,0.474653,3.874092,4.980562,8.171594,0.453221,0.427842
2830,379,0,2,6,2,1,1,5,0,0,0,0,13,0,0,74.0,0.822439,9.893993,5.351207,26.814096,0.61906,0.712435
5512,344,0,0,1,1,1,0,0,1,0,1,0,2,1,1,92.5,0.954009,7.438316,6.079928,177.932157,0.939941,0.813178
16714,1164,2,2,7,2,5,1,2,2,0,2,0,15,2,2,63.0,0.798987,8.196721,5.802804,120.325337,0.521875,0.711711
7637,491,0,0,2,3,4,0,2,1,1,1,1,8,2,2,77.0,0.970253,8.642137,6.967607,62.798517,0.868185,0.797509
10237,1366,3,1,9,0,9,0,5,3,1,4,0,23,4,4,40.0,0.454736,3.516655,4.35981,21.493777,0.574259,0.475086
18000,1400,2,2,2,0,1,0,1,0,0,2,0,4,0,2,89.0,0.906546,6.666667,6.379331,104.240841,0.453553,0.718548
6432,801,4,3,7,2,5,1,4,3,1,5,1,17,4,6,49.0,0.565688,3.264925,4.497682,14.002846,0.956886,0.438566
8183,717,1,0,5,0,2,1,1,1,1,2,0,9,2,2,75.0,0.47557,3.299523,5.153436,18.466984,0.276157,0.439473
6368,398,0,1,2,2,1,0,3,0,0,1,2,6,0,3,83.5,0.898237,6.124372,6.636856,80.647544,0.892458,0.73001
8468,754,4,1,2,1,3,1,1,2,1,7,5,7,3,12,62.0,0.424551,4.605574,3.270868,22.237448,0.902187,0.492735
10510,1097,3,1,4,2,8,1,1,1,3,4,0,14,4,4,58.0,0.277836,2.093245,3.436331,4.10052,0.097304,0.260304
7214,1003,0,1,14,2,4,2,3,4,1,2,3,23,5,5,36.5,0.780891,6.37649,4.889544,30.579993,0.660358,0.584331
6175,445,0,1,7,0,0,0,1,1,0,2,2,8,1,4,76.0,0.545836,2.91498,4.586787,12.282086,0.964806,0.530176
10220,1055,0,1,14,1,6,1,1,4,0,4,1,22,4,5,40.5,0.526867,4.696673,6.056198,21.125368,0.706332,0.642122
5040,471,2,0,3,1,2,0,1,1,1,1,0,6,2,1,82.5,0.803716,7.539683,5.244825,26.201052,0.198338,0.641772
2907,300,0,0,5,0,4,1,2,1,0,0,0,12,1,0,74.0,0.276684,4.127967,2.709027,9.013937,0.454903,0.358668
4089,466,2,1,6,2,2,0,5,0,2,3,0,13,2,3,65.5,0.063462,1.467351,3.925919,0.004543,0.702006,0.246881
12489,1676,2,4,9,1,5,2,3,0,2,2,0,19,2,2,55.0,0.621547,6.565778,4.689027,21.085482,0.484035,0.55708
5594,610,0,1,4,0,1,1,2,3,0,2,1,8,3,3,73.5,0.770255,5.005363,4.743143,3.73105,0.168762,0.528252
10536,685,2,0,6,1,2,0,0,0,1,0,0,8,1,0,82.0,0.973935,5.125285,5.777774,17.489827,0.64898,0.739705
13898,1856,3,3,10,3,5,1,2,1,0,2,0,18,1,2,59.0,0.498022,5.540366,4.997659,44.681902,0.231437,0.465125
12888,805,1,1,4,0,5,1,1,0,0,0,0,11,0,0,78.0,1.0,9.46617,6.292647,509.479871,0.813318,0.754391
6341,753,3,1,9,2,2,1,2,0,1,2,0,14,1,2,67.0,0.351177,3.942596,3.956336,17.352349,0.272308,0.429847
1680,300,0,0,3,0,1,0,0,0,1,1,0,4,1,1,88.5,0.063032,3.571429,2.260604,0.69745,0.247259,0.277102
4578,444,2,0,6,3,2,0,2,0,0,1,1,10,0,2,77.0,0.063643,1.310616,2.613078,0.304122,0.460359,0.185917
13000,1773,7,1,12,2,9,1,1,2,5,4,1,23,7,5,32.5,0.159079,2.769231,3.586595,5.167177,0.289179,0.217825
3387,337,1,0,3,0,3,0,0,0,1,0,0,6,1,0,86.0,0.245077,2.657219,2.906186,0.218444,0.11141,0.233467
12806,1312,1,1,8,0,4,0,1,0,0,3,1,13,0,4,68.0,0.580693,6.637514,5.234229,64.820871,0.656933,0.603477
9909,619,2,2,9,0,1,0,1,0,0,0,1,11,0,1,76.5,0.952758,6.458775,6.449272,263.532989,0.87573,0.689261
6697,693,1,1,6,1,4,0,1,0,1,2,1,11,1,3,71.5,0.113337,1.493206,1.678167,0.824165,0.144496,0.117409
5753,561,1,0,6,0,3,0,3,1,0,2,0,12,1,2,71.0,0.47082,5.388493,4.516694,17.238461,0.377889,0.59671
2091,300,0,0,2,1,1,0,2,0,2,1,0,5,2,1,84.5,0.234596,0.47824,1.779842,0.0,0.126455,0.145033
5566,557,1,0,1,2,1,0,1,2,0,1,0,3,2,1,88.5,0.551466,4.311894,4.467715,10.158301,0.561943,0.452814
7926,495,3,0,7,0,3,0,0,0,2,2,0,10,2,2,73.0,0.835887,6.939187,5.109508,31.71404,0.55192,0.66273
5496,691,3,1,11,2,8,0,1,1,0,3,0,20,1,3,53.5,1.0,8.187773,6.348313,205.340973,0.681325,0.667679
5291,330,0,0,1,0,1,0,1,0,0,0,1,3,0,1,92.5,0.763566,6.048006,5.920087,31.713472,0.716363,0.719129
13730,1108,1,3,6,2,9,0,1,1,2,5,1,16,3,6,53.0,0.600232,4.588492,4.087117,32.454702,0.171325,0.590395
5783,751,0,2,10,1,0,3,6,3,2,3,1,19,5,4,46.0,0.105096,1.902127,4.025494,0.333532,0.490437,0.197491
9817,1082,3,2,7,2,1,2,1,0,0,6,0,11,0,6,69.0,0.314011,2.342875,4.452987,8.875787,0.332469,0.3228
8104,1073,2,3,10,2,8,1,3,1,2,1,0,22,3,1,48.5,0.53553,4.442251,4.857505,60.72403,0.555393,0.439235
2439,300,0,0,0,0,3,0,0,2,0,2,0,3,2,2,87.0,0.215808,2.870029,2.822774,2.64149,0.540863,0.300703
2600,379,1,1,7,0,2,1,0,0,0,1,0,10,0,1,78.5,0.766004,4.230769,3.620927,4.944635,0.43284,0.435102
15112,2177,6,4,11,4,5,2,0,2,0,6,1,18,2,7,49.5,0.414958,3.83801,4.802619,34.276904,0.264368,0.421018
3200,300,1,0,3,1,1,1,0,0,0,0,2,5,0,2,87.0,0.647026,5.3125,4.16558,4.85681,0.061933,0.432568
5903,607,0,1,4,0,0,0,0,1,0,1,0,4,1,1,88.5,0.596426,4.235135,4.474875,14.706193,0.306906,0.458859
7339,844,1,2,6,2,13,0,1,5,0,1,2,20,5,3,45.5,0.259629,3.133942,3.099355,10.755236,0.631137,0.310773
3200,300,0,0,0,0,1,0,0,0,0,1,0,1,0,1,96.5,0.416653,3.125,4.146784,1.433677,0.247744,0.42026
2454,300,0,0,3,1,3,0,2,0,0,3,0,8,0,3,79.5,0.140428,1.222494,5.332126,0.024111,0.675379,0.24715
2800,348,1,0,13,2,3,0,2,1,0,0,2,18,1,2,59.0,0.827162,6.785714,5.627912,41.400928,0.685403,0.659991
4306,348,0,1,1,0,2,1,0,2,0,1,0,4,2,1,86.5,0.501224,4.412448,3.619964,7.656888,0.05731,0.441429
7378,984,0,1,8,3,6,0,3,1,0,2,1,17,1,3,59.5,0.023792,2.710762,2.768551,2.903559,0.668876,0.304453
12544,784,1,0,3,0,1,0,0,0,0,1,0,4,0,1,90.5,0.671387,6.616709,5.73925,312.685569,0.987881,0.657529
8619,846,2,0,12,1,4,0,3,1,1,5,0,19,2,5,50.5,0.581897,5.105001,4.132892,22.59643,0.112429,0.459836
7925,845,2,2,9,1,2,0,0,2,3,4,2,11,5,6,59.0,0.617472,4.794953,4.46502,50.079086,0.83662,0.51736
5890,440,1,1,7,1,3,0,3,0,1,2,0,13,1,2,69.0,0.444571,3.565365,4.16912,10.542287,0.933106,0.438393
6184,663,1,3,6,0,4,1,3,0,0,3,0,14,0,3,67.5,0.67882,5.821475,4.603395,22.497898,0.196361,0.492176
2748,360,0,1,3,0,3,1,1,0,1,2,0,8,1,2,79.0,0.14306,2.547307,2.368851,0.380327,0.228993,0.259513
10776,1042,4,3,12,4,8,1,3,2,4,3,0,24,6,3,35.5,0.006179,2.691166,2.317964,7.087984,0.582331,0.220113
16542,1309,3,3,12,2,2,4,4,2,2,3,1,22,4,4,42.0,0.871737,9.853706,5.881162,121.682891,0.594783,0.743195
4894,505,1,0,3,1,0,0,2,2,1,1,0,5,3,1,82.5,0.443974,4.4953,4.878002,19.7225,0.598667,0.441777
11769,964,3,1,5,1,0,0,2,1,0,0,0,7,1,0,84.0,1.0,7.732178,6.482435,106.174361,0.433932,0.807826
5030,632,2,1,12,2,5,2,0,0,0,1,1,19,0,2,59.0,0.979924,8.548708,6.337133,159.437148,0.780781,0.814084
11000,1253,4,6,12,0,8,1,4,1,3,6,2,25,4,8,30.0,0.347252,3.545455,3.804715,6.417848,0.048263,0.304161
9289,923,2,0,5,0,4,1,1,0,1,1,0,11,1,1,74.5,0.533296,4.306169,4.443754,23.409241,0.414699,0.537483
7671,1179,4,3,6,2,3,1,2,2,1,2,0,12,3,2,67.0,0.559167,4.041194,3.704371,18.994226,0.601756,0.472011
7814,799,2,6,5,3,4,1,2,1,0,2,1,12,1,3,69.5,0.337728,1.791656,3.884262,7.617753,0.414035,0.306031
6052,645,1,0,5,1,7,0,3,0,0,0,0,15,0,0,70.0,0.0,1.487112,3.5845,2.07381,0.756269,0.297677
6058,613,1,0,5,3,4,0,3,1,2,2,2,12,3,4,64.0,0.668488,4.952129,5.333829,11.904392,0.672893,0.473668
5052,315,0,0,2,0,1,0,3,0,0,1,2,6,0,3,83.5,0.96451,9.105305,6.86218,120.446394,0.583146,0.766743
6436,598,1,1,3,2,0,0,1,0,0,3,1,4,0,4,86.0,0.28967,2.641392,3.175016,8.160189,0.12446,0.405877
5089,833,4,1,7,2,3,0,4,0,2,1,0,14,2,1,66.5,0.163253,1.965023,2.752704,0.639717,0.378165,0.23676
8552,534,2,0,1,2,1,0,2,0,0,1,0,4,0,1,90.5,0.893668,8.419083,6.789017,342.939428,0.841364,0.879331
2911,452,3,1,10,3,7,0,1,0,1,4,0,18,1,4,56.0,0.913656,10.649261,5.300116,95.003064,0.722488,0.720731
8756,859,5,1,6,2,5,1,3,0,1,1,1,15,1,2,65.0,0.555777,4.225674,4.298333,7.411645,0.122135,0.419953
14084,1686,3,1,11,1,10,2,1,0,0,4,0,24,0,4,46.0,0.458971,3.763135,4.227653,21.859377,0.513607,0.440561
7104,885,0,4,6,1,9,2,4,1,0,1,1,21,1,2,53.0,0.340222,4.786036,3.893802,14.851911,0.586011,0.461631
5594,694,1,1,1,1,4,1,1,3,2,1,0,7,5,1,74.5,0.349659,2.681444,4.245445,2.93076,0.170835,0.305846
11890,743,1,0,3,1,5,0,0,0,1,3,0,8,1,3,77.5,0.884222,7.317073,5.70905,300.936698,0.558141,0.699248
2188,419,0,1,5,1,5,1,1,0,0,2,0,12,0,2,73.0,0.106654,2.285192,3.424087,0.023265,0.329978,0.234905
9114,1040,1,1,6,1,5,0,1,2,0,3,0,12,2,3,67.5,0.335088,1.536098,3.837223,5.187009,0.197037,0.254594
5024,463,1,0,3,0,1,0,0,1,0,0,1,4,1,1,88.5,0.977749,9.355096,5.630985,40.392672,0.378389,0.8254
8009,584,1,0,1,3,3,0,0,0,0,1,0,4,0,1,90.5,0.949795,4.869522,5.704659,139.84669,0.78386,0.755537
8661,776,1,3,3,0,6,0,2,4,0,3,0,11,4,3,65.5,0.442564,3.925644,4.063801,16.679522,0.793118,0.366994
8623,591,1,3,3,0,3,0,2,1,0,1,0,8,1,1,80.5,0.751636,8.349762,5.92634,119.380259,0.93869,0.681263
10281,670,0,0,2,1,1,0,0,2,0,1,0,3,2,1,88.5,0.928215,10.213014,6.731901,390.829675,0.942081,0.867325
13000,1159,3,2,9,4,10,1,4,0,1,3,0,24,1,3,45.5,0.035878,2.307692,3.320929,4.027341,0.498842,0.263904
7708,743,1,0,12,0,2,0,3,0,0,4,2,17,0,6,57.0,0.15343,3.762325,2.987125,9.760464,0.315336,0.246056
7598,584,2,3,4,0,5,0,1,1,1,3,1,10,2,4,70.0,0.73622,7.370361,4.716483,56.454722,0.891147,0.644226
6923,998,1,3,8,3,3,0,0,0,2,2,0,11,2,2,71.0,0.220807,3.033367,3.492215,7.166975,0.281322,0.347183
4380,567,2,1,6,0,10,0,2,0,1,5,0,18,1,5,54.5,0.110489,2.739726,2.534828,0.181297,0.028745,0.221106
4713,394,1,2,5,1,2,0,0,0,2,3,1,7,2,4,76.0,0.477829,7.426268,5.146073,14.637947,0.821134,0.559442
3188,349,1,1,0,0,1,0,1,0,1,1,2,2,1,3,89.5,0.030423,1.882058,3.006208,1.210336,0.727139,0.313052
4948,384,1,1,3,0,0,1,1,0,0,1,0,5,0,1,88.5,0.868765,7.679871,6.060243,24.030735,0.677995,0.698365
4863,411,2,0,2,3,4,1,0,3,1,0,1,7,4,1,76.5,0.108238,2.878881,3.149492,2.428544,0.223675,0.305897
6991,968,0,2,7,3,3,0,4,2,0,4,3,14,2,7,57.5,0.213978,2.002575,3.238018,1.55361,0.500605,0.275498
6155,423,0,0,5,0,0,2,1,0,0,1,0,8,0,1,82.5,0.617765,6.336312,4.985704,35.644019,0.950566,0.639937
8995,562,1,0,0,1,4,0,0,0,0,0,1,4,0,1,90.5,0.811013,5.002779,5.779746,140.881911,0.822442,0.701634
18000,1278,2,3,10,0,3,0,4,0,0,6,2,17,0,8,54.0,0.836195,7.388889,5.965805,266.827859,0.878132,0.655523
16614,1103,1,0,9,4,9,0,8,1,0,2,1,26,1,3,41.5,0.973563,6.861683,6.527723,219.594299,0.860624,0.720339
10172,973,6,0,12,5,3,1,2,1,3,9,0,18,4,9,42.5,0.260832,4.030672,4.914766,20.765149,0.854077,0.458266
10865,1063,4,2,10,0,3,0,3,0,0,2,1,16,0,3,63.5,0.922368,6.810861,6.165336,90.881623,0.526183,0.715539
3462,416,3,0,11,0,3,0,0,0,0,3,2,14,0,5,64.5,0.881285,8.376661,5.613734,115.510208,0.988397,0.672179
3903,557,0,1,3,0,2,0,0,0,1,0,2,5,1,2,85.0,0.224525,2.305919,3.05258,5.555201,0.544565,0.348008
13955,2054,2,0,17,3,14,2,6,2,4,4,2,39,6,6,1.0,0.584232,4.371193,4.542005,38.598947,0.275127,0.426858
4490,604,2,2,4,1,8,1,0,1,1,3,0,13,2,3,65.5,0.566448,4.008909,4.946864,4.418339,0.227926,0.411745
16500,1371,1,3,5,3,11,0,1,0,1,2,1,17,1,3,59.5,0.533633,3.030303,4.747283,26.527837,0.726401,0.511991
7148,893,1,1,4,0,3,0,1,1,3,4,1,8,4,5,68.5,0.192088,2.518187,3.088811,2.312452,0.247555,0.236807
1560,300,1,1,0,0,4,0,0,1,1,1,0,4,2,1,86.5,0.167357,2.564103,2.75586,0.001876,0.493809,0.328297
4832,590,2,0,1,1,3,2,3,0,0,1,1,9,0,2,79.0,0.823776,6.208609,5.179348,18.292626,0.288917,0.574726
4897,446,3,1,1,0,1,0,2,0,0,3,0,4,0,3,87.5,0.8467,6.330406,4.400602,16.193816,0.012075,0.644743
4529,505,2,0,5,1,2,0,1,2,1,1,0,8,3,1,76.5,0.672415,4.195187,6.055317,25.542207,0.529087,0.497883
12807,800,6,3,4,3,5,0,2,1,0,5,0,11,1,5,68.5,0.867329,6.949325,6.767952,126.119215,0.71822,0.657444
3103,416,2,1,11,0,5,3,1,0,0,2,0,20,0,2,57.0,0.713651,5.800838,4.321577,5.46593,0.407694,0.495515
3106,307,1,0,0,1,1,0,0,0,1,3,1,1,1,4,90.0,0.221009,1.609788,1.980404,0.302235,0.007805,0.203742
14566,910,1,2,9,0,6,1,3,0,0,4,1,19,0,5,54.5,0.810902,7.139915,6.561131,132.829879,0.960939,0.7321
3242,534,1,0,3,0,4,2,3,0,0,2,1,12,0,3,71.5,0.016427,4.626774,2.985801,2.176552,0.482905,0.288489
9858,661,0,2,0,0,0,1,1,0,0,2,0,2,0,2,93.0,0.917363,7.202272,6.378105,277.70205,0.830413,0.783392
16500,1382,3,1,13,1,8,1,3,1,1,8,4,25,2,12,28.0,0.594928,4.787879,4.411506,162.334337,0.972152,0.561751
1645,413,1,0,2,1,2,0,1,1,0,1,0,5,1,1,86.5,0.099167,5.471125,2.467269,0.681155,0.591065,0.341816
4500,309,1,1,0,0,1,2,2,0,0,0,0,5,0,0,90.0,0.95738,7.333333,6.042337,49.144833,0.939491,0.805412
18000,1163,3,1,6,1,4,0,2,0,1,0,0,12,1,0,74.0,0.913079,6.666667,6.494042,512.363558,0.942197,0.709081
6495,820,1,3,8,2,7,1,2,3,1,4,0,18,4,4,50.0,0.164074,1.539646,2.313853,0.394841,0.244747,0.208341
8151,1171,2,2,8,1,5,1,3,0,3,3,2,17,3,5,52.5,0.654036,5.030058,5.083833,38.41328,0.566126,0.446021
11774,959,2,1,7,2,1,0,1,0,2,2,0,9,2,2,75.0,0.558649,6.285035,5.893402,284.215373,0.965989,0.605718
14936,933,4,2,4,1,4,1,0,2,0,2,0,9,2,2,75.0,0.707223,4.619711,5.945228,100.249161,0.893825,0.669161
7800,736,1,0,2,1,5,0,2,1,0,3,1,9,1,4,74.0,0.185747,2.564103,3.304402,0.765712,0.305145,0.258144
9094,1145,2,0,6,2,4,1,3,2,1,5,1,14,3,6,57.0,0.389834,4.178579,4.382275,17.451958,0.403006,0.433045
15661,978,1,1,2,1,2,0,1,0,0,2,1,5,0,3,85.5,0.975855,5.108231,6.207953,101.357466,0.782558,0.707887
5703,369,2,0,1,0,0,1,0,0,0,0,0,2,0,0,96.0,0.886916,5.611082,6.366511,58.688781,0.949108,0.757211
7979,708,0,0,5,4,1,1,3,0,1,2,1,10,1,3,73.5,0.865354,8.397042,5.695984,50.016704,0.653977,0.65985
7186,618,3,5,7,3,3,1,2,2,2,4,1,13,4,5,58.5,0.624936,4.731422,5.319896,7.508572,0.882717,0.473034
18000,1125,1,2,11,3,2,1,0,1,1,2,0,14,2,2,65.0,0.909693,5.444444,6.717202,131.850263,0.963177,0.719294
10359,1384,1,3,9,1,7,5,1,0,1,4,5,22,1,9,40.5,0.753468,4.537117,5.123552,29.297062,0.226957,0.499154
11189,1111,4,5,9,3,4,0,1,2,2,2,1,14,4,3,59.5,0.229215,3.932434,4.536251,33.515767,0.693197,0.441822
5084,683,0,1,5,3,1,1,2,2,1,6,1,9,3,7,65.5,0.109454,1.966955,3.988636,4.161022,0.570621,0.22445
9450,871,2,1,2,0,4,0,1,0,0,2,1,7,0,3,81.5,0.960891,9.312169,5.764236,258.535625,0.402742,0.807104
15947,1392,1,1,8,0,3,2,0,0,1,2,0,13,1,2,69.0,0.835238,6.960557,5.326179,58.207813,0.443094,0.726363
10237,884,2,1,8,2,5,0,2,1,1,3,3,15,2,6,57.0,0.012787,3.223601,3.103897,18.829803,0.804448,0.324482
8534,621,1,0,4,1,1,0,0,0,1,0,0,5,1,0,88.0,0.934253,8.788376,6.786069,216.724819,0.877212,0.789867
8819,1156,3,2,10,1,6,1,1,1,1,3,1,18,2,4,54.0,0.114625,2.041048,3.158255,6.864002,0.494751,0.258427
18000,1125,2,1,5,1,8,1,5,0,1,1,0,19,1,1,58.5,0.896068,6.611111,5.825342,90.647532,0.801857,0.680141
6413,675,1,1,4,1,1,1,0,0,1,1,0,6,1,1,84.5,0.714079,6.23733,5.581984,47.534103,0.401523,0.680521
16500,1754,5,2,4,2,4,1,5,1,1,7,2,14,2,9,54.5,0.416409,4.242424,4.736191,7.568924,0.377256,0.476271
5948,420,0,0,2,0,5,0,2,0,1,3,0,9,1,3,75.5,0.65652,5.548083,5.110023,9.42122,0.910454,0.465521
9800,622,0,0,5,0,1,0,1,0,0,1,0,7,0,1,84.5,0.960142,7.142857,6.240753,109.300745,0.633434,0.729772
13709,856,2,4,11,3,3,0,0,1,0,3,0,14,1,3,65.5,0.877438,6.419141,6.674731,146.242317,0.922146,0.748501
7865,925,5,1,15,3,12,1,1,0,1,4,1,29,1,5,32.5,0.988321,7.247298,6.793266,220.318671,0.907484,0.808374
6609,858,3,1,8,1,3,1,0,0,2,0,0,12,2,0,72.0,0.52692,3.934029,4.352253,13.490177,0.332837,0.459166
10436,1116,2,3,11,1,5,0,1,3,1,2,0,17,4,2,55.0,0.364858,3.449598,3.665548,10.896581,0.21014,0.413691
4990,647,2,1,4,2,6,0,1,1,2,3,1,11,3,4,66.0,0.037045,1.402806,3.904013,3.227441,0.497616,0.244954
9689,638,3,0,8,1,2,1,1,0,1,4,0,12,1,4,68.0,0.739911,6.08938,5.407214,71.021431,0.856773,0.73398
3858,555,0,0,4,1,3,0,0,1,0,5,0,7,1,5,76.5,0.405517,3.888025,4.860999,1.728599,0.17449,0.436887
11747,804,3,3,5,2,4,2,0,0,0,0,1,11,0,1,76.5,0.967158,7.321018,5.546145,308.569254,0.947236,0.741038
4141,488,0,4,4,1,2,1,2,0,0,3,0,9,0,3,77.5,0.568421,3.380826,4.548412,23.888879,0.669952,0.502158
9132,821,2,5,5,1,1,0,1,2,1,5,0,7,3,5,72.5,0.452441,4.599212,4.86505,22.269537,0.932454,0.499655
4512,319,0,1,3,2,1,0,1,0,0,1,0,5,0,1,88.5,0.772769,4.210993,5.774612,5.842547,0.115243,0.519209
17174,1073,0,0,9,2,3,0,2,2,0,5,0,14,2,5,60.5,0.962105,5.589845,6.613483,429.517483,0.821893,0.676196
4500,300,0,0,2,2,6,0,0,1,1,0,0,8,2,0,80.0,0.973869,4.444444,6.059038,52.137392,0.974885,0.680145
6695,576,0,1,5,1,5,0,0,2,1,4,0,10,3,4,68.0,0.110694,2.091113,2.806203,0.725326,0.003247,0.236614
16934,1058,0,2,8,1,0,0,1,0,1,1,0,9,1,1,78.5,0.699875,8.680761,5.920707,419.19108,0.980918,0.690975
10112,1140,3,0,3,1,2,0,1,0,0,1,0,6,0,1,86.5,0.365649,2.670095,4.493935,12.678641,0.355694,0.430276
5175,745,5,1,8,0,2,1,3,1,0,2,0,14,1,2,67.0,0.170939,2.512077,3.043677,0.164724,0.653634,0.198489
8027,985,5,1,4,0,2,0,1,2,2,7,0,7,4,7,67.5,0.126373,3.363648,3.93491,5.223989,0.568514,0.251221
6409,1192,0,1,11,3,7,0,4,4,1,5,1,22,5,6,37.0,0.247564,0.780153,2.636452,0.036724,0.199121,0.16372
9494,1323,5,2,11,0,8,0,2,1,1,6,1,21,2,7,43.5,0.750578,5.477143,4.663297,43.49458,0.292234,0.497163
6480,415,1,1,3,0,3,1,2,0,0,1,0,9,0,1,80.5,0.873995,5.864198,6.292076,139.771258,0.942025,0.693678
12794,1368,2,1,8,1,5,1,1,0,0,4,0,15,0,4,64.0,0.486431,4.377052,4.234166,18.341892,0.539435,0.49734
5326,664,0,1,2,3,2,0,0,0,0,4,2,4,0,6,83.0,0.097695,2.628614,3.254009,5.612771,0.304233,0.3212
4237,434,1,2,8,0,4,0,1,0,1,2,0,13,1,2,69.0,0.262664,2.124144,3.105504,7.57591,0.015493,0.247913
5043,534,0,1,5,2,1,0,1,1,1,2,0,7,2,2,79.0,0.159121,1.784652,3.114704,0.034412,0.231314,0.237038
13000,1500,2,3,13,3,8,1,2,2,5,4,1,24,7,5,30.5,0.023086,1.230769,1.988438,1.151947,0.607009,0.146751
2920,404,2,1,7,0,2,2,3,0,0,1,1,14,0,2,69.0,0.122368,4.794521,2.945307,2.150975,0.724737,0.253363
10834,1017,1,0,14,4,9,2,1,0,0,2,1,26,0,3,43.5,0.749225,5.076611,5.123337,19.969804,0.256948,0.452858
6317,520,0,1,5,1,0,0,1,0,0,1,0,6,0,1,86.5,0.617161,4.115878,5.034073,39.263809,0.086113,0.419601
5947,502,1,0,4,1,3,1,0,2,1,3,0,8,3,3,73.5,0.422508,3.026736,4.380942,16.483454,0.914218,0.554616
4500,300,0,2,4,0,3,1,1,0,0,1,0,9,0,1,80.5,0.998838,7.555556,5.777018,135.808283,0.809707,0.816269
18000,1368,1,0,4,2,3,0,1,0,1,0,0,8,1,0,82.0,0.929556,6.444444,6.477809,451.72945,0.790843,0.750712
7166,770,2,4,7,1,2,1,2,3,1,4,3,12,4,7,57.5,0.099455,1.535027,3.196539,3.665186,0.089611,0.223908
15000,1512,6,4,12,2,7,1,3,3,1,8,2,23,4,10,31.0,0.507537,4.333333,3.451676,20.100352,0.066065,0.430956
10971,894,3,1,10,0,3,0,0,0,2,1,1,13,2,2,67.0,0.823342,6.289308,5.49519,85.103223,0.719894,0.659769
3200,380,0,1,1,0,0,0,0,0,0,0,0,1,0,0,98.0,0.787667,4.375,5.489468,15.579829,0.650589,0.6056
16500,2075,4,0,10,0,6,0,3,0,0,8,2,19,0,10,47.0,0.772039,5.757576,5.224559,62.706947,0.347195,0.584073
8228,1037,5,2,15,3,14,0,3,3,1,7,0,32,4,7,17.5,0.177256,1.336898,2.492482,0.773533,0.366484,0.14324
5674,541,1,2,3,1,7,0,3,0,2,3,1,13,2,4,64.0,0.457417,7.225943,4.436773,14.409518,0.753761,0.427837
2120,300,2,0,2,0,0,1,3,0,0,5,1,6,0,6,79.0,0.095301,3.773585,4.24703,8.324186,0.796948,0.321583
4500,300,1,2,1,0,1,0,0,0,0,1,0,2,0,1,94.5,0.865083,6.222222,4.698139,28.456939,0.714889,0.68115
10972,1298,5,1,12,2,4,2,2,5,0,8,0,20,5,8,38.0,0.715088,4.648195,3.919328,17.706537,0.107355,0.463322
10803,1859,1,2,25,1,6,0,5,0,3,5,2,36,3,7,11.5,0.053837,1.295936,2.793247,3.540383,0.352722,0.160037
15000,2273,3,0,10,0,9,4,2,2,2,5,3,25,4,8,30.0,0.772446,5.666667,4.834369,27.230558,0.240776,0.545348
9463,872,2,2,15,2,5,1,3,0,1,2,1,24,1,3,45.5,0.647741,5.178062,5.541652,152.103414,0.95332,0.549849
6457,1091,2,0,11,2,5,0,4,2,0,4,2,20,2,6,47.0,0.088147,3.407155,3.742331,0.102853,0.59852,0.268823
11527,720,0,1,5,0,1,0,4,0,0,1,0,10,0,1,78.5,0.863354,9.022295,5.567118,94.884044,0.843322,0.779874
3397,375,2,0,3,1,2,1,3,2,0,2,1,9,2,3,73.5,0.336786,1.17751,2.294385,0.019484,0.083095,0.20514
6183,386,1,3,0,0,2,1,0,0,0,0,0,3,0,0,94.0,0.764825,7.27802,6.126035,65.804022,0.961587,0.727842
5901,813,1,3,5,1,5,0,3,2,0,2,0,13,2,2,67.0,0.659053,6.270124,5.00908,35.211487,0.423455,0.553637
3200,300,0,0,4,0,0,2,1,1,1,3,0,7,2,3,77.5,0.572299,4.0625,4.359935,4.718853,0.040288,0.436578
6059,1000,4,0,18,3,6,3,0,0,0,3,0,27,0,3,41.5,0.900227,8.252187,5.462108,175.365062,0.581969,0.734393
10632,1571,5,1,11,1,9,1,3,1,0,5,2,24,1,7,39.5,0.469672,3.103837,3.751087,31.490809,0.409911,0.412975
8458,591,0,1,8,0,2,0,1,0,1,1,0,11,1,1,74.5,0.789249,8.039726,5.739203,77.40641,0.96149,0.677723
5462,801,2,1,4,1,3,1,0,1,2,3,0,8,3,3,73.5,0.071012,1.830831,3.371832,0.860788,0.60882,0.267368
8504,986,2,1,3,4,4,1,2,2,1,0,1,10,3,1,72.5,0.548588,4.821261,4.86077,14.202599,0.490181,0.482694
8618,1173,1,1,11,3,5,1,1,1,1,4,2,18,2,6,51.0,0.673323,6.381991,4.82392,45.557994,0.384545,0.502475
9191,773,2,3,7,5,8,0,4,0,3,3,2,19,3,5,48.5,0.192243,2.828854,4.090227,9.999644,0.166807,0.231048
9398,1142,4,2,14,2,6,4,8,4,2,4,0,32,6,4,18.0,0.240522,3.192169,4.109482,4.102287,0.660314,0.267765
11277,1082,2,2,3,1,1,2,0,1,0,1,0,6,1,1,84.5,0.970428,9.399663,6.654923,137.96076,0.508895,0.842734
11066,1036,0,1,8,0,4,0,0,0,0,1,1,12,0,2,73.0,1.0,7.319718,6.488504,262.257975,0.583912,0.733442
12541,1241,0,2,9,1,6,0,4,0,1,2,1,19,1,3,55.5,0.561451,4.624831,6.320539,59.40452,0.658905,0.569226
9618,625,0,0,2,1,2,1,2,1,0,0,1,7,1,1,82.5,0.657932,6.966105,5.272246,71.650847,0.811758,0.690208
2800,431,1,1,8,1,6,1,1,2,0,1,1,16,2,2,61.0,0.920958,8.928571,6.122644,75.748874,0.724248,0.725395
4790,551,1,1,5,2,5,0,3,3,0,2,0,13,3,2,65.0,0.279329,4.384134,4.911909,15.383947,0.920192,0.534249
7536,491,0,0,2,1,0,0,2,0,0,2,1,4,0,3,87.5,0.846397,8.757962,5.673528,60.785128,0.8048,0.773527
6583,725,2,3,13,4,3,0,2,0,1,1,1,18,1,2,59.0,0.595548,3.341941,4.161036,16.136523,0.096521,0.401968
8765,791,0,0,0,1,1,0,1,1,0,0,0,2,1,0,94.0,0.89366,4.791786,6.885818,56.943585,0.608439,0.72239
13333,1045,5,1,8,4,6,0,2,3,0,7,3,16,3,10,47.0,0.427812,4.125103,4.502973,27.907936,0.257303,0.405906
8928,1084,6,0,20,3,7,2,2,2,3,4,0,31,5,4,22.0,0.148894,2.352151,3.743027,8.517314,0.313945,0.249014
12873,1113,3,1,4,2,5,1,5,0,0,2,0,15,0,2,67.0,0.563185,4.583236,4.845345,15.996628,0.336841,0.472746
3307,506,0,0,6,0,5,1,2,0,0,2,0,14,0,2,69.0,0.656788,8.1645,4.58023,40.071587,0.76903,0.684449
6392,928,1,1,12,2,8,1,1,4,1,3,0,22,5,3,41.5,0.932634,7.822278,6.295463,76.949031,0.607734,0.660348
13850,968,3,1,4,1,3,0,1,0,0,1,2,8,0,3,79.5,0.832212,7.00361,4.967218,116.522604,0.982957,0.722067
1500,300,1,0,3,2,0,1,2,0,0,0,1,6,0,1,86.5,0.188034,2.0,3.592149,0.217216,0.708523,0.332153
13000,1637,0,2,8,1,7,1,1,3,1,8,3,17,4,11,41.5,0.219512,1.076923,3.207939,0.639528,0.416836,0.246755
16500,1306,2,1,5,3,8,1,4,0,1,6,1,18,1,7,51.5,0.711421,6.30303,4.537469,26.313009,0.303269,0.488047
2800,483,2,0,6,1,1,0,0,0,0,2,0,7,0,2,83.0,0.871334,7.857143,5.417774,56.839118,0.589168,0.669435
18000,1326,2,1,7,2,4,0,4,1,0,2,0,15,1,2,65.0,0.954869,6.777778,6.912818,108.705836,0.545106,0.707355
11000,1503,7,3,13,4,9,2,10,2,2,2,2,34,4,4,18.0,0.049805,2.181818,3.512269,8.71877,0.712091,0.26983
4225,475,0,2,6,1,8,1,1,1,0,1,2,16,1,3,61.5,0.358315,3.786982,4.212609,6.426911,0.740565,0.384413
6908,730,1,2,3,0,2,1,1,0,0,3,0,7,0,3,81.5,0.537602,3.908512,4.403063,21.33692,0.365135,0.581521
7414,463,1,0,7,0,0,0,0,0,0,1,0,7,0,1,84.5,0.791571,4.585919,6.22862,26.804571,0.995514,0.716979
10000,712,1,2,3,0,2,1,1,0,0,1,0,7,0,1,84.5,1.0,6.1,4.705119,77.534495,0.910732,0.780986
4008,472,1,2,10,3,3,0,1,1,0,3,1,14,1,4,64.0,0.316555,4.241517,3.47078,3.560606,0.707677,0.339684
6646,472,2,1,5,0,4,0,0,1,2,4,2,9,3,6,67.0,0.496703,4.66446,4.4139,8.944555,0.018088,0.400652
6202,624,0,1,6,2,1,0,0,0,1,0,0,7,1,0,84.0,0.539568,5.482103,4.583679,9.998693,0.338548,0.448114
3894,383,0,0,2,1,4,1,2,1,0,2,0,9,1,2,77.0,0.429031,6.933744,5.533506,7.314262,0.785889,0.600771
13937,1030,2,1,4,0,5,0,1,0,1,4,1,10,1,5,70.5,0.917211,8.39492,6.934098,159.723399,0.702834,0.727235
13443,1409,3,1,6,6,4,1,2,0,2,3,4,13,2,7,59.5,0.411047,3.570632,4.053532,7.967491,0.199887,0.426312
2501,425,1,1,4,0,2,0,1,0,1,0,0,7,1,0,84.0,0.147673,1.59936,3.804,1.326433,0.361785,0.270835
9437,1555,3,2,7,4,12,1,4,3,4,8,5,24,7,13,18.5,0.186251,2.543181,5.170742,16.30558,0.608594,0.272131
3462,526,0,1,5,2,5,1,2,0,1,4,3,13,1,7,61.5,0.057858,1.733102,3.80001,4.522936,0.733594,0.274014
4338,612,1,1,7,0,4,3,0,1,0,0,1,14,1,1,68.5,0.276363,2.535731,4.528271,19.121215,0.588385,0.311974
6029,386,1,1,2,1,1,0,3,2,0,0,1,6,2,1,82.5,0.767779,6.302869,5.512517,35.092141,0.631348,0.71478
4500,420,0,1,2,0,0,0,0,0,1,0,0,2,1,0,94.0,0.700297,6.0,5.238539,18.547108,0.380817,0.690141
1961,300,2,0,1,2,5,1,1,1,0,0,0,8,1,0,82.0,0.122566,1.019888,3.720001,3.079687,0.114698,0.255537
10052,971,1,2,7,1,3,1,2,1,0,4,0,13,1,4,66.0,0.528266,4.377238,4.410396,11.428998,0.38198,0.47922
9222,1331,1,3,13,3,7,0,0,1,1,3,2,20,2,5,48.5,0.579166,4.662763,4.712477,17.802549,0.379224,0.457447
10177,740,0,1,5,2,4,1,1,0,0,0,0,11,0,0,78.0,0.893766,8.352167,6.293951,64.446536,0.770817,0.71801
6140,975,4,2,11,4,9,0,2,4,2,5,0,22,6,5,36.5,0.109521,1.791531,3.227405,2.521922,0.570939,0.23265
8191,1223,3,0,9,0,12,0,4,1,1,4,0,25,2,4,40.0,0.012748,0.24417,2.104819,0.431944,0.219483,0.111933
16500,1244,4,2,13,3,11,3,3,1,1,7,1,30,2,8,24.0,0.684579,2.969697,4.866983,18.872286,0.175749,0.405116
5757,834,2,3,10,1,7,0,2,1,0,4,0,19,1,4,54.0,0.960118,6.948063,6.246688,38.687227,0.699409,0.715884
11728,1554,2,1,13,1,9,0,3,0,0,5,0,25,0,5,42.5,0.701685,6.736016,4.555333,19.51491,0.355709,0.509617
3232,410,1,0,3,1,1,2,1,0,0,2,0,7,0,2,83.0,0.577583,3.094059,6.281077,16.271038,0.474791,0.440978
18000,1125,1,1,5,2,2,1,1,0,0,3,0,9,0,3,77.5,0.896476,7.388889,6.688365,266.854446,0.922353,0.774629
11287,1332,2,1,11,2,11,1,7,1,3,3,1,30,4,4,26.0,0.836099,5.050058,4.959943,23.003659,0.143503,0.638328
6355,820,2,2,6,2,4,1,2,1,0,3,0,13,1,3,67.5,0.424247,2.989772,3.601833,8.742552,0.344503,0.466718
10122,1308,1,2,12,1,2,1,5,1,1,2,0,20,2,2,53.0,0.286816,1.185536,2.975842,3.9256,0.14894,0.220579
8168,839,0,0,5,1,2,0,1,0,1,1,1,8,1,2,79.0,0.837256,4.285015,5.476914,24.017695,0.442033,0.669361
6331,863,2,2,17,2,10,1,1,0,1,4,0,29,1,4,34.0,0.931037,6.634023,6.111447,161.569965,0.788802,0.668494
7407,1122,1,1,11,3,4,1,2,0,2,2,0,18,2,2,57.0,0.146044,2.295126,3.242443,3.955908,0.652574,0.25755
6043,628,4,0,8,1,4,0,4,1,2,3,0,16,3,3,57.5,0.480969,4.302499,4.33032,12.118859,0.761521,0.426296
4857,667,1,0,3,0,3,0,1,1,1,4,1,7,2,5,74.5,0.598951,4.117768,5.090154,9.300359,0.191808,0.458027
6320,691,3,1,4,3,7,1,4,0,0,3,0,16,0,3,63.5,0.125353,1.582278,2.499001,0.322989,0.077519,0.236546
8454,925,1,0,5,1,3,0,3,1,1,3,3,11,2,6,65.0,0.817238,4.968062,4.89419,19.661786,0.21289,0.52973
14339,1552,3,3,9,1,5,0,3,2,2,3,5,17,4,8,46.0,0.690991,5.718669,4.906238,54.968258,0.312136,0.445152
7979,723,1,1,8,1,3,0,2,1,1,2,1,13,2,3,65.5,0.370499,2.882567,3.608757,7.94744,0.719089,0.412412
16600,1037,1,1,0,1,4,0,4,1,0,4,0,8,1,4,76.0,0.894405,6.024096,4.958297,95.463494,0.589677,0.653203
11528,783,2,1,5,3,5,0,1,0,1,3,0,11,1,3,71.5,0.742238,5.117974,4.939503,98.034765,0.794125,0.599998
5293,330,0,0,2,1,6,0,0,0,0,1,0,8,0,1,82.5,0.984007,5.667863,6.169666,127.827069,0.61624,0.694631
11285,752,1,2,8,0,3,0,2,0,0,2,0,13,0,2,71.0,0.840485,7.709349,6.249734,68.493028,0.635959,0.70173
4126,390,1,1,3,2,1,1,2,2,3,2,2,7,5,4,70.0,0.702292,4.84731,3.176886,4.864252,0.109126,0.403667
6918,1003,1,4,8,3,5,2,0,1,1,4,1,15,2,5,58.5,0.096223,3.32466,3.175292,8.519163,0.681911,0.295663
10471,731,2,0,5,3,4,0,2,0,0,0,0,11,0,0,78.0,0.829426,7.640149,6.073785,303.607804,0.790257,0.715374
14125,915,0,1,8,1,2,0,1,2,0,2,1,11,2,3,69.5,0.755578,7.504425,5.388763,352.130533,0.775071,0.670421
5205,605,2,0,11,0,5,4,3,1,1,8,1,23,2,9,36.5,0.223196,2.689721,3.068015,3.046716,0.219927,0.221595
17074,1222,1,0,11,2,6,1,4,0,2,0,0,22,2,0,52.0,0.868792,7.789622,6.212023,543.963934,0.815669,0.692861
11940,746,0,0,1,0,3,0,1,1,0,0,0,5,1,0,88.0,0.848817,7.537688,6.246805,359.446254,0.9359,0.716746
7501,598,2,1,4,0,1,0,1,0,0,1,1,6,0,2,85.0,0.745629,5.065991,4.706895,21.997285,0.35871,0.620514
2200,300,1,0,1,0,1,1,1,0,0,1,0,4,0,1,90.5,0.284269,1.818182,3.189668,0.405279,0.543396,0.369726
14440,1362,2,1,3,0,2,0,0,0,0,1,0,5,0,1,88.5,0.765039,6.717452,5.638168,51.288657,0.614725,0.696095
9423,1074,4,2,9,3,7,2,5,0,4,8,1,23,4,9,32.5,0.053808,0.95511,1.608504,0.221273,0.062439,0.138244
5409,487,1,1,2,0,0,0,3,2,1,3,0,5,3,3,79.5,0.205852,2.958033,3.485829,0.14486,0.302261,0.262644
8106,609,0,1,2,0,1,0,2,1,0,3,1,5,1,4,82.0,0.314304,3.824328,3.38372,22.297422,0.901062,0.405689
4209,815,2,1,8,2,8,1,2,2,0,1,0,19,2,1,56.5,0.186367,5.464481,3.473347,1.763324,0.592727,0.322792
5106,546,1,1,3,0,1,0,2,2,1,1,1,6,3,2,79.0,0.062974,1.370936,2.826323,1.654911,0.432272,0.270899
8557,943,3,1,2,0,2,0,1,0,1,3,0,5,1,3,83.5,0.582506,5.960033,4.130909,56.687871,0.660161,0.530093
1511,300,1,0,1,0,2,0,2,2,1,2,0,5,3,2,81.0,0.040454,5.294507,3.832492,0.446697,0.439526,0.385298
9880,915,3,2,13,0,5,0,2,1,2,4,1,20,3,5,46.5,0.677154,7.287449,4.78537,61.105612,0.765862,0.547486
10751,684,3,0,9,1,5,0,2,0,0,1,0,16,0,1,66.5,0.962353,8.743373,6.380382,285.917581,0.921662,0.812577
4953,712,2,2,5,3,4,0,2,1,1,3,0,11,2,3,69.5,0.06549,1.009489,2.438752,0.301079,0.093744,0.17987
6433,402,2,1,6,0,3,0,1,1,1,1,0,10,2,1,74.5,0.752041,5.907042,7.087893,39.417714,0.921329,0.710523
15000,1525,1,0,12,2,5,3,2,1,0,7,1,22,1,8,42.0,0.46908,5.066667,4.056023,39.377712,0.885526,0.504017
7206,641,0,2,3,1,2,0,0,1,0,1,2,5,1,3,83.5,0.765084,6.106023,5.292228,35.197188,0.326702,0.649471
3200,391,2,0,4,0,1,1,0,0,1,0,1,6,1,1,84.5,0.471841,5.625,4.527585,11.232042,0.260867,0.479114
9087,568,0,0,2,2,1,1,0,0,0,1,0,4,0,1,90.5,1.0,10.67459,6.407488,249.136963,0.87828,0.792881
6090,1052,1,0,7,1,9,2,3,2,1,2,3,21,3,5,44.5,0.034541,1.149425,2.994268,0.002282,0.205531,0.119476
5232,640,2,1,5,0,3,1,2,2,1,2,0,11,3,2,69.0,0.15392,1.720183,3.082409,0.016396,0.354233,0.268278
14422,1254,4,1,17,1,10,0,6,2,3,8,2,33,5,10,9.0,0.616842,5.547081,5.536966,56.037385,0.830373,0.488458
7907,602,0,0,1,0,0,0,0,0,0,0,1,1,0,1,96.5,0.815658,8.220564,6.381118,79.203724,0.663587,0.743389
5420,709,4,0,8,0,4,0,2,0,0,2,0,14,0,2,69.0,0.346826,2.398524,2.952116,0.089445,0.343162,0.343018
2690,300,1,1,3,1,1,1,0,0,0,1,0,5,0,1,88.5,0.243455,2.230483,4.122238,1.886217,0.092199,0.287868
3735,400,1,1,5,0,1,1,0,1,1,1,0,7,2,1,80.5,0.597393,5.087015,4.628143,13.975529,0.28478,0.455502
13905,1086,2,0,3,2,4,2,2,1,0,0,0,11,1,0,76.0,0.927376,6.184826,5.894778,155.454239,0.668043,0.668645
5931,370,0,0,4,1,3,0,0,0,1,2,0,7,1,2,81.0,1.0,9.441915,4.996977,188.521703,0.931613,0.736048
4470,679,0,2,6,1,3,1,0,0,1,4,1,10,1,5,70.5,0.019612,2.237136,2.55389,0.057914,0.37415,0.194677
15991,999,1,1,6,1,2,0,0,2,1,0,0,8,3,0,78.0,0.861909,6.441123,6.94158,115.470463,0.950316,0.790732
5787,477,0,0,2,0,0,0,2,0,0,1,0,4,0,1,90.5,0.91452,6.912044,5.402059,129.836056,0.617792,0.745243
2851,331,1,1,4,0,2,0,4,0,0,3,1,10,0,4,74.0,0.079223,1.403016,2.552642,0.302861,0.103046,0.230026
4007,494,1,0,7,3,4,0,0,1,0,1,0,11,1,1,74.5,0.490904,4.242575,4.545382,22.312475,0.415464,0.471418
3495,300,2,0,3,3,3,0,0,0,0,3,0,6,0,3,83.5,0.506798,5.150215,4.719715,32.015722,0.88628,0.526695
10841,1363,1,2,15,2,8,1,5,2,2,9,2,29,4,11,17.5,0.1264,2.859515,3.811555,1.870978,0.373197,0.178318
2755,380,0,2,3,0,5,2,2,0,0,1,1,12,0,2,73.0,0.056794,0.362976,3.012599,0.012675,0.031731,0.1391
6410,404,1,1,2,0,0,0,0,0,1,1,0,2,1,1,92.5,0.321574,3.588144,5.220039,50.003588,0.953395,0.542538
18000,2133,2,1,11,0,5,2,1,0,0,2,0,19,0,2,59.0,0.831728,7.333333,5.51242,45.50919,0.590594,0.678156
3679,300,0,0,3,0,2,0,0,0,0,1,2,5,0,3,85.5,0.431102,4.349008,4.207358,11.412228,0.958006,0.491376
7876,1009,0,2,6,3,4,2,1,2,2,8,1,13,4,9,52.5,0.077445,2.412392,2.739113,2.085126,0.543329,0.273586
11000,1146,3,5,17,4,13,2,5,2,4,4,2,37,6,6,5.0,0.268749,2.909091,3.163771,4.62828,0.230283,0.199324
9623,749,5,1,9,1,5,0,4,0,0,5,2,18,0,7,53.5,0.45694,4.468461,4.325225,52.892604,0.886536,0.507965
5997,374,1,1,3,0,1,0,0,1,0,0,0,4,1,0,90.0,0.976811,8.170752,7.538328,267.85017,0.956566,0.779907
8162,847,3,2,4,4,6,0,1,3,2,1,1,11,5,2,65.0,0.530781,4.288165,5.256478,22.727879,0.025535,0.428012
10633,1117,3,0,6,2,3,1,0,2,0,1,0,10,2,1,74.5,0.770946,5.172576,4.848224,151.697026,0.263848,0.674896
9400,1362,4,3,10,3,8,2,7,2,0,4,0,27,2,4,36.0,0.112462,0.531915,4.991718,0.022183,0.426619,0.174688
15000,1256,2,3,9,2,15,3,3,3,2,11,2,30,5,13,10.5,0.472494,3.466667,5.237564,12.917448,0.794652,0.43258
12357,830,1,2,6,4,3,0,0,1,0,1,0,9,1,1,78.5,0.994859,5.098325,7.164775,53.591345,0.81868,0.782969
4528,352,1,1,2,2,1,1,1,0,0,3,0,5,0,3,85.5,0.310485,3.312721,4.499213,9.987072,0.988304,0.442818
1500,300,0,0,4,0,0,0,0,0,0,0,0,4,0,0,92.0,0.159076,2.0,2.91865,1.014014,0.060453,0.25364
9691,1261,4,1,18,0,8,1,2,2,4,6,0,29,6,6,21.0,0.121321,0.825508,2.045296,0.071079,0.166067,0.084307
5022,466,2,0,3,0,3,0,0,2,0,1,1,6,2,2,81.0,0.097382,1.792115,2.598324,1.168336,0.214172,0.237833
7440,767,2,1,1,0,0,0,1,0,0,3,0,2,0,3,91.5,0.710887,3.629032,4.738715,28.215098,0.178901,0.520082
5728,931,2,2,8,1,7,0,2,1,2,3,2,17,3,5,52.5,0.088095,2.269553,3.291125,4.616787,0.382153,0.238086
8051,1009,1,1,12,0,4,0,2,0,3,3,3,18,3,6,49.0,0.180589,1.242082,2.440647,0.243203,0.451883,0.21032
5047,703,3,1,7,0,3,0,1,1,2,2,1,11,3,3,67.5,0.212719,2.773925,3.24899,10.625446,0.470266,0.30056
5406,337,0,0,2,0,4,0,0,0,0,0,0,6,0,0,88.0,0.900066,6.844247,6.287603,43.669205,0.878605,0.704994
7275,1100,2,0,8,3,5,1,4,1,1,3,1,18,2,4,54.0,0.285374,4.261168,3.180797,24.65965,0.388306,0.436773
7348,813,2,1,5,2,2,2,1,0,1,2,2,10,1,4,72.0,0.28409,2.994012,3.921968,18.273563,0.265486,0.406276
12733,1025,1,0,18,0,5,1,1,3,1,5,1,25,4,6,33.0,0.490863,5.104846,4.563897,26.763334,0.799929,0.513604
1586,300,1,0,3,0,3,0,0,1,2,0,0,6,3,0,82.0,0.272999,3.152585,2.563866,0.242605,0.765294,0.321848
6974,951,4,1,9,3,10,1,6,2,1,8,2,26,3,10,27.0,0.150972,3.441354,3.941708,4.880414,0.515692,0.247812
15563,1037,4,2,3,1,5,2,2,2,1,10,1,12,3,11,53.5,1.0,9.252715,6.594988,652.627894,0.766682,0.804086
16500,1323,1,2,8,2,5,1,5,2,1,5,4,19,3,9,42.5,0.680532,5.575758,4.308975,36.926195,0.092291,0.470296
4974,556,3,0,0,1,4,0,1,0,1,5,0,5,1,5,80.5,0.460294,4.423,3.418532,1.869719,0.319143,0.465038
10522,710,2,1,3,1,4,1,1,1,0,2,2,9,1,4,74.0,0.989306,10.169169,8.10745,259.594454,0.936724,0.846661
5864,833,2,3,11,0,8,0,1,3,1,3,0,20,4,3,47.5,0.049333,2.728513,3.182662,1.460526,0.656086,0.257936
12805,1705,0,5,12,3,8,2,1,3,1,8,2,23,4,10,31.0,0.612774,4.451386,5.265114,23.628121,0.228707,0.473621
4550,534,2,1,5,1,4,3,2,1,0,2,1,14,1,3,65.5,0.054907,1.978022,3.869712,6.084725,0.447843,0.228864
5276,572,0,1,2,0,0,0,0,2,3,1,1,2,5,2,83.0,0.359561,4.359363,4.714874,4.191044,0.395661,0.456519
3015,378,3,1,8,1,1,0,2,1,1,2,1,11,2,3,69.5,0.23488,2.6534,3.836192,1.064396,0.501273,0.264473
9225,661,2,0,0,1,4,0,1,0,0,2,0,5,0,2,87.0,0.820675,7.913279,5.754357,99.04385,0.463962,0.704311
3672,484,1,1,3,1,7,0,1,0,0,2,1,11,0,3,73.5,0.202218,2.178649,3.432268,0.469694,0.416772,0.2628
5110,700,0,0,6,2,4,0,2,1,0,3,1,12,1,4,68.0,0.109149,1.956947,3.152084,1.317579,0.172668,0.212416
6103,909,3,1,3,1,11,4,3,1,4,2,3,21,5,5,40.5,0.137493,0.819269,2.425076,1.013052,0.110652,0.129403
7592,506,1,1,5,0,2,1,2,1,1,1,0,10,2,1,74.5,0.80314,7.376185,5.842738,45.21127,0.850041,0.68656
5392,466,1,0,4,0,3,0,1,0,1,3,0,8,1,3,77.5,0.926155,8.160237,4.930586,11.282818,0.048409,0.649478
9271,994,0,0,6,1,2,0,0,1,0,4,1,8,1,5,74.5,0.444437,2.372991,4.558694,17.32428,0.516643,0.455304
6162,874,3,0,4,2,1,0,1,2,0,2,0,6,2,2,81.0,0.371402,2.27199,2.530701,1.799351,0.391026,0.326519
3441,342,2,1,4,1,5,1,0,0,0,1,0,10,0,1,78.5,0.699718,6.102877,3.654625,9.908697,0.097796,0.482387
12285,1721,2,2,18,4,4,1,4,0,2,1,2,27,2,3,37.5,0.513188,5.046805,4.630743,21.146863,0.542934,0.520394
12391,1367,1,1,17,3,7,1,1,0,1,9,1,26,1,10,31.0,0.590678,5.084335,4.559017,52.457879,0.738808,0.483047
7274,462,1,0,6,0,0,0,0,0,1,2,1,6,1,3,81.5,0.925136,7.423701,7.209263,77.782466,0.890712,0.751309
5926,582,1,0,4,1,3,0,1,2,1,0,0,8,3,0,78.0,0.820531,7.256159,4.130538,28.130551,0.356414,0.619655
6791,424,0,0,2,1,0,0,0,1,1,1,0,2,2,1,90.5,0.767098,6.037402,5.626985,38.899742,0.74213,0.686906
2688,408,1,0,4,1,7,0,3,0,1,3,0,14,1,3,65.5,0.051384,2.232143,3.384372,1.906747,0.502628,0.236241
4500,450,0,2,4,1,3,1,0,0,0,0,0,8,0,0,84.0,0.900611,8.0,6.866598,27.938044,0.629373,0.739555
10643,747,2,0,4,1,2,0,4,0,0,0,0,10,0,0,80.0,1.0,10.711266,6.519993,183.954212,0.895718,0.799539
16866,1054,0,1,9,1,6,3,1,0,0,0,1,19,0,1,60.5,1.0,8.537887,6.731719,334.065856,0.903676,0.824369
3520,427,4,1,4,2,2,1,1,1,3,3,1,8,4,4,70.0,0.043809,1.136364,3.788952,3.034479,0.478253,0.215947
11025,1335,0,1,10,1,7,1,6,2,2,3,0,24,4,3,39.5,0.56204,5.079365,4.41153,14.211249,0.527677,0.507431
16500,1819,3,2,13,3,10,2,1,1,2,5,4,26,3,9,28.5,0.403181,2.606061,4.276232,8.949013,0.312515,0.406573
6592,577,0,4,0,3,6,0,0,0,0,1,1,6,0,2,85.0,0.548549,6.371359,4.143414,54.699956,0.994301,0.598579
5377,587,0,0,0,2,6,0,2,0,0,2,0,8,0,2,81.0,0.081823,2.603682,3.715427,4.926516,0.320699,0.310377
4777,492,0,0,2,0,2,0,0,0,0,1,0,4,0,1,90.5,0.571961,7.536111,5.177626,102.051243,0.603275,0.57533
11000,1363,1,3,11,1,11,2,3,0,2,6,2,27,2,8,30.0,0.053798,3.727273,3.40037,16.897405,0.701867,0.311658
7529,667,2,0,12,1,8,1,2,0,2,4,1,23,2,5,42.5,0.682886,7.305087,5.525163,107.319023,0.883486,0.638854
10654,1128,1,3,7,4,5,0,2,0,1,2,1,14,1,3,65.5,0.656606,5.256242,5.107082,42.243731,0.40471,0.612294
2200,300,0,0,3,1,1,0,3,0,1,1,0,7,1,1,82.5,0.088097,1.818182,4.313717,0.766746,0.750746,0.320993
9172,763,1,0,6,3,6,0,3,2,2,1,0,15,4,1,60.5,0.597175,5.560401,5.767481,26.933869,0.880161,0.577596
16038,1333,0,1,11,2,4,2,3,0,0,4,1,20,0,5,52.5,0.845007,8.168101,5.409942,66.691426,0.689058,0.721772
3629,439,1,0,4,1,1,0,0,1,2,2,0,5,3,2,81.0,0.41077,4.408928,3.369854,6.575666,0.543189,0.407034
14332,895,2,1,2,0,1,0,1,1,0,0,0,4,1,0,90.0,0.779495,6.000558,6.186843,355.169112,0.939097,0.730531
5100,808,0,0,6,2,3,1,1,1,0,6,0,11,1,6,67.0,0.053216,2.156863,3.019783,1.131183,0.230306,0.144714
11000,1337,4,2,12,2,12,0,4,2,2,7,0,28,4,7,25.5,0.10068,3.181818,4.139454,6.954917,0.573059,0.237999
11893,1359,2,2,10,1,4,1,4,0,0,3,0,19,0,3,57.5,0.592206,4.792735,5.118518,45.193112,0.184226,0.475487
4909,545,1,1,8,1,3,1,3,1,0,5,1,15,1,6,59.0,0.154887,3.463027,3.67331,2.409926,0.43291,0.299273
16500,1031,2,3,6,2,6,0,2,0,1,5,1,14,1,6,61.0,0.629043,4.787879,4.541835,221.876541,0.958782,0.616157
5850,790,2,0,6,0,2,0,0,2,1,2,0,8,3,2,75.0,0.231232,3.760684,3.139768,0.496248,0.002919,0.379547
13951,1506,2,3,11,4,4,2,3,2,0,5,0,20,2,5,48.5,0.772147,4.945882,6.159497,37.749917,0.403776,0.479971
6308,910,2,2,6,1,8,0,2,1,1,1,2,16,2,3,59.5,0.215761,2.69499,3.123528,2.456919,0.479372,0.303866
9103,838,2,1,8,0,7,1,3,2,1,4,3,19,3,7,45.5,0.384446,2.306932,2.716749,2.420287,0.043668,0.211877
3245,585,0,0,6,0,5,0,1,0,3,0,0,12,3,0,70.0,0.039787,1.232666,2.178695,5e-06,0.284255,0.200978
4904,363,0,0,1,3,3,0,1,0,0,2,0,5,0,2,87.0,0.378992,5.91354,4.068507,15.015125,0.989068,0.555216
6809,766,1,1,5,3,4,0,1,1,1,3,1,10,2,4,70.0,0.132981,0.440593,3.082815,0.0037,0.018037,0.138303
9171,1072,4,0,13,1,8,0,0,2,0,6,0,21,2,6,45.0,0.837858,5.015811,5.584045,53.24925,0.060864,0.503949
9622,608,0,1,4,0,0,1,0,0,0,1,0,5,0,1,88.5,0.634128,6.651424,4.941594,85.917531,0.816242,0.684767
8161,901,0,0,13,3,4,1,3,0,1,4,2,21,1,6,47.0,0.639432,4.90136,4.304235,45.956375,0.39627,0.524311
6972,660,2,1,8,0,4,0,0,0,0,1,1,12,0,2,73.0,0.671453,5.02008,6.036887,39.998752,0.772648,0.548603
7642,507,1,0,3,1,2,0,0,0,0,1,1,5,0,2,87.0,1.0,6.411934,6.044982,101.484593,0.554267,0.763874
9858,680,2,0,3,0,4,1,2,0,0,2,0,10,0,2,77.0,0.829404,5.883546,6.198628,45.465786,0.740517,0.696266
9894,618,0,0,2,0,1,0,1,0,0,2,0,4,0,2,89.0,0.851929,7.074995,6.786243,119.727885,0.919998,0.704986
4500,300,0,0,0,1,1,0,1,1,0,0,0,2,1,0,94.0,0.885646,6.666667,5.275251,110.227117,0.94853,0.723285
7265,635,1,0,2,3,1,0,0,0,0,1,0,3,0,1,92.5,0.75436,5.918789,5.029605,17.247319,0.632869,0.668147
5272,619,0,1,6,2,4,2,0,1,1,3,0,12,2,3,67.5,0.297278,3.414264,4.604564,12.905131,0.345294,0.376979
9001,1292,4,1,8,0,3,1,3,2,0,0,1,15,2,1,64.5,0.064311,3.555161,2.933172,2.033643,0.648963,0.294483
6410,463,0,1,3,0,0,0,0,0,1,0,1,3,1,1,90.5,0.864056,6.084243,5.760463,17.277114,0.674638,0.696175
4029,555,3,0,14,2,2,0,2,0,2,4,0,18,2,4,54.0,0.128197,1.241003,2.890357,0.016737,0.08869,0.172456
2337,358,0,1,2,0,0,0,2,0,0,0,0,4,0,0,92.0,0.049561,5.990586,2.56115,2.410561,0.497607,0.37903
14247,2167,3,2,21,3,8,1,2,2,2,6,2,32,4,8,16.0,0.319173,4.983505,3.800711,12.031306,0.327053,0.407667
10731,881,2,2,5,2,5,0,1,0,0,2,1,11,0,3,73.5,0.638808,5.964029,4.305036,23.762994,0.272991,0.50286
9328,1117,5,5,9,5,8,3,2,2,2,6,2,22,4,8,36.0,0.091034,2.465695,3.564656,0.778224,0.515211,0.276143
5719,380,0,0,1,0,2,1,0,1,0,1,0,4,1,1,88.5,0.940231,8.21822,5.489463,93.520017,0.728511,0.763153
14153,1750,5,0,10,0,9,0,2,2,1,5,2,21,3,7,41.5,0.723574,5.016604,4.66738,18.106471,0.270595,0.556709
6029,376,0,0,1,2,0,0,2,0,0,0,0,3,0,0,94.0,0.726999,6.966329,5.318131,83.350289,0.856856,0.702857
4500,300,1,3,0,0,3,0,1,0,0,0,0,4,0,0,92.0,0.991871,8.222222,7.296258,178.652103,0.850455,0.774589
4500,300,0,0,0,0,2,0,0,1,1,0,0,2,2,0,92.0,0.909446,6.0,5.786602,15.254669,0.576338,0.720015
5301,522,3,2,4,0,1,1,4,0,0,1,1,10,0,2,77.0,0.106144,1.886437,3.087676,4.955707,0.030139,0.197552
18000,1310,0,2,1,0,2,1,5,0,0,4,0,9,0,4,76.0,0.949024,7.388889,5.542471,481.144164,0.635642,0.737175
1904,300,1,1,1,0,3,1,1,0,0,1,0,6,0,1,86.5,0.004693,0.52521,2.91987,1.781414,0.380358,0.232403
9147,788,3,3,9,2,10,1,2,2,0,1,1,22,2,2,49.0,0.404425,4.81032,4.642493,15.425492,0.927151,0.416421
14269,1177,0,0,4,0,2,0,3,0,0,1,0,9,0,1,80.5,0.948819,10.372135,6.777345,238.238963,0.69742,0.81181
17859,1680,0,3,3,6,8,1,3,2,0,6,0,15,2,6,57.0,0.932414,7.671202,6.401911,82.629393,0.364625,0.704636
5132,352,2,1,6,0,2,0,0,0,0,0,0,8,0,0,84.0,0.731221,6.819953,5.801305,124.551781,0.94054,0.657701
10614,1510,3,6,13,5,13,2,1,1,0,6,0,29,1,6,31.0,0.869653,8.008291,5.282374,286.107519,0.998117,0.677543
3736,382,2,1,2,0,1,0,0,0,0,0,0,3,0,0,94.0,0.234058,2.408994,3.042575,1.0655,0.271655,0.292287
2600,339,0,1,2,1,0,0,0,0,0,1,1,2,0,2,93.0,0.622088,3.461538,4.39102,7.025683,0.525415,0.580739
9054,885,1,0,6,1,1,0,0,0,1,10,3,7,1,13,64.5,0.691132,3.865695,4.395579,20.788798,0.298618,0.51474
9923,1477,2,2,12,1,13,1,3,0,1,1,1,29,1,2,37.0,0.53259,4.938023,4.132026,12.13877,0.273452,0.417535
5341,839,2,0,4,1,4,0,1,1,0,1,0,9,1,1,78.5,0.544031,4.868002,3.836904,12.665996,0.481777,0.457946
7769,887,1,2,9,3,6,1,3,1,0,3,1,19,1,4,54.0,0.189372,1.93075,2.248555,2.695005,0.004897,0.252149
18000,1356,2,2,15,2,4,1,7,1,0,2,1,27,1,3,39.5,0.831913,7.0,5.490707,116.930587,0.830523,0.687266
6863,921,3,2,6,0,5,1,3,3,0,2,1,15,3,3,59.5,0.512385,4.225557,3.904305,9.995893,0.468175,0.493509
9524,1324,2,0,8,0,2,1,1,2,3,4,2,12,5,6,57.0,0.579171,3.779924,4.643474,15.299812,0.459883,0.462803
4526,578,1,1,6,1,5,0,2,1,0,0,0,13,1,0,72.0,0.208941,2.430402,2.852985,1.406208,0.623646,0.271174
3787,481,2,1,6,1,4,0,1,2,0,4,0,11,2,4,68.0,0.092212,3.168735,2.981667,1.363474,0.115639,0.28381
6947,926,4,3,20,0,15,1,3,2,1,7,3,39,3,10,1.0,0.807341,9.068663,6.83001,291.372092,0.937326,0.656158
6319,394,1,0,2,0,3,1,0,1,0,1,0,6,1,1,84.5,0.99519,6.488368,7.461782,90.559103,0.576283,0.7318
4557,684,1,1,11,2,12,1,1,1,0,3,0,25,1,3,43.5,0.977695,7.461049,5.208976,109.714013,0.87351,0.734666
6082,482,0,0,4,0,2,0,1,0,0,4,1,7,0,5,78.5,0.920196,6.412364,5.323756,124.07211,0.915545,0.771952
4801,673,1,0,4,2,5,0,2,0,0,2,0,11,0,2,75.0,0.461541,4.790669,4.103766,7.966452,0.398495,0.511247
11383,858,1,2,3,0,2,0,0,0,0,1,0,5,0,1,88.5,0.517219,4.041114,4.215272,7.265295,0.078418,0.40355
7088,844,1,2,9,0,6,0,1,3,0,4,0,16,3,4,56.0,0.092845,2.962754,3.858888,10.241512,0.502964,0.233102
3200,375,0,0,0,0,3,0,1,0,0,2,1,4,0,3,87.5,0.626333,5.625,6.002463,16.428662,0.548034,0.514133
8628,1480,1,3,14,4,8,3,0,5,1,5,1,25,6,6,29.0,0.557256,3.245248,4.101764,15.12936,0.215708,0.419486
4271,611,0,1,6,2,4,0,2,1,1,2,1,12,2,3,67.5,0.308308,4.448607,3.013854,2.793051,0.338975,0.263499
3591,471,0,1,0,0,1,0,1,1,0,0,0,2,1,0,94.0,0.478112,3.063214,4.134492,10.150186,0.344048,0.493844
5470,428,2,1,2,0,1,0,0,0,0,0,0,3,0,0,94.0,0.930999,8.775137,5.882319,64.44134,0.612543,0.718717
9691,987,0,4,11,3,6,3,3,0,0,3,0,23,0,3,49.5,0.212311,1.857393,2.112219,2.650332,0.06737,0.239843
3449,316,1,0,2,1,1,0,1,1,0,1,0,4,1,1,88.5,0.480601,2.319513,6.145261,6.884356,0.096596,0.446664
9771,1108,3,3,1,1,3,1,3,1,0,4,2,8,1,6,73.0,0.692843,7.675775,4.696621,36.591715,0.190906,0.538847
6000,662,3,3,8,0,1,3,3,3,3,2,1,15,6,3,53.5,0.337988,5.166667,4.174838,2.817115,0.044312,0.291787
8023,768,2,2,4,0,6,1,2,1,0,2,1,13,1,3,67.5,0.622073,3.988533,4.413407,15.373309,0.616323,0.555611
5220,332,0,1,1,2,0,0,0,0,1,1,0,1,1,1,94.5,1.0,8.237548,7.501231,131.427404,0.899764,0.816548
6692,788,2,2,11,0,3,1,1,0,3,5,0,16,3,5,54.5,0.172119,2.689779,3.538318,4.639729,0.566789,0.245551
2318,328,1,0,5,0,1,0,1,2,0,3,2,7,2,5,74.5,0.332831,3.882657,2.68164,5.189576,0.15864,0.302568
10600,662,0,1,3,0,3,1,2,0,0,1,2,9,0,3,77.5,0.756102,5.566038,6.407335,72.28989,0.839987,0.715678
11219,701,3,0,5,1,2,2,1,2,0,0,1,10,2,1,74.5,0.786626,10.072199,6.213506,303.92267,0.845105,0.727392
4174,363,0,1,6,1,0,1,0,0,1,2,0,7,1,2,81.0,0.320081,5.270724,3.55984,9.823229,0.744861,0.46674
4466,583,1,0,6,0,3,0,1,0,0,1,1,10,0,2,77.0,0.49787,6.269592,4.420176,8.05273,0.23799,0.5324
9733,1116,4,1,8,3,13,0,4,1,0,3,0,25,1,3,43.5,0.269722,2.568581,3.183845,5.635296,0.046625,0.248035
3057,350,1,0,2,1,0,0,1,0,0,4,1,3,0,5,86.5,0.406557,3.271181,4.908113,4.755471,0.606228,0.406916
7014,579,3,0,2,0,4,0,1,0,0,1,0,7,0,1,84.5,0.46985,2.994012,4.687524,15.577918,0.066279,0.439188
9304,1131,3,2,13,4,5,1,4,2,5,3,1,23,7,4,34.0,0.119373,2.042132,2.943675,0.222978,0.273181,0.200941
10682,1019,1,0,6,1,6,2,2,1,0,4,0,16,1,4,60.0,0.414157,3.651002,5.088477,23.090535,0.383816,0.422602
2600,330,0,1,4,0,0,0,1,2,0,0,0,5,2,0,86.0,0.601761,3.461538,4.970249,34.780042,0.377543,0.520402
6351,1093,1,1,15,3,5,1,2,0,3,4,0,23,3,4,42.0,0.979449,7.400409,6.129774,53.665157,0.470116,0.731593
3433,510,1,0,4,1,2,0,1,1,1,2,0,7,2,2,79.0,0.580849,2.912904,5.541023,4.746123,0.339703,0.431327
6957,780,1,0,5,1,7,1,1,0,1,2,1,14,1,3,65.5,0.726559,4.743424,4.740264,10.331952,0.320109,0.490399
3628,403,3,1,5,0,3,1,4,2,1,0,0,13,3,0,68.0,0.182636,1.37817,3.197834,0.448484,0.193189,0.246306
8795,1520,6,2,5,0,5,0,3,0,1,2,5,13,1,7,61.5,0.303077,3.297328,4.044209,2.497158,0.199297,0.271374
11531,900,1,2,5,1,3,1,4,0,1,4,1,13,1,5,64.5,0.978035,8.585552,6.433192,471.770236,0.455327,0.709994
12076,1021,2,0,14,1,3,0,0,2,0,2,0,17,2,2,59.0,0.207082,1.738986,3.839054,1.888978,0.522673,0.239582
3200,323,1,1,4,1,0,1,0,1,0,0,0,5,1,0,88.0,0.544115,4.375,5.164694,3.952022,0.104558,0.451368
18000,1436,2,1,3,2,7,0,1,0,2,3,1,11,2,4,68.0,1.0,6.166667,6.361877,113.555676,0.555374,0.729498
5533,583,1,0,1,1,2,0,1,2,1,2,0,4,3,2,83.0,0.891075,7.771553,5.880996,61.405234,0.522219,0.653762
3127,486,0,1,6,1,5,0,0,0,2,1,0,11,2,1,72.5,0.113422,1.279181,1.694832,0.193951,0.256694,0.213875
5313,752,1,1,7,0,2,2,2,0,0,1,1,13,0,2,71.0,0.669318,4.705439,5.318599,6.818711,0.547481,0.454923
16500,1204,2,1,9,0,7,1,1,2,0,2,0,18,2,2,57.0,0.483822,4.666667,5.170612,37.599426,0.785042,0.495063
4500,300,0,0,1,0,2,0,1,0,0,1,0,4,0,1,90.5,0.677159,7.111111,6.184091,27.150087,0.786001,0.682114
2907,470,0,0,3,0,3,2,4,2,0,1,0,12,2,1,70.5,0.115991,2.751978,3.582733,1.920836,0.395623,0.262217
2934,444,0,0,6,0,3,0,1,1,0,8,0,10,1,8,66.0,0.135261,1.363327,1.77779,0.09398,0.20681,0.18285
8999,1059,3,5,11,4,4,2,1,2,0,1,0,18,2,1,58.5,0.467389,4.444938,5.558981,17.331712,0.657607,0.442169
16442,1821,3,2,13,4,9,1,1,1,1,4,1,24,2,5,40.5,0.6889,4.804768,5.511143,57.2203,0.578351,0.552134
7834,820,1,1,8,1,2,0,4,0,0,1,0,14,0,1,70.5,0.22762,3.574164,4.024476,9.211048,0.787729,0.314218
6836,810,0,2,5,3,4,2,0,1,1,2,0,11,2,2,71.0,0.142666,3.510825,3.025135,4.236481,0.257101,0.287081
6229,706,4,0,10,2,5,0,0,2,2,4,1,15,4,5,54.5,0.459827,2.72917,2.995357,9.452482,0.462445,0.342789
8208,829,4,0,12,1,7,2,1,2,4,0,2,22,6,2,41.0,0.561584,1.949318,5.03474,5.298158,0.053113,0.324081
4366,363,1,1,8,0,1,0,0,0,0,4,0,9,0,4,76.0,0.531983,6.871278,3.729908,13.978112,0.916846,0.537479
13563,1146,1,0,11,0,4,0,1,0,1,2,1,16,1,3,61.5,0.379742,4.12888,3.805826,46.961621,0.731441,0.539232
8729,598,2,1,5,0,3,2,0,0,1,4,0,10,1,4,72.0,0.993877,6.186276,6.446532,229.53557,0.948028,0.696206
6071,426,0,1,6,0,4,0,0,1,0,0,0,10,1,0,78.0,0.794962,6.094548,6.183106,171.162763,0.82782,0.686889
3528,550,0,1,11,0,1,0,1,0,0,2,0,13,0,2,71.0,0.061631,1.417234,1.712356,0.123787,0.246794,0.205729
9930,1417,1,0,9,2,2,0,1,0,0,1,0,12,0,1,74.5,0.406622,3.625378,4.231403,5.688461,0.272223,0.426504
14454,1219,2,0,17,1,10,0,3,0,2,1,0,30,2,1,34.5,0.447304,4.56621,4.428826,59.380037,0.9199,0.492892
7165,495,0,0,4,1,2,1,1,0,0,2,2,8,0,4,78.0,0.988971,6.978367,6.087094,68.484328,0.726486,0.760978
11000,2026,1,4,21,3,5,1,5,3,6,5,1,32,9,6,9.0,0.064609,2.0,2.392189,3.549552,0.458107,0.182622
10595,1391,3,1,6,1,4,0,3,0,1,4,1,13,1,5,64.5,0.598128,4.624823,5.300619,53.900424,0.26235,0.532967
2513,403,0,1,4,0,1,1,0,0,0,4,1,6,0,5,80.5,0.155992,2.387585,3.719937,0.197083,0.419155,0.243123
3305,449,1,0,4,1,11,1,1,0,0,3,0,17,0,3,61.5,0.887341,10.287443,4.766355,93.411269,0.939479,0.728582
5625,637,6,0,2,1,2,0,0,1,1,0,0,4,2,0,88.0,0.536277,4.444444,4.331561,8.640132,0.276868,0.437387
8667,656,1,0,7,5,7,1,1,1,0,1,2,16,1,3,61.5,0.502855,4.153686,4.309189,19.404028,0.946404,0.438606
2312,373,1,2,2,0,1,0,0,0,1,3,1,3,1,4,86.0,0.215603,3.460208,4.222824,0.321712,0.60411,0.365654
8446,1003,1,1,8,3,9,1,2,1,1,3,1,20,2,4,50.0,0.539617,3.19678,4.928712,22.911352,0.476805,0.453983
3533,485,0,0,11,1,6,2,0,0,0,5,1,19,0,6,53.0,0.962013,9.340504,6.713961,154.584846,0.673684,0.776533
7083,805,1,1,15,2,6,0,2,1,1,5,1,23,2,6,41.0,0.585748,3.388395,5.085315,15.867182,0.364395,0.474969
10023,831,1,0,6,4,2,0,0,0,0,2,1,8,0,3,79.5,0.648226,6.884166,3.905134,105.581212,0.795781,0.577407
3568,354,1,2,5,3,4,1,0,1,1,2,1,10,2,3,71.5,0.204992,3.08296,3.692031,1.996082,0.745213,0.375928
9599,1015,0,3,6,1,5,1,3,0,0,2,0,15,0,2,67.0,1.0,7.709136,5.881114,55.749669,0.308826,0.685145
9795,934,1,2,5,3,2,2,1,0,0,7,1,10,0,8,68.0,0.707359,7.04441,5.566658,42.646171,0.718722,0.618177
7252,1141,1,0,6,1,1,2,3,1,2,1,0,12,3,1,68.5,0.711245,7.032543,5.844769,72.819278,0.497674,0.578258
10367,1120,0,2,6,4,5,1,1,1,0,4,1,13,1,5,64.5,0.399808,3.279637,3.549084,14.252736,0.27263,0.437803
4169,506,0,0,0,0,2,0,0,0,1,0,0,2,1,0,94.0,0.507175,5.277045,5.369689,27.516668,0.558178,0.483226
6113,610,0,2,1,0,2,0,0,1,1,7,0,3,2,7,79.5,0.58954,4.089645,4.065419,9.624144,0.0749,0.416253
3605,626,2,0,7,0,3,3,0,2,0,2,0,13,2,2,67.0,0.081457,3.883495,3.572936,1.72531,0.395637,0.223712
2800,525,1,3,6,1,4,1,1,0,0,2,0,12,0,2,73.0,0.738915,6.071429,5.593881,18.261635,0.501201,0.665174
14000,1905,6,2,22,4,17,1,10,2,2,9,2,50,4,11,0.0,0.972991,10.285714,5.884426,577.447251,0.741755,0.743703
7786,638,3,1,7,1,8,2,1,2,1,1,0,18,3,1,56.5,0.552909,4.366812,4.315632,43.146289,0.701073,0.484237
11000,1775,2,5,10,1,10,2,3,6,2,5,0,25,8,5,26.5,0.214889,3.454545,3.563226,5.673314,0.255534,0.269789
11573,1059,2,3,13,2,9,1,3,2,1,5,1,26,3,6,33.0,0.5722,4.925257,5.10287,72.106444,0.881141,0.440302
11953,996,1,1,12,1,4,0,2,4,1,4,0,18,5,4,48.0,0.263963,1.505898,2.946792,0.896062,0.038826,0.16513
5919,769,4,0,4,2,7,1,3,3,1,5,0,15,4,5,54.5,0.036776,2.872107,2.78428,5.294756,0.496292,0.195951
10762,1387,1,2,14,2,8,0,1,2,0,4,4,23,2,8,38.0,0.566246,3.623862,4.39624,17.661231,0.187418,0.421441
5873,694,3,0,8,1,8,0,3,0,0,0,2,19,0,2,59.0,0.164031,2.043249,4.224374,2.528852,0.090326,0.213802
1500,300,0,1,0,0,1,1,0,0,0,3,0,2,0,3,91.5,0.284419,2.0,3.749603,6.419244,0.479717,0.320435
13916,920,0,0,5,1,5,2,2,0,2,2,1,14,2,3,63.5,1.0,9.126186,7.273238,479.16867,0.914515,0.759196
2800,300,1,0,3,1,3,0,0,1,0,2,0,6,1,2,83.0,0.859804,7.142857,5.60458,44.706184,0.944403,0.674265
7014,659,1,1,7,0,1,0,2,1,3,2,0,10,4,2,69.0,0.604157,4.27716,3.462165,9.747149,0.051289,0.378614
7017,989,0,2,19,1,5,0,0,0,0,5,0,24,0,5,44.5,0.948477,9.54824,6.421503,273.302586,0.874791,0.718093
3200,385,3,0,0,0,1,2,1,0,0,1,0,4,0,1,90.5,0.534831,5.3125,3.186199,2.576871,0.309961,0.506889
9524,1411,2,2,6,2,9,0,3,0,0,6,1,18,0,7,53.5,0.641503,5.564889,4.996505,51.04077,0.491625,0.535016
2582,300,1,1,3,0,2,2,1,0,0,1,0,8,0,1,82.5,0.160423,2.32378,4.011102,0.18571,0.337119,0.223142
12939,928,1,1,3,1,4,0,0,1,0,3,0,7,1,3,79.5,0.738637,5.951001,5.761697,292.952571,0.734651,0.616114
8776,1018,2,0,8,2,6,0,1,0,0,1,0,15,0,1,68.5,0.375485,2.962625,3.617189,3.957606,0.25807,0.444141
7333,458,1,1,4,0,0,0,1,1,0,0,0,5,1,0,88.0,0.993309,7.500341,6.873792,253.391043,0.778861,0.771723
4155,600,2,0,13,2,7,0,0,1,1,1,1,20,2,2,53.0,0.847162,4.813478,5.649921,67.889853,0.69537,0.654668
6426,691,4,1,2,0,4,2,1,0,1,5,0,9,1,5,72.5,0.565906,4.668534,5.31947,11.763248,0.688778,0.463404
8539,1045,3,2,2,2,2,1,2,1,1,4,1,7,2,5,74.5,0.19024,1.990865,3.838846,2.3334,0.375548,0.271656
16500,1296,0,2,11,1,3,1,3,1,0,7,0,18,1,7,51.5,0.506659,5.515152,5.10679,62.322601,0.975228,0.573634
4428,399,1,0,4,2,0,0,1,1,0,1,0,5,1,1,86.5,0.020614,0.903342,3.20261,0.007976,0.077554,0.168943
7823,533,1,0,3,0,0,0,1,1,0,0,0,4,1,0,90.0,0.938139,6.519238,5.880592,106.410351,0.589314,0.719854
3221,345,1,1,0,1,4,0,1,0,0,1,0,5,0,1,88.5,0.555116,5.588327,4.95607,13.626492,0.731669,0.566104
14127,1168,5,4,3,3,8,2,2,3,0,2,0,15,3,2,61.0,0.406997,4.813478,3.796608,18.514649,0.279424,0.444047
16500,1899,4,2,7,3,9,1,1,3,1,4,1,18,4,5,48.5,0.466992,4.0,4.708624,37.490438,0.404259,0.511202
6626,512,1,1,1,0,0,1,1,1,0,1,0,3,1,1,90.5,0.961284,5.885904,6.043359,54.631093,0.795989,0.766104
10787,1357,3,1,10,2,1,0,1,2,2,4,1,12,4,5,60.5,0.665324,5.933068,5.113225,21.428604,0.525566,0.483352
5452,564,2,0,2,2,8,0,1,1,0,5,1,11,1,6,67.0,0.244579,1.283933,4.187096,0.631411,0.345996,0.277459
9998,1126,0,2,10,1,2,1,2,1,0,8,2,15,1,10,53.0,0.503277,3.90078,3.695697,13.438227,0.474323,0.419014
7209,452,1,0,1,0,5,0,2,1,0,1,0,8,1,1,80.5,0.618626,8.739076,5.716151,39.528107,0.609164,0.736201
13143,1423,1,2,4,2,8,0,3,1,1,6,2,15,2,8,54.0,0.467891,5.326029,4.845769,59.349894,0.61769,0.461805
13701,1152,1,4,5,1,1,0,2,0,0,3,1,8,0,4,78.0,0.892793,6.9338,5.644318,74.326082,0.625193,0.677806
11829,1685,3,5,11,3,11,1,8,2,1,5,0,31,3,5,24.5,0.110106,1.606222,3.146635,1.765943,0.317,0.242349
6677,602,3,2,7,2,3,0,1,1,1,1,2,11,2,3,69.5,0.523474,4.1935,4.647415,20.303848,0.97618,0.510647
7403,868,0,1,6,1,9,0,1,2,1,7,1,16,3,8,50.0,0.548578,4.862893,4.880328,26.227312,0.648596,0.502905
7360,572,4,1,3,3,3,0,1,0,3,3,1,7,3,4,74.0,0.205672,3.396739,4.685041,20.096656,0.98704,0.413312
2171,318,1,1,1,0,3,0,1,0,0,1,0,5,0,1,88.5,0.149616,1.842469,4.304057,8.6e-05,0.385157,0.255104
15000,1307,5,1,11,3,5,1,6,2,2,6,1,23,4,7,35.5,0.61084,4.333333,4.053113,41.003332,0.76123,0.492814
10602,1018,4,3,13,2,9,2,1,2,2,4,2,25,4,6,33.0,0.534042,5.282022,5.462919,63.438943,0.917639,0.500943
6736,567,0,0,10,0,8,1,0,0,0,2,0,19,0,2,59.0,0.449299,6.38361,5.502097,30.008905,0.968314,0.52806
9873,1264,4,1,9,2,4,1,5,3,4,5,0,19,7,5,40.5,0.080339,2.025727,4.636363,2.891121,0.68576,0.260354
2600,306,1,0,3,0,2,2,0,1,0,0,0,7,1,0,84.0,0.401139,5.0,4.580162,4.626167,0.900174,0.469148
18000,1125,2,2,4,4,10,0,1,0,0,2,0,15,0,2,67.0,0.986739,5.722222,6.699567,451.338244,0.830917,0.762831
4984,816,0,4,5,0,1,2,2,2,3,1,0,10,5,1,68.5,0.230851,4.012841,3.34058,2.697755,0.395846,0.33796
3528,451,0,0,3,0,3,0,0,0,0,1,0,6,0,1,86.5,0.5452,5.385488,4.32657,2.360708,0.410016,0.454732
6445,1079,2,1,21,0,3,0,1,0,0,3,0,25,0,3,45.5,0.54151,5.275407,4.23655,24.403252,0.535235,0.521615
10047,1388,4,3,21,1,15,1,3,1,0,4,0,40,1,4,12.0,0.958192,6.867722,5.993808,98.903529,0.804988,0.695196
10541,1218,2,1,4,2,1,0,2,1,1,5,0,7,2,5,74.5,0.383592,3.2255,4.782829,10.306407,0.313075,0.408285
2632,335,0,0,2,1,4,0,3,1,1,0,0,9,2,0,78.0,0.044279,1.899696,2.673417,0.261137,0.497351,0.232498
5228,507,3,0,5,0,2,2,0,0,0,3,1,9,0,4,76.0,0.607805,4.20811,4.769315,17.809928,0.398335,0.429755
11114,1074,0,0,3,1,2,0,2,1,1,6,1,7,2,7,71.5,0.583843,4.408854,3.643658,33.093444,0.204293,0.425458
15533,970,2,2,3,0,5,0,1,2,0,1,0,9,2,1,76.5,0.517827,3.862744,5.295628,20.712453,0.648625,0.71549
9060,961,0,2,6,0,6,1,3,1,1,3,1,16,2,4,58.0,0.662584,4.635762,4.948886,27.718167,0.391163,0.611116
7635,499,1,0,3,0,2,0,0,0,0,2,0,5,0,2,87.0,0.819747,7.596595,5.732573,106.165194,0.986524,0.719672
4093,331,1,0,1,0,0,0,1,0,1,0,0,2,1,0,94.0,0.575139,3.909113,5.912956,29.265226,0.886637,0.461842
15831,1160,1,1,5,2,4,0,4,1,0,4,0,13,1,4,66.0,1.0,8.085402,6.774713,191.092185,0.673066,0.775036
9385,586,1,1,3,1,2,1,2,3,2,1,1,8,5,2,71.0,0.459532,3.622802,4.06992,18.468247,0.849846,0.427018
3014,323,0,0,2,1,5,1,0,0,0,2,0,8,0,2,81.0,0.811222,6.303915,5.418455,26.668359,0.647862,0.640656
11982,1458,1,4,7,1,3,2,1,1,1,4,0,13,2,4,64.0,0.339488,2.670673,3.61931,16.054786,0.330217,0.417829
7597,1112,5,0,12,0,11,2,3,0,3,5,2,28,3,7,27.5,0.026117,1.316309,2.775774,1.059051,0.112797,0.123228
5267,329,2,2,1,0,3,0,0,0,2,0,0,4,2,0,88.0,0.839616,6.075565,6.198619,23.916826,0.70655,0.66016
2800,364,2,0,4,4,5,0,0,1,0,1,0,9,1,1,78.5,0.801654,7.5,6.114009,35.32266,0.574005,0.654286
13894,973,3,1,5,2,1,0,1,1,0,1,1,7,1,2,81.0,1.0,7.341298,6.321353,54.970739,0.479858,0.716935
4037,491,2,2,8,2,7,1,4,0,1,2,0,20,1,2,55.0,0.042918,1.733961,1.256966,1.531793,0.522452,0.169091
8813,677,1,1,2,0,2,1,3,2,0,3,0,8,2,3,75.5,0.863238,6.921593,6.270202,59.035953,0.695681,0.71073
4393,714,2,0,9,0,7,0,3,1,1,2,0,19,2,2,55.0,0.272188,3.414523,4.644808,13.06598,0.510766,0.359909
12779,1544,2,1,7,2,10,3,5,1,2,3,0,25,3,3,39.5,0.1193,1.408561,2.816586,1.607984,0.437236,0.16881
7221,452,0,1,3,1,1,0,1,0,1,0,0,5,1,0,88.0,0.67971,4.293034,6.659782,48.217072,0.958014,0.687023
3695,615,0,1,3,2,3,0,0,0,0,2,0,6,0,2,85.0,0.118864,3.247632,3.131449,3.162209,0.287697,0.268535
6060,678,2,1,4,3,1,2,0,0,1,8,1,7,1,9,70.5,0.836919,6.930693,4.188126,10.188152,0.015196,0.595401
5894,430,0,1,0,0,1,0,0,0,0,0,0,1,0,0,98.0,0.840704,8.143875,6.189168,55.494999,0.802062,0.782608
4500,354,2,0,0,0,2,3,0,1,0,2,1,5,1,3,83.5,0.939192,9.777778,7.017061,103.397519,0.918507,0.832276
2935,300,0,0,3,0,0,0,2,0,0,1,0,5,0,1,88.5,0.646519,5.110733,4.174681,19.006861,0.071782,0.455306
5705,723,3,0,5,0,8,0,2,0,0,2,0,15,0,2,67.0,0.079255,5.609115,2.270599,0.846212,0.507552,0.31969
4421,392,2,1,3,2,1,0,4,1,1,2,2,8,2,4,74.0,0.28332,2.488125,4.174051,5.49938,0.706386,0.31709
18000,1221,0,2,5,2,0,1,4,1,1,3,0,10,2,3,71.5,0.954628,6.666667,6.346514,81.828972,0.705616,0.752148
3290,419,0,2,2,0,4,0,1,0,0,0,0,7,0,0,86.0,0.611975,5.775076,5.701691,55.885326,0.376391,0.545272
5441,771,1,4,17,2,5,0,2,2,1,2,1,24,3,3,41.5,0.041535,2.756846,2.724272,1.622785,0.398947,0.238569
2800,464,1,0,5,2,3,0,0,0,1,4,0,8,1,4,76.0,0.937176,5.714286,6.539552,45.854415,0.426072,0.710579
7015,888,3,1,13,0,7,2,5,1,2,2,1,27,3,3,35.5,0.129039,3.278689,2.893305,4.932348,0.664361,0.282319
5982,780,2,0,6,0,3,0,0,0,0,2,0,9,0,2,79.0,0.145227,3.009027,2.700245,4.9403,0.521722,0.330999
2800,578,1,1,8,2,4,1,1,0,1,2,0,14,1,2,67.0,0.875628,5.714286,5.929392,44.718737,0.41969,0.664561
1892,300,0,1,3,0,2,0,1,0,0,3,1,6,0,4,82.0,0.236256,1.585624,1.806083,0.088177,0.054549,0.280631
2819,315,1,0,4,2,1,1,1,0,0,0,0,7,0,0,86.0,0.762055,3.192621,5.216012,4.991326,0.339025,0.424303
5655,822,3,2,7,1,8,0,3,0,1,0,2,18,1,2,59.0,0.616105,5.835544,4.795701,17.250609,0.237296,0.414251
8741,546,0,1,2,0,2,1,1,0,1,2,0,6,1,2,83.0,0.844872,8.923464,5.496846,264.862191,0.916725,0.712059
8996,915,1,0,5,2,0,0,4,2,0,0,0,9,2,0,78.0,0.747172,5.891507,5.946113,37.920981,0.635389,0.63954
3247,316,1,0,6,0,0,0,0,2,0,2,0,6,2,2,81.0,0.436264,5.851555,5.502825,45.080918,0.993361,0.552166
11499,836,1,0,9,0,4,0,2,0,1,2,1,15,1,3,63.5,0.511604,4.174276,4.752702,36.221739,0.771855,0.488152
11734,1457,3,1,9,0,10,0,4,0,1,11,3,23,1,14,31.0,0.600538,3.238452,5.129078,17.707741,0.33917,0.452712
12828,1010,2,0,8,2,2,0,0,1,0,1,0,10,1,1,76.5,0.907863,7.171812,6.428159,44.331289,0.617796,0.772734
9892,618,1,1,2,2,2,0,1,0,1,0,1,5,1,1,86.5,0.727368,7.076425,5.79305,78.942854,0.801358,0.717914
10335,1296,2,1,2,0,4,1,3,2,0,3,0,10,2,3,71.5,0.495587,4.063861,3.927564,29.338016,0.520821,0.415837
2200,300,1,0,0,1,2,1,1,1,1,2,0,4,2,2,85.0,0.087662,2.727273,2.661405,1.702809,0.343472,0.280444
5741,781,0,0,11,1,8,2,1,1,1,3,1,22,2,4,46.0,0.415315,3.483714,3.930438,9.413845,0.229265,0.371311
9238,1061,5,2,16,4,9,0,1,2,2,11,4,26,4,15,17.5,0.799035,8.984629,6.273473,349.656904,0.988702,0.687687
15000,1845,6,5,14,3,14,2,5,0,0,7,2,35,0,9,16.5,0.582596,2.666667,4.147519,10.993747,0.480352,0.416911
3020,355,0,0,1,1,0,2,2,1,0,2,0,5,1,2,85.0,0.21704,0.662252,2.444785,0.422854,0.21721,0.165567
6284,920,4,1,11,4,3,1,2,1,2,1,1,17,3,2,57.0,0.215795,2.864418,3.245046,6.326453,0.314365,0.247518
2708,346,3,0,3,0,0,1,1,1,0,1,0,5,1,1,86.5,0.002364,2.95421,3.259045,5.191119,0.53088,0.289294
2200,300,0,0,0,0,3,0,0,0,1,0,0,3,1,0,92.0,0.335174,4.545455,3.138572,2.894065,0.194343,0.341066
6638,706,0,1,2,0,3,2,2,1,1,1,0,9,2,1,76.5,0.549506,5.875264,5.049085,27.981022,0.645255,0.546889
5100,335,0,0,3,2,2,0,0,0,0,1,0,5,0,1,88.5,0.95931,7.647059,6.552314,189.357347,0.809349,0.785806
6278,744,1,1,3,1,8,2,1,0,1,1,0,14,1,1,68.5,0.463067,5.256451,4.077161,16.486711,0.406848,0.467507
5750,797,0,1,3,0,3,0,0,0,0,1,1,6,0,2,85.0,0.573922,5.217391,3.822181,25.732537,0.344075,0.519583
12993,812,1,2,5,0,1,0,0,0,1,1,0,6,1,1,84.5,0.692181,7.080736,6.33521,153.392127,0.959759,0.73032
3225,532,4,1,4,0,2,0,0,0,0,4,0,6,0,4,82.0,0.324114,3.410853,3.383692,3.024299,0.189805,0.308792
7796,514,0,0,3,0,2,0,0,1,0,1,1,5,1,2,85.0,1.0,5.64392,6.154108,174.799355,0.720111,0.726022
5073,631,1,0,7,3,4,1,2,1,1,3,2,14,2,5,60.5,0.33177,4.730928,3.988657,9.166029,0.819656,0.388222
5114,619,0,3,6,2,0,1,0,1,0,5,0,7,1,5,76.5,0.045113,2.150958,3.118712,3.155635,0.785752,0.251708
7776,919,2,3,4,0,1,2,0,3,1,2,1,7,4,3,73.5,0.11865,2.957819,3.358244,4.910864,0.510703,0.374057
4500,442,0,1,2,0,0,0,1,0,0,1,0,3,0,1,92.5,0.976717,8.444444,5.85164,120.355576,0.291852,0.731636
7177,630,1,0,4,2,2,0,0,0,0,2,0,6,0,2,85.0,0.785852,6.130695,5.91345,69.891875,0.663127,0.669288
4018,383,2,2,3,0,2,0,1,1,2,2,1,6,3,3,77.5,0.173365,1.49328,1.729711,0.001279,0.116435,0.215495
4452,641,1,1,2,2,1,2,1,2,0,5,0,6,2,5,76.5,0.109559,1.347709,2.491672,2.082478,0.296173,0.232787
2200,300,0,1,1,1,4,0,0,0,0,0,0,5,0,0,90.0,0.185393,2.272727,3.133354,1.695822,0.129766,0.290622
16500,1216,1,1,3,1,8,0,3,1,0,6,0,14,1,6,61.0,0.629967,5.757576,4.794899,21.340449,0.026126,0.526571
13445,2185,4,2,16,2,6,1,4,1,1,3,1,27,2,4,36.0,0.386341,2.826329,4.105171,10.837885,0.556367,0.487197
11275,759,3,2,9,1,4,2,2,1,1,0,0,17,2,0,62.0,0.920694,8.780488,5.729873,135.511091,0.536068,0.725271
2800,403,0,0,3,1,8,0,2,0,0,0,1,13,0,1,72.5,0.820148,9.642857,4.857161,21.593708,0.678491,0.755906
6682,1043,0,0,5,3,10,3,6,5,1,3,1,24,6,4,34.0,0.028357,0.748279,4.092029,2.438816,0.022202,0.13038
4274,421,1,1,4,2,5,1,0,3,0,2,0,10,3,2,71.0,0.412395,4.91343,3.850687,15.057264,0.752609,0.478467
4956,603,3,1,2,1,5,0,3,3,1,3,1,10,4,4,66.0,0.114198,2.421308,2.604882,0.560499,0.828993,0.247023
5995,406,0,0,2,0,4,0,0,0,1,1,1,6,1,2,83.0,0.947869,13.844871,6.716007,85.559162,0.714888,0.836607
8080,1101,3,2,3,0,3,0,2,0,1,4,0,8,1,4,76.0,0.414103,4.207921,4.334295,9.18101,0.574245,0.426174
11132,1510,3,1,9,4,6,0,2,0,3,5,2,17,3,7,49.5,0.886726,4.85088,6.794549,55.200331,0.316886,0.617829
7932,999,1,1,10,1,6,2,1,1,2,1,1,19,3,2,53.0,0.107693,2.899647,3.33092,1.677259,0.148407,0.20864
4675,649,2,0,6,4,2,1,0,2,0,1,0,9,2,1,76.5,0.124893,2.352941,2.069873,2.516806,0.536425,0.235133
3453,395,2,1,5,1,3,0,2,0,1,5,0,10,1,5,70.5,0.189009,4.054445,2.7318,2.786862,0.69729,0.232698
16257,2321,5,2,11,2,7,0,3,1,1,8,2,21,2,10,39.0,0.567655,3.44467,4.24922,20.489722,0.31287,0.478386
4500,300,0,0,3,0,1,0,0,0,0,0,0,4,0,0,92.0,1.0,8.444444,6.692421,103.457462,0.791092,0.815299
3093,369,1,2,2,1,3,1,1,0,0,3,2,7,0,5,78.5,0.216598,2.909796,2.864371,0.082421,0.085399,0.288559
16500,1493,3,3,11,0,15,1,2,1,2,3,1,29,3,4,30.0,0.335548,3.757576,4.092392,28.886049,0.946422,0.436575
7781,512,1,1,1,0,3,0,1,0,0,1,0,5,0,1,88.5,0.800679,6.939982,6.497763,228.485102,0.974943,0.731721
3555,652,1,0,8,1,6,1,0,0,0,2,2,15,0,4,64.0,0.800544,9.2827,5.23661,105.247475,0.819358,0.705944
7795,1317,3,1,7,0,8,0,4,0,1,2,0,19,1,2,57.0,0.131959,1.92431,3.529296,3.881528,0.31292,0.26285
3739,563,1,3,1,0,1,0,1,0,0,7,0,3,0,7,83.5,0.209312,1.604707,2.981317,4.792954,0.117756,0.224162
2806,366,0,1,2,0,2,1,0,1,0,2,1,5,1,3,83.5,0.771952,7.127584,3.721679,4.589497,0.672604,0.618817
6347,1224,4,1,3,1,10,2,3,0,0,1,1,18,0,2,61.0,0.131643,1.102883,3.183489,1.51466,0.297489,0.199001
4617,587,4,1,13,1,4,0,0,1,1,1,0,17,2,1,60.5,0.831128,8.663634,7.234813,217.115039,0.982473,0.708587
6590,617,1,0,3,0,1,0,0,1,0,0,0,4,1,0,90.0,0.593947,3.641882,4.939187,14.123931,0.637539,0.653012
5917,602,0,0,2,1,2,0,0,1,0,2,0,4,1,2,87.0,0.315705,2.704073,4.176872,4.853039,0.496996,0.401296
4437,640,0,1,3,2,4,1,0,2,0,2,1,8,2,3,75.5,0.610652,4.958305,5.010705,9.752054,0.395702,0.405312
5661,773,0,1,7,1,1,1,1,0,1,1,1,10,1,2,75.0,0.659587,6.006006,4.616872,6.047969,0.481225,0.468997
15559,1533,2,0,4,1,5,0,1,2,0,2,0,10,2,2,73.0,0.954812,7.905392,6.406241,67.148871,0.505585,0.712226
8971,1053,5,1,17,3,11,5,3,0,2,7,1,36,2,8,12.0,0.869556,10.143797,6.580635,154.889897,0.945394,0.71656
9917,1337,2,1,8,0,6,1,0,3,0,1,1,15,3,2,61.0,0.125022,2.621761,3.110285,6.311269,0.568023,0.37221
16039,1139,0,1,5,0,4,0,2,0,1,3,0,11,1,3,71.5,0.822068,7.481763,5.666963,158.352831,0.878146,0.70383
5271,549,1,1,3,0,5,0,3,1,2,1,1,11,3,2,69.0,0.034464,1.897173,2.770868,5.444712,0.285581,0.301495
5226,644,3,0,7,0,10,2,2,0,2,4,0,21,2,4,48.0,0.29642,0.574053,4.634687,0.441835,0.51954,0.173198
8244,515,2,0,2,1,1,1,2,1,0,1,0,6,1,1,84.5,0.881725,8.005822,6.217877,38.467923,0.651123,0.812626
7620,533,1,1,8,0,2,0,1,1,0,0,0,11,1,0,76.0,0.52679,4.593176,4.481595,42.27288,0.93996,0.532112
6586,629,3,0,5,2,0,0,0,0,0,1,1,5,0,2,87.0,0.580972,3.947768,5.070541,27.251622,0.017521,0.502966
4646,709,0,1,4,1,3,0,2,0,0,0,0,9,0,0,82.0,0.076691,2.582867,4.134812,4.808752,0.251284,0.292429
4299,716,4,2,9,0,3,1,4,2,1,1,0,17,3,1,58.5,0.145467,1.860898,1.738096,1.446484,0.342794,0.156602
6395,732,2,0,12,5,12,2,3,1,0,2,0,29,1,2,37.0,1.0,10.633307,6.185548,288.335186,0.865264,0.834377
13600,1409,0,2,8,2,6,1,3,0,1,2,0,18,1,2,59.0,0.916959,6.544118,5.546145,208.340125,0.521102,0.697627
9955,1566,4,3,19,3,16,1,5,1,2,5,1,41,3,6,3.0,0.84049,7.232546,5.729283,88.73848,0.759856,0.705193
9635,1571,5,3,20,1,9,1,1,0,0,4,1,31,0,5,30.5,0.190487,3.00986,3.455837,9.865443,0.250523,0.27561
11202,799,2,4,7,0,6,0,1,2,0,4,2,14,2,6,59.0,0.771683,5.177647,5.673768,67.15263,0.748847,0.488995
10615,1122,0,0,14,3,2,0,2,0,1,2,0,18,1,2,59.0,0.56459,4.33349,4.975145,27.183014,0.467361,0.438243
14631,1532,2,0,1,2,2,0,1,0,0,1,0,4,0,1,90.5,0.722533,4.442622,4.678377,29.241612,0.259133,0.689274
11000,1713,2,3,11,2,14,4,0,3,2,5,1,29,5,6,23.0,0.069134,1.181818,3.798339,2.845702,0.369978,0.149469
6639,773,1,2,10,5,4,0,0,1,1,5,1,14,2,6,59.0,0.201649,1.506251,3.380045,0.000435,0.189457,0.215745
6462,684,1,1,3,1,1,0,1,0,1,1,1,5,1,2,85.0,0.466909,4.023522,4.435815,13.310606,0.126371,0.495159
11131,1334,1,0,4,2,8,1,1,0,1,2,1,14,1,3,65.5,0.435217,2.874854,3.800508,15.751595,0.397569,0.433112
10591,1309,2,1,15,1,10,0,1,2,0,6,2,26,2,8,32.0,0.361652,3.115853,5.003687,10.871749,0.628698,0.411771
13635,1691,3,5,23,5,20,1,3,2,3,4,2,47,5,6,0.0,0.910625,8.80088,6.889082,102.672137,0.960033,0.690273
3373,626,3,1,4,0,0,1,2,0,0,0,0,7,0,0,86.0,0.20317,4.150608,2.856246,6.462246,0.491801,0.311249
3515,496,2,0,3,4,2,0,2,1,2,2,1,7,3,3,75.5,0.627003,3.41394,4.428015,8.767263,0.169216,0.443192
12346,803,3,1,3,1,4,0,1,0,0,9,1,8,0,10,69.0,0.739578,5.507857,5.72966,76.103167,0.826393,0.7163
7791,1037,5,1,10,2,12,1,3,0,0,4,2,26,0,6,39.0,0.779297,5.134129,5.996092,16.928805,0.35424,0.563789
5948,691,0,1,5,2,2,1,2,2,1,1,0,10,3,1,72.5,0.820498,5.211836,3.680251,15.21604,0.20491,0.525924
16500,1395,2,2,15,5,5,1,4,1,3,2,0,25,4,2,39.0,0.544456,4.30303,4.386296,47.934773,0.071911,0.434356
7486,738,1,3,6,3,2,0,2,1,1,2,3,10,2,5,68.5,0.186371,2.805236,3.838444,6.954089,0.066309,0.264469
3858,338,0,1,2,0,1,0,0,0,0,1,0,3,0,1,92.5,0.2987,3.888025,4.071554,5.828329,0.655675,0.416589
11190,1289,2,1,5,3,6,2,4,0,1,1,0,17,1,1,62.5,0.607553,4.021448,4.633212,28.932749,0.33455,0.473874
6918,624,2,1,7,1,6,0,3,2,4,3,2,16,6,5,48.5,0.623252,5.492917,4.792043,6.284831,0.159165,0.468958
2200,300,2,0,2,0,3,0,0,1,0,1,0,5,1,1,86.5,0.103503,2.727273,2.35059,3.252173,0.698483,0.331441
13000,1492,1,0,9,2,10,2,0,5,2,6,2,21,7,8,32.0,0.075654,1.384615,2.568026,0.867982,0.20049,0.168469
18000,1212,1,0,8,1,2,2,1,0,0,3,2,13,0,5,66.5,0.961352,6.277778,6.775969,185.879508,0.959605,0.701186
14271,891,0,1,3,0,4,0,1,0,0,2,0,8,0,2,81.0,0.9432,9.109383,6.994903,110.776715,0.776817,0.802382
4500,300,0,0,1,0,0,0,0,0,0,4,0,1,0,4,92.0,1.0,9.555556,7.173028,196.639997,0.911296,0.810723
11484,1292,4,2,6,2,2,0,2,2,1,2,2,10,3,4,68.0,0.721849,2.960641,4.709575,30.481092,0.366244,0.430754
11374,1629,4,2,9,5,8,0,2,2,0,4,1,19,2,5,50.5,0.068057,2.022156,3.191205,12.346091,0.316312,0.277306
6412,839,2,3,9,2,6,0,2,0,1,1,0,17,1,1,62.5,0.712593,5.458515,5.812098,72.404065,0.596407,0.601326
6296,737,5,1,12,2,7,0,4,2,1,5,1,23,3,6,39.0,0.884818,6.829733,6.140421,67.181422,0.945457,0.671827
18000,1479,2,2,3,1,8,0,1,2,1,1,2,12,3,3,65.5,0.845539,6.277778,5.813226,75.243367,0.665486,0.696509
2200,300,2,0,3,1,1,0,2,0,0,0,0,6,0,0,88.0,0.033136,0.909091,4.220289,0.280612,0.54373,0.286499
10165,1102,3,3,5,0,3,1,3,1,1,5,1,12,2,6,63.0,0.746831,6.197737,5.824673,27.546724,0.287092,0.628391
7092,925,1,2,2,3,1,0,0,0,0,3,1,3,0,4,88.0,0.697163,3.807107,4.790092,5.063029,0.294175,0.441042
12109,1310,3,2,10,1,7,2,4,2,1,5,1,23,3,6,39.0,0.388583,1.81683,3.952421,3.598476,0.445743,0.208586
8185,657,3,0,4,0,7,0,1,1,0,2,0,12,1,2,71.0,0.381627,3.176542,4.356376,8.573586,0.765627,0.418578
2200,300,2,0,1,1,3,0,2,1,0,2,0,6,1,2,83.0,0.329494,1.818182,3.575288,0.984801,0.710994,0.365672
11000,1744,3,3,17,3,15,1,5,3,1,3,0,38,4,3,11.5,0.194168,2.0,2.393322,7.48287,0.454517,0.284639
15771,1951,0,2,17,2,6,2,3,3,0,3,0,28,3,3,33.5,0.746053,3.994674,3.404994,58.789247,0.242532,0.525364
8270,1160,2,1,7,1,7,1,1,0,2,1,1,16,2,2,61.0,0.598573,4.594921,5.164672,23.506106,0.170983,0.478324
3200,357,0,0,0,1,2,0,0,0,0,3,0,2,0,3,91.5,0.5576,5.9375,5.035626,11.237834,0.343759,0.515479
5393,712,1,1,7,0,5,1,3,1,1,0,2,16,2,2,61.0,0.363351,3.152234,3.691527,3.054415,0.607595,0.320691
2673,373,0,1,0,1,2,1,0,0,0,3,1,3,0,4,88.0,0.117188,1.870557,3.295209,0.27786,0.680212,0.309843
18000,1175,2,2,9,1,6,0,3,2,1,2,0,18,3,2,55.0,0.877997,5.722222,6.249379,154.999944,0.950224,0.737537
4481,589,0,1,8,2,3,0,0,0,1,8,1,11,1,9,62.5,0.154525,1.562151,3.570158,1.045735,0.12982,0.19118
14322,1661,2,5,10,4,2,3,7,0,0,2,1,22,0,3,51.5,0.607669,2.792906,5.129455,23.229044,0.286314,0.423298
4373,476,1,0,4,2,2,0,1,1,2,0,0,7,3,0,80.0,0.222481,3.201464,4.303043,1.549374,0.412387,0.333604
8600,1138,3,3,20,3,19,0,4,1,0,2,0,43,1,2,9.0,0.949524,8.837209,6.004764,194.858897,0.993554,0.68978
11545,1207,4,2,8,2,8,1,3,1,1,3,2,20,2,5,48.5,0.823521,5.02382,4.792006,24.512312,0.183806,0.500685
9463,996,1,1,7,4,7,1,0,2,2,6,1,15,4,7,51.5,0.327591,2.430519,3.718087,5.375564,0.004247,0.247989
10325,1529,3,1,4,3,3,1,2,0,1,1,1,10,1,2,75.0,0.450079,2.51816,3.625206,13.351,0.319284,0.392385
8954,1420,2,2,10,1,4,1,1,0,1,2,0,16,1,2,63.0,0.568913,3.127094,5.12796,7.89135,0.202588,0.498514
14223,888,2,0,3,2,7,0,3,1,0,0,2,13,1,2,69.0,0.853543,6.187162,5.331141,299.647451,0.801437,0.685479
4761,428,2,0,1,1,0,0,2,0,0,2,1,3,0,3,89.5,0.910349,6.721277,6.225744,53.480709,0.719346,0.734501
9061,978,2,1,10,1,7,0,3,1,0,3,0,20,1,3,53.5,0.928831,7.173601,5.407404,41.86536,0.339594,0.63715
5075,317,2,0,1,1,3,1,1,2,0,0,0,6,2,0,84.0,0.760087,7.881773,5.61804,65.277854,0.808655,0.753536
9359,1363,4,1,6,1,6,2,3,1,0,5,1,17,1,6,55.0,0.478594,3.953414,4.350827,20.81304,0.466133,0.407772
15615,1348,1,2,10,2,1,1,0,3,2,7,1,12,5,8,54.0,0.543886,2.62568,4.559415,16.741658,0.335331,0.409665
11622,727,5,1,4,1,1,0,3,0,0,2,0,8,0,2,81.0,1.0,7.743934,6.351836,158.038605,0.853696,0.80712
4665,772,1,1,4,0,4,0,2,1,0,4,1,10,1,5,70.5,0.561765,5.573419,4.507743,9.49268,0.461596,0.422827
4426,628,2,1,4,1,6,1,0,3,1,1,0,11,4,1,68.5,0.559581,4.74469,4.507423,11.744099,0.563078,0.403357
2245,316,0,0,1,0,2,0,1,0,1,1,0,4,1,1,88.5,0.106566,1.336303,1.729766,0.021817,0.665889,0.264491
2600,421,1,0,3,0,4,0,0,0,0,0,0,7,0,0,86.0,0.684617,7.307692,5.000513,12.036635,0.290135,0.512445
5625,732,6,0,6,0,8,1,0,1,2,5,0,15,3,5,56.5,0.133922,1.777778,3.449891,6.050937,0.189741,0.263169
7607,771,1,1,4,1,2,1,1,3,1,0,0,8,4,0,76.0,0.446855,4.995399,5.15876,27.223271,0.409684,0.417214
3276,342,1,1,2,0,1,0,0,1,1,2,0,3,2,2,87.0,0.078945,0.30525,1.0,0.000466,0.047852,0.159227
2890,506,1,0,3,0,4,0,1,0,0,2,0,8,0,2,81.0,0.127128,1.384083,2.977504,1.817916,0.411065,0.222562
9546,760,1,3,7,1,5,1,1,0,2,1,1,14,2,2,65.0,0.570067,4.504505,4.674132,21.187317,0.032961,0.487528
12828,1272,2,1,15,3,3,2,0,1,2,1,0,20,3,1,52.5,0.67473,5.22295,3.61886,23.687643,0.374014,0.478703
5244,689,0,0,4,1,6,1,0,0,0,1,0,11,0,1,76.5,0.135692,3.2418,2.662637,0.923885,0.295933,0.321867
7124,1060,2,1,12,0,6,1,3,3,0,6,0,22,3,6,41.0,0.146542,1.824818,3.199742,0.685371,0.427421,0.255559
16500,1727,1,2,6,0,10,2,1,0,2,8,1,19,2,9,44.5,0.529848,4.060606,4.625245,31.373289,0.405401,0.463883
18000,1125,2,2,9,2,1,0,0,0,0,2,1,10,0,3,75.5,1.0,7.0,6.133765,552.059283,0.928427,0.80291
8636,716,0,1,3,2,3,1,2,0,0,0,2,9,0,2,79.0,0.633048,4.979157,5.049896,53.222302,0.207163,0.482009
7423,717,3,2,4,1,3,0,2,0,1,2,2,9,1,4,74.0,0.305819,3.098478,3.73367,14.813987,0.642709,0.434218
7302,768,1,1,10,3,5,0,1,0,1,2,1,16,1,3,61.5,0.470116,3.286771,4.424594,6.768201,0.026964,0.289974
5104,506,2,2,1,1,3,0,2,1,1,6,1,6,2,7,73.5,0.352299,2.547022,3.841221,4.545726,0.008213,0.304426
12215,1253,2,3,8,2,8,2,2,1,1,4,0,20,2,4,50.0,0.667871,5.894392,4.922519,32.808301,0.222207,0.474798
9266,1245,6,1,12,2,4,1,1,1,2,3,0,18,3,3,53.5,0.255845,2.482193,3.884122,9.677864,0.579942,0.297389
3200,384,0,0,1,0,1,0,1,0,2,0,0,3,2,0,90.0,0.700994,4.6875,5.543201,12.68705,0.287692,0.556343
8241,722,2,1,3,1,5,0,2,1,0,3,0,10,1,3,73.5,0.217746,2.790923,3.117305,3.993965,0.225106,0.298244
7828,869,0,2,5,2,3,0,0,2,5,3,1,8,7,4,64.0,0.425681,3.193664,3.237466,16.963385,0.470212,0.35338
13867,866,3,1,7,2,2,3,2,0,0,3,0,14,0,3,67.5,1.0,9.158434,6.347591,557.859378,0.870349,0.768174
7980,1035,2,0,3,1,6,1,0,1,1,3,1,10,2,4,70.0,0.596995,5.513784,4.324312,13.705086,0.201664,0.458632
5993,761,3,0,4,2,1,1,1,1,2,2,0,7,3,2,77.0,0.185938,3.337227,2.435683,2.935067,0.375855,0.359637
6249,601,0,0,6,0,1,0,1,0,0,3,0,8,0,3,79.5,0.982394,8.641383,4.772201,176.936124,0.630841,0.745848
4722,715,1,3,7,0,2,0,3,0,0,7,0,12,0,7,65.5,0.793785,5.294367,3.832867,2.268909,0.46509,0.442973
4370,363,2,2,4,0,2,0,0,0,0,2,0,6,0,2,85.0,0.546335,5.034325,4.772005,10.802855,0.757785,0.475997
4934,602,2,1,5,0,5,0,1,0,2,4,1,11,2,5,66.5,0.407249,2.229428,4.362038,11.954703,0.554854,0.405047
4377,553,1,1,5,0,2,0,2,0,0,1,0,9,0,1,80.5,0.349466,2.513137,4.051701,2.297163,0.586435,0.354713
10801,1622,8,0,12,3,8,0,4,1,0,5,2,24,1,7,39.5,0.121406,2.777521,2.986301,1.174931,0.674945,0.199828
2222,352,0,1,8,2,4,0,1,0,1,2,1,13,1,3,67.5,0.375365,4.050405,3.904311,1.141567,0.491996,0.3067
4601,315,0,0,3,0,1,0,0,0,1,0,0,4,1,0,90.0,0.736067,4.998913,5.593335,51.58673,0.848993,0.675919
5763,647,0,1,3,1,3,0,1,0,0,3,0,7,0,3,81.5,0.604006,3.817456,5.29516,1.640994,0.282382,0.465942
13724,857,3,0,2,1,2,0,1,0,2,0,0,5,2,0,86.0,1.0,6.77645,7.586302,461.406766,0.939646,0.794412
11202,700,0,1,3,2,3,0,0,1,0,2,0,6,1,2,83.0,0.974315,6.784503,7.030578,362.603562,0.859809,0.771695
18000,1125,4,1,11,4,5,0,1,1,1,2,1,17,2,3,57.5,0.95957,6.888889,6.809031,350.578194,0.567815,0.6884
4503,511,0,2,8,0,3,1,5,1,0,5,0,17,1,5,56.5,0.987898,9.771264,5.941273,114.738456,0.62266,0.711819
4554,630,0,1,2,0,0,2,1,2,0,1,0,5,2,1,84.5,0.580094,5.270092,4.275869,12.460761,0.272566,0.526072
9429,1458,1,1,12,2,8,3,2,0,0,6,1,25,0,7,39.5,0.505315,3.605897,4.245428,12.05734,0.305728,0.402777
4224,498,3,0,1,1,4,0,0,0,0,0,0,5,0,0,90.0,0.355032,1.893939,4.064793,5.778474,0.601888,0.424117
15963,1670,3,6,8,4,6,1,8,0,1,1,1,23,1,2,49.0,0.814747,5.951262,6.027785,87.638652,0.437523,0.591812
10972,1317,1,1,12,2,5,2,1,4,0,2,1,20,4,3,47.5,0.646875,4.648195,4.98857,35.855464,0.23644,0.557693
5738,425,1,1,7,1,4,0,2,1,1,1,0,13,2,1,68.5,0.090478,3.136982,2.179163,4.463219,0.79229,0.244696
2600,300,1,0,3,0,2,0,0,0,0,3,1,5,0,4,84.0,0.381617,3.076923,3.132918,3.279611,0.674699,0.404616
9156,573,0,2,6,2,3,3,0,1,2,0,0,12,3,0,70.0,0.753532,6.334644,6.319599,248.388812,0.886202,0.672
10414,1671,2,1,30,2,16,2,8,1,0,7,0,56,1,7,0.0,0.980503,10.082581,6.370091,126.060445,0.893816,0.727104
4500,415,0,0,0,0,0,0,1,0,0,1,0,1,0,1,96.5,0.96756,8.666667,5.392404,30.665737,0.442567,0.713076
10536,1190,2,3,11,1,9,5,4,1,3,5,2,29,4,7,23.5,0.151727,1.233865,1.506544,0.787201,0.109428,0.179304
16833,1345,2,1,2,3,5,0,1,1,1,2,0,8,2,2,77.0,1.0,6.772411,5.753579,63.45507,0.433006,0.746743
2200,300,0,0,3,0,1,0,0,1,0,1,1,4,1,2,87.0,0.499643,2.727273,5.197059,3.962651,0.075514,0.378657
18000,1211,1,1,6,0,6,1,1,2,0,1,3,14,2,4,62.0,0.783373,8.555556,6.825428,169.152636,0.986085,0.717884
4357,362,2,0,5,1,3,1,0,0,0,0,1,9,0,1,80.5,0.280935,3.901767,4.256646,2.180784,0.809166,0.40751
7302,1231,2,1,8,2,6,0,1,0,0,5,1,15,0,6,61.0,0.510903,4.51931,4.121554,18.50373,0.275866,0.477215
4475,722,1,0,4,0,5,0,1,0,0,3,0,10,0,3,75.5,0.268406,1.787709,2.936263,4.653249,0.624293,0.282386
7948,823,4,0,11,1,4,0,3,1,0,2,3,18,1,5,54.5,0.299901,5.535984,3.259644,25.949399,0.881417,0.53161
10783,1084,0,0,6,3,11,0,3,0,1,4,0,20,1,4,52.0,0.519221,4.822406,3.881506,17.80716,0.363294,0.540883
7390,1097,4,0,6,1,4,1,2,1,0,3,1,13,1,4,66.0,0.680606,3.653586,5.122274,10.678677,0.273016,0.508989
14257,945,1,1,5,2,2,1,2,2,1,3,0,10,3,3,69.5,0.854703,6.803675,6.198138,123.81097,0.602078,0.66413
10352,687,0,0,3,2,2,0,0,0,0,0,0,5,0,0,90.0,0.829145,6.37558,6.275142,277.272715,0.845444,0.759991
8039,701,0,0,2,0,3,1,0,0,0,2,0,6,0,2,85.0,0.804444,3.731807,4.959422,17.098246,0.368891,0.664096
2651,307,0,0,6,2,1,1,0,0,0,0,0,8,0,0,84.0,0.200341,0.754432,2.045613,4.7e-05,0.004174,0.218844
5005,327,1,0,0,0,0,0,0,0,0,2,0,0,0,2,97.0,0.956344,8.591409,6.178626,114.436505,0.553857,0.772661
7544,822,2,0,3,1,1,1,1,0,1,3,0,6,1,3,81.5,0.352593,4.90456,3.75358,16.481144,0.413593,0.431143
5361,731,2,1,3,3,5,0,4,1,1,4,1,12,2,5,64.5,0.132049,3.17105,3.806606,8.679987,0.715517,0.265014
6353,640,4,2,7,2,2,1,5,3,0,4,0,15,3,4,58.0,0.046064,2.203683,3.580895,6.001423,0.730884,0.263963
14900,1058,0,2,8,2,3,2,3,0,2,0,0,16,2,0,64.0,0.199409,4.026846,4.076309,14.797876,0.996207,0.405129
8381,860,1,0,9,2,1,2,5,1,1,1,2,17,2,3,57.5,0.676396,5.011335,5.631484,80.175482,0.631127,0.546799
3723,496,0,0,4,1,2,1,2,1,0,4,0,9,1,4,74.0,0.751142,4.297609,5.113529,16.963972,0.195708,0.450103
2338,460,0,0,4,0,2,1,3,0,0,1,0,10,0,1,78.5,0.049981,0.427716,1.10621,0.001406,0.336468,0.192118
9807,1418,2,3,28,1,10,2,0,0,2,14,0,40,2,14,0.0,0.870702,8.157439,6.664771,359.749197,0.897484,0.655854
6029,670,1,0,8,1,5,0,0,1,2,1,1,13,3,2,65.0,0.168181,2.65384,3.946867,2.601187,0.75779,0.309854
10162,1625,4,2,8,3,5,1,1,2,2,1,1,15,4,2,59.0,0.782022,7.872466,5.279512,81.691305,0.370263,0.572619
3200,328,3,0,1,0,0,1,1,0,0,2,0,3,0,2,91.0,0.512752,5.0,5.498176,16.124462,0.661231,0.549598
8139,1478,2,1,17,1,12,0,4,6,0,2,1,33,6,3,17.5,0.050068,1.474383,2.522236,1.38333,0.237545,0.17184
8816,821,0,0,2,1,2,1,1,2,0,2,1,6,2,3,79.5,0.190553,4.083485,3.583556,6.409681,0.35139,0.436657
3596,301,0,0,2,0,1,0,3,0,0,2,0,6,0,2,85.0,0.221506,2.780868,3.723439,5.192801,0.938382,0.432023
6192,430,0,1,1,0,0,1,1,0,0,0,0,3,0,0,94.0,0.920099,8.72093,7.072943,234.504618,0.837146,0.814553
5818,624,3,1,6,1,4,1,1,0,1,2,0,12,1,2,71.0,0.231845,2.406325,3.500534,11.519888,0.041627,0.292954
7991,861,1,1,7,4,3,1,4,1,3,5,1,15,4,6,53.0,0.063868,3.003379,2.391444,1.291086,0.732824,0.255004
6446,973,3,4,14,2,5,1,3,0,2,5,1,23,2,6,41.0,0.961419,9.618368,6.817397,273.857909,0.793468,0.791014
7269,719,2,2,2,0,4,0,4,1,2,5,0,10,3,5,66.5,0.441618,4.127115,4.257705,11.84828,0.67353,0.514206
13563,1702,2,0,6,4,13,1,2,1,0,5,2,22,1,7,43.5,0.247309,4.57126,4.185242,6.452184,0.426657,0.448356
12662,791,2,1,4,0,2,0,2,0,2,1,1,8,2,2,77.0,1.0,5.686305,6.344229,158.748082,0.812952,0.710167
11000,1228,3,2,10,2,9,1,5,2,2,5,1,25,4,6,33.0,0.206459,1.545455,3.277895,2.874116,0.011003,0.205471
8068,628,0,0,12,3,4,0,4,0,1,1,0,20,1,1,56.5,0.336632,3.594447,4.783471,20.080049,0.875495,0.410817
14046,1486,2,2,8,0,3,1,1,0,1,2,3,13,1,5,64.5,0.436691,4.058095,3.348328,17.374872,0.176272,0.435878
5184,717,2,2,6,0,6,0,1,0,1,2,1,13,1,3,67.5,0.731653,8.294753,4.935213,126.043825,0.377658,0.685078
11000,1990,5,0,9,2,9,0,1,3,2,5,1,19,5,6,43.0,0.086664,2.090909,2.525609,1.605696,0.431931,0.237666
8682,611,2,1,6,0,6,1,3,0,0,3,0,16,0,3,63.5,0.740008,6.104584,5.526916,30.070162,0.982979,0.64158
5030,598,1,0,8,1,5,2,3,2,2,3,2,18,4,5,48.5,0.177171,1.39165,2.93582,4.596946,0.015293,0.194574
15049,1293,0,2,8,3,9,3,5,1,0,1,1,25,1,2,45.0,0.888989,6.379161,5.939249,354.721734,0.648045,0.686255
2708,300,1,0,4,2,1,0,1,0,0,1,0,6,0,1,86.5,0.060241,1.107829,4.56802,0.174965,0.140044,0.242857
7323,733,1,0,3,1,2,0,1,0,1,3,0,6,1,3,81.5,0.742495,5.87191,4.402805,25.061785,0.36572,0.60487
5366,636,2,0,2,0,5,0,1,0,1,3,0,8,1,3,77.5,0.400452,5.404398,3.894062,15.597258,0.59605,0.524047
11234,1312,3,2,10,2,5,1,1,1,0,4,1,17,1,5,56.5,0.311607,3.649635,4.169538,13.638828,0.358228,0.402006
11367,831,3,1,5,1,2,0,1,0,0,4,0,8,0,4,78.0,0.856569,8.269552,6.503764,142.395591,0.719466,0.736226
12905,806,4,0,4,2,3,1,3,1,1,3,0,11,2,3,69.5,0.844197,6.431616,5.957047,98.82056,0.664521,0.689737
3156,391,1,3,6,1,5,1,1,2,1,0,1,13,3,1,66.5,0.052326,2.217997,3.819856,1.472055,0.483159,0.250228
2190,300,1,1,4,0,0,0,1,1,0,0,0,5,1,0,88.0,0.054749,3.196347,2.684182,0.037659,0.618177,0.31059
10738,1336,2,0,5,1,6,2,0,1,2,3,1,13,3,4,62.0,0.54999,5.028869,4.395073,36.546446,0.507563,0.517508
9316,838,3,1,4,1,7,2,3,2,0,5,0,16,2,5,56.5,0.139448,1.288106,3.757907,1.353408,0.130561,0.17611
13956,1273,1,2,9,0,5,2,0,1,2,9,0,16,3,9,48.5,0.821001,5.230725,4.910403,72.682224,0.065454,0.574336
5463,636,0,0,3,1,4,1,0,0,0,0,0,8,0,0,84.0,0.310345,5.125389,4.237917,3.644997,0.635036,0.423862
4584,765,2,1,2,1,2,0,3,0,1,1,1,7,1,2,81.0,0.368201,1.745201,3.229244,2.25429,0.515522,0.382776
15000,2358,4,2,20,4,2,1,4,2,1,5,3,27,3,8,28.0,0.416131,3.466667,4.307489,9.735435,0.474305,0.43837
9933,638,1,0,4,4,2,2,2,0,0,0,0,10,0,0,80.0,0.898041,7.34924,6.498147,139.18177,0.838783,0.721197
3423,492,0,0,2,1,3,1,0,1,0,2,0,6,1,2,83.0,0.581521,4.966404,4.638596,6.905355,0.356441,0.446512
4583,343,1,0,2,1,0,1,1,0,0,3,1,4,0,4,86.0,0.366412,4.800349,5.252648,36.412001,0.918393,0.507124
8367,1148,3,2,4,2,16,0,4,0,3,4,1,24,3,5,38.5,0.108151,3.107446,4.091798,6.08531,0.680632,0.304247
13454,1174,5,0,7,0,8,2,3,0,0,3,0,20,0,3,55.5,0.743321,6.68946,4.068778,47.80053,0.371316,0.631365
7564,545,3,0,3,1,3,0,0,0,1,1,0,6,1,1,84.5,0.997118,6.874669,5.57872,84.453576,0.629995,0.710239
2800,363,2,2,6,1,4,1,1,0,0,1,0,12,0,1,74.5,0.625657,8.214286,4.829888,48.504594,0.941488,0.679901
3473,478,0,0,3,1,4,0,2,0,0,0,1,9,0,1,80.5,0.636234,5.75871,4.732027,17.046091,0.18686,0.44139
3292,322,1,2,6,0,3,1,0,1,1,2,1,10,2,3,71.5,0.135987,3.341434,3.29312,3.0243,0.277865,0.311528
16500,1737,2,0,4,3,4,1,0,1,0,6,0,9,1,6,71.0,0.455515,4.060606,4.034311,51.334593,0.581579,0.493272
6881,1067,5,1,12,4,6,1,2,2,3,6,0,21,5,6,39.0,0.052813,1.88926,3.510052,3.097685,0.412796,0.191943
11906,962,0,0,4,0,1,1,0,1,0,1,0,6,1,1,84.5,0.931502,7.223249,6.269279,80.091817,0.615402,0.834828
10929,1415,2,2,7,2,8,0,4,0,0,2,0,19,0,2,59.0,0.423737,4.117486,3.996717,41.838845,0.333996,0.419934
11158,1020,0,3,7,3,6,0,4,0,0,2,0,17,0,2,63.0,0.535529,3.136763,4.614141,20.417073,0.319068,0.512933
9870,1163,1,1,4,1,3,0,1,1,0,4,0,8,1,4,76.0,0.940252,7.092199,6.574068,57.955684,0.521307,0.724746
5327,878,1,3,5,1,2,1,6,0,3,5,0,14,3,5,58.5,0.239298,3.566735,2.532977,1.085674,0.397585,0.265616
5588,995,3,2,4,1,3,0,1,0,3,3,1,8,3,4,72.0,0.037542,3.042233,2.586947,0.178651,0.297822,0.228
15591,1829,3,1,5,3,4,2,3,1,0,5,0,14,1,5,62.5,0.451839,2.437304,3.506519,6.416981,0.327754,0.429432
18000,1125,1,0,4,1,7,0,5,0,0,0,0,16,0,0,68.0,0.777012,5.555556,5.823294,117.880831,0.930544,0.774014
9646,712,1,2,5,0,1,0,3,1,0,0,0,9,1,0,80.0,0.967889,10.885341,6.611487,457.842476,0.82274,0.851064
13853,2367,1,0,17,2,7,2,4,3,1,8,1,30,4,9,18.5,0.334847,3.031834,3.356035,17.925474,0.498112,0.402103
15178,1273,1,0,3,1,4,1,2,0,1,3,2,10,1,5,70.5,0.811212,9.553301,6.968989,219.990051,0.658226,0.804721
14546,1072,1,0,8,0,2,0,3,0,0,1,1,13,0,2,71.0,0.957258,7.080984,6.617915,56.85668,0.522383,0.717812
7476,1078,0,2,5,5,2,3,1,0,1,4,1,11,1,5,68.5,0.531465,3.477796,3.794663,11.383983,0.287754,0.456869
10219,638,2,2,4,1,1,0,2,0,0,2,0,7,0,2,83.0,0.816549,5.773559,6.887493,98.523114,0.903518,0.718971
12926,881,2,1,12,1,4,0,1,0,1,4,1,17,1,5,56.5,0.96882,7.426892,5.334486,50.691904,0.816925,0.722822
10574,1141,4,1,3,1,1,0,2,2,0,3,0,6,2,3,79.5,0.824326,5.579724,4.715532,39.177034,0.290092,0.579399
15842,2040,3,2,6,2,6,0,1,1,4,2,1,13,5,3,59.5,0.669402,5.933594,5.115383,123.501528,0.318774,0.562582
16500,2187,2,2,10,1,9,1,5,6,0,1,0,25,6,1,36.5,0.66588,6.727273,5.268796,54.744178,0.485915,0.548402
12999,1143,1,2,8,1,6,1,3,0,1,9,0,18,1,9,48.5,0.821054,6.538965,4.972937,34.615885,0.090586,0.546157
18000,1125,0,0,4,0,5,0,0,0,1,0,1,9,1,1,78.5,0.748051,6.222222,6.477497,116.840282,0.88363,0.69716
3200,333,1,0,0,0,1,0,0,0,0,3,0,1,0,3,93.5,0.740126,3.75,4.251752,5.426678,0.406117,0.613864
11040,2052,1,4,13,1,8,1,4,3,0,5,1,26,3,6,33.0,0.104489,2.083333,3.512282,1.645611,0.311011,0.242785
7764,818,2,1,9,0,5,1,8,2,0,7,0,23,2,7,39.5,0.304959,3.21999,3.509963,10.809101,0.546203,0.323689
8535,1079,2,2,7,0,2,0,4,1,1,3,1,13,2,4,64.0,0.171116,2.226128,2.900257,3.572972,0.484009,0.240556
9968,1498,5,0,15,3,15,3,4,2,3,6,2,37,5,8,4.0,0.962365,11.135634,6.383532,225.682345,0.554419,0.684855
10459,1549,3,1,8,2,4,1,1,1,3,3,1,14,4,4,58.0,0.708541,4.398126,4.880344,21.259293,0.496497,0.411492
15977,998,3,1,10,2,6,1,1,3,0,1,0,18,3,1,56.5,1.0,7.010077,6.535958,165.712638,0.963236,0.735318
6633,414,0,1,2,0,1,0,2,0,1,0,0,5,1,0,88.0,0.813861,6.935022,6.205042,104.640513,0.99519,0.764074
6612,516,3,3,5,0,0,0,0,0,0,2,0,5,0,2,87.0,0.938801,7.562008,5.740622,45.618795,0.691157,0.685846
4346,549,0,1,4,1,4,0,0,0,1,0,2,8,1,2,79.0,0.538096,4.14174,4.667416,17.357491,0.345781,0.564805
15000,1240,4,2,19,3,13,1,2,2,1,3,2,35,3,5,16.5,0.629456,5.266667,4.543809,31.868474,0.855991,0.502674
14286,1505,2,0,6,1,5,1,2,2,2,5,0,14,4,5,56.5,0.486262,3.98992,3.897352,20.350817,0.16167,0.422449
8861,750,1,2,8,0,7,2,1,1,0,8,0,18,1,8,50.0,0.518862,5.868412,5.500607,12.055642,0.901762,0.465208
4265,528,2,0,6,3,4,1,0,2,0,1,1,11,2,2,71.0,0.134526,3.751465,3.002865,1.849211,0.531868,0.324308
3562,300,0,0,6,1,1,1,1,1,0,2,0,9,1,2,77.0,0.739778,6.176305,4.474371,2.789043,0.182296,0.408656
8321,1309,1,0,6,1,2,1,3,1,1,4,0,12,2,4,66.0,0.689372,4.566759,5.328067,49.902412,0.482661,0.614683
15000,1229,2,6,10,1,9,0,1,2,0,4,1,20,2,5,48.5,0.606684,4.466667,5.143715,94.470353,0.888155,0.543659
3506,567,1,0,2,3,4,0,1,1,3,1,0,7,4,1,76.5,0.050019,2.567028,3.104337,4.959459,0.573539,0.323676
6784,1305,2,0,11,1,3,0,1,1,1,3,1,15,2,4,60.0,0.785383,8.991745,5.537959,40.294717,0.409577,0.695685
2205,300,1,0,2,0,3,0,4,0,0,1,1,9,0,2,79.0,0.121945,0.907029,3.677867,5e-05,0.313751,0.177983
13000,1441,0,3,13,1,6,4,5,0,2,2,1,28,2,3,35.5,0.0344,1.0,1.91064,0.218624,0.01693,0.142775
4616,330,1,1,0,0,0,2,2,0,0,3,0,4,0,3,87.5,0.537757,3.89948,5.161862,18.107194,0.89892,0.449732
7256,521,0,0,1,2,1,1,1,0,1,1,0,4,1,1,88.5,0.77633,7.442117,6.393201,98.33967,0.744477,0.699068
4930,429,3,1,0,1,2,0,1,1,1,1,0,3,2,1,88.5,0.104978,1.622718,2.753271,0.899547,0.077176,0.278157
7149,562,2,1,2,1,2,0,0,0,0,3,0,4,0,3,87.5,0.865934,6.294587,5.947165,36.797631,0.654389,0.686655
8550,725,0,0,1,1,2,0,3,0,1,2,0,6,1,2,83.0,0.909097,7.48538,4.719802,35.944167,0.647436,0.68816
5095,557,4,4,12,1,5,2,5,1,2,3,0,24,3,3,41.5,0.233209,1.962709,2.11835,0.781496,0.217571,0.12513
9186,1280,6,1,10,0,6,0,5,3,2,7,1,21,5,8,36.0,0.142846,3.592423,3.433677,15.736146,0.817024,0.262251
2874,510,2,0,5,0,6,0,2,0,0,3,0,13,0,3,69.5,0.994442,10.438413,5.995841,72.963369,0.673471,0.733244
4191,480,2,1,3,4,3,1,1,0,0,3,0,8,0,3,79.5,0.186134,4.294918,4.017194,29.8922,0.911358,0.423305
6264,677,2,1,4,1,6,1,3,3,0,1,0,14,3,1,64.5,0.142016,1.436782,2.971638,1.108987,0.196447,0.244301
2717,346,0,0,6,1,2,0,0,0,0,0,0,8,0,0,84.0,0.075879,0.736106,2.849942,0.0,0.372125,0.19906
7092,699,4,2,6,2,2,0,2,0,1,2,0,10,1,2,75.0,0.292611,3.666103,4.176137,8.063476,0.408871,0.337829
7492,785,3,1,5,0,1,0,0,0,0,0,0,6,0,0,88.0,0.892066,7.207688,6.32791,96.218464,0.280774,0.709697
10637,902,2,1,6,1,2,1,1,0,1,1,1,10,1,2,75.0,0.736491,3.572436,4.259338,29.437647,0.074055,0.446402
15070,1569,2,2,4,1,5,2,3,0,0,3,0,14,0,3,67.5,0.89894,8.161911,6.740303,498.204652,0.503861,0.719188
6789,567,2,1,4,1,6,1,1,1,3,1,2,12,4,3,63.5,0.818434,6.039181,5.593757,10.109502,0.158084,0.587871
8023,982,2,2,4,1,3,1,0,0,0,0,1,8,0,1,82.5,0.566233,5.23495,5.305005,12.869634,0.489942,0.539121
7989,499,0,0,0,1,1,0,2,0,0,0,0,3,0,0,94.0,0.75043,8.636876,5.831489,89.648509,0.996084,0.820039
6821,743,2,1,7,0,4,1,1,1,1,7,1,13,2,8,58.0,0.365673,2.638909,4.563582,8.548817,0.197378,0.426023
3200,300,0,1,3,1,3,0,0,1,0,1,0,6,1,1,84.5,0.327114,5.625,3.522948,5.342261,0.913488,0.510425
8415,927,2,1,3,0,5,0,1,1,1,2,0,9,2,2,75.0,0.756677,4.278075,5.807178,19.048149,0.402603,0.532912
3140,430,1,1,3,0,3,1,3,0,1,5,0,10,1,5,70.5,0.178937,1.910828,4.092527,0.002224,0.703537,0.253913
7720,792,4,1,11,4,8,1,0,2,1,5,2,20,3,7,43.5,0.544324,5.310881,4.630019,41.074895,0.97205,0.538197
18000,1225,1,2,3,2,8,1,1,0,0,0,0,13,0,0,74.0,0.884082,4.611111,6.339265,145.236299,0.695683,0.664819
12286,862,0,1,6,0,0,0,1,1,1,0,0,7,2,0,82.0,0.830006,5.860329,5.577681,115.877087,0.718152,0.695303
2680,391,1,0,3,1,2,1,2,1,0,1,0,8,1,1,80.5,0.230771,3.358209,3.025987,0.008559,0.527179,0.366446
4500,328,1,1,3,0,2,2,1,0,0,0,0,8,0,0,84.0,0.934873,6.222222,6.451832,131.23905,0.99115,0.696225
9053,1258,4,2,11,3,6,0,6,2,0,3,0,23,2,3,45.5,0.50844,3.976582,4.914869,19.697404,0.435912,0.453151
9469,1087,3,1,25,4,13,2,3,2,3,0,2,43,5,2,1.0,0.092227,1.795332,2.761251,5.82161,0.478555,0.202981
15000,1817,2,5,18,2,7,3,3,0,1,3,0,31,1,3,31.5,0.635046,4.066667,5.139263,13.469666,0.400369,0.451477
6048,1062,5,2,9,2,5,0,3,0,1,1,1,17,1,2,61.0,0.101624,1.322751,3.404907,0.205998,0.237972,0.19256
9704,926,4,1,11,0,5,0,4,0,0,4,1,20,0,5,52.5,0.432394,4.328112,5.038401,33.371187,0.308271,0.413834
4779,374,0,1,1,1,2,0,1,0,0,0,0,4,0,0,92.0,0.750826,5.649718,6.518851,25.929888,0.738704,0.675106
5897,824,2,1,8,1,8,1,5,2,0,5,3,22,2,8,40.0,0.369024,3.391555,4.490471,2.657652,0.039371,0.247432
6196,585,0,0,5,0,1,0,5,2,1,1,1,11,3,2,69.0,0.682635,7.424145,5.171186,24.489161,0.018694,0.649527
8371,880,1,0,5,3,5,3,4,1,1,3,2,17,2,5,54.5,0.451129,4.658942,4.918434,76.644405,0.968798,0.500466
8310,997,2,2,4,2,8,1,1,2,0,0,1,14,2,1,66.5,0.612781,5.776173,3.834242,6.162781,0.461692,0.445286
8630,1080,0,3,1,0,5,0,3,1,2,2,1,9,3,3,71.5,0.224922,2.896871,4.148532,4.549967,0.531569,0.400971
8925,621,1,0,2,4,4,1,2,0,1,0,0,9,1,0,80.0,0.841044,6.27451,5.838065,70.984911,0.994959,0.670893
16120,1887,4,5,15,0,7,3,5,1,1,2,0,30,2,2,33.0,0.558341,6.265509,5.421868,61.261673,0.633856,0.613813
9044,565,0,1,1,3,2,0,1,0,1,1,0,4,1,1,88.5,0.908407,8.403361,6.402997,125.80364,0.776594,0.807605
3288,409,0,1,1,1,4,0,1,0,0,2,0,6,0,2,85.0,0.70794,7.29927,5.663934,26.945329,0.578077,0.631536
6029,884,1,0,8,1,0,0,3,1,1,2,0,11,2,2,71.0,0.246929,3.98076,4.408691,7.795564,0.50223,0.292787
13819,1275,1,0,7,1,2,0,3,1,2,4,0,12,3,4,64.0,0.998418,7.815327,5.799964,178.290767,0.36088,0.776187
6495,510,3,0,7,1,3,1,1,1,1,2,0,12,2,2,69.0,0.539903,3.541186,4.987241,19.610273,0.140647,0.407563
7666,834,2,0,5,2,6,1,1,0,0,7,0,13,0,7,63.5,0.789639,5.870076,5.759418,27.576639,0.121374,0.585523
9965,622,1,1,5,0,1,0,2,1,0,5,1,8,1,6,73.0,1.0,8.529854,6.636834,60.677942,0.904478,0.818091
12598,1644,1,1,9,3,8,1,4,2,0,5,2,22,2,7,41.5,0.808528,4.524528,3.856753,40.371127,0.347643,0.482609
3218,480,0,2,3,1,2,0,1,0,1,1,1,6,1,2,83.0,0.2034,2.486016,3.413992,0.646727,0.211396,0.291181
8420,837,2,2,6,1,3,2,2,1,0,1,0,13,1,1,70.5,0.600574,4.513064,2.911464,11.871785,0.214128,0.429382
2829,300,0,0,8,1,7,1,0,0,0,4,2,16,0,6,59.0,0.77556,9.544008,5.869371,42.689604,0.977308,0.695696
9167,1817,0,0,16,2,9,3,2,3,1,4,0,30,4,4,26.0,0.203785,2.83626,3.066796,1.175952,0.286878,0.260392
7511,834,2,1,6,1,1,1,0,1,2,3,2,8,3,5,70.5,0.034044,1.331381,2.412982,0.238951,0.450911,0.154751
5123,672,0,0,4,2,1,1,3,0,0,2,0,9,0,2,79.0,0.528493,3.708764,3.944221,5.077976,0.31453,0.447575
4652,355,0,1,1,0,3,1,0,0,0,1,0,5,0,1,88.5,0.74112,6.878762,5.718522,33.296665,0.487087,0.674109
2200,300,1,0,4,0,1,0,1,0,1,1,0,6,1,1,84.5,0.29368,4.090909,2.927519,3.772814,0.354232,0.284027
13164,1677,2,2,9,6,10,3,2,4,3,5,0,24,7,5,30.5,0.880033,6.153145,4.789598,39.287322,0.340947,0.591696
3108,608,1,0,8,3,2,0,0,0,0,2,1,10,0,3,75.5,0.937783,9.009009,5.820446,122.133812,0.606883,0.713309
8317,885,2,1,7,3,8,0,2,1,2,4,1,17,3,5,52.5,0.531112,3.967777,5.030673,12.824964,0.915987,0.491111
8644,920,2,0,5,1,1,1,1,3,1,8,2,8,4,10,61.0,0.089562,1.503933,1.799354,2.182185,0.124902,0.205573
10745,1511,2,3,11,4,11,1,2,1,2,6,2,25,3,8,32.0,0.48676,4.653327,4.153161,8.385705,0.572391,0.429273
7720,1121,1,1,2,3,2,0,3,0,0,1,2,7,0,3,81.5,0.574931,4.533679,4.171773,8.081635,0.461968,0.477188
7011,936,0,0,7,2,9,3,3,2,3,4,2,22,5,6,37.0,0.037487,1.42633,3.39143,4.645687,0.032827,0.162881
7605,1150,2,1,5,0,5,0,0,1,4,1,0,10,5,1,68.5,0.766903,4.602235,4.941122,13.192513,0.208122,0.546467
12751,796,2,1,7,0,0,0,1,1,0,1,1,8,1,2,79.0,0.941428,8.783625,6.010372,449.853423,0.714062,0.726214
18000,1291,1,0,9,1,4,2,5,2,0,2,0,20,2,2,53.0,0.879857,6.166667,5.511228,123.958167,0.611707,0.660497
7725,809,1,2,9,1,4,1,0,0,1,1,2,14,1,3,65.5,0.607447,4.789644,4.828096,22.351693,0.025592,0.527785
6988,599,1,1,2,1,2,1,0,2,0,2,0,5,2,2,83.0,1.0,6.296508,6.480536,179.224874,0.729991,0.785393
9958,1146,4,2,8,2,9,2,3,1,2,3,0,22,3,3,45.5,0.330908,2.309701,3.167657,4.135872,0.337976,0.227516
11000,1609,3,3,15,2,14,4,3,1,1,9,1,36,2,10,9.0,0.028768,1.727273,2.839109,0.849068,0.20957,0.12903
15000,1167,3,5,14,3,9,4,2,1,5,9,2,29,6,11,13.5,0.592896,5.333333,5.231598,33.639262,0.886805,0.438753
11000,1461,1,1,16,0,6,0,5,0,3,5,0,27,3,5,32.5,0.148551,1.909091,2.660299,2.881441,0.155556,0.143699
2790,330,0,0,1,2,2,0,3,0,0,1,0,6,0,1,86.5,0.605068,4.301075,6.043483,0.686453,0.908959,0.546193
11275,1220,1,1,13,1,6,0,1,0,0,4,1,20,0,5,52.5,0.514408,7.184035,4.957236,60.076613,0.560192,0.522066
6181,959,2,2,2,3,8,1,3,0,1,2,0,14,1,2,67.0,0.181786,2.750364,4.371545,7.757364,0.3306,0.275291
6082,703,1,0,3,0,0,2,1,0,1,1,1,6,1,2,83.0,0.475689,6.576784,3.960702,12.584994,0.344545,0.522359
6214,812,1,2,8,0,9,2,1,1,3,6,2,20,4,8,40.0,0.071774,1.448342,3.012076,1.55823,0.257419,0.189412
6819,972,2,1,5,2,6,0,1,0,1,5,0,12,1,5,66.5,0.527894,3.372929,3.398178,7.933,0.218226,0.424669
8167,866,4,1,10,2,4,0,6,3,1,12,1,20,4,13,32.5,0.207239,1.101996,3.761055,0.00017,0.204879,0.152177
4474,612,2,3,4,2,9,0,1,1,1,4,1,14,2,5,60.5,0.147495,2.011623,2.978743,3.177373,0.152825,0.191186
10647,769,4,4,9,3,6,1,6,0,2,4,0,22,2,4,46.0,0.425744,3.56908,4.079365,46.624795,0.955402,0.405516
5728,446,0,1,4,1,3,0,3,0,1,0,0,10,1,0,78.0,0.661777,3.840782,3.992575,11.766024,0.044931,0.422486
8490,530,0,0,0,0,1,0,0,0,1,1,0,1,1,1,94.5,0.863449,8.480565,5.865281,276.51716,0.948619,0.808509
12223,1047,3,1,5,0,5,1,1,0,1,0,0,12,1,0,74.0,0.476683,4.172462,3.694005,33.162154,0.836223,0.58395
10584,1215,0,0,3,1,7,0,2,0,2,1,1,12,2,2,69.0,0.783479,4.440665,5.224606,37.564452,0.22464,0.563319
13827,1138,2,0,15,1,9,0,5,1,2,4,3,29,3,7,25.5,0.557806,4.77327,4.81996,25.496543,0.814935,0.492562
6268,701,5,3,6,2,7,2,3,2,0,3,1,18,2,4,54.0,0.02543,3.988513,2.804171,1.807768,0.664229,0.271051
10493,1559,3,0,16,3,7,2,3,1,0,3,0,28,1,3,37.5,0.510071,3.621462,4.443865,21.090301,0.569121,0.447501
9812,851,2,1,6,3,2,1,2,1,0,4,0,11,1,4,70.0,0.224655,4.688137,5.613419,23.114331,0.939242,0.504991
9546,889,0,3,3,3,3,0,3,0,0,4,0,9,0,4,76.0,0.819647,4.294993,4.533389,14.607319,0.209301,0.576534
2953,441,1,0,6,0,7,0,1,2,0,1,0,14,2,1,66.5,0.123971,5.07958,4.337451,10.896119,0.644913,0.385456
5758,435,0,0,4,1,4,0,1,0,0,0,0,9,0,0,82.0,0.370633,5.904828,3.520023,15.513494,0.170649,0.41759
4844,402,1,1,4,1,7,0,1,1,0,1,0,12,1,1,72.5,0.694436,4.541701,4.664853,16.520441,0.326293,0.446796
4500,316,1,0,6,0,1,0,0,0,0,0,1,7,0,1,84.5,0.826328,9.555556,5.563398,34.767087,0.82121,0.748942
14720,991,2,0,3,1,2,2,1,1,2,0,0,8,3,0,78.0,0.872362,5.978261,5.829257,94.034367,0.74156,0.795694
4116,460,1,1,4,0,4,0,1,1,1,2,1,9,2,3,73.5,0.243311,1.943635,2.928708,2.065319,0.125758,0.238601
6404,426,4,0,1,7,2,1,0,1,0,4,0,4,1,4,84.0,0.608579,3.591505,5.557238,55.763741,0.918803,0.625503
8413,1073,2,3,7,3,4,0,3,2,2,2,1,14,4,3,59.5,0.121025,2.971592,3.355047,6.719274,0.642449,0.28549
6899,1086,1,3,9,1,4,2,4,5,1,3,1,19,6,4,44.0,0.21585,2.02928,3.446056,4.555289,0.251061,0.191237
11014,1339,2,0,3,2,4,1,2,2,3,9,2,10,5,11,53.5,0.355933,3.450154,3.353951,15.260727,0.633199,0.492195
11677,2675,7,1,20,4,12,3,1,1,0,9,3,36,1,12,8.0,0.994367,9.334589,5.664898,149.497777,0.493593,0.727638
5641,568,1,1,6,1,4,0,2,0,0,0,1,12,0,1,74.5,0.509317,4.077291,5.393033,9.277529,0.361965,0.413146
13663,1635,4,3,17,3,5,2,3,1,0,4,1,27,1,5,36.5,0.609303,4.903755,3.362171,19.157036,0.068568,0.435733
6134,1263,2,2,14,0,4,0,1,0,4,0,0,19,4,0,54.0,0.146007,1.793283,4.828802,2.153793,0.360481,0.233191
10129,1014,3,2,16,1,10,0,2,0,2,6,0,28,2,6,31.0,0.530212,3.554151,5.54937,16.927396,0.041998,0.422408
6799,522,0,1,3,2,3,0,2,1,0,0,0,8,1,0,82.0,0.557214,5.441977,4.411085,6.943844,0.099898,0.428998
8420,927,3,0,12,0,9,1,2,1,0,1,1,24,1,2,47.0,0.580202,6.769596,4.332629,31.43464,0.675806,0.452394
7692,572,1,0,5,1,0,0,1,0,1,0,0,6,1,0,86.0,1.0,6.630265,7.374381,217.520719,0.708847,0.793854
5264,426,1,2,2,1,0,2,2,1,1,2,1,6,2,3,79.5,0.905069,5.889058,4.530745,68.45444,0.873637,0.618266
13000,1628,1,0,10,1,13,2,4,2,1,3,0,29,3,3,31.5,0.141001,2.153846,3.38844,2.165931,0.520939,0.257631
12428,782,2,0,4,0,3,0,0,0,0,1,1,7,0,2,83.0,0.637452,6.195687,5.514602,67.516779,0.906819,0.782006
5575,623,2,0,1,0,3,0,2,0,1,1,1,6,1,2,83.0,0.675586,5.560538,3.932449,11.948797,0.282922,0.448577
17472,1195,1,1,8,0,2,0,0,2,2,1,1,10,4,2,69.0,0.919143,7.09707,6.215631,198.04115,0.883842,0.709194
4500,300,1,0,1,0,2,0,0,0,0,0,1,3,0,1,92.5,0.880422,7.555556,6.113937,55.022939,0.838366,0.763572
7985,674,1,0,5,1,5,0,4,1,1,3,1,14,2,4,62.0,0.382527,5.886036,4.987823,17.592136,0.82556,0.492789
18000,1269,4,1,9,2,2,0,3,0,0,2,0,14,0,2,69.0,0.69417,8.222222,5.461207,211.763908,0.634154,0.658351
5218,773,2,3,13,0,8,1,2,0,1,4,2,24,1,6,41.0,0.932978,4.791108,7.11616,117.187905,0.833717,0.667142
5801,737,3,0,7,0,2,1,3,0,0,4,0,13,0,4,68.0,0.309786,2.758145,4.175173,7.655423,0.620648,0.423001
2317,300,1,0,1,2,1,0,2,0,0,1,0,4,0,1,90.5,0.0,2.589555,3.033815,2.089403,0.498008,0.292808
13098,818,3,0,2,0,3,0,2,0,0,2,0,7,0,2,83.0,0.957537,7.023973,6.343698,346.542259,0.849594,0.760533
9991,1449,1,2,2,2,3,2,0,0,0,4,0,7,0,4,80.0,0.11016,1.901712,3.708335,4.767253,0.254756,0.334628
11000,1258,3,1,9,3,12,1,2,3,0,4,1,24,3,5,38.5,0.27903,2.909091,3.492073,15.954829,0.546757,0.298403
12593,1161,1,2,10,1,6,3,1,1,0,2,2,20,1,4,52.0,0.0,1.826411,2.811421,3.834821,0.325046,0.269235
12096,1301,3,0,10,1,7,1,4,4,0,2,0,22,4,2,45.0,0.842422,4.298942,4.787579,27.739276,0.182819,0.525553
4266,415,2,1,4,1,3,1,3,1,0,1,0,11,1,1,74.5,0.246404,1.875293,3.004688,2.247837,0.185182,0.262149
18000,1125,0,0,8,0,2,2,1,1,1,0,0,13,2,0,70.0,0.848254,5.333333,6.660412,398.972112,0.983465,0.719788
16500,1240,1,4,10,2,8,1,5,2,0,7,1,24,2,8,36.0,0.584918,4.121212,5.648203,31.799243,0.951711,0.62195
6533,509,1,0,5,0,2,0,1,0,2,2,1,8,2,3,75.5,0.822114,5.969692,5.443251,12.244334,0.023466,0.589457
6653,467,1,1,4,3,7,0,0,1,0,0,0,11,1,0,76.0,1.0,9.61972,6.912321,36.867491,0.770962,0.774179
11000,1436,2,0,14,2,9,1,6,2,1,5,2,30,3,7,23.5,0.101733,1.818182,2.552215,1.953787,0.475441,0.212364
8065,831,1,0,7,0,4,1,4,0,1,0,1,16,1,1,64.5,0.521494,4.215747,4.443353,6.547642,0.621597,0.541025
2600,300,0,2,1,0,2,0,0,0,1,2,0,3,1,2,89.0,0.555591,4.615385,4.425355,2.80246,0.406466,0.411308
15000,1817,5,4,13,1,7,1,3,1,4,7,4,24,5,11,25.5,0.622381,6.066667,5.163163,115.147969,0.380417,0.453585
11006,814,2,0,6,2,6,0,4,1,1,3,1,16,2,4,58.0,0.428518,2.907505,5.047992,16.692112,0.86274,0.423335
13000,1234,3,2,10,3,7,1,4,3,2,8,0,22,5,8,34.0,0.062412,3.153846,3.343165,7.740235,0.49981,0.185248
4328,744,1,1,11,2,11,0,1,2,0,1,0,23,2,1,48.5,0.951149,9.935305,5.421782,141.619696,0.572758,0.737029
6731,891,2,0,10,1,3,1,1,0,0,2,1,15,0,3,65.5,0.63861,5.496954,4.121373,15.841657,0.426962,0.528328
2600,320,0,1,3,1,2,0,1,1,1,1,0,6,2,1,82.5,0.50003,3.461538,4.540845,12.679262,0.654261,0.437402
4326,650,1,0,4,0,7,1,2,1,2,2,0,14,3,2,63.0,0.167617,3.929727,3.26146,3.668597,0.572285,0.2678
9297,1033,1,2,6,0,5,1,3,2,1,0,0,15,3,0,64.0,0.59543,4.410025,4.571924,17.434587,0.690831,0.47898
12628,1336,6,3,12,2,8,0,4,1,2,6,4,24,3,10,31.0,0.513989,3.56351,4.54291,12.424328,0.204316,0.424634
4417,478,2,0,6,1,2,0,2,0,0,3,2,10,0,5,72.5,0.166244,2.943174,2.790139,1.118875,0.072577,0.245343
7277,1008,6,1,5,3,5,2,4,0,2,10,1,16,2,11,47.5,0.121026,3.160643,2.861044,1.934643,0.645194,0.308672
3200,300,0,0,4,0,2,1,1,1,0,0,0,8,1,0,82.0,0.202208,4.6875,3.536743,4.997847,0.659035,0.402201
4989,387,1,1,3,0,2,0,0,0,0,3,0,5,0,3,85.5,0.564429,3.808378,4.02867,55.100719,0.814112,0.54399
3200,300,1,0,4,1,0,1,2,1,0,0,0,7,1,0,84.0,0.371147,5.0,3.997047,1.14173,0.08623,0.42388
11794,837,5,2,7,2,6,1,1,1,0,4,0,15,1,4,62.0,0.504355,5.25691,4.443568,63.015238,0.92249,0.459674
10949,1642,2,1,11,5,11,1,4,1,0,8,1,27,1,9,30.5,0.124909,4.018632,4.828783,19.315428,0.591551,0.425356
4506,480,0,1,5,0,4,1,3,0,0,2,0,13,0,2,71.0,0.49822,4.2166,4.191728,9.487439,0.88044,0.503796
13913,1691,1,2,10,0,7,0,1,2,3,6,2,18,5,8,42.0,0.348277,3.737512,4.417787,34.477084,0.59027,0.419598
1500,300,0,0,3,0,2,1,0,0,0,1,0,6,0,1,86.5,0.180954,6.0,2.88414,0.449878,0.83122,0.355319
4500,303,0,0,3,2,1,0,0,0,0,1,0,4,0,1,90.5,0.896286,7.555556,6.0811,36.737077,0.580734,0.739646
8692,1271,4,1,19,2,6,0,3,2,2,7,4,28,4,11,19.5,0.856216,9.664059,5.509884,183.446838,0.794286,0.724985
8674,1127,4,2,11,2,7,2,7,2,1,1,0,27,3,1,38.5,0.027225,2.190454,2.717082,2.500135,0.713444,0.213795
9462,1132,4,2,11,0,6,3,3,0,1,5,0,23,1,5,44.5,0.691542,4.227436,4.160573,7.911983,0.597607,0.510519
4995,740,3,2,12,0,13,1,2,3,0,3,2,28,3,5,30.5,0.910735,8.808809,6.265245,45.741013,0.337831,0.656995
4145,488,0,1,4,4,3,1,3,1,1,2,1,11,2,3,69.5,0.018769,0.482509,1.0,0.010418,0.0034,0.174614
11148,1406,3,1,7,3,7,1,0,2,2,9,0,15,4,9,48.5,0.322667,3.767492,3.51689,11.209204,0.629816,0.407993
18000,1836,3,2,5,2,6,2,1,1,0,5,1,14,1,6,61.0,0.720061,6.555556,5.869083,59.195023,0.519426,0.70743
9969,1002,1,0,1,0,1,0,1,0,1,1,3,3,1,4,86.0,0.69445,4.814926,6.027169,43.636942,0.359864,0.662615
10289,769,1,2,7,0,2,3,1,1,0,2,1,13,1,3,67.5,0.737238,4.373603,4.768377,20.620779,0.08585,0.549862
4500,300,1,0,4,0,2,0,1,0,0,3,0,7,0,3,81.5,0.51157,7.333333,5.351894,33.495072,0.886589,0.658334
11222,845,1,1,5,2,9,1,2,2,0,4,1,17,2,5,54.5,0.74132,6.415969,4.562329,34.45543,0.209915,0.557371
11468,1516,2,1,10,3,6,0,1,0,3,2,0,17,3,2,57.0,0.273803,2.615975,3.840791,8.107065,0.412012,0.298941
2033,300,1,1,2,0,1,0,0,1,0,1,0,3,1,1,90.5,0.186458,0.983768,1.0,0.0,0.032453,0.162725
9801,998,2,3,3,1,2,1,1,2,1,4,1,7,3,5,72.5,0.445941,3.571064,4.136065,8.215603,0.013369,0.422176
4500,335,1,0,6,1,1,0,0,0,0,1,0,7,0,1,84.5,0.585602,8.888889,4.76334,26.301086,0.75602,0.700785
3728,456,3,0,7,2,4,0,2,0,2,1,1,13,2,2,67.0,0.07884,4.828326,3.193245,1.734812,0.4418,0.31771
4626,638,2,0,9,1,3,1,2,0,0,1,0,15,0,1,68.5,0.258778,3.891051,3.988363,9.435422,0.393321,0.409995
2431,312,0,0,5,2,1,0,0,1,0,1,0,6,1,1,84.5,0.260522,3.290827,2.896235,1.857147,0.592621,0.289508
4463,488,0,1,3,2,2,1,1,0,0,7,0,7,0,7,75.5,0.549636,4.705355,6.257474,90.925589,0.854123,0.541054
8262,860,5,2,10,0,9,0,1,3,1,6,2,20,4,8,40.0,0.028791,1.936577,1.840329,0.563588,0.236837,0.147891
4595,360,0,0,4,0,5,1,1,0,1,4,1,11,1,5,68.5,0.24497,2.393906,2.850216,1.639626,0.825709,0.317679
9417,983,3,2,10,0,7,0,1,6,1,6,2,18,7,8,38.0,0.034122,1.805246,3.092444,6.021762,0.191694,0.219612
3736,478,1,0,3,0,3,0,1,0,1,4,0,7,1,4,78.0,0.452655,6.156317,4.604625,11.436747,0.471185,0.475591
8204,882,1,0,3,1,2,2,1,0,0,4,1,8,0,5,76.5,0.640137,6.704047,4.682314,57.621966,0.34746,0.633734
16500,1376,2,1,13,2,4,0,1,4,0,3,3,18,4,6,47.0,0.655716,4.060606,4.905741,39.308026,0.202251,0.477899
8708,1082,1,2,5,2,5,1,2,3,0,2,0,13,3,2,65.0,0.155977,3.215434,3.619639,9.582886,0.381818,0.350598
3479,378,2,0,5,0,2,0,1,1,1,3,1,8,2,4,74.0,0.070801,1.724634,4.316975,0.003791,0.277698,0.22858
13568,904,0,0,8,3,6,1,1,2,0,1,0,16,2,1,62.5,0.943516,7.001769,5.568222,76.366593,0.844983,0.683134
3281,395,1,0,1,1,0,0,4,0,0,0,0,5,0,0,90.0,0.43734,3.047851,4.57602,15.69573,0.348402,0.42315
8107,1064,4,4,10,0,8,2,3,5,0,8,2,23,5,10,29.0,0.05548,2.590354,4.15467,2.843882,0.565835,0.218745
5061,510,1,1,5,1,9,1,4,1,0,4,0,19,1,4,54.0,0.071718,1.580715,2.02499,0.13988,0.159089,0.111486
11292,1430,5,1,10,0,6,4,7,1,0,2,2,27,1,4,38.0,0.789189,5.667729,4.879426,24.166174,0.27421,0.572949
7596,474,0,1,5,0,2,1,0,0,1,2,0,8,1,2,79.0,0.836563,7.240653,6.182469,84.558942,0.980072,0.731398
7283,777,1,2,1,0,2,0,1,0,0,1,0,4,0,1,90.5,0.770281,9.74873,5.879254,124.881604,0.53354,0.799326
3711,524,1,1,2,1,0,1,1,1,0,4,0,4,1,4,84.0,0.111089,1.886284,2.512415,7.326948,0.579667,0.288423
3200,365,0,0,1,0,2,0,0,0,1,1,0,3,1,1,90.5,0.45213,3.4375,4.505041,5.525518,0.279473,0.459117
6459,1161,2,2,9,3,2,2,0,2,1,3,2,13,3,5,60.5,0.17355,2.012695,4.369726,0.26445,0.473157,0.316428
4850,535,0,1,3,1,2,0,1,1,0,0,0,6,1,0,86.0,0.655528,3.917526,5.525017,19.568869,0.342984,0.566174
7746,777,1,2,4,0,3,0,1,1,0,1,0,8,1,1,80.5,0.766204,5.422153,4.868367,27.5328,0.237781,0.509389
7975,836,2,1,10,2,6,2,1,2,0,1,1,19,2,2,55.0,0.477727,5.015674,4.450106,48.541949,0.949426,0.469332
3706,554,0,1,5,0,7,1,1,1,0,5,1,14,1,6,61.0,0.462515,3.237992,4.663434,24.976291,0.330008,0.421913
3740,418,0,0,3,0,0,1,2,0,0,2,0,6,0,2,85.0,0.655486,4.812834,4.787527,8.123012,0.551019,0.493477
4064,619,0,1,2,2,6,0,0,2,1,4,2,8,3,6,69.0,0.08914,1.476378,2.836428,0.050281,0.058496,0.165855
3584,420,1,0,1,0,2,0,0,0,2,0,0,3,2,0,90.0,0.719705,5.301339,5.365296,11.859323,0.33514,0.624444
7146,659,2,1,4,1,5,1,2,0,2,4,1,12,2,5,64.5,0.350467,4.198153,4.622928,29.761782,0.720405,0.469949
5172,755,1,3,3,1,6,0,4,2,0,2,1,13,2,3,65.5,0.148721,2.126837,3.982513,2.352407,0.392057,0.315596
13292,958,2,4,10,3,8,0,4,3,2,7,3,22,5,10,31.0,0.512582,5.341559,5.646134,31.992241,0.97312,0.444235
5476,856,0,1,5,1,5,0,2,0,0,0,1,12,0,1,74.5,0.568024,4.565376,4.62215,11.275894,0.22437,0.449619
7477,720,1,0,7,2,2,0,2,0,1,0,0,11,1,0,76.0,0.829383,5.483483,6.602529,39.50239,0.503025,0.702945
5909,626,2,3,7,2,3,2,2,0,4,9,0,14,4,9,50.5,0.148682,1.184634,4.439826,0.278264,0.125514,0.210466
16500,1894,1,0,4,1,6,2,4,0,3,5,0,16,3,5,54.5,0.726308,4.666667,4.424887,66.966396,0.400268,0.603646
7281,861,4,1,17,4,10,0,1,0,0,5,0,28,0,5,36.5,0.773625,7.141876,5.285948,195.24685,0.95391,0.665761
9156,622,1,2,4,0,3,0,2,1,1,4,0,9,2,4,72.0,0.625468,7.426824,5.225232,174.057654,0.923782,0.607305
4717,640,2,1,6,0,3,2,2,1,1,1,0,13,2,1,68.5,0.481357,2.967988,3.420452,4.071326,0.107795,0.299461
4032,529,0,1,4,2,3,0,3,1,2,1,0,10,3,1,72.5,0.20179,2.232143,3.314224,0.830202,0.351397,0.285311
2800,583,2,1,3,3,2,1,0,1,0,4,1,6,1,5,78.5,0.880474,8.571429,5.785619,38.49275,0.414699,0.712512
9981,1053,2,1,6,2,8,0,5,4,2,3,0,19,6,3,45.5,0.727468,5.41028,5.202301,49.53309,0.189719,0.522372
13000,1430,3,2,8,2,12,0,3,2,1,2,0,23,3,2,45.0,0.0,2.384615,3.95498,1.309375,0.339999,0.261803
4105,781,2,1,5,1,3,2,2,1,0,4,0,12,1,4,68.0,0.2554,3.897686,3.289949,9.971019,0.309411,0.48282
9318,1224,5,3,22,3,18,1,3,0,1,6,3,44,1,9,0.0,0.875725,5.580597,5.635275,96.67962,0.677018,0.659463
16313,1030,3,0,4,0,2,1,4,1,4,5,0,11,5,5,60.5,0.83774,7.6626,6.026006,135.977028,0.872885,0.663278
17974,1401,0,0,2,1,6,0,4,0,0,2,0,12,0,2,73.0,0.936145,7.232669,6.405865,187.097928,0.705839,0.720118
7785,536,0,0,4,0,2,0,2,0,0,0,1,8,0,1,82.5,0.8958,6.936416,6.322198,52.197386,0.708636,0.678889
18000,1170,1,3,2,1,3,1,2,0,0,2,0,8,0,2,81.0,0.970412,8.166667,6.361006,149.632137,0.776751,0.797718
7071,537,0,1,2,0,2,1,2,2,0,0,0,7,2,0,82.0,0.701592,8.202517,5.23323,196.982945,0.621193,0.718937
14000,1749,3,2,30,7,20,3,7,0,1,9,2,60,1,11,0.0,0.902632,6.785714,6.817835,263.542164,0.964187,0.715189
3576,532,2,2,13,1,5,1,0,1,2,3,0,19,3,3,51.5,0.10198,0.838926,4.488432,1e-05,0.184948,0.141953
3660,345,1,0,8,0,0,1,4,1,1,1,2,13,2,3,65.5,0.596287,1.912568,6.668975,3.571575,0.091239,0.414954
8778,610,1,0,4,1,1,0,1,0,0,2,0,6,0,2,85.0,0.923556,7.86056,6.525567,300.787871,0.637207,0.742464
3529,573,0,2,8,2,2,0,0,4,2,1,0,10,6,1,66.5,0.148178,0.566733,1.0,0.095982,0.178272,0.174021
18000,1125,4,0,13,2,7,0,1,2,2,0,1,21,4,1,48.5,0.996968,5.888889,5.600968,174.145953,0.655955,0.725147
4933,845,1,2,11,0,2,1,0,2,1,8,0,14,3,8,54.0,0.363904,3.446179,3.764355,7.063113,0.385393,0.385093
5404,519,3,1,3,1,3,2,0,1,3,2,2,8,4,4,70.0,0.36929,4.441155,4.538999,16.839895,0.98659,0.423328
4580,777,2,1,5,1,4,0,1,0,0,4,0,10,0,4,74.0,0.671603,6.768559,4.969592,22.023328,0.784844,0.702748
5487,651,1,1,4,2,4,0,1,0,1,1,0,9,1,1,78.5,0.180182,3.280481,4.415385,5.050316,0.683652,0.305062
5216,335,0,0,3,1,5,0,1,1,2,1,0,9,3,1,74.5,0.847784,5.751534,5.331972,66.51021,0.855616,0.583562
8932,945,1,0,5,0,1,0,2,1,2,4,1,8,3,5,70.5,0.521056,4.030452,4.793272,9.054538,0.330553,0.439489
3940,358,1,1,5,1,2,1,1,0,0,3,0,9,0,3,77.5,0.115227,3.045685,2.406396,0.341186,0.78944,0.292237
5854,674,1,0,3,0,4,0,0,1,0,3,0,7,1,3,79.5,0.737896,4.441408,3.544053,6.987766,0.185947,0.464622
7097,674,0,0,2,1,6,0,2,3,1,5,0,10,4,5,64.5,0.429083,3.240806,3.945382,6.317151,0.36868,0.407782
7971,1288,3,2,22,3,17,1,1,2,1,3,0,41,3,3,7.5,0.875797,7.903651,6.25241,254.577392,0.706138,0.676703
12036,937,1,0,3,0,3,3,0,1,0,1,1,9,1,2,77.0,0.980633,5.89897,5.403261,180.812481,0.477117,0.737652
2800,458,0,1,5,1,4,1,1,0,1,3,1,11,1,4,70.0,0.772736,9.642857,5.776877,19.704465,0.712894,0.735708
3891,613,0,1,5,1,4,0,0,2,0,4,0,9,2,4,72.0,0.606557,6.682087,4.417033,12.940699,0.552755,0.497281
2200,300,0,0,0,0,1,2,0,0,1,2,0,3,1,2,89.0,0.033855,0.454545,1.0,0.0,0.720935,0.250432
2411,413,1,5,5,1,4,1,1,0,1,2,1,11,1,3,71.5,0.02085,2.073828,3.12214,0.659426,0.822953,0.265425
8603,991,2,1,5,0,7,3,1,3,2,2,0,16,5,2,55.0,0.821228,4.998256,5.069604,13.834233,0.344143,0.514846
8659,553,3,0,4,0,1,1,1,0,0,5,0,7,0,5,78.5,0.838814,8.892482,6.56793,311.854656,0.829598,0.772389
10856,799,0,0,5,0,4,1,0,1,0,2,0,10,1,2,75.0,0.878288,7.277082,6.128908,66.411709,0.688214,0.763644
13496,915,1,1,4,1,4,0,2,1,1,2,0,10,2,2,73.0,0.802041,6.14997,6.380456,90.136999,0.858912,0.671525
9685,843,1,0,6,2,4,0,2,2,1,7,0,12,3,7,59.5,0.595416,3.613836,4.579094,13.086429,0.09696,0.474078
8573,1197,1,1,6,1,4,0,4,2,1,5,0,14,3,5,58.5,0.322545,4.082585,3.554366,14.437822,0.254304,0.422784
1500,300,1,0,6,0,4,0,1,1,0,1,0,11,1,1,74.5,0.147035,1.333333,2.598328,0.027332,0.166333,0.171781
14788,1608,3,4,4,5,6,3,2,0,1,2,2,15,1,4,62.0,0.557144,4.192589,4.694194,9.385482,0.310619,0.412112
6326,404,0,0,4,0,3,0,1,0,0,3,1,8,0,4,78.0,0.983511,7.271578,5.715574,157.990818,0.755344,0.767386
5270,674,0,1,4,1,4,1,2,1,1,1,0,11,2,1,72.5,0.73772,5.313093,4.708264,8.399422,0.354708,0.491504
3526,411,0,0,0,1,2,0,2,0,1,0,0,4,1,0,90.0,0.06914,2.552467,2.36421,0.248596,0.373101,0.291729
7892,493,1,0,4,1,0,0,0,0,0,0,1,4,0,1,90.5,0.984595,8.109478,6.192511,130.508677,0.819592,0.80013
13000,2185,3,7,8,2,7,3,3,0,1,3,0,21,1,3,51.5,0.169294,2.846154,3.219071,3.898275,0.293308,0.296677
5128,508,1,0,7,4,5,2,1,1,0,3,0,15,1,3,63.5,0.559761,5.265211,4.666043,17.230124,0.789547,0.468553
4722,597,6,0,4,4,2,1,0,0,0,3,0,7,0,3,81.5,0.157421,1.482423,4.534721,0.863379,0.231743,0.241394
11007,1559,4,3,11,2,5,0,3,1,1,1,0,19,2,1,56.5,0.156508,2.452984,2.629917,1.85313,0.507766,0.273855
6466,493,1,1,8,1,7,0,1,2,0,3,1,16,2,4,58.0,0.534917,3.557068,5.250775,20.900979,0.824265,0.461349
9702,1160,4,0,8,2,6,1,3,2,0,2,0,18,2,2,57.0,0.139659,1.546073,3.207797,5.458589,0.180594,0.182196
8460,1080,5,2,13,1,8,0,1,0,2,5,2,22,2,7,41.5,0.385875,4.137116,4.129419,11.8001,0.721685,0.408397
7708,1054,6,2,14,3,9,1,2,2,1,3,3,26,3,6,33.0,0.134823,3.113648,2.977869,0.480828,0.348457,0.234624
8041,1203,2,1,5,3,4,0,1,1,1,4,0,10,2,4,70.0,0.25092,3.606517,4.846147,15.561312,0.504167,0.417224
4017,371,1,0,3,0,6,0,0,0,1,3,0,9,1,3,75.5,0.130446,1.991536,2.997611,3.74547,0.19626,0.225037
3366,437,0,0,4,0,0,0,1,1,0,0,0,5,1,0,88.0,0.902084,5.347594,5.863377,12.870264,0.245608,0.547412
7175,787,2,0,6,0,4,1,2,2,0,0,0,13,2,0,70.0,0.703743,4.320557,5.577561,16.446277,0.316691,0.470339
13668,1059,2,0,6,4,2,1,1,0,0,4,0,10,0,4,74.0,0.830406,7.023705,6.662933,99.518349,0.875474,0.753816
6037,1105,0,3,8,1,8,0,3,1,1,1,1,19,2,2,55.0,0.131745,1.490807,1.901411,1.922351,0.249937,0.111319
3486,484,2,1,3,0,0,1,0,1,1,0,0,4,2,0,88.0,0.380934,2.008032,3.665204,0.853877,0.632009,0.312611
2612,381,0,1,4,0,4,0,1,0,1,3,3,9,1,6,71.0,0.20736,1.914242,3.12957,2.569514,0.599316,0.300843
6420,556,3,1,6,1,3,0,2,0,0,2,0,11,0,2,75.0,0.41933,4.984424,4.058465,15.967794,0.947349,0.49578
13909,1334,1,1,7,0,3,3,1,2,0,1,0,14,2,1,66.5,0.635136,4.313754,5.199757,19.212994,0.381431,0.425916
11374,710,4,1,7,1,5,1,0,0,0,1,1,13,0,2,71.0,0.801607,6.242307,5.930265,35.012811,0.913156,0.653495
15000,1902,6,1,17,1,13,1,3,0,0,7,4,34,0,11,15.5,0.501215,2.666667,5.038151,17.508993,0.37533,0.420454
9581,1182,6,7,20,1,8,1,5,3,2,10,1,34,5,11,5.5,0.144355,2.504958,2.867494,3.75979,0.755529,0.191665
9369,1268,5,3,11,4,11,0,5,0,0,6,4,27,0,10,31.0,0.065682,1.387555,2.680338,0.351409,0.333743,0.166505
4954,575,0,1,4,1,4,1,0,0,0,3,0,9,0,3,77.5,0.519534,5.046427,4.757833,15.890531,0.251272,0.405148
9464,820,0,2,4,1,2,1,2,5,1,5,0,9,6,5,62.5,0.599074,6.022823,4.747209,23.796408,0.21056,0.470456
5898,631,0,0,3,0,2,0,1,2,0,2,0,6,2,2,81.0,0.673876,8.646999,5.168634,26.297718,0.327073,0.618946
6186,885,2,3,12,3,9,2,0,1,2,5,0,23,3,5,40.5,0.952679,6.789525,6.302164,175.871155,0.710079,0.659804
10502,1211,2,0,10,2,6,0,3,2,5,2,1,19,7,3,43.5,0.0,2.761379,2.735157,0.840387,0.703325,0.261924
5617,623,0,1,1,0,2,0,0,1,0,0,0,3,1,0,92.0,0.892328,5.162898,4.789477,37.44577,0.317377,0.650728
13168,829,2,0,8,1,3,0,1,0,1,3,1,12,1,4,68.0,0.926779,8.277643,5.857279,406.564549,0.917242,0.710535
4506,660,4,0,13,1,11,0,3,1,1,2,1,27,2,3,37.5,0.756142,9.986684,6.622842,197.964732,0.95968,0.719433
16300,1379,1,2,15,0,1,2,1,2,3,1,0,19,5,1,50.5,1.0,6.932515,6.482347,113.712874,0.60298,0.686527
7944,1233,1,0,8,3,5,1,2,2,1,6,1,16,3,7,51.5,0.060141,1.258812,4.164467,0.272643,0.378944,0.217416
5188,555,0,0,3,5,7,2,4,0,0,5,1,16,0,6,59.0,0.167544,3.276793,3.628889,3.479302,0.17005,0.175952
2908,362,0,1,7,1,1,0,1,0,0,1,2,9,0,3,77.5,0.278264,1.375516,3.543419,0.254002,0.476989,0.264905
8820,578,0,1,9,0,1,1,0,1,0,1,1,11,1,2,73.0,0.89225,7.482993,6.460474,69.346077,0.776064,0.754639
9774,1352,1,2,10,0,9,0,1,1,0,1,0,20,1,1,56.5,0.645814,6.138735,4.813973,23.678746,0.595494,0.569267
5667,1036,4,2,5,3,5,0,1,1,0,1,1,11,1,2,73.0,0.274655,1.941062,2.941724,2.111812,0.275363,0.324377
4558,684,3,3,5,2,4,0,3,2,1,2,1,12,3,3,65.5,0.074137,1.316367,1.777633,0.514855,0.081235,0.181109
14791,924,2,2,8,1,1,1,5,0,0,1,1,15,0,2,67.0,0.921182,6.896085,6.847967,476.70617,0.915734,0.75143
6326,618,2,2,2,0,5,0,3,0,0,3,1,10,0,4,74.0,0.457627,3.003478,3.560798,25.98886,0.509309,0.403778
13000,1129,2,1,8,4,3,3,5,0,1,1,2,19,1,3,55.5,0.04539,1.769231,2.978197,8.709642,0.531391,0.240597
2200,300,1,1,2,0,1,1,1,0,1,4,0,5,1,4,82.0,0.058897,1.818182,1.862686,0.102445,0.706871,0.237734
13905,1783,2,7,22,4,19,4,8,0,2,7,2,53,2,9,0.0,0.901548,7.407407,6.205591,368.872506,0.88836,0.652708
13385,2348,8,5,30,1,20,3,5,1,1,14,4,58,2,18,0.0,0.946604,8.292865,5.776784,94.849216,0.821278,0.657986
12097,1324,1,2,9,2,9,3,4,0,1,5,3,25,1,8,36.0,0.042542,2.397289,2.701846,8.868708,0.400261,0.252183
16500,2040,0,1,7,2,5,1,2,0,0,4,0,15,0,4,64.0,0.373725,3.151515,4.644449,33.593696,0.406269,0.406303
5878,699,3,1,9,4,3,3,2,0,2,5,0,17,2,5,54.5,0.068537,2.89214,3.760835,3.730355,0.778853,0.267818
5858,496,1,0,4,2,0,1,3,1,1,2,1,8,2,3,75.5,0.658052,5.291909,4.4811,23.879466,0.939174,0.625276
18000,1125,2,1,8,2,6,0,4,2,2,0,1,18,4,1,54.5,0.77,8.0,5.921526,99.468789,0.756153,0.672777
18000,1125,2,5,8,0,6,2,7,0,2,2,0,23,2,2,47.0,0.941949,6.5,6.283894,256.539849,0.831143,0.826851
7595,602,1,2,5,0,5,1,4,2,1,3,2,15,3,5,56.5,0.805468,6.714944,4.876418,54.516049,0.916495,0.574321
3750,559,1,3,5,0,4,1,1,0,2,2,0,11,2,2,71.0,0.018992,1.866667,3.284155,1.633999,0.598612,0.244979
7486,1394,5,5,13,0,1,2,2,0,0,3,3,18,0,6,55.0,0.677282,3.606733,4.991756,16.207365,0.582298,0.442408
9886,964,3,0,7,1,7,1,1,0,0,4,1,16,0,5,60.5,0.449517,1.719603,4.200952,9.637612,0.092054,0.319068
16749,1156,4,1,5,0,3,2,3,0,0,3,0,13,0,3,69.5,1.0,7.761657,6.899969,200.160495,0.743325,0.742958
5521,689,3,0,15,0,6,0,1,0,0,2,3,22,0,5,48.5,0.844174,11.22985,6.849792,200.238988,0.991379,0.814969
9033,865,6,2,10,3,6,2,2,1,0,4,0,20,1,4,52.0,0.516796,5.424554,4.8028,45.052129,0.957117,0.570596
2834,364,0,3,3,0,2,0,0,0,0,1,2,5,0,3,85.5,0.210726,2.117149,3.369553,1.366766,0.541901,0.323556
10981,744,0,0,4,0,2,1,2,0,0,2,1,9,0,3,77.5,0.704655,6.647846,5.046499,69.599023,0.7724,0.690818
11666,1975,1,1,11,2,12,1,2,0,1,3,2,26,1,5,38.5,0.579382,4.371678,3.754935,4.942551,0.282844,0.422719
14069,879,3,4,10,2,7,0,2,0,0,1,1,19,0,2,59.0,0.812461,6.610278,6.503347,138.533336,0.811797,0.700704
7812,839,2,1,6,2,5,2,4,6,3,6,2,17,9,8,36.0,0.106391,1.152074,3.592379,6.270195,0.696628,0.224063
5903,725,3,0,6,0,5,1,2,1,0,2,0,14,1,2,67.0,0.513345,2.710486,4.652144,5.168558,0.668012,0.421791
4374,460,4,1,4,1,2,0,1,1,1,4,0,7,2,4,76.0,0.475647,3.886603,4.743653,6.201382,0.086914,0.422581
12182,1661,2,3,27,3,20,0,3,3,1,2,1,50,4,3,0.0,0.986545,5.253653,6.210239,80.411819,0.356228,0.66306
4430,635,2,3,2,1,1,0,1,1,0,1,0,4,1,1,88.5,0.133925,2.257336,3.291387,4.909082,0.501592,0.277819
3017,308,3,0,2,0,1,2,3,1,0,3,0,8,1,3,77.5,0.127399,1.657275,6.200913,1.087923,0.44738,0.299811
14493,1394,3,5,11,2,2,0,0,0,2,5,0,13,2,5,62.5,0.622845,5.519906,4.727666,60.800634,0.437044,0.504732
3413,438,0,0,1,0,2,0,1,0,0,2,0,4,0,2,89.0,0.408855,7.617931,4.444427,6.606879,0.169001,0.430264
5243,544,1,1,4,4,2,0,1,1,0,0,0,7,1,0,84.0,0.308996,1.907305,3.680567,1.371187,0.262802,0.251068
13031,1428,3,2,10,2,4,0,5,1,3,4,2,19,4,6,45.0,0.566247,5.218326,3.789055,26.003389,0.181279,0.514053
4245,470,0,1,1,0,0,0,0,0,0,1,1,1,0,2,95.0,0.29944,2.591284,4.25784,12.500137,0.541841,0.429078
16500,1701,1,3,8,2,11,1,1,2,2,4,2,21,4,6,41.0,0.69906,4.0,5.394405,58.553466,0.220168,0.478202
5048,315,0,1,2,2,1,0,0,0,0,0,0,3,0,0,94.0,0.504129,6.735341,5.026958,50.462338,0.831694,0.625736
16371,1023,3,1,3,1,1,1,1,0,0,7,0,6,0,7,77.5,0.982046,6.41378,6.674465,151.369809,0.835043,0.743188
11957,1143,1,3,9,2,8,1,3,1,1,7,2,21,2,9,40.5,0.625262,5.436146,5.581861,32.651939,0.936449,0.556775
3842,346,0,1,6,2,2,0,2,2,1,1,0,10,3,1,72.5,0.165001,1.821968,1.675999,0.018282,0.208713,0.273576
4919,334,1,1,5,0,0,0,1,0,1,2,0,6,1,2,83.0,0.194467,2.43952,4.212763,7.057932,0.904997,0.40036
4743,303,1,0,4,0,0,0,1,0,0,2,0,5,0,2,87.0,0.986201,6.535948,7.042968,38.442411,0.723053,0.771213
9527,912,1,0,4,1,2,2,0,0,0,3,0,8,0,3,79.5,0.877772,7.662433,5.544707,51.496079,0.501372,0.655364
11240,720,0,1,5,0,2,1,0,1,0,1,1,8,1,2,79.0,0.620801,8.185053,6.456452,381.247429,0.889077,0.652246
4073,409,0,0,4,0,3,0,2,1,0,1,0,9,1,1,78.5,0.188817,1.964154,3.438814,0.802934,0.686623,0.283966
10581,1304,0,2,7,2,3,2,1,3,1,4,0,13,4,4,60.0,0.542446,4.347415,4.409426,13.880435,0.664745,0.445693
6828,943,2,1,6,0,1,0,2,1,0,3,2,9,1,5,72.5,0.628005,3.661394,3.811459,7.984277,0.244638,0.513509
5859,433,0,2,7,0,3,1,2,3,1,2,1,13,4,3,61.5,0.292604,4.608295,5.068751,39.720614,0.875005,0.495301
6258,702,1,1,2,2,2,1,1,0,1,4,1,6,1,5,78.5,0.156482,1.278364,2.927589,1.000109,0.024009,0.165546
8242,751,1,0,2,1,1,1,3,1,0,3,0,7,1,3,79.5,0.689515,4.731861,5.367521,32.488583,0.406693,0.513046
10953,764,0,1,2,0,5,0,2,1,2,0,0,9,3,0,76.0,0.833687,7.303935,6.015803,305.019483,0.737706,0.683009
8447,995,3,2,1,4,2,0,0,2,0,3,2,3,2,5,82.5,0.529922,3.433172,4.992429,88.066077,0.612313,0.447331
4369,490,1,2,6,2,1,1,1,0,0,4,0,9,0,4,76.0,0.034051,3.662165,3.018894,7.312044,0.629185,0.329571
16500,1519,2,2,8,4,3,1,5,0,0,4,1,17,0,5,58.5,0.517184,4.666667,4.795714,63.913996,0.683201,0.57243
6400,552,2,2,2,0,5,1,1,0,0,1,3,9,0,4,76.0,0.383443,5.0,4.238314,8.787747,0.866314,0.403232
15965,1216,2,1,8,0,2,2,4,0,0,1,0,16,0,1,66.5,0.220739,3.382399,2.845994,12.400735,0.19881,0.433579
5203,353,1,0,3,0,1,0,0,0,1,1,0,4,1,1,88.5,1.0,7.303479,6.107171,176.20654,0.53796,0.787145
4500,300,1,0,2,1,1,0,1,0,1,2,0,4,1,2,87.0,0.81078,4.666667,5.961198,32.654311,0.676308,0.671315
2772,355,1,1,4,0,2,0,2,0,0,3,1,8,0,4,78.0,0.383283,3.968254,3.654107,3.275929,0.243936,0.444777
6511,684,2,3,9,1,4,0,0,3,2,0,0,13,5,0,64.0,0.409089,2.764552,3.493478,5.980096,0.576038,0.333666
16500,1143,1,2,8,2,1,1,0,1,3,3,0,10,4,3,67.5,0.676715,6.181818,5.418374,68.052789,0.827248,0.604165
3616,407,2,1,4,0,5,0,1,0,1,1,0,10,1,1,76.5,0.42048,5.254425,2.921587,1.264999,0.304204,0.469696
15000,1376,1,5,19,1,16,5,4,2,2,6,2,44,4,8,0.0,0.439534,3.933333,4.003267,27.014926,0.890389,0.415059
5387,997,3,1,7,3,4,2,0,2,0,3,2,13,2,5,62.5,0.164194,3.898274,3.768429,3.740496,0.197598,0.367823
7403,825,1,0,12,3,7,1,2,1,1,3,1,22,2,4,46.0,0.56353,5.538295,4.560315,29.740468,0.317302,0.416504
18000,1125,0,3,5,0,2,0,4,0,0,3,1,11,0,4,72.0,0.930908,8.666667,6.248657,165.372931,0.616773,0.733056
10761,1139,1,4,9,1,6,2,5,2,1,2,1,22,3,3,45.5,0.435137,3.252486,3.916662,6.215279,0.302325,0.359259
7986,926,0,1,4,1,1,0,3,2,0,4,0,8,2,4,74.0,0.685176,5.384423,5.45499,32.552245,0.211746,0.592228
7749,654,0,2,3,3,2,3,2,0,0,6,1,10,0,7,69.5,0.437179,3.871467,5.002648,31.266456,0.794287,0.467378
13549,856,2,2,3,2,1,2,2,2,0,0,0,8,2,0,80.0,0.835946,7.306812,5.381202,142.076577,0.978227,0.703297
14000,2055,6,2,25,3,18,3,3,2,0,3,0,49,2,3,0.0,0.91513,8.571429,6.240458,526.745263,0.754541,0.697816
4917,639,2,1,7,0,3,0,0,1,0,2,2,10,1,4,72.0,0.714456,5.084401,5.534806,8.594812,0.417105,0.525556
4727,510,2,0,1,1,1,0,0,1,0,2,0,2,1,2,91.0,0.269101,5.077216,3.5236,14.367271,0.394999,0.498295
10639,1300,3,2,6,2,7,0,1,0,1,1,1,14,1,2,67.0,0.535193,3.665758,3.52627,6.429793,0.548504,0.425919
6055,616,2,1,6,2,8,0,1,4,1,4,2,15,5,6,51.0,0.541222,4.624277,4.845183,34.970778,0.754546,0.51576
9980,1278,1,0,8,0,7,0,3,2,2,6,0,18,4,6,47.0,0.509283,3.807615,4.541376,14.607347,0.369049,0.444783
10679,774,1,1,4,1,2,0,0,1,1,1,1,6,2,2,81.0,1.0,7.210413,5.988075,309.742053,0.720271,0.705525
6766,459,0,1,2,0,2,0,1,0,0,0,0,5,0,0,90.0,0.833144,7.685486,5.57888,194.420484,0.752917,0.736964
4886,526,2,2,4,1,4,0,2,1,1,1,0,10,2,1,74.5,0.830048,6.549325,5.380609,12.222657,0.128974,0.557023
5252,752,1,0,14,1,8,0,1,3,0,3,1,23,3,4,42.0,0.870598,10.472201,6.340274,33.718447,0.903597,0.676788
16628,1721,0,0,8,0,2,3,2,0,3,4,0,15,3,4,58.0,0.890603,8.239115,5.395852,124.795583,0.563129,0.783434
14468,920,0,0,5,1,4,0,0,0,0,2,0,9,0,2,79.0,0.733845,5.736798,6.370234,73.828862,0.820207,0.650949
9146,905,2,1,5,1,2,0,1,1,1,3,0,8,2,3,75.5,0.564008,6.669582,4.275464,24.284563,0.679499,0.590503
16500,1939,5,1,11,4,11,2,2,2,0,3,1,26,2,4,38.0,0.519466,4.848485,3.928898,20.629352,0.256788,0.520718
16500,1751,6,2,10,1,1,0,2,0,0,4,2,13,0,6,65.0,0.261387,3.090909,3.999784,16.261967,0.571628,0.401978
13199,824,1,0,2,1,1,0,1,1,1,1,1,4,2,2,85.0,0.814506,6.061065,6.712932,368.103423,0.973026,0.743311
5922,743,1,1,5,0,0,0,0,2,0,0,0,5,2,0,86.0,0.539254,3.039514,4.265988,13.616965,0.598153,0.415864
11175,728,0,0,6,0,6,0,2,1,1,1,1,14,2,2,65.0,1.0,8.501119,5.636552,91.107678,0.975028,0.783539
4133,657,1,2,8,2,2,0,3,0,1,3,1,13,1,4,66.0,0.015455,3.629325,2.756545,3.325624,0.431464,0.282272
6401,908,1,1,15,3,7,2,3,0,1,7,1,27,1,8,32.0,0.963281,7.655054,6.367195,65.38934,0.934336,0.741923
3472,435,3,2,5,0,6,0,0,0,0,2,1,11,0,3,73.5,0.894677,7.488479,6.782942,90.219471,0.613275,0.700175
11602,855,4,3,4,1,6,1,2,0,1,4,0,13,1,4,66.0,0.466848,5.171522,4.575191,63.092162,0.998429,0.556705
4887,419,0,0,2,0,0,0,0,0,0,1,0,2,0,1,94.5,0.925165,7.775732,6.761232,54.894194,0.573015,0.706232
3618,384,0,2,6,1,8,5,2,0,0,3,0,21,0,3,53.5,0.151402,3.593145,3.07143,0.406319,0.753777,0.328893
5971,373,0,0,0,1,0,0,1,2,1,0,0,1,3,0,92.0,0.935948,5.526712,6.071599,65.997308,0.924087,0.757313
7893,1378,4,2,22,4,15,5,2,0,1,8,2,44,1,10,0.0,0.773767,6.081338,5.400405,92.409063,0.744844,0.703073
6139,465,0,2,2,2,1,0,2,0,0,1,0,5,0,1,88.5,1.0,6.678612,6.443394,33.229267,0.505653,0.766803
10137,996,2,1,14,2,5,0,5,2,2,5,2,24,4,7,33.5,0.076529,1.874322,4.034559,1.267987,0.019434,0.135571
2800,371,0,0,7,1,3,0,0,0,1,0,0,10,1,0,78.0,0.818126,8.571429,5.97443,24.362024,0.993476,0.737229
7919,730,0,1,4,1,2,0,1,0,1,3,0,7,1,3,79.5,0.007812,0.757671,2.540064,0.038632,0.157506,0.246135
3569,336,2,0,3,3,5,0,0,1,0,1,0,8,1,1,80.5,0.558504,3.362286,5.044819,6.438872,0.799719,0.430701
14000,1780,1,2,18,1,15,1,6,2,1,7,0,40,3,7,3.5,0.802067,6.214286,5.609579,150.801864,0.548846,0.68806
4142,662,1,0,9,0,5,0,1,1,2,4,0,15,3,4,58.0,0.098686,3.38001,2.561043,1.688468,0.49944,0.2132
8562,1061,2,1,2,1,1,1,1,0,1,4,1,5,1,5,80.5,0.544926,4.788601,5.11125,15.513625,0.424288,0.515257
12200,1250,6,1,13,5,8,1,4,1,6,6,0,26,7,6,25.0,0.19176,1.885246,3.522535,3.777475,0.497114,0.215912
8640,696,0,0,0,2,0,0,0,0,0,0,2,0,0,2,97.0,0.870731,6.25,5.475055,82.902343,0.438114,0.724473
4451,600,0,1,10,1,5,1,4,2,2,4,1,20,4,5,44.5,0.384201,4.044035,3.47139,5.817339,0.331413,0.281069
2600,300,2,0,1,2,3,1,2,0,0,0,0,7,0,0,86.0,0.471214,3.461538,3.255366,2.370385,0.048684,0.402067
3506,459,1,1,6,1,6,4,1,0,1,5,1,17,1,6,55.0,0.662351,5.134056,5.452552,14.005441,0.912238,0.703031
6557,568,0,0,8,1,2,0,1,1,0,1,0,11,1,1,74.5,0.438632,2.745158,5.007082,19.39036,0.780119,0.508616
3200,384,2,1,3,0,4,0,1,0,0,0,1,8,0,1,82.5,0.453879,5.9375,3.414861,8.695754,0.358751,0.431543
10910,1349,3,1,8,2,1,1,3,3,0,4,1,13,3,5,60.5,0.741739,5.499542,5.472949,49.010737,0.296488,0.635567
12082,1250,2,2,6,2,2,0,2,0,1,2,1,10,1,3,73.5,0.714617,6.704188,3.522574,31.399923,0.237635,0.580625
7207,830,0,1,5,0,4,0,1,1,0,5,1,10,1,6,69.0,0.043671,3.052588,2.922283,6.123345,0.453319,0.278998
8212,1085,2,1,13,2,10,0,2,0,1,3,1,25,1,4,42.0,0.928772,8.645884,6.750171,324.333412,0.966517,0.779494
8227,1067,0,0,8,0,4,1,2,0,1,3,2,15,1,5,60.5,0.528755,4.740489,4.482746,14.154573,0.346848,0.438701
7457,564,0,0,4,0,3,1,0,0,0,0,0,8,0,0,84.0,0.915791,8.314336,5.319885,94.534668,0.550072,0.68846
4545,632,4,1,12,0,6,1,1,0,0,3,1,20,0,4,54.0,0.908076,7.920792,5.479348,116.865454,0.907469,0.712751
14000,1666,5,2,30,3,16,2,3,2,4,13,4,51,6,17,0.0,0.866052,8.214286,6.703503,227.21073,0.811621,0.680331
6510,718,1,3,3,0,2,1,1,1,2,1,1,7,3,2,77.0,0.076716,2.611367,3.595815,2.095407,0.684273,0.236919
11012,1343,5,3,12,2,6,0,5,3,0,2,0,23,3,2,45.0,0.261542,2.905921,3.407006,5.83707,0.393811,0.276737
13423,1488,2,0,7,0,10,1,6,4,0,7,0,24,4,7,33.5,0.613851,3.352455,4.28961,4.658822,0.304024,0.413783
5964,372,2,2,0,3,4,0,1,0,0,0,0,5,0,0,90.0,0.788805,8.551308,5.295244,30.04819,0.830502,0.726376
10564,1144,6,0,4,1,7,0,3,2,1,5,0,14,3,5,58.5,0.193486,1.798561,3.738316,0.48286,0.491916,0.214796
8101,1142,2,2,10,1,6,0,1,2,0,3,0,17,2,3,57.5,0.531687,5.431428,4.720974,31.813975,0.345537,0.516285
6728,1153,3,0,8,2,8,0,2,0,0,6,1,18,0,7,53.5,0.131858,3.567182,3.338191,1.76811,0.056809,0.221421
3200,300,0,0,3,0,1,0,0,0,0,2,0,4,0,2,89.0,0.506807,6.25,4.807297,43.146305,0.952438,0.555937
5188,505,1,1,1,3,2,2,2,2,0,5,0,7,2,5,74.5,0.346949,3.85505,3.628725,12.768095,0.86364,0.455186
5724,748,3,0,9,2,5,0,0,1,0,5,0,14,1,5,62.5,0.263347,2.969951,2.831976,2.891225,0.063275,0.191422
15000,1005,3,0,14,2,11,1,7,1,0,5,1,33,1,6,23.0,0.757771,5.333333,4.448587,68.064934,0.904285,0.613693
9274,757,1,0,4,2,4,0,2,0,2,1,0,10,2,1,74.5,0.874585,8.41061,5.458677,93.733068,0.667466,0.797102
9195,1216,2,2,2,4,3,0,1,0,1,1,2,6,1,3,81.5,0.573915,4.023926,4.737471,19.103356,0.504106,0.53046
2942,300,0,0,2,0,1,0,0,0,0,0,1,3,0,1,92.5,0.055645,3.399048,3.770681,3.577297,0.099608,0.221451
3446,452,0,0,3,1,6,0,1,0,1,2,0,10,1,2,75.0,0.581843,6.094022,4.186313,9.840277,0.332554,0.511811
18000,1125,1,0,4,2,5,0,0,1,1,0,1,9,2,1,76.5,0.866279,6.0,5.816992,167.845865,0.897152,0.6621
15000,2022,0,3,8,1,8,1,2,0,0,6,2,19,0,8,50.0,0.435822,2.6,4.843778,31.478457,0.595255,0.404018
13812,1704,2,1,10,1,5,3,3,1,1,5,1,21,2,6,45.0,0.378266,2.67883,3.833281,9.766612,0.413803,0.438305
3261,300,0,1,0,1,0,0,0,1,0,2,1,0,1,3,93.5,0.367228,2.453235,3.361649,0.459933,0.184891,0.407964
2600,302,0,0,1,1,2,0,1,0,0,2,2,4,0,4,86.0,0.587845,5.0,5.096425,11.968355,0.169548,0.442361
3758,428,2,0,4,1,2,1,0,0,0,1,0,7,0,1,84.5,0.515378,5.055881,4.096591,9.037444,0.31461,0.437087
12436,869,2,2,3,0,5,0,2,0,0,0,0,10,0,0,80.0,0.797232,5.467996,5.502024,79.243382,0.832654,0.6585
5764,771,1,4,5,0,3,0,2,1,0,1,0,10,1,1,76.5,0.567618,4.684247,5.387784,53.641385,0.418323,0.531043
4510,697,2,2,5,0,3,3,2,1,3,4,1,13,4,5,58.5,0.322422,3.325942,4.8232,8.597728,0.459474,0.361136
16103,1999,6,3,14,2,3,1,1,4,0,3,1,19,4,4,48.0,0.242156,2.67031,4.246707,22.331338,0.570835,0.45038
4564,842,3,2,6,1,7,1,1,2,1,2,1,15,3,3,59.5,0.070001,2.848379,2.885674,4.214997,0.231137,0.242762
4705,410,0,0,1,0,1,0,1,0,0,1,0,3,0,1,92.5,0.918354,6.801275,5.733242,67.009545,0.64294,0.736036
9131,894,1,0,9,3,9,2,0,3,0,2,0,20,3,2,51.0,0.679114,5.1473,5.446152,38.165646,0.722601,0.493109
6862,772,1,0,10,1,5,0,2,1,0,3,1,17,1,4,58.0,0.257585,2.477412,3.720872,7.113897,0.799661,0.330624
4110,414,1,0,2,0,1,1,0,0,0,1,0,4,0,1,90.5,0.521119,8.515815,3.599646,10.932372,0.363112,0.487556
5152,747,1,1,4,1,3,0,3,2,1,2,0,10,3,2,71.0,0.131079,2.717391,2.933493,9.711602,0.366974,0.261117
6656,1004,0,2,8,2,2,3,1,1,2,6,0,14,3,6,57.0,0.526578,5.108173,4.129493,18.072415,0.311101,0.570356
6385,881,3,1,6,0,5,1,3,1,0,0,1,15,1,1,66.5,0.630525,6.264683,5.065156,38.054333,0.436692,0.613798
4500,335,0,0,4,2,1,0,0,0,0,0,0,5,0,0,90.0,0.781391,7.111111,5.320875,35.1612,0.622891,0.658319
2800,339,0,2,9,0,8,0,1,2,0,2,0,18,2,2,57.0,0.949225,8.928571,5.75014,77.457304,0.812923,0.735166
3943,559,0,1,1,1,2,0,1,0,0,0,0,4,0,0,92.0,0.703187,8.115648,4.931538,20.208493,0.524108,0.638317
4522,637,1,0,5,0,0,2,1,0,1,2,0,8,1,2,79.0,0.174373,3.98054,3.802835,2.683434,0.299233,0.301249
11000,1885,1,7,16,3,13,1,2,1,3,4,0,32,4,4,22.0,0.210976,3.0,3.433808,6.956852,0.379433,0.265204
4877,492,1,1,4,0,6,0,0,0,0,1,0,10,0,1,78.5,0.625414,6.971499,5.72295,35.229535,0.892693,0.630182
3071,454,1,0,8,1,6,0,3,0,1,5,1,17,1,6,55.0,0.929955,7.489417,6.386354,20.911289,0.845,0.769501
2901,435,2,0,5,0,4,0,1,0,0,0,0,10,0,0,80.0,0.312858,2.412961,3.323622,0.04076,0.339223,0.346291
1575,300,0,0,3,1,2,0,0,0,1,0,0,5,1,0,88.0,0.0,0.634921,3.1266,1.1e-05,0.118293,0.153782
9836,990,2,1,7,0,5,2,3,1,0,1,0,17,1,1,62.5,0.636482,4.778365,5.271836,15.629923,0.181223,0.452655
13000,1642,4,6,11,0,13,2,3,2,1,8,3,29,3,11,19.5,0.029802,2.461538,2.327479,1.430244,0.396803,0.129368
12375,1270,2,3,6,0,5,0,4,2,2,4,0,15,4,4,56.0,0.216884,3.393939,3.35685,28.693204,0.483633,0.329011
4500,313,0,0,3,0,0,0,1,0,0,0,0,4,0,0,92.0,0.796009,6.666667,5.866117,92.555362,0.949849,0.66897
16500,1807,1,1,10,2,9,1,1,1,1,5,3,21,2,8,42.0,0.556731,4.787879,4.288735,18.081105,0.386701,0.517243
4727,599,0,0,2,1,7,1,0,2,0,2,1,10,2,3,71.5,0.447216,4.442564,4.827373,24.595523,0.415593,0.453252
3384,508,0,0,4,1,2,1,2,2,1,2,1,9,3,3,71.5,0.032295,0.591017,3.293464,0.05405,0.313218,0.157753
6245,507,1,2,4,1,2,0,0,0,1,0,1,6,1,1,84.5,0.923527,7.205765,6.890016,57.901174,0.681046,0.736317
6599,743,2,0,10,1,1,0,0,0,2,2,0,11,2,2,71.0,0.637956,4.697681,5.686912,119.061037,0.663797,0.543176
8092,505,0,1,3,0,4,1,3,0,0,0,0,11,0,0,78.0,0.932499,7.785467,6.596032,174.370748,0.921406,0.76279
6644,461,1,0,3,1,2,1,1,0,2,1,0,7,2,1,80.5,0.845038,6.773028,5.47111,171.981725,0.970681,0.65279
2200,307,2,0,2,0,0,0,0,0,0,5,0,2,0,5,88.5,0.006172,3.181818,4.31251,5.208597,0.499003,0.289946
2531,382,0,0,3,0,0,0,3,0,0,1,0,6,0,1,86.5,0.317466,2.765705,4.52126,8.681241,0.432486,0.353884
7435,693,2,1,5,1,4,1,3,0,2,3,0,13,2,3,65.5,0.085449,1.479489,2.401139,0.326446,0.052556,0.150833
15000,1289,2,2,11,2,7,2,3,0,1,4,1,23,1,5,44.5,0.589307,4.8,4.554479,62.714114,0.730302,0.582316
3692,613,1,2,6,3,1,0,6,0,0,1,1,13,0,2,71.0,0.140271,2.437703,3.828579,4.961571,0.442889,0.368443
9848,938,2,0,3,0,2,0,5,2,1,1,0,10,3,1,72.5,0.516205,3.452478,4.408046,32.343281,0.614646,0.459825
7090,887,2,1,5,1,2,1,2,1,0,2,0,10,1,2,75.0,0.032609,2.679831,3.02396,6.012128,0.687069,0.322183
3844,466,2,0,9,0,6,0,1,0,0,2,0,16,0,2,65.0,0.905099,9.365245,6.494816,49.30932,0.54895,0.723018
9899,618,2,1,5,0,1,0,0,1,0,1,0,6,1,1,84.5,0.828283,6.76836,6.418393,75.55542,0.571039,0.718026
15592,1924,1,0,13,2,9,0,2,2,2,8,4,24,4,12,26.0,0.674246,4.93843,4.328019,59.307146,0.550637,0.454196
8589,746,1,1,8,0,2,0,0,3,0,0,0,10,3,0,74.0,0.130511,2.677844,2.444545,0.068192,0.153019,0.257854
11163,1185,2,1,5,0,3,0,2,0,0,6,0,10,0,6,71.0,0.620645,4.568664,4.044785,16.664878,0.175533,0.472127
4500,300,0,3,4,1,0,1,2,1,0,2,0,7,1,2,81.0,0.801562,7.111111,5.841604,106.669176,0.920765,0.685091
11378,1443,0,2,15,0,6,1,2,0,1,10,3,24,1,13,30.5,0.559823,2.812445,5.025629,7.81019,0.300328,0.416734
2200,300,2,0,0,0,4,0,1,0,0,0,0,5,0,0,90.0,0.069254,0.909091,1.294306,0.000993,0.696283,0.269269
9069,1456,1,4,7,1,9,3,5,4,5,4,1,24,9,5,26.5,0.198009,2.205315,2.781227,9.466949,0.220491,0.268075
3286,361,0,0,3,1,1,1,1,1,0,4,1,6,1,5,78.5,0.547397,4.869142,4.945812,6.512965,0.147597,0.408006
8693,776,2,6,10,0,7,1,3,3,0,9,1,21,3,10,37.0,0.403687,3.911193,4.30836,11.861571,0.73703,0.411036
11003,854,3,5,8,1,4,0,4,1,2,5,1,16,3,6,53.0,0.335965,4.544215,5.375765,55.736113,0.953058,0.55592
9828,774,0,2,4,1,1,1,2,4,0,4,2,8,4,6,67.0,0.513698,5.291005,5.570798,38.991078,0.905322,0.573097
9024,646,3,0,8,0,5,0,0,0,1,4,1,13,1,5,64.5,0.802563,7.31383,6.155271,242.730386,0.756145,0.704988
8769,558,2,0,6,1,3,2,3,0,1,0,0,14,1,0,70.0,0.814278,6.728247,5.355804,205.397791,0.732641,0.722055
5279,525,3,2,1,2,1,1,3,0,0,3,0,6,0,3,83.5,0.72445,4.735745,5.386489,19.091901,0.157161,0.584329
4648,300,0,0,1,0,1,1,2,0,0,2,0,5,0,2,87.0,0.730519,6.454389,5.393199,51.346034,0.918481,0.666305
6676,617,0,3,4,1,5,1,3,1,2,2,1,13,3,3,63.5,0.362083,3.894548,3.008855,9.500241,0.811353,0.415192
15000,1547,2,4,6,2,6,2,4,2,1,7,2,18,3,9,44.5,0.511385,6.6,5.333677,35.163411,0.659192,0.507938
3405,364,0,0,2,1,4,0,2,1,0,3,0,8,1,3,77.5,0.184244,2.643172,2.487322,0.717386,0.568906,0.186606
4500,359,1,1,2,1,0,0,3,0,1,1,0,5,1,1,86.5,0.968162,9.555556,7.20185,229.648498,0.950822,0.845669
16500,1802,5,1,8,2,11,0,1,1,1,1,0,20,2,1,54.5,0.877144,7.151515,4.696679,115.326473,0.23863,0.591676
6975,830,2,2,6,0,2,1,1,2,0,2,1,10,2,3,71.5,0.563308,5.16129,4.798688,32.171461,0.534439,0.478197
1821,300,0,1,4,0,1,0,1,1,0,0,0,6,1,0,86.0,0.099877,1.098298,1.672634,0.609179,0.04953,0.144685
8109,790,3,1,3,0,3,0,1,0,0,2,1,7,0,3,81.5,0.552684,6.412628,4.378853,15.245175,0.133691,0.479952
11421,817,1,3,6,3,1,0,4,0,0,5,2,11,0,7,67.5,0.744411,4.728132,6.351051,75.562662,0.877193,0.664631
6567,922,5,1,8,1,4,1,1,3,3,3,0,14,6,3,55.5,0.082222,2.131871,2.713832,7.19593,0.027413,0.21748
3570,747,3,1,7,1,4,1,0,0,0,3,1,12,0,4,70.0,0.825717,8.123249,5.748465,102.451092,0.510502,0.685712
12085,1770,1,1,9,3,8,2,2,1,0,3,1,21,1,4,50.0,0.516336,4.882085,4.042641,29.115791,0.339376,0.436913
4500,328,2,0,1,1,1,0,0,0,0,0,0,2,0,0,96.0,1.0,8.444444,6.250406,179.079273,0.760999,0.854249
3845,464,2,0,10,0,6,0,0,0,0,6,0,16,0,6,59.0,0.606312,3.90117,4.548662,11.851234,0.326102,0.459853
6177,753,2,1,4,0,6,4,0,1,1,2,0,14,2,2,65.0,0.096131,2.752145,2.674322,1.858253,0.129958,0.286683
5924,370,0,1,4,1,1,0,2,0,0,0,1,7,0,1,84.5,0.790108,8.440243,6.934498,216.429053,0.988131,0.707815
11511,1025,1,0,2,0,2,0,1,2,0,2,0,5,2,2,83.0,0.890962,7.818608,5.946129,155.962118,0.587125,0.763077
11672,914,1,2,5,2,6,0,3,0,0,2,0,14,0,2,69.0,0.879352,7.36806,5.408463,142.184072,0.941648,0.767752
6287,562,1,1,8,0,1,0,2,2,0,0,0,11,2,0,74.0,0.808509,6.998568,5.543935,57.96355,0.384318,0.558012
10640,665,3,1,1,1,0,0,1,1,0,0,0,2,1,0,94.0,0.73617,7.518797,5.827875,86.46211,0.728273,0.758459
18000,1125,4,2,4,2,4,2,2,3,0,1,0,12,3,1,68.5,0.802225,6.333333,4.938527,201.904659,0.528052,0.650749
2147,300,2,0,0,2,0,0,0,0,1,2,0,0,1,2,95.0,0.365993,4.191896,4.401692,0.887559,0.189847,0.332615
3232,375,0,0,2,1,1,1,0,0,0,2,0,4,0,2,89.0,0.159554,4.641089,3.136019,1.493406,0.395249,0.355733
6766,422,0,0,4,0,0,0,0,2,0,0,0,4,2,0,88.0,0.772888,8.424475,5.633617,62.053975,0.994132,0.754364
4940,649,1,1,7,0,5,0,2,0,1,6,1,14,1,7,59.5,0.433375,5.668016,4.161221,10.431727,0.465264,0.412052
8442,1207,1,1,6,0,6,0,2,1,1,3,4,14,2,7,57.5,0.546533,5.448946,4.049867,21.580506,0.208098,0.465045
7022,968,3,0,4,0,3,1,0,0,2,1,1,8,2,2,77.0,0.080755,1.424096,3.550076,2.378439,0.616358,0.242926
7095,1061,5,2,13,3,11,2,1,2,0,6,0,27,2,6,33.0,0.085467,1.832276,3.080707,0.70341,0.563484,0.1975
5047,530,2,1,6,3,2,1,3,1,0,2,0,12,1,2,71.0,0.321321,3.764613,4.056391,6.774161,0.567354,0.360101
4593,379,0,1,5,2,3,0,3,1,1,1,1,11,2,2,71.0,0.113664,1.741781,3.77455,8.451621,0.783281,0.286192
4758,333,0,1,6,0,4,0,0,0,0,1,0,10,0,1,78.5,0.705823,5.464481,6.133517,33.210772,0.93041,0.569088
5599,505,1,0,1,2,2,0,1,2,0,2,1,4,2,3,83.5,0.156685,3.393463,3.381386,4.355001,0.302644,0.372724
16500,1916,5,1,6,2,3,2,4,2,1,1,0,15,3,1,62.5,0.517668,6.30303,4.801288,44.102368,0.409636,0.520288
13098,1287,0,3,3,2,6,2,4,0,0,7,4,15,0,11,53.5,0.564668,4.428157,5.332508,30.963752,0.348001,0.5261
9318,1006,3,0,11,0,4,0,1,0,0,2,0,16,0,2,65.0,0.491661,4.400086,4.292912,17.468448,0.691244,0.536472
5414,819,0,0,4,1,1,0,1,1,1,0,1,6,2,1,82.5,0.074165,2.216476,3.035361,0.83462,0.280929,0.258948
2200,300,0,0,2,0,1,0,0,0,0,2,0,3,0,2,91.0,0.05498,1.818182,3.17056,0.001982,0.181055,0.237811
11483,1060,5,1,8,4,3,1,2,0,1,3,4,14,1,7,59.5,0.207441,1.741705,3.084677,6.104656,0.023547,0.277671
7108,789,5,0,0,2,5,1,3,1,1,5,1,9,2,6,69.0,0.084787,3.798537,2.471272,5.288739,0.021325,0.24792
8682,819,3,1,3,2,2,0,0,0,0,3,1,5,0,4,84.0,0.164942,2.073255,2.551661,0.611711,0.115787,0.273497
11455,1165,1,0,0,1,0,1,1,1,0,5,1,2,1,6,85.0,0.830222,7.158446,6.0564,58.071792,0.324271,0.6659
5842,668,0,1,6,0,5,0,2,1,2,2,3,13,3,5,60.5,0.455909,4.964053,5.143521,33.962507,0.555751,0.511676
5805,574,0,0,11,1,8,2,0,2,2,1,0,21,4,1,48.5,0.849752,7.235142,5.319501,46.328159,0.845368,0.670524
4713,300,0,1,0,1,0,0,0,1,0,0,2,0,1,2,95.0,0.93589,4.243582,5.818314,47.872063,0.738714,0.676738
3245,447,1,1,5,0,2,1,2,1,0,0,1,10,1,1,76.5,0.00582,2.157165,2.29133,1.255554,0.37741,0.183128
6610,1234,4,1,7,3,7,0,2,1,0,4,2,16,1,6,57.0,0.27802,1.664145,2.046767,3.252073,0.188611,0.206206
14330,895,1,0,1,3,6,0,0,0,0,2,0,7,0,2,83.0,1.0,5.373343,6.962347,265.388287,0.901287,0.72966
8333,561,3,0,0,1,4,0,0,1,0,2,0,4,1,2,87.0,0.826498,6.840274,5.67839,94.419561,0.790508,0.758184
2882,571,0,1,4,0,5,0,2,0,1,0,3,11,1,3,71.5,0.087367,2.77585,4.181262,0.343323,0.343344,0.30723
6016,389,0,0,4,1,3,0,0,0,0,1,0,7,0,1,84.5,0.586401,5.984043,4.133821,17.227599,0.809317,0.660393
13808,1011,1,0,12,3,2,2,1,1,1,1,1,17,2,2,59.0,0.379875,3.331402,4.73768,25.702788,0.858596,0.479406
10785,712,0,0,2,0,2,0,2,0,0,0,0,6,0,0,88.0,0.460568,6.026889,5.426878,57.10056,0.892575,0.675849
13219,850,1,1,9,1,1,1,1,0,1,2,0,12,1,2,71.0,0.927345,8.548302,6.595768,350.710222,0.827669,0.825714
11594,1243,2,4,11,1,6,3,4,2,1,7,3,24,3,10,31.0,0.200162,2.070036,4.620606,12.447611,0.467811,0.364412
15000,1235,0,0,12,1,3,0,1,0,1,7,1,16,1,8,54.0,0.64559,4.0,5.246293,73.031139,0.864896,0.478703
10748,706,2,0,0,0,2,1,1,0,1,1,0,4,1,1,88.5,0.915001,5.303312,6.247239,170.921366,0.771696,0.682286
11737,1447,2,0,17,3,8,1,4,3,3,5,0,30,6,5,20.5,0.216062,3.578427,3.599966,13.788722,0.447362,0.25711
3211,364,0,0,3,2,4,1,0,0,0,2,0,8,0,2,81.0,0.180131,2.180006,2.513713,0.192833,0.19171,0.139328
16500,1872,1,1,16,4,6,3,4,1,2,7,0,29,3,7,25.5,0.756846,5.030303,4.860866,75.214895,0.64032,0.543803
6644,622,0,0,7,3,5,2,2,2,0,2,0,16,2,2,61.0,0.593404,4.966887,4.985016,15.278759,0.932345,0.560508
13427,1235,1,2,11,2,7,1,3,1,0,1,0,22,1,1,52.5,0.677545,6.256051,4.895856,33.212792,0.099815,0.571013
13733,858,1,0,7,0,6,0,0,2,1,2,0,13,3,2,65.0,1.0,6.990461,6.440465,376.629393,0.960922,0.71595
11580,865,0,1,6,1,1,1,0,0,1,3,2,8,1,5,74.5,0.913962,8.031088,6.226362,325.03049,0.88061,0.79874
4180,527,2,0,0,0,2,0,1,0,0,0,0,3,0,0,94.0,0.481279,3.827751,4.192483,13.679746,0.329049,0.406768
8948,1031,3,2,5,2,5,0,1,3,4,3,0,11,7,3,59.5,0.170212,3.240948,3.529118,9.477279,0.664235,0.347331
10065,1132,0,1,5,1,1,2,3,0,0,3,0,11,0,3,73.5,0.910986,7.153502,5.866514,26.000902,0.196866,0.644062
13000,1532,3,1,13,5,8,2,7,0,1,3,1,30,1,4,32.0,0.283787,2.0,3.953921,4.057622,0.450192,0.279569
3318,355,0,0,2,2,2,1,0,0,1,2,0,5,1,2,85.0,0.078122,0.602773,1.254219,0.064758,0.169497,0.213384
4841,443,1,0,8,1,4,0,0,0,0,4,0,12,0,4,70.0,0.554792,3.305102,3.439858,0.518037,0.089499,0.441638
8869,720,1,0,4,1,0,0,0,0,0,1,0,4,0,1,90.5,0.821735,5.524862,5.386544,155.571329,0.678815,0.716014
5381,437,0,1,7,0,3,0,1,1,0,0,0,11,1,0,76.0,0.494309,5.575172,4.81474,15.562724,0.946814,0.518726
5433,511,1,1,0,0,0,0,0,1,0,0,0,0,1,0,98.0,0.836186,6.810234,5.800173,46.812888,0.594526,0.721795
16056,1202,4,1,6,1,6,3,3,0,1,1,0,18,1,1,60.5,1.0,8.283508,6.224777,264.709539,0.73772,0.763614
10353,1461,1,0,8,1,6,0,3,2,1,7,1,17,3,8,48.0,0.559518,4.636337,3.85811,14.906025,0.568908,0.490558
15854,1643,2,1,2,2,2,3,2,1,0,4,0,9,1,4,74.0,0.94301,7.316765,6.670261,230.366219,0.541189,0.738938
9027,600,0,2,4,1,1,0,2,0,0,1,0,7,0,1,84.5,0.588122,6.868284,5.920004,57.496742,0.810118,0.658841
10208,807,1,2,1,0,4,1,3,0,1,3,1,9,1,4,74.0,0.616122,4.996082,4.338242,21.108349,0.722756,0.557787
9335,608,2,0,15,3,3,0,0,1,0,3,1,18,1,4,56.0,0.877336,5.998929,6.062162,198.406082,0.974808,0.635254
11297,1189,2,2,8,0,3,1,0,0,1,1,2,12,1,3,69.5,0.885536,8.143755,5.334191,56.924695,0.519311,0.69372
13364,1946,3,4,9,3,5,1,2,1,2,4,1,17,3,5,52.5,0.413061,5.163125,3.922501,52.244097,0.507891,0.504428
8786,1215,6,0,25,2,14,2,3,0,1,5,2,44,1,7,0.0,0.926373,6.146142,6.456411,110.850535,0.78333,0.653308
9894,969,3,3,13,2,3,1,2,2,3,7,1,19,5,8,40.0,0.078356,1.617142,3.949592,3.058295,0.580507,0.236153
9359,1036,3,3,12,3,4,1,4,0,2,7,1,21,2,8,42.0,0.63473,6.624639,5.454085,45.702113,0.904862,0.596973
4829,725,2,0,2,1,2,1,2,0,0,3,1,7,0,4,80.0,0.20265,3.313315,2.81972,7.280293,0.345031,0.29813
5556,764,1,0,9,0,2,0,2,1,0,1,2,13,1,3,67.5,0.361411,2.339813,3.825162,3.267886,0.105653,0.325046
11010,1126,5,2,9,0,11,0,3,2,2,3,0,23,4,3,41.5,0.761827,5.449591,5.629983,12.875801,0.0613,0.468923
15330,1067,1,3,6,5,4,3,1,1,1,4,0,14,2,4,62.0,0.980991,8.28441,6.314225,179.335818,0.96733,0.801698
5403,653,0,0,6,0,1,2,1,0,1,2,1,10,1,3,73.5,0.075307,3.1464,3.382348,4.663073,0.41966,0.361976
9076,661,2,3,6,1,3,2,2,0,0,0,1,13,0,1,72.5,0.971714,6.610842,5.816917,76.969999,0.858888,0.844468
7871,768,0,0,3,0,3,0,1,2,1,2,0,7,3,2,77.0,0.433817,3.557362,3.664743,11.191934,0.655272,0.411584
16500,1099,2,0,3,3,4,1,1,0,0,3,1,9,0,4,76.0,0.339009,3.757576,4.765423,35.55751,0.970429,0.493217
7870,507,3,0,5,0,2,0,1,1,0,0,1,8,1,1,80.5,0.928495,6.480305,6.405384,33.230302,0.851826,0.740797
6499,883,1,2,3,1,9,2,1,0,2,2,0,15,2,2,63.0,0.514636,3.385136,3.311968,11.880114,0.336662,0.40527
5566,794,3,2,9,1,8,2,1,0,0,2,2,20,0,4,54.0,1.0,7.186489,6.865493,169.900052,0.998931,0.655319
10497,656,1,0,5,0,4,1,0,2,0,2,1,10,2,3,71.5,0.937961,6.382776,6.298041,89.589179,0.774665,0.758053
5244,511,2,0,2,2,2,1,1,1,1,4,0,6,2,4,78.0,0.424353,4.385965,5.156635,32.038489,0.894363,0.5504
6259,841,5,7,13,2,7,1,1,3,1,6,1,22,4,7,37.5,0.046632,3.514938,2.761491,11.584618,0.753583,0.288973
5201,516,1,2,1,0,1,0,0,0,0,0,0,2,0,0,96.0,0.707342,2.69179,5.980081,9.273827,0.629408,0.541879
12603,796,1,0,6,0,7,0,2,1,1,1,0,15,2,1,64.5,0.914022,5.950964,6.112611,96.415156,0.682459,0.661942
6945,564,2,2,10,3,2,0,1,1,1,3,1,13,2,4,64.0,0.380537,5.183585,3.855549,31.446112,0.998357,0.415846
8403,1125,4,1,3,1,5,0,1,0,1,0,0,9,1,0,80.0,0.625652,6.783292,5.034433,18.920874,0.504881,0.60324
18000,1815,5,2,6,2,9,0,2,1,1,4,1,17,2,5,54.5,0.917452,8.166667,6.859611,150.355764,0.605737,0.73654
6365,828,2,3,6,2,4,2,1,3,1,4,2,13,4,6,57.0,0.18394,2.670856,3.598075,13.712565,0.107922,0.232936
11000,1653,3,8,11,2,11,3,5,3,0,3,1,30,3,4,28.0,0.186145,1.181818,4.126683,2.643879,0.41024,0.219834
7091,802,1,0,1,2,1,1,0,0,0,1,2,3,0,3,89.5,0.551139,5.217882,4.235528,21.363884,0.333157,0.646473
9691,1108,2,1,8,3,4,1,0,0,0,5,0,13,0,5,66.5,1.0,6.397689,5.917072,37.746167,0.304153,0.802913
7157,874,2,0,3,3,5,1,0,0,1,4,2,9,1,6,71.0,0.727838,4.750594,5.891091,10.205164,0.596899,0.556679
7333,458,0,0,3,1,3,0,1,0,2,0,0,7,2,0,82.0,0.880965,7.363971,6.580511,98.223952,0.633901,0.702514
9301,896,5,0,3,1,3,0,2,0,0,1,1,8,0,2,81.0,0.438644,3.117944,4.270965,4.60813,0.114973,0.400124
10859,1345,1,1,8,2,0,1,2,0,0,4,1,11,0,5,70.5,0.294063,3.68358,4.575102,20.656715,0.367028,0.443486
16500,1301,2,3,11,1,7,0,3,1,1,0,1,21,2,1,52.5,0.316169,2.787879,4.217182,17.767598,0.739803,0.49401
4590,567,1,2,14,1,8,1,4,0,0,3,2,27,0,5,38.5,0.905324,10.021786,6.437786,180.647915,0.86761,0.769861
10398,1498,2,0,8,1,5,3,4,2,3,3,1,20,5,4,44.0,0.146634,2.981343,4.607925,12.564245,0.535011,0.272045
10097,1554,2,1,13,2,6,0,3,2,0,3,3,22,2,6,43.0,0.067612,2.674062,3.522555,1.774865,0.545513,0.229928
12819,1402,0,3,8,2,6,1,0,4,1,4,0,15,5,4,54.0,0.58564,3.510414,4.940728,29.274905,0.549413,0.457359
2815,300,1,1,2,1,1,2,1,1,0,1,0,6,1,1,84.5,0.144154,4.262877,3.776896,3.244124,0.771852,0.385738
8820,848,2,2,12,1,5,1,0,0,0,5,0,18,0,5,56.5,0.528873,4.081633,4.016942,21.033578,0.75007,0.444253
2800,325,1,1,4,1,3,0,1,2,0,0,0,8,2,0,80.0,0.824583,8.571429,5.179428,76.679219,0.90586,0.73008
14258,1565,2,1,10,2,4,1,5,1,1,2,1,20,2,3,51.5,0.633763,5.049797,4.603375,14.31362,0.380857,0.469003
8864,600,4,0,4,0,1,1,2,0,0,1,0,8,0,1,82.5,1.0,9.250903,6.327391,65.979791,0.841223,0.823046
14131,1007,4,0,5,0,9,1,2,2,0,3,0,17,2,3,57.5,0.45151,5.024414,4.500386,91.469991,0.938393,0.523255
3129,427,1,0,7,0,6,1,0,1,0,4,0,14,1,4,64.0,0.86339,8.948546,6.489486,98.904698,0.909543,0.658749
9624,1033,4,3,7,0,3,0,3,0,0,3,2,13,0,5,66.5,0.142762,2.597672,3.107705,3.189972,0.472327,0.287198
7771,1281,2,0,13,2,4,1,2,1,1,6,0,20,2,6,47.0,0.14789,1.80157,3.158023,9.85774,0.485059,0.281064
6552,754,4,1,5,2,5,2,5,3,0,4,1,17,3,5,52.5,0.119791,1.678877,4.07625,2.645275,0.682566,0.287772
11691,1227,2,1,9,0,15,2,4,1,4,2,1,30,5,3,25.5,0.074324,2.309469,2.817539,1.566943,0.420145,0.173814
3384,399,3,1,2,0,6,1,0,0,2,1,1,9,2,2,75.0,0.174967,3.546099,3.661255,1.981013,0.134381,0.26872
2800,399,0,0,7,2,3,1,1,0,0,2,0,12,0,2,73.0,0.802427,6.428571,5.808285,69.000047,0.756669,0.705218
4231,448,0,0,3,1,3,1,3,0,0,1,0,10,0,1,78.5,0.583321,5.199716,3.731661,3.78515,0.206245,0.448047
3200,406,0,0,4,1,3,0,1,0,0,1,0,8,0,1,82.5,0.747524,5.625,4.472411,5.815581,0.25606,0.465849
10288,643,1,0,4,2,3,0,0,0,0,0,1,7,0,1,84.5,0.882531,8.067652,6.69729,323.609502,0.799634,0.80542
15356,1632,2,0,3,0,5,0,1,0,0,4,0,9,0,4,76.0,0.846437,7.814535,4.628658,369.038758,0.538765,0.663638
12286,1066,2,0,4,0,1,1,1,0,0,3,0,7,0,3,81.5,0.947066,6.430083,6.148357,107.498716,0.553869,0.660152
7452,465,1,0,4,0,2,0,0,0,0,2,1,6,0,3,83.5,0.837422,5.501879,5.808261,144.899997,0.979965,0.661663
6408,865,1,1,7,2,7,1,3,0,1,1,1,18,1,2,59.0,0.248571,3.277154,3.613307,6.70258,0.458499,0.308305
3488,521,3,2,10,6,6,1,1,0,1,2,0,18,1,2,59.0,0.086697,1.146789,2.577363,0.027697,0.375602,0.226033
5558,394,0,1,6,0,1,0,0,0,0,1,0,7,0,1,84.5,0.946858,8.6362,7.062196,35.606176,0.746904,0.828384
9278,1019,2,2,7,1,3,0,0,1,1,2,0,10,2,2,73.0,0.56621,6.143565,5.105133,61.642217,0.548999,0.580302
3158,421,0,2,8,0,1,0,3,1,0,2,3,12,1,5,66.5,0.142325,3.483217,2.886396,2.446901,0.548351,0.310146
5875,857,3,0,12,2,2,1,4,2,2,2,1,19,4,3,49.5,0.233754,3.404255,4.230866,11.219631,0.592493,0.306368
11470,1225,3,2,9,3,9,2,3,1,1,4,0,23,2,4,44.0,0.05365,2.441151,2.453237,5.236901,0.480209,0.194767
9061,1076,1,0,4,4,4,2,0,1,0,3,0,10,1,3,73.5,0.328574,4.63525,3.565307,15.64555,0.254918,0.495237
4934,414,1,0,4,0,4,0,2,0,1,1,1,10,1,2,75.0,0.812578,7.904337,5.190075,20.483344,0.168848,0.644772
1824,300,1,0,1,0,3,0,0,2,0,0,0,4,2,0,88.0,0.036456,1.096491,2.736361,0.000108,0.049377,0.204032
3200,311,1,0,2,1,1,0,1,0,1,1,0,4,1,1,88.5,0.631474,3.4375,4.84705,3.106102,0.364518,0.444798
18000,1196,1,3,6,1,5,1,1,0,1,2,1,13,1,3,67.5,0.915452,7.333333,5.206026,256.365088,0.959895,0.671439
4142,418,0,1,3,1,2,0,1,0,0,1,0,6,0,1,86.5,0.080622,2.897151,3.244892,9.912862,0.559968,0.348204
9150,1223,5,0,12,1,5,1,4,2,0,5,2,22,2,7,41.5,0.390758,3.825137,4.053446,10.540845,0.380197,0.409701
4565,708,0,0,4,1,6,1,2,1,0,4,2,13,1,6,63.0,0.161238,2.409639,1.970698,0.96315,0.025979,0.200067
6568,828,0,2,9,1,6,1,5,1,0,2,0,21,1,2,53.0,0.258489,2.131547,3.988532,4.020043,0.214712,0.238452
8516,1120,0,2,10,2,5,1,0,0,1,0,1,16,1,1,64.5,0.464692,2.583372,2.970382,3.655718,0.292389,0.376157
9747,1014,1,0,4,2,11,0,2,2,2,3,1,17,4,4,52.0,0.797539,5.745358,5.583283,11.38606,0.415261,0.553344
3727,563,1,0,7,2,4,0,1,1,0,3,1,12,1,4,68.0,0.436969,4.292997,3.824859,1.515181,0.449805,0.392374
5804,694,2,0,6,4,4,0,1,0,2,3,1,11,2,4,68.0,0.229418,2.06754,2.957106,5.056894,0.195322,0.273848
12824,1316,4,0,9,2,4,0,1,3,2,5,1,14,5,6,53.0,0.332487,4.834685,4.056159,34.127914,0.911836,0.41393
4329,714,1,2,1,1,4,0,1,2,1,0,1,6,3,1,80.5,0.688875,6.237006,5.282063,10.146909,0.223002,0.49818
1664,300,0,0,2,1,1,0,2,0,0,2,0,5,0,2,87.0,0.021703,0.0,0.0,0.0,0.581596,0.174622
6331,674,1,0,8,0,3,0,3,1,1,3,0,14,2,3,63.5,0.59956,7.581741,5.017388,6.422739,0.632663,0.507882
2600,341,0,1,2,0,1,0,1,0,0,0,0,4,0,0,92.0,0.563737,7.307692,4.17573,14.681483,0.660379,0.6371
6110,560,1,2,10,1,3,1,3,0,0,3,1,17,0,4,60.0,0.581527,5.728314,5.408839,11.219361,0.997949,0.479439
3200,387,1,0,0,1,0,0,0,0,0,1,0,0,0,1,98.5,0.794187,4.0625,5.113606,6.076514,0.242356,0.583832
13000,1580,5,2,10,1,13,1,3,3,1,4,2,27,4,6,29.0,0.268242,2.769231,3.445586,11.014481,0.707679,0.340213
7477,873,1,1,3,0,7,0,0,0,0,7,0,10,0,7,69.5,0.460852,2.541126,5.052404,4.845789,0.615407,0.405125
15905,1447,4,2,9,3,8,1,3,2,1,5,0,21,3,5,44.5,0.568391,4.526878,4.330941,30.475306,0.123717,0.46141
7949,708,0,1,8,2,3,5,2,0,0,4,4,18,0,8,52.0,0.158783,2.138634,3.131112,0.777454,0.293815,0.207062
4500,324,0,0,0,0,1,0,0,0,0,2,2,1,0,4,92.0,0.962687,6.0,6.249647,89.38484,0.734214,0.681864
6232,432,1,0,6,1,2,0,1,0,0,0,0,9,0,0,82.0,0.321852,4.653402,4.827508,17.555594,0.861506,0.518868
6969,1386,2,1,16,1,2,2,3,1,1,6,2,23,2,8,38.0,0.18505,1.721911,2.719032,0.303548,0.295443,0.171593
11671,917,0,0,3,1,0,1,1,0,0,2,3,5,0,5,82.5,0.858832,7.111644,5.854989,80.561896,0.753896,0.695596
2548,374,1,0,2,0,3,0,1,2,1,1,0,6,3,1,80.5,0.043328,1.177394,2.345835,0.064799,0.180494,0.150563
11154,746,1,2,2,0,1,0,2,0,0,3,0,5,0,3,85.5,1.0,6.096468,6.956158,207.532233,0.535089,0.821175
1739,300,1,1,3,0,1,1,0,0,1,0,0,5,1,0,88.0,0.249977,1.150086,1.065172,0.040021,0.154123,0.188321
1500,300,1,0,1,0,3,0,0,2,0,2,0,4,2,2,85.0,0.056496,1.333333,3.249844,0.0,0.442008,0.258247
5455,540,1,0,4,0,2,1,0,0,0,0,1,7,0,1,84.5,1.0,6.782768,6.629846,60.069394,0.607055,0.800121
4952,329,0,1,1,0,1,0,1,0,0,0,1,3,0,1,92.5,0.545892,6.865913,5.402221,16.861548,0.979957,0.583672
8192,1197,0,1,7,3,7,0,2,2,1,6,1,16,3,7,51.5,0.166397,1.220703,2.727435,6.026371,0.218557,0.169782
8972,1107,1,1,8,1,6,4,1,2,1,8,0,19,3,8,44.0,0.661153,6.130183,4.424907,33.345605,0.664967,0.546261
7993,610,0,1,4,5,6,1,2,1,1,1,1,13,2,2,67.0,0.921057,7.381459,6.058551,71.966906,0.841131,0.708656
7885,776,2,1,10,2,9,0,0,1,0,3,2,19,1,5,52.5,0.726417,4.9461,4.657221,13.28009,0.038507,0.417829
4499,493,1,0,4,0,1,0,2,1,1,0,0,7,2,0,82.0,0.458269,2.222716,4.694613,6.409811,0.37387,0.409343
14729,1245,5,2,12,5,7,1,5,1,1,4,1,25,2,5,38.5,0.383082,5.159889,5.075741,23.451298,0.914708,0.459358
8387,1011,4,0,10,1,9,2,3,0,0,5,1,24,0,6,43.0,0.766672,6.200072,4.313027,12.140647,0.16792,0.534357
12125,759,0,1,11,1,5,0,0,1,0,0,2,16,1,2,63.0,0.962234,9.814433,5.906315,102.000492,0.749229,0.785404
8837,998,3,0,4,1,2,0,1,0,0,3,0,7,0,3,81.5,0.489511,3.394817,4.092588,21.320333,0.484559,0.525614
4864,751,1,2,3,1,3,0,2,0,0,1,0,8,0,1,82.5,0.21729,2.055921,3.137955,3.23048,0.234182,0.221219
13851,2051,1,1,8,0,8,1,2,3,2,11,0,19,5,11,35.5,0.63453,3.826439,5.157476,42.267613,0.276838,0.472375
4897,602,2,0,14,1,3,2,2,1,1,7,1,21,2,8,42.0,0.863644,8.985093,5.846797,152.673196,0.897411,0.665539
4966,743,0,1,8,0,2,1,4,0,1,3,2,15,1,5,60.5,0.019362,1.208216,3.370285,3.814443,0.432918,0.207503
7394,506,1,0,1,1,4,0,0,0,0,1,0,5,0,1,88.5,0.896619,5.004057,5.632017,51.429839,0.510615,0.736556
2741,348,0,1,3,1,6,0,1,1,0,2,1,10,1,3,73.5,0.161963,1.094491,2.474923,0.058695,0.051974,0.203877
9132,586,3,1,4,0,2,0,0,1,1,2,0,6,2,2,81.0,0.671229,5.037232,5.612185,37.958266,0.828768,0.66369
9806,1122,0,1,2,0,5,0,0,0,1,0,0,7,1,0,84.0,0.805686,4.894962,5.33758,150.892663,0.51951,0.576331
6978,651,3,3,7,2,2,1,4,0,0,2,1,14,0,3,67.5,0.663769,6.592147,5.571834,22.052999,0.801947,0.594608
12683,1176,4,1,8,2,6,2,3,2,0,3,3,19,2,6,49.0,0.705176,5.361508,4.105621,32.932944,0.165154,0.571398
5104,530,1,0,8,0,4,0,0,1,0,2,1,12,1,3,69.5,0.723797,3.722571,4.28554,5.41951,0.114228,0.482955
4495,414,0,1,1,0,3,0,1,1,1,0,0,5,2,0,86.0,0.879112,6.674082,4.95246,11.511268,0.345342,0.568567
3200,302,0,1,3,0,2,0,1,0,0,1,3,6,0,4,82.0,0.744432,6.875,5.366533,13.904648,0.6894,0.647249
3022,347,0,1,6,0,5,0,0,0,0,1,0,11,0,1,76.5,0.785465,8.603574,4.755169,68.1287,0.915873,0.713987
15196,1475,1,1,10,1,5,1,0,0,2,4,1,16,2,5,56.5,0.784986,5.33035,4.500667,47.488689,0.329309,0.497185
14000,1675,2,4,10,1,9,2,2,1,2,5,1,23,3,6,39.0,0.803528,6.285714,6.847122,389.096932,0.942383,0.657916
7976,822,0,1,2,0,2,0,0,0,1,0,2,4,1,2,87.0,0.063609,1.003009,3.21085,2.178056,0.461804,0.313249
4583,450,0,2,0,0,2,1,0,1,1,1,0,3,2,1,88.5,0.262383,2.181977,3.585781,1.470884,0.062865,0.225753
7767,663,1,0,5,2,1,0,2,0,0,3,0,8,0,3,79.5,0.57413,4.763744,4.672338,48.719577,0.879599,0.4853
15907,994,0,1,3,2,2,0,1,0,0,0,0,6,0,0,88.0,0.775439,7.732445,6.275496,350.765377,0.815578,0.71973
15000,1151,2,6,15,1,10,1,7,1,2,4,2,33,3,6,19.0,0.457342,3.266667,3.706576,19.969774,0.881589,0.455751
10235,1125,1,2,8,0,8,2,5,1,0,4,0,23,1,4,46.0,0.382575,3.028823,4.070507,10.108429,0.037857,0.313561
5953,708,1,0,7,0,2,1,1,1,1,1,0,11,2,1,72.5,0.781792,6.047371,5.62359,15.649569,0.481796,0.556343
4478,804,0,0,3,2,7,0,2,1,0,3,0,12,1,3,69.5,0.028769,1.339884,3.578348,0.291965,0.499627,0.261962
4446,572,2,1,8,3,0,0,2,1,0,1,0,10,1,1,76.5,0.806353,5.173189,5.829627,27.43895,0.064708,0.554455
18000,1125,4,1,1,1,2,1,2,1,0,2,0,6,1,2,83.0,0.93363,7.555556,6.83725,264.005463,0.839266,0.812575
9169,737,3,1,3,0,2,0,2,0,1,4,0,7,1,4,78.0,0.639717,4.907842,4.025399,14.742907,0.020864,0.495519
9994,1209,0,1,4,3,8,1,2,0,0,2,0,15,0,2,67.0,0.298792,2.601561,3.836756,13.107399,0.58441,0.428182
5973,556,0,0,4,1,4,0,0,1,0,0,0,8,1,0,82.0,0.675683,3.180981,5.30822,22.821079,0.099642,0.593491
8337,552,0,0,2,0,2,0,1,1,0,2,0,5,1,2,85.0,0.773726,7.436728,6.146673,138.629947,0.865291,0.679069
10812,680,1,1,2,1,1,0,2,2,0,2,1,5,2,3,81.5,0.918021,6.751757,5.32991,138.048053,0.774716,0.755491
6163,385,0,0,3,0,0,1,0,1,0,1,0,4,1,1,88.5,0.75835,7.626156,5.615238,78.287405,0.942318,0.748933
11136,1304,4,0,21,2,15,4,3,1,2,8,3,43,3,11,0.0,0.955513,7.902299,7.203431,386.504478,0.830494,0.764989
6631,491,1,0,3,1,2,0,2,0,2,1,0,7,2,1,80.5,0.948213,4.373398,6.631759,116.357152,0.711538,0.711992
16500,2279,4,1,17,1,5,0,3,1,0,3,1,25,1,4,42.0,0.668422,6.545455,5.614372,79.791654,0.553643,0.57931
5233,588,0,1,7,0,8,1,1,0,2,1,1,17,2,2,59.0,0.836111,8.025989,5.375134,155.2793,0.948123,0.661326
6237,389,0,0,1,0,3,2,0,0,1,1,0,6,1,1,84.5,0.999257,10.10101,6.308363,257.516749,0.744082,0.80931
6639,1150,3,0,6,0,5,1,6,0,0,2,1,18,0,3,59.5,0.092002,2.259376,3.525144,3.217454,0.422167,0.278316
4500,300,0,0,2,0,0,0,0,0,0,0,0,2,0,0,96.0,0.76774,7.111111,5.071795,24.149011,0.89516,0.708862
12718,1285,1,1,6,2,1,0,6,0,0,3,0,13,0,3,69.5,0.920496,6.604812,5.549602,113.191058,0.281634,0.694776
7200,697,1,4,9,0,9,0,1,0,1,2,1,19,1,3,55.5,0.535679,5.555556,4.922283,39.417467,0.716928,0.531217
10887,1018,1,0,7,1,4,2,2,0,1,3,0,15,1,3,63.5,0.499485,4.684486,4.528666,76.981559,0.729256,0.550536
4500,300,0,0,4,2,0,0,1,0,1,2,0,5,1,2,85.0,0.984577,8.222222,7.267788,178.072393,0.977833,0.77198
7768,791,0,1,14,1,9,1,2,1,1,2,1,26,2,3,39.5,0.453149,4.634398,4.311723,62.414963,0.786614,0.463791
4726,514,2,2,3,1,0,0,4,0,1,0,3,7,1,3,79.5,0.426753,1.904359,3.54804,8.794355,0.101634,0.245445
8167,511,0,2,5,2,2,0,3,0,0,1,1,10,0,2,77.0,0.757707,9.305743,5.36717,118.237853,0.975381,0.686754
13000,1158,7,3,9,4,6,2,3,0,0,3,1,20,0,4,54.0,0.234724,1.538462,3.5227,1.754154,0.000678,0.22951
6812,472,1,1,5,0,1,0,0,1,0,2,0,6,1,2,83.0,0.288721,4.403993,3.435839,26.393772,0.969881,0.456023
15000,2065,6,3,16,1,8,2,3,3,3,8,0,29,6,8,18.0,0.726791,4.333333,5.19699,28.827128,0.299076,0.430185
5045,500,5,2,5,1,6,0,3,3,0,2,0,14,3,2,63.0,0.149991,1.982161,3.70349,1.702397,0.092674,0.194403
11000,1642,2,4,15,2,7,1,4,2,0,4,2,27,2,6,33.0,0.237333,1.545455,3.579805,1.792037,0.328555,0.191788
3930,694,0,1,5,0,3,0,2,0,1,2,0,10,1,2,75.0,0.113979,1.78117,3.136733,3.741923,0.219363,0.22371
10636,992,3,3,12,0,8,2,1,3,0,4,1,23,3,5,40.5,0.250359,2.162467,3.746562,6.403372,0.524899,0.262601
4500,311,2,0,2,1,3,0,0,1,0,2,0,5,1,2,85.0,1.0,6.888889,6.976551,78.88996,0.697243,0.813542
13444,961,0,1,7,0,2,0,2,0,1,1,1,11,1,2,73.0,0.918897,6.917584,6.489549,179.977982,0.947156,0.779342
1958,334,1,1,0,0,2,1,1,0,0,0,0,4,0,0,92.0,0.174922,2.042901,2.653466,0.099899,0.620426,0.304591
5316,400,1,0,0,0,0,0,1,1,0,2,1,1,1,3,91.5,0.57603,6.395786,5.514656,29.996909,0.82631,0.586296
18000,1125,4,3,8,2,5,1,2,0,1,2,0,16,1,2,63.0,0.987474,7.333333,5.995152,504.635691,0.765055,0.753439
3726,540,0,1,5,1,6,1,2,1,0,1,1,14,1,2,67.0,0.140277,2.415459,3.380439,0.335852,0.572808,0.274379
2772,474,2,0,3,0,5,0,3,0,1,1,1,11,1,2,73.0,0.398112,5.411255,3.533565,11.316567,0.488922,0.490158
6573,544,1,0,7,1,5,0,3,1,1,4,1,15,2,5,58.5,0.372289,2.434201,3.794283,4.037053,0.767098,0.352419
4555,715,0,0,7,4,4,2,1,0,0,4,1,14,0,5,64.5,0.694562,2.854007,4.142102,3.263211,0.335222,0.470712
7161,448,1,1,1,2,1,0,0,1,0,1,0,2,1,1,92.5,0.832585,6.563329,6.443625,181.775812,0.961601,0.705246
5800,723,1,1,7,3,4,0,0,0,0,1,1,11,0,2,75.0,0.528746,5.862069,5.245679,37.101774,0.53268,0.549826
2997,363,0,1,3,1,2,0,3,1,0,2,1,8,1,3,77.5,0.154822,2.669336,2.706556,0.352235,0.590248,0.292826
7470,962,1,0,3,0,5,0,3,1,1,4,0,11,2,4,68.0,0.759938,5.756359,4.650499,30.936484,0.172369,0.561369
5045,513,2,2,4,1,4,1,1,0,0,1,2,10,0,3,75.5,0.635993,5.351833,4.497948,14.53248,0.680296,0.523831
10716,1012,3,1,8,4,4,1,2,1,1,1,1,15,2,2,63.0,0.445597,3.452781,3.940072,16.777023,0.034854,0.42242
16500,2393,1,5,11,0,2,1,4,3,2,5,1,18,5,6,45.0,0.718712,6.060606,4.258904,26.373414,0.342293,0.522879
11062,735,1,3,11,1,6,0,2,1,0,8,1,19,1,9,46.5,0.592119,6.23757,5.35491,105.917677,0.961033,0.596977
13216,826,4,2,1,0,1,3,1,0,2,1,0,6,2,1,82.5,0.943609,6.053269,5.260661,61.296748,0.584109,0.727152
16500,1867,3,1,9,2,5,1,6,3,0,4,4,21,3,8,40.0,0.545801,3.878788,5.105473,26.223211,0.48887,0.420145
13753,1511,1,1,6,0,6,1,7,1,3,5,1,20,4,6,43.0,0.824046,6.107758,5.153697,36.969509,0.224047,0.522634
12730,795,0,0,14,3,6,0,5,0,0,3,1,25,0,4,44.0,0.897452,8.483896,6.242555,442.086306,0.908557,0.700169
9176,1012,1,3,10,1,7,0,2,0,3,11,2,19,3,13,36.5,0.129054,3.487358,4.224626,8.248544,0.79636,0.278075
12680,1021,5,0,4,1,9,2,1,0,0,2,0,16,0,2,65.0,0.954867,7.176656,6.085214,67.25298,0.430028,0.667601
6184,667,2,2,8,2,4,2,1,0,0,6,0,15,0,6,61.0,0.601611,4.527814,3.403967,7.285181,0.161618,0.415668
8433,890,4,2,8,2,5,1,0,1,2,3,1,14,3,4,60.0,0.35272,3.438871,4.787659,22.936553,0.347263,0.482843
3200,382,1,0,2,0,3,0,0,1,2,0,0,5,3,0,84.0,0.537032,4.0625,4.648731,15.91597,0.61799,0.508121
7183,1085,1,0,7,2,9,3,2,1,0,4,1,21,1,5,48.5,0.024651,0.974523,3.544117,0.157378,0.615512,0.184072
4637,700,4,1,10,0,8,0,1,1,0,4,0,19,1,4,54.0,0.976108,6.901014,6.285992,129.552792,0.732986,0.704843
18000,1726,2,1,7,0,3,0,4,1,1,0,0,14,2,0,68.0,0.914938,7.222222,5.722121,72.357109,0.56575,0.68846
7497,885,2,1,3,0,3,0,2,0,0,1,0,8,0,1,82.5,0.477314,4.268374,4.781592,8.731641,0.425382,0.423184
4434,639,2,1,7,1,4,1,3,0,0,1,2,15,0,3,65.5,0.1518,2.93189,3.00707,1.724749,0.210979,0.252559
4026,300,1,3,5,0,6,2,0,0,1,1,0,13,1,1,70.5,0.665626,5.961252,4.296487,25.100955,0.954683,0.565281
11011,1187,0,1,4,1,1,2,1,0,0,2,1,8,0,3,79.5,0.798806,4.359277,4.579026,16.169866,0.22931,0.516838
6886,884,0,2,2,1,0,0,2,1,0,3,3,4,1,6,81.0,0.84627,5.808888,4.393346,14.318019,0.54444,0.645455
9358,900,2,1,5,0,6,1,2,0,0,0,2,14,0,2,69.0,0.027234,2.244069,2.957044,1.194775,0.564181,0.315539
9315,1420,0,1,3,1,5,1,1,1,4,6,0,10,5,6,61.0,0.094861,1.073537,2.600876,0.718598,0.302769,0.191913
5238,572,2,0,6,2,7,0,1,0,1,2,2,14,1,4,64.0,0.443806,5.154639,4.039645,13.436093,0.307466,0.337533
5806,790,2,3,14,0,2,1,3,1,0,7,0,20,1,7,47.5,0.946367,10.678608,6.039352,79.708136,0.603454,0.767504
6248,414,3,0,1,0,1,0,0,0,0,1,1,2,0,2,93.0,0.913939,6.402049,4.6738,27.761253,0.500217,0.71972
3436,300,0,1,4,0,1,1,0,0,0,1,0,6,0,1,86.5,0.324403,3.201397,6.164021,0.337629,0.894019,0.50642
8189,1300,1,2,7,1,5,0,3,1,0,1,0,15,1,1,66.5,0.294167,4.884601,3.470631,16.257106,0.298773,0.416866
3493,327,1,1,4,0,1,1,0,0,0,4,0,6,0,4,82.0,0.439443,7.157171,4.268382,17.663324,0.827796,0.502512
3627,439,2,0,5,1,6,0,1,0,0,0,0,12,0,0,76.0,0.51528,4.687069,5.031945,24.401346,0.649424,0.547034
9794,922,2,0,3,0,2,0,0,0,0,1,0,5,0,1,88.5,0.846349,6.73882,6.246215,89.636456,0.568286,0.651089
4863,420,0,1,4,1,2,0,0,0,0,2,3,6,0,5,80.5,0.595874,5.552128,5.350529,63.423619,0.835555,0.575885
5816,858,2,1,5,2,4,0,2,1,1,2,2,11,2,4,68.0,0.599954,4.298487,4.588583,2.170087,0.303056,0.423257
10802,1264,4,1,7,2,10,0,1,1,2,7,1,18,3,8,46.0,0.092393,1.758934,2.816154,2.36062,0.351459,0.223351
10265,1042,2,1,16,2,9,4,7,2,1,4,3,36,3,7,11.5,0.508468,3.799318,4.191816,14.09504,0.763108,0.421046
16099,1006,2,1,13,1,1,0,1,2,0,2,1,15,2,3,61.5,0.926975,6.832723,5.932114,311.321963,0.72407,0.784292
8917,632,2,1,4,0,5,4,0,0,1,1,2,13,1,3,67.5,0.94447,6.392284,4.699859,26.953554,0.049108,0.587482
9050,610,1,0,6,2,5,0,1,0,0,0,0,12,0,0,76.0,0.853728,7.734807,6.11178,91.304442,0.991548,0.70401
9782,1436,2,2,12,2,10,2,7,2,1,4,0,31,3,4,26.0,0.774342,5.315886,4.884983,11.02446,0.464085,0.514012
5887,880,2,0,9,1,14,1,2,1,0,2,2,26,1,4,40.0,0.89291,8.49329,5.630869,183.004355,0.928308,0.653381
5494,545,0,1,5,2,4,0,3,1,1,3,0,12,2,3,67.5,0.281633,3.276301,3.9232,8.790262,0.246336,0.335372
7215,1000,3,0,10,1,2,0,0,1,2,6,1,12,3,7,59.5,0.104141,0.4158,3.247098,2.936492,0.1483,0.133703
15127,1011,1,2,5,1,3,0,1,0,1,4,0,9,1,4,74.0,1.0,7.271766,6.205846,96.875435,0.89881,0.813537
6943,782,4,0,7,2,2,0,2,1,0,3,1,11,1,4,70.0,0.121545,2.448509,3.510831,8.207489,0.455989,0.261474
11996,916,2,0,8,0,1,0,1,2,0,3,0,10,2,3,71.5,0.985529,6.168723,6.56398,35.731583,0.600612,0.72697
5261,409,2,1,2,1,2,0,2,1,0,3,2,6,1,5,78.5,0.457732,4.56187,5.06605,39.362937,0.896878,0.513835
4666,534,1,0,8,1,3,3,1,1,0,4,1,15,1,5,60.5,0.688162,5.143592,5.103274,80.46822,0.882503,0.58762
5382,533,0,0,1,1,1,0,1,0,1,3,0,3,1,3,87.5,0.508508,4.459309,4.633638,5.640797,0.597968,0.505609
16500,1841,3,1,9,1,8,2,2,1,5,2,0,21,6,2,43.0,0.555038,3.878788,4.65105,25.056441,0.473721,0.459436
3200,300,2,1,4,0,2,1,1,0,1,3,0,8,1,3,77.5,0.424276,7.1875,5.14295,13.970335,0.837378,0.515755
4830,831,5,1,14,1,2,3,1,0,1,4,2,20,1,6,49.0,0.889016,8.902692,5.304759,165.50776,0.434218,0.716724
8087,1006,2,1,12,3,3,1,1,2,2,1,2,17,4,3,53.5,0.613197,6.182762,5.148863,16.669549,0.524971,0.483256
6115,630,2,0,1,1,0,0,0,1,0,1,0,1,1,1,94.5,0.796034,4.415372,6.951736,22.365179,0.524419,0.672083
6279,411,1,0,3,0,2,0,2,2,1,2,1,7,3,3,75.5,0.479596,5.414875,5.557613,22.922271,0.953092,0.551029
14175,885,1,1,4,1,3,1,1,1,0,5,0,9,1,5,72.5,1.0,8.465608,6.878959,526.84693,0.983444,0.858117
6965,968,1,2,10,2,5,3,3,1,2,3,0,21,3,3,47.5,0.585175,3.4458,4.83448,14.454947,0.624049,0.418451
8199,1057,1,1,10,1,2,1,2,1,0,2,0,15,1,2,65.0,0.483397,3.049152,3.986421,35.159232,0.401036,0.408796
6345,422,1,0,1,2,4,1,1,0,1,1,1,7,1,2,81.0,0.787069,7.880221,7.024981,95.5145,0.958476,0.809155
5644,777,1,1,16,1,6,0,3,1,0,1,0,25,1,1,46.5,0.958804,9.744862,5.031858,61.060834,0.679354,0.664605
13910,869,2,2,0,0,7,0,0,0,1,1,0,7,1,1,82.5,0.876727,8.483106,6.450782,160.007431,0.793015,0.774455
4500,300,0,1,1,0,1,2,0,0,0,0,0,4,0,0,92.0,1.0,8.666667,6.95122,176.079335,0.803503,0.837856
12023,764,1,2,3,2,5,0,1,1,1,3,0,9,2,3,73.5,0.750689,4.990435,6.357723,41.012579,0.708515,0.680375
5793,399,0,1,3,0,2,0,2,1,0,1,1,7,1,2,81.0,0.80079,4.660798,5.983948,69.177098,0.908746,0.696841
11000,2176,2,6,11,5,7,2,6,1,2,7,0,26,3,7,31.5,0.016025,2.272727,2.285699,3.797777,0.292831,0.198192
6290,1028,3,1,8,0,5,1,0,0,1,0,0,14,1,0,70.0,0.036327,3.974563,3.303536,4.175514,0.429237,0.326656
5083,652,1,3,4,1,2,0,1,2,0,2,0,7,2,2,79.0,0.785858,4.328153,5.856434,18.312404,0.363196,0.601406
8042,1196,1,2,9,4,4,1,2,1,2,1,0,16,3,1,60.5,0.583075,4.600846,4.237214,15.845246,0.484604,0.494465
4420,753,0,1,8,3,9,0,1,1,0,4,0,18,1,4,56.0,0.8985,6.78733,5.737451,20.247423,0.660615,0.695386
5718,778,1,0,5,1,0,1,1,1,0,1,0,7,1,1,82.5,0.410348,4.022385,4.347264,8.791862,0.587939,0.421043
5048,552,2,0,6,0,1,0,4,2,1,1,0,11,3,1,70.5,0.057486,3.36767,2.63235,2.646827,0.341311,0.245068
2800,449,0,1,3,0,5,1,3,0,0,4,1,12,0,5,68.5,0.748067,9.642857,5.317304,91.025818,0.884048,0.703456
9572,1367,3,4,4,1,2,1,2,0,2,2,1,9,2,3,73.5,0.66573,3.447555,5.667691,31.880299,0.515353,0.484433
2800,400,0,0,6,0,1,1,2,1,0,0,1,10,1,1,76.5,1.0,10.0,5.761023,110.741463,0.913167,0.821209
5319,712,1,1,4,2,5,1,2,0,1,3,0,12,1,3,69.5,0.035757,1.504042,2.355221,2.568715,0.676042,0.210464
6202,760,0,4,11,0,5,1,3,1,2,4,2,20,3,6,45.0,0.066882,1.93486,4.068331,2.969777,0.467641,0.239381
7068,488,1,3,3,2,3,1,0,0,0,0,0,7,0,0,86.0,0.871618,6.649689,6.516096,144.653302,0.816316,0.677181
2800,403,2,2,5,1,12,0,0,0,1,0,1,17,1,1,62.5,0.724113,10.357143,6.25363,104.505264,0.752568,0.729814
4173,527,0,0,4,0,0,1,0,2,0,0,0,5,2,0,86.0,0.546839,6.23053,3.872394,21.995768,0.333705,0.582452
14000,1994,6,3,30,1,20,1,9,1,1,8,5,60,2,13,0.0,1.0,7.214286,7.33617,490.212181,0.710655,0.662845
4476,650,0,0,6,0,10,2,1,2,0,0,0,19,2,0,58.0,0.773198,8.713137,5.047943,89.58104,0.472611,0.615619
6191,642,1,2,4,1,2,0,2,1,1,3,0,8,2,3,75.5,0.481387,4.03812,4.220509,12.807651,0.651332,0.422135
18000,1333,0,0,11,2,2,0,0,1,0,1,0,13,1,1,70.5,0.833797,5.944444,5.893551,426.06497,0.76215,0.719889
10783,966,5,4,5,2,6,4,4,2,0,2,3,19,2,5,50.5,0.649448,5.657053,4.980429,42.703222,0.745802,0.486625
4946,610,1,0,2,0,3,0,0,0,1,2,0,5,1,2,85.0,0.501171,5.458957,4.999509,32.751315,0.333303,0.464348
4161,439,2,2,2,1,3,0,0,1,0,0,0,5,1,0,88.0,0.617504,6.488825,4.241716,12.177117,0.396813,0.508523
2291,384,1,3,4,0,4,1,1,1,1,4,0,10,2,4,70.0,0.086076,3.491925,2.454653,0.059151,0.194214,0.19725
4679,542,4,1,6,1,3,0,0,1,0,6,0,9,1,6,71.0,0.177325,3.846976,3.890974,1.493401,0.750656,0.340457
3200,300,0,0,1,1,2,0,1,1,0,0,0,4,1,0,90.0,0.662742,6.25,5.027533,11.544647,0.813786,0.569655
5865,516,2,0,8,0,3,3,3,1,2,3,0,17,3,3,55.5,0.556036,3.41006,5.346287,16.498529,0.025208,0.421453
5713,552,1,1,8,1,0,1,3,0,2,1,0,12,2,1,70.5,0.062605,0.525118,3.915169,4.7e-05,0.011535,0.217358
6321,613,2,1,4,1,5,0,3,1,1,2,1,12,2,3,67.5,0.041145,1.582028,3.776271,0.51731,0.275397,0.178362
6286,622,1,1,5,1,3,0,0,0,0,1,0,8,0,1,82.5,0.795354,6.363347,5.155616,55.768001,0.554737,0.675771
6922,717,2,0,4,2,5,0,0,1,0,2,2,9,1,4,74.0,0.388681,4.478474,5.211751,31.28729,0.987326,0.466292
12289,1189,6,3,5,1,6,1,5,1,1,2,1,17,2,3,57.5,0.516839,3.743185,4.484422,12.776338,0.373093,0.401315
12542,1340,0,2,1,2,2,0,2,0,0,3,0,5,0,3,85.5,0.93681,6.936693,6.123822,90.321599,0.293992,0.66958
3201,463,1,1,4,1,2,2,1,1,0,2,1,9,1,3,75.5,0.28577,4.373633,4.514328,4.917632,0.580408,0.387959
18000,1125,3,2,4,0,2,0,0,0,0,8,0,6,0,8,76.0,0.848367,7.666667,6.434419,120.23695,0.918108,0.762183
3233,328,0,0,4,0,4,0,1,0,0,1,0,9,0,1,80.5,0.151609,1.855861,2.472147,0.981895,0.691895,0.24484
13000,1389,5,1,9,7,8,1,2,6,3,6,4,20,9,10,27.0,0.186976,3.692308,3.111725,8.459139,0.389595,0.230741
8897,1295,4,1,3,2,3,2,5,1,3,5,0,13,4,5,58.5,0.487382,3.709115,4.434775,15.027092,0.285466,0.503286
3577,494,1,1,2,0,3,1,2,3,1,0,1,8,4,1,74.5,0.544596,2.516075,5.759387,3.807628,0.493277,0.444543
18000,1174,1,1,4,2,2,0,2,0,3,0,1,8,3,1,76.5,0.869614,7.5,5.912087,196.260842,0.938189,0.741287
6993,1073,3,1,5,4,5,2,2,3,2,5,0,14,5,5,54.5,0.149897,2.145002,3.528591,7.596517,0.676325,0.302414
11759,734,1,0,3,0,0,1,3,1,0,0,0,7,1,0,84.0,0.821597,5.782805,6.651094,96.821167,0.847541,0.759352
4643,844,2,1,7,3,6,0,3,1,0,2,3,16,1,5,58.5,0.086326,1.723024,2.532089,0.820406,0.545573,0.196023
1500,300,1,0,3,0,0,0,1,0,0,2,0,4,0,2,89.0,0.101178,1.333333,1.125882,1.8e-05,0.411184,0.237961
11313,1564,2,2,7,3,8,3,0,3,0,1,0,18,3,1,56.5,0.680321,6.452753,5.998351,52.319464,0.491462,0.545398
3619,445,0,0,4,2,3,0,2,2,0,1,1,9,2,2,75.0,0.294532,4.69743,3.734525,3.80899,0.648045,0.370859
7756,955,3,3,6,2,4,2,4,0,1,7,0,16,1,7,55.5,0.042172,2.449716,3.232763,7.437625,0.17836,0.296115
16500,1304,4,3,9,1,8,1,3,0,1,7,0,21,1,7,45.5,0.444194,4.121212,4.469546,24.836688,0.832969,0.411453
12915,860,1,0,4,2,3,2,4,0,1,2,0,13,1,2,69.0,0.854131,6.504065,5.465293,280.587253,0.803796,0.657845
3194,633,1,1,4,1,5,0,1,0,1,2,1,10,1,3,73.5,0.345037,1.252348,4.850041,0.051876,0.454845,0.319148
9148,1220,6,3,14,1,13,2,7,0,0,7,1,36,0,8,16.0,0.899882,8.963708,7.002513,392.873408,0.991637,0.716686
16643,1177,2,0,5,2,6,1,2,1,0,4,0,14,1,4,64.0,0.662847,6.068617,5.593969,332.19326,0.870256,0.681378
3200,300,1,1,2,0,2,0,2,0,0,1,0,6,0,1,86.5,0.642684,4.6875,4.875587,4.328303,0.038677,0.452801
3262,426,0,1,5,1,0,2,0,0,0,2,0,7,0,2,83.0,0.032436,0.919681,2.44292,0.000603,0.246529,0.208157
4558,567,0,1,6,3,5,1,1,0,1,4,3,13,1,7,61.5,0.966658,7.240018,6.22836,129.546364,0.727159,0.701437
8176,725,0,1,6,0,6,0,6,0,1,1,0,18,1,1,60.5,0.390108,4.280822,4.123488,14.369534,0.978301,0.514497
18000,1790,2,2,6,0,4,0,3,1,0,4,0,13,1,4,66.0,0.936565,8.0,5.998242,607.540674,0.317477,0.655761
10788,1134,1,0,7,2,3,0,3,0,1,1,0,13,1,1,70.5,0.511669,5.005562,5.126923,35.232317,0.577304,0.438667
4840,401,1,1,4,0,0,0,2,1,0,0,0,6,1,0,86.0,0.217655,5.371901,3.687095,34.527466,0.927177,0.505872
7905,611,2,1,1,0,1,1,1,1,1,1,2,4,2,3,83.5,0.722806,5.6926,4.790916,21.600686,0.214713,0.554355
3951,394,0,0,5,1,2,0,0,0,0,2,0,7,0,2,83.0,0.153345,1.265502,4.231016,0.534918,0.720294,0.257573
5716,679,1,1,6,2,2,4,1,1,0,1,1,13,1,2,69.0,0.0783,1.049685,3.712442,6.548511,0.245597,0.214639
5582,598,4,1,13,1,8,3,2,4,2,3,1,26,6,4,30.0,0.383149,2.508062,4.244389,8.562317,0.727754,0.313036
9398,892,3,3,8,0,4,0,1,2,2,1,1,13,4,2,63.0,0.877348,6.80996,6.571089,245.934225,0.146874,0.607454
13000,1968,6,1,6,0,3,0,5,0,0,7,1,14,0,8,60.0,0.134508,2.076923,3.305823,6.944066,0.199845,0.280088
4477,771,3,1,4,3,4,0,1,4,1,6,0,9,5,6,63.0,0.368206,1.116819,2.513188,0.656965,0.437249,0.289792
4958,378,1,1,2,0,4,0,1,0,2,1,0,7,2,1,80.5,0.851187,5.647438,4.486113,5.382877,0.067633,0.573953
13810,942,1,0,4,0,1,1,2,1,0,2,0,8,1,2,79.0,0.873594,6.951484,6.254525,254.709644,0.647412,0.746677
4500,300,0,0,1,0,0,1,1,0,0,2,0,3,0,2,91.0,0.811929,6.0,6.413844,47.701927,0.745079,0.657042
13118,1549,1,2,9,3,11,4,5,1,1,7,0,29,2,7,27.5,0.665646,5.869797,4.048344,29.889661,0.148327,0.434738
5985,637,0,0,1,0,1,0,0,0,0,1,2,2,0,3,91.5,0.728743,4.845447,5.55689,20.791149,0.547766,0.5802
5863,897,3,0,7,2,5,0,6,0,0,3,0,18,0,3,59.5,0.090273,2.728978,3.975855,6.577314,0.650603,0.27641
3858,411,1,0,1,0,2,0,1,1,1,2,0,4,2,2,85.0,0.111007,3.11042,3.286507,0.986878,0.642747,0.30688
4528,637,2,0,0,0,3,1,1,1,0,1,0,5,1,1,86.5,0.526992,5.079505,3.955212,16.251949,0.346931,0.486136
4826,561,3,1,9,2,7,1,0,0,1,2,2,17,1,4,58.0,0.860783,7.252383,6.599992,125.553466,0.944056,0.764483
6944,576,1,0,9,1,5,0,1,0,1,5,2,15,1,7,57.5,0.016643,2.160138,2.271315,0.166448,0.016713,0.166905
3862,377,0,2,2,1,9,0,1,1,1,3,0,12,2,3,67.5,0.749127,8.026929,5.203702,56.439095,0.884717,0.595212
7101,777,1,1,4,0,4,0,3,1,0,2,2,11,1,4,70.0,0.79227,5.633009,4.972792,23.719859,0.259232,0.5726
8465,1085,0,1,2,2,5,0,3,0,0,4,0,10,0,4,74.0,0.899152,7.44241,6.547244,55.401483,0.379859,0.608583
8461,1015,1,1,5,2,3,3,2,0,0,6,0,13,0,6,65.0,0.596597,5.43671,5.122332,158.623297,0.876388,0.492458
6683,898,3,1,10,4,7,2,2,0,4,4,0,21,4,4,44.0,0.034047,0.8978,2.027785,1.252151,0.180686,0.125256
9368,756,2,0,11,1,7,0,3,0,1,2,0,21,1,2,53.0,0.53445,5.123826,4.916729,32.208498,0.880088,0.508305
2351,310,1,0,6,0,1,0,1,0,0,3,0,8,0,3,79.5,0.10742,1.701404,2.900302,9.6e-05,0.050664,0.197697
13288,1096,1,3,13,1,4,2,3,1,3,1,1,22,4,2,45.0,0.500074,5.568934,5.903473,46.320629,0.785189,0.493129
8910,1259,2,2,9,0,10,0,5,0,1,5,1,24,1,6,41.0,0.088972,1.122334,3.27918,0.16297,0.166839,0.188979
4326,454,2,0,3,0,1,2,0,1,0,4,0,6,1,4,80.0,0.203607,2.542765,4.271532,2.786027,0.006205,0.310578
7884,993,4,1,7,4,5,0,2,0,0,3,1,14,0,4,66.0,0.637356,5.580923,4.659301,14.208049,0.42716,0.475959
8493,887,3,0,13,1,6,1,1,0,0,2,0,21,0,2,55.0,0.694612,4.827505,4.417472,24.621898,0.121139,0.499244
17967,1218,1,3,14,0,5,1,2,0,1,5,2,22,1,7,43.5,1.0,7.124172,6.788634,252.851572,0.908652,0.744316
11181,1140,1,1,5,0,7,0,0,1,0,3,0,12,1,3,69.5,1.0,7.065558,6.438171,92.299744,0.61399,0.741271
18000,1125,1,2,2,1,0,2,1,1,0,5,1,5,1,6,79.0,1.0,6.444444,6.959954,533.532096,0.892722,0.792786
2218,300,0,0,2,0,2,0,0,1,2,1,0,4,3,1,84.5,0.204093,2.70514,4.14832,1.219268,0.733199,0.341466
8763,1468,5,2,5,6,4,4,1,1,0,5,1,14,1,6,61.0,0.000703,2.852904,2.830652,1.758665,0.453225,0.177883
18000,1228,4,1,6,2,9,1,6,2,1,2,0,22,3,2,47.0,1.0,7.555556,6.082855,166.482104,0.714494,0.754113
5330,713,2,2,8,1,5,1,3,1,0,4,0,17,1,4,58.0,0.128943,2.439024,2.908293,0.082243,0.428412,0.304121
6873,486,1,0,5,0,2,0,1,0,0,1,0,8,0,1,82.5,0.822799,8.729812,6.443408,51.181534,0.740931,0.74534
9543,1190,1,2,10,1,1,1,3,1,0,5,0,15,1,5,60.5,0.398227,3.458032,5.355461,32.845362,0.648723,0.413284
8399,813,2,0,3,5,3,1,2,1,0,6,2,9,1,8,68.0,0.202908,2.143112,2.981408,0.689592,0.203608,0.244647
7375,1081,4,1,8,0,4,4,1,2,1,2,0,17,3,2,57.0,0.682262,5.423729,4.724991,16.41926,0.20674,0.533045
4490,527,1,0,6,2,4,0,2,0,1,0,0,12,1,0,74.0,0.103407,2.449889,3.914556,4.18472,0.437606,0.294576
10402,1276,4,0,10,2,9,1,5,1,0,4,0,25,1,4,42.0,0.484684,3.460873,3.851452,13.02494,0.386419,0.412313
7584,664,1,1,8,2,7,3,1,0,0,8,0,19,0,8,50.0,0.40091,4.351266,3.961795,9.061392,0.119979,0.400455
10836,900,0,2,5,4,2,1,4,3,1,1,0,12,4,1,66.5,0.91654,6.552233,6.002108,75.469876,0.935459,0.656212
10313,644,1,0,3,1,3,1,0,2,0,1,0,7,2,1,80.5,0.877329,7.466305,5.861967,134.918424,0.937407,0.785457
6083,852,3,6,9,1,3,0,2,1,1,4,0,14,2,4,62.0,0.221698,1.972711,3.052182,0.331942,0.002876,0.211066
6082,955,2,0,13,2,12,2,0,0,1,7,1,27,1,8,32.0,0.934194,9.043078,5.752632,218.124555,0.781233,0.732605
8739,758,1,0,4,0,4,2,3,0,1,5,2,13,1,7,61.5,0.425202,4.119464,4.821383,21.20152,0.719105,0.435636
6067,410,0,0,5,0,3,1,3,0,1,2,0,12,1,2,71.0,0.822364,4.779957,5.476519,57.375686,0.906582,0.56064
4789,473,0,1,5,1,2,0,2,0,0,1,0,9,0,1,80.5,0.401686,4.802673,3.351088,18.355035,0.099449,0.412193
6390,1125,4,2,6,1,9,1,3,0,1,6,1,19,1,7,49.5,0.037261,3.286385,2.921293,4.266577,0.197375,0.2055
5206,560,1,2,10,1,5,0,2,0,3,1,0,17,3,1,58.5,0.288825,2.305033,3.144987,2.921556,0.562691,0.238393
5649,353,0,1,1,0,0,0,1,0,1,2,1,2,1,3,89.5,0.799084,8.497079,5.396492,41.599745,0.562129,0.734526
5966,932,1,1,10,2,4,1,1,1,0,3,1,16,1,4,60.0,0.28438,5.028495,3.951468,9.907173,0.487131,0.405276
9052,1232,2,5,8,1,4,0,5,0,1,6,0,17,1,6,55.0,0.227429,2.540875,3.82833,2.124066,0.745767,0.340864
5457,974,4,1,10,1,11,0,3,0,0,5,1,24,0,6,43.0,0.848472,10.62855,6.520751,46.936359,0.773972,0.706248
4147,602,0,0,9,1,5,0,0,0,1,3,1,14,1,4,64.0,0.11109,2.411382,2.738695,1.702153,0.347933,0.24895
7337,597,1,1,9,0,3,2,3,0,1,5,2,17,1,7,53.5,0.513548,4.361456,4.778901,20.644079,0.876198,0.540961
2751,300,0,0,3,0,0,1,0,1,1,0,0,4,2,0,88.0,0.187451,3.271538,3.019893,1.598633,0.667712,0.349495
2453,300,0,2,1,0,0,0,0,0,0,1,1,1,0,2,95.0,0.109955,2.03832,4.000492,0.111821,0.161586,0.263214
11356,1378,6,1,13,2,16,2,9,0,3,6,0,40,3,6,5.0,0.516028,4.22684,4.421391,21.61341,0.643331,0.420343
5981,717,3,1,0,1,0,0,1,1,1,4,0,1,2,4,88.0,0.607168,5.015884,5.574191,14.55786,0.260737,0.531436
6178,1202,1,2,3,2,9,0,2,4,1,6,0,14,5,6,53.0,0.176392,1.618647,4.151451,0.120317,0.370924,0.204683
10960,1567,4,5,10,2,10,3,1,1,0,3,3,24,1,6,41.0,0.904236,5.565693,5.120172,149.175656,0.53169,0.591109
2600,300,2,0,0,0,1,0,0,0,0,0,3,1,0,3,93.5,0.618862,5.0,4.580991,7.920013,0.307184,0.42267
8809,1158,1,2,9,1,4,2,1,0,1,6,1,16,1,7,55.5,0.081958,2.043365,2.443747,1.749132,0.15256,0.204523
5156,548,0,0,5,2,5,2,2,1,0,3,0,14,1,3,65.5,0.230504,1.55159,5.024529,1.999001,0.03767,0.237999
7247,852,3,0,5,2,1,0,2,0,0,4,0,8,0,4,78.0,0.46248,3.863668,4.839614,7.502228,0.550061,0.534811
2681,300,0,1,1,1,2,1,1,2,0,1,0,5,2,1,84.5,0.057916,1.491981,3.350172,0.572666,0.507145,0.197943
11196,1429,7,3,20,2,20,2,3,1,2,6,0,45,3,6,0.0,0.977241,9.021079,6.059137,74.595493,0.565103,0.710097
7085,649,1,0,4,2,1,0,1,0,0,2,1,6,0,3,83.5,0.548844,4.940014,4.807095,17.993134,0.399158,0.486466
8047,1142,6,0,3,0,9,1,0,1,0,4,0,13,1,4,66.0,0.235527,3.479558,3.137795,15.628636,0.432667,0.301911
5560,725,2,1,4,3,4,0,2,1,1,2,0,10,2,2,73.0,0.217775,2.877698,3.26762,3.627922,0.467942,0.313507
5151,715,0,2,5,0,3,1,1,1,1,2,0,10,2,2,73.0,0.412308,4.853427,4.904203,11.12506,0.307427,0.462301
5649,481,1,1,5,0,5,0,2,1,0,2,3,12,1,5,66.5,0.35569,4.425562,4.961898,13.749526,0.98593,0.479025
9685,1275,2,2,5,2,7,1,2,0,0,3,1,15,0,4,64.0,0.728759,4.543108,3.975964,12.708288,0.238734,0.421621
10739,1078,0,2,5,1,5,0,1,1,1,2,0,11,2,2,71.0,0.862329,8.846261,5.442801,38.655996,0.274507,0.694595
7649,809,1,1,13,0,7,1,2,4,1,3,2,23,5,5,36.5,0.226125,2.353249,3.905874,4.005714,0.824145,0.274062
11173,1587,1,1,8,2,5,3,3,2,0,2,0,19,2,2,55.0,0.52795,4.475074,4.723145,6.616696,0.294216,0.438
3425,497,2,1,7,2,2,1,2,3,1,1,1,12,4,2,65.0,0.084476,2.043796,2.970116,2.719849,0.433409,0.247527
8605,689,4,1,8,2,4,0,1,1,1,2,1,13,2,3,65.5,0.34119,3.718768,5.224844,21.647703,0.950906,0.52395
1500,300,1,0,4,0,1,0,1,0,1,2,0,6,1,2,83.0,0.112692,2.0,2.748993,0.29929,0.484936,0.310621
1500,300,1,0,5,1,0,0,1,1,0,2,0,6,1,2,83.0,0.049421,4.666667,2.090454,0.3077,0.15274,0.284334
12563,808,4,0,3,2,3,1,0,0,0,2,0,7,0,2,83.0,0.909105,6.447505,6.600471,145.090157,0.812891,0.731104
2196,300,0,0,3,0,1,1,0,0,0,0,0,5,0,0,90.0,0.054199,1.821494,2.899785,1.522094,0.088186,0.270684
11381,1123,2,2,5,0,10,2,3,1,1,5,0,20,2,5,48.5,0.076441,1.845181,3.160952,3.11123,0.015408,0.205753
6118,594,1,0,9,1,3,0,4,0,1,3,0,16,1,3,61.5,0.165953,3.759398,3.583152,10.733049,0.956665,0.423952
4500,300,1,0,1,0,1,0,0,0,0,1,0,2,0,1,94.5,0.852971,7.111111,6.697012,41.446722,0.721347,0.740097
7716,1197,2,1,6,3,5,1,1,0,0,4,2,13,0,6,65.0,0.585378,5.313634,4.755794,18.074308,0.251114,0.546335
16500,1238,2,3,7,3,9,1,3,1,1,10,1,20,2,11,39.5,0.770345,6.909091,5.175254,114.794488,0.89736,0.561356
10494,688,1,0,11,1,4,0,2,0,1,0,0,17,1,0,64.0,0.876803,7.909281,6.675454,345.690168,0.879698,0.70644
3171,443,0,1,4,0,3,0,1,1,0,0,0,8,1,0,82.0,0.276609,1.892148,3.158508,3.244074,0.298509,0.309516
7681,858,2,0,2,0,4,1,1,0,0,2,1,8,0,3,79.5,0.515668,3.124593,4.309664,20.65787,0.599676,0.51877
3908,741,2,1,5,0,7,2,0,1,0,2,2,14,1,4,64.0,0.984816,6.397134,6.403614,94.029723,0.82271,0.691554
13578,1351,4,3,14,1,4,0,1,1,1,3,3,19,2,6,49.0,0.383153,4.934453,4.922946,47.682921,0.614366,0.42845
14776,1317,3,3,6,3,8,2,5,1,3,4,1,21,4,5,42.5,0.46384,3.992962,3.948949,10.083515,0.809258,0.428358
18000,1210,0,1,7,2,2,1,0,0,0,2,1,10,0,3,75.5,0.816635,6.777778,6.419413,110.969261,0.804135,0.715254
8862,1512,2,0,8,1,5,1,0,0,0,2,2,14,0,4,66.0,0.561405,5.190702,4.77579,37.25965,0.305876,0.468622
14288,1727,1,4,11,0,4,1,4,0,1,9,2,20,1,11,41.5,0.403301,2.169653,3.987027,13.808983,0.40511,0.404221
8786,1085,2,0,11,2,1,3,4,0,3,4,1,19,3,5,48.5,0.462792,4.097428,4.082734,35.198359,0.273459,0.426428
13000,2070,4,1,7,4,9,1,5,4,3,9,1,22,7,10,27.0,0.193792,2.384615,3.789013,1.429551,0.52239,0.214644
9754,1386,2,2,9,2,3,2,1,1,0,4,1,15,1,5,60.5,0.135264,2.563051,2.989561,3.494828,0.481306,0.222265
15503,1846,6,6,13,3,9,1,6,0,1,5,5,29,1,10,25.0,0.591775,3.676708,5.744987,15.262474,0.448347,0.415564
4680,516,1,0,5,2,4,1,0,1,0,4,0,10,1,4,72.0,0.058152,0.641026,2.226113,0.068834,0.016438,0.153036
4988,638,3,0,9,0,5,1,2,0,0,2,1,17,0,3,61.5,0.531079,4.611067,4.899421,35.050918,0.582601,0.450654
13489,899,3,0,7,2,5,1,0,0,1,0,1,13,1,1,70.5,1.0,7.635851,5.944452,252.247424,0.661726,0.742906
15029,1626,3,1,6,0,3,0,0,1,0,4,1,9,1,5,72.5,0.961499,5.788808,6.211067,56.807786,0.584707,0.744738
4500,330,0,0,3,0,0,1,0,1,1,4,0,4,2,4,82.0,0.982955,7.333333,6.035213,153.206093,0.632601,0.736494
13010,1047,1,1,16,2,6,2,3,2,2,6,1,27,4,7,27.5,0.345593,3.843198,4.879339,43.788037,0.964757,0.496125
7002,915,1,1,8,2,9,0,2,1,0,2,0,19,1,2,57.0,0.804975,3.856041,5.063504,39.627394,0.322872,0.478271
8722,937,3,1,5,1,2,0,2,0,0,1,0,9,0,1,80.5,1.0,5.73263,6.522811,72.385605,0.505324,0.718474
6921,1287,1,2,8,2,5,0,2,2,1,9,1,15,3,10,49.0,0.134328,1.733853,3.70226,0.68768,0.282494,0.225315
11432,1372,1,1,24,4,13,1,8,1,1,12,2,46,2,14,0.0,0.931918,8.047586,5.8732,184.022211,0.701682,0.677131
5550,605,1,0,3,0,4,1,0,1,2,1,1,8,3,2,75.0,0.011678,2.702703,3.250827,0.41029,0.459617,0.249181
9444,937,1,1,11,1,7,3,2,1,1,2,2,23,2,4,44.0,0.189219,2.541296,3.488846,4.429979,0.557052,0.236318
11236,1046,4,3,11,1,6,1,3,1,1,7,0,21,2,7,43.5,0.507558,3.648985,5.224979,9.936447,0.915365,0.405386
6884,496,0,0,3,0,1,0,0,1,0,2,1,4,1,3,85.5,0.941059,8.28007,5.947714,219.491047,0.729136,0.813837
4500,355,1,0,5,0,2,1,0,0,1,0,0,8,1,0,82.0,1.0,6.0,6.695023,96.622822,0.642158,0.659127
16500,1213,2,1,8,2,2,2,0,1,0,4,1,12,1,5,66.5,0.171544,3.272727,4.107054,23.402255,0.949651,0.414989
8216,864,2,2,8,2,6,1,2,0,2,3,0,17,2,3,57.5,0.187412,4.625122,3.594962,26.152002,0.750856,0.371768
5232,569,3,0,3,1,9,0,2,1,0,4,1,14,1,5,62.5,0.336961,3.82263,4.081526,1.362892,0.152737,0.336373
5720,642,2,2,12,0,6,0,1,1,1,4,0,19,2,4,52.0,0.841603,11.188811,7.002154,256.581096,0.983606,0.744911
2684,375,1,1,4,1,3,0,2,1,1,5,1,9,2,6,69.0,0.118149,5.216095,3.56376,0.630185,0.099936,0.266857
6031,439,0,2,1,1,2,1,0,3,1,1,0,4,4,1,82.5,0.350772,3.64782,3.093305,10.177893,0.873145,0.433517
5515,518,1,2,8,2,2,0,3,0,1,6,0,13,1,6,63.0,0.270728,4.170444,3.767681,19.308593,0.965306,0.50418
18000,1457,4,0,5,0,4,3,0,0,1,2,0,12,1,2,71.0,0.741154,6.388889,5.258316,55.86164,0.70224,0.665649
12042,1396,2,6,13,1,6,0,4,1,1,1,1,23,2,2,47.0,0.429183,3.155622,4.785872,4.327131,0.476879,0.449987
15495,1664,3,2,7,2,6,1,3,0,0,4,1,17,0,5,58.5,0.597397,4.388512,3.651166,15.470852,0.402592,0.487491
4455,405,2,0,1,2,2,1,3,0,1,1,0,7,1,1,82.5,0.184637,2.469136,4.779329,0.636756,0.305467,0.268512
3956,547,1,0,2,0,4,0,1,0,2,0,1,7,2,1,80.5,0.139857,2.275025,2.976921,1.310255,0.328025,0.173186
9178,1447,4,3,26,2,19,1,8,0,2,12,1,54,2,13,0.0,0.907045,8.062759,6.796348,82.500155,0.854296,0.735475
8472,874,2,0,7,0,6,0,3,1,0,7,4,16,1,11,49.5,0.698849,6.137866,5.950896,24.811045,0.72287,0.545686
18000,1335,1,2,12,2,8,1,2,2,1,5,1,23,3,6,39.0,0.979861,7.666667,6.02512,89.912998,0.759449,0.714098
12623,788,3,0,3,2,4,2,0,2,0,3,0,9,2,3,73.5,0.905542,7.288283,6.476933,180.16365,0.668791,0.722887
10850,1130,3,1,5,2,3,1,2,1,1,5,1,11,2,6,65.0,0.664203,7.64977,4.626223,40.580041,0.37217,0.60491
18000,1676,1,1,3,3,4,2,3,0,0,0,0,12,0,0,76.0,0.894025,8.277778,6.523561,117.984341,0.552295,0.701632
18000,1617,0,1,6,0,3,0,4,0,0,6,0,13,0,6,65.0,0.791722,7.722222,5.652563,89.97428,0.587093,0.67322
6242,858,0,2,5,2,4,0,2,1,0,2,1,11,1,3,71.5,0.382944,2.403076,3.754662,3.680514,0.695573,0.304421
6577,744,0,0,2,2,4,0,1,0,0,1,1,7,0,2,83.0,0.393324,5.929755,4.419396,1.681004,0.390771,0.479661
7258,731,0,1,5,1,6,0,0,0,0,2,2,11,0,4,72.0,0.519274,3.306696,4.382573,8.671439,0.66559,0.415462
10463,658,1,1,1,1,4,0,1,2,2,1,0,6,4,1,78.5,0.842575,7.263691,5.981175,62.248569,0.658347,0.721547
2800,437,2,1,2,3,5,1,1,0,0,3,2,9,0,5,74.5,0.845626,12.142857,6.120322,26.972059,0.779013,0.760871
3716,556,0,1,1,0,2,1,2,0,0,3,0,6,0,3,83.5,0.498426,3.229279,5.447338,2.655219,0.5192,0.452657
7587,857,3,1,6,6,7,1,4,2,0,1,0,18,2,1,58.5,0.286155,2.504284,3.80809,7.059798,0.615716,0.307482
1500,300,0,0,1,0,5,0,0,0,1,3,1,6,1,4,80.0,0.022808,2.666667,3.262755,0.241528,0.125566,0.194558
3767,444,1,0,3,1,3,1,0,0,0,2,0,7,0,2,83.0,0.52219,2.654632,4.134259,10.357357,0.415341,0.433976
4500,416,1,0,0,1,0,0,0,0,0,1,0,0,0,1,98.5,0.989064,6.888889,5.964006,41.238662,0.308206,0.696218
4534,820,3,1,2,0,5,0,4,1,0,0,1,11,1,1,74.5,0.32137,3.308337,4.045851,1.634855,0.414393,0.308198
13269,1450,2,3,21,4,12,2,3,2,3,6,1,38,5,7,3.5,0.975707,8.968272,6.598605,269.427621,0.877386,0.74857
14066,1234,5,1,8,3,6,1,3,2,2,4,1,18,4,5,48.5,0.633971,6.114034,5.516104,33.287529,0.925278,0.538041
8750,590,2,1,4,0,2,2,1,1,0,1,1,9,1,2,77.0,0.971637,7.657143,6.598247,282.202087,0.693651,0.769304
15000,1883,2,2,14,2,8,1,3,0,2,5,1,26,2,6,35.0,0.458163,4.6,4.185623,20.845592,0.454007,0.478236
3200,385,0,0,4,0,0,0,1,1,0,1,0,5,1,1,86.5,0.333025,4.375,4.902837,4.444382,0.221819,0.414051
5639,746,0,1,2,2,3,0,1,0,1,1,0,6,1,1,84.5,0.70603,4.965419,4.274172,25.520141,0.33208,0.530554
10979,1535,6,1,9,3,4,1,5,2,2,4,0,19,4,4,48.0,0.565477,4.463066,4.498804,15.582185,0.34092,0.42128
9443,592,1,1,2,3,2,1,0,0,0,0,1,5,0,1,88.5,0.996216,7.836493,6.224563,177.182343,0.949985,0.761943
4688,509,1,4,2,0,3,1,0,1,0,1,0,6,1,1,84.5,0.724557,4.266212,5.898071,20.790289,0.384345,0.567774
3693,510,4,1,7,4,3,0,0,1,1,2,0,10,2,2,73.0,0.069035,2.707826,3.229883,6.571011,0.662968,0.297144
7238,772,2,1,2,2,2,1,1,1,0,0,0,6,1,0,86.0,0.59038,6.217187,4.763183,12.986477,0.367294,0.541903
16287,1169,0,1,5,1,3,0,0,3,0,1,0,8,3,1,76.5,0.930327,7.183643,6.98934,295.351188,0.753791,0.782001
10754,1205,1,0,11,0,1,0,0,1,0,1,1,12,1,2,71.0,0.416276,4.370467,4.662419,24.073902,0.489278,0.460972
1500,300,0,0,2,0,1,0,1,0,0,1,0,4,0,1,90.5,0.140042,0.666667,1.951325,0.004971,0.001133,0.139129
11079,1370,0,1,10,1,7,0,5,1,2,4,2,22,3,6,41.0,0.119856,2.16626,2.740784,2.605229,0.370883,0.166957
17163,1072,1,0,2,1,0,0,1,1,1,6,1,3,2,7,79.5,0.999813,8.273612,6.257019,212.976195,0.861161,0.902677
18000,1363,2,0,5,3,5,1,2,1,0,2,1,13,1,3,67.5,0.786108,7.0,5.794267,180.943222,0.633554,0.656887
7166,860,0,2,8,0,6,0,3,2,0,1,0,17,2,1,60.5,0.576138,4.744627,4.240263,10.595029,0.240751,0.478085
8265,985,0,1,7,1,6,1,3,2,1,1,1,17,3,2,57.0,0.606314,3.99274,4.248472,9.794472,0.011987,0.476728
6849,662,0,3,6,4,4,0,0,1,0,3,0,10,1,3,73.5,0.471558,2.920134,3.913513,9.624725,0.10943,0.444409
16500,2154,4,2,11,3,8,0,1,0,0,7,1,20,0,8,48.0,0.59581,4.969697,4.953691,49.419751,0.293627,0.52309
6754,422,1,0,5,0,0,0,0,0,0,0,0,5,0,0,90.0,0.80875,8.439443,6.160444,46.035636,0.787321,0.825595
8723,828,2,1,5,2,4,1,1,1,2,2,2,11,3,4,66.0,0.88987,4.127021,4.314332,11.174381,0.162406,0.542162
6378,479,0,2,4,1,1,1,2,2,2,0,2,8,4,2,73.0,0.483146,5.957981,5.655477,58.455806,0.959095,0.499627
6064,714,2,1,11,0,3,0,1,1,1,3,0,15,2,3,61.5,0.834187,9.564644,5.711771,235.820487,0.865431,0.718035
4591,668,1,1,6,2,3,1,3,1,1,3,1,13,2,4,64.0,0.12062,1.524722,2.737498,0.3168,0.343675,0.225762
4952,534,0,1,10,1,2,1,3,0,2,6,1,16,2,7,53.5,0.416322,2.625202,3.85646,13.912536,0.804797,0.304616
12378,1441,7,0,6,3,9,0,0,2,0,5,0,15,2,5,58.5,0.625932,4.039425,4.973564,21.62803,0.226957,0.481995
2800,553,1,1,8,0,6,1,0,1,0,3,0,15,1,3,63.5,0.894107,9.642857,5.905567,90.70348,0.583282,0.716082
7123,460,0,0,2,0,1,0,1,0,0,0,0,4,0,0,92.0,0.998012,6.457953,6.421089,109.668888,0.681574,0.774048
16500,1140,1,1,9,1,3,0,5,3,0,1,0,17,3,1,58.5,0.530481,2.484848,4.985737,17.747335,0.124318,0.43152
10532,985,0,1,4,2,2,1,0,1,0,3,0,7,1,3,79.5,0.461437,2.943411,4.214688,5.348703,0.618357,0.439228
11508,726,1,1,7,0,0,0,1,1,0,2,1,8,1,3,77.5,1.0,6.517205,6.088102,129.527545,0.87548,0.767991
4500,419,0,2,3,1,0,0,0,0,0,0,0,3,0,0,94.0,1.0,7.777778,6.250441,23.676786,0.362602,0.761115
8370,1001,3,4,15,3,13,1,6,0,0,7,3,35,0,10,15.0,0.880897,8.721625,5.859616,66.156337,0.941581,0.797588
7826,1167,2,2,10,2,5,2,2,0,1,4,2,19,1,6,51.0,0.040606,1.788909,3.66379,2.939681,0.37656,0.190616
6896,582,3,3,8,2,2,1,0,3,0,6,3,11,3,9,58.5,0.463702,5.220418,4.667845,35.892122,0.985486,0.543413
16500,1762,3,1,6,3,3,0,1,1,2,2,0,10,3,2,71.0,0.353867,3.878788,4.645156,25.729848,0.525255,0.422127
4068,623,0,2,4,0,3,0,4,0,0,2,0,11,0,2,75.0,0.499128,4.6706,4.693796,1.893911,0.349852,0.415668
17198,1652,0,0,6,0,2,1,2,1,0,2,0,11,1,2,73.0,1.0,6.454239,5.646684,84.057053,0.385142,0.759641
5837,723,1,1,6,3,5,0,1,1,1,2,1,12,2,3,67.5,0.207788,1.541888,3.550589,9.262188,0.497017,0.267583
18000,2039,2,1,9,1,4,1,4,0,2,1,0,18,2,1,58.5,0.890697,7.5,5.66749,44.925766,0.538701,0.711068
4256,714,1,3,6,4,13,1,2,0,1,0,0,22,1,0,54.0,0.764102,9.398496,6.511778,185.518035,0.607627,0.669571
9140,1041,5,2,2,0,6,0,0,1,1,4,0,8,2,4,74.0,0.717105,6.236324,4.677473,29.145252,0.540456,0.501348
5513,665,1,1,6,0,1,0,1,1,0,3,0,8,1,3,77.5,0.57007,5.441683,4.534835,9.229918,0.352908,0.498933
10190,1850,4,1,15,3,7,2,3,3,0,6,0,27,3,6,31.0,0.162467,1.864573,2.845282,0.166502,0.246086,0.184436
8157,1249,2,0,10,2,7,0,4,0,2,4,1,21,2,5,46.5,0.277797,1.961505,3.972105,6.475042,0.359719,0.224222
18000,1166,3,1,9,3,4,2,5,0,2,5,0,20,2,5,48.5,0.732813,7.277778,5.769016,56.290038,0.845616,0.667097
10122,1241,0,0,11,2,6,1,1,1,1,5,1,19,2,6,49.0,0.110351,2.667457,2.777445,6.531906,0.33357,0.241411
2973,300,1,1,2,1,1,0,4,1,2,1,1,7,3,2,77.0,0.060771,2.018163,2.697849,0.002354,0.788356,0.265125
12607,1328,2,2,11,2,8,3,6,3,1,4,4,28,4,8,24.0,0.303006,2.300309,3.029021,5.00404,0.144728,0.205731
4500,300,0,0,1,0,4,1,1,0,0,0,0,7,0,0,86.0,1.0,7.777778,6.218317,172.824083,0.933882,0.728397
12202,1291,1,3,8,0,4,4,1,1,0,2,2,17,1,4,58.0,0.640138,3.524012,4.668222,14.016554,0.312608,0.481316
11000,1514,4,1,12,2,12,2,5,4,2,6,4,31,6,10,11.0,0.100088,2.181818,3.556375,3.834724,0.706587,0.202679
6711,977,2,2,17,2,7,1,1,0,2,4,2,26,2,6,35.0,0.93086,9.8346,5.878244,239.530016,0.848263,0.769362
15000,1853,2,2,12,0,13,1,4,0,1,8,4,30,1,12,20.0,0.448628,4.333333,4.562014,16.269051,0.450889,0.48371
9906,1738,3,2,15,1,11,0,1,1,4,2,3,27,5,5,28.5,0.072659,1.211387,3.564399,3.013603,0.31854,0.176568
16500,2113,5,6,11,1,11,0,4,0,1,2,0,26,1,2,43.0,0.52703,4.606061,3.421049,13.617505,0.314644,0.438992
4223,370,0,0,3,0,6,0,0,0,0,1,0,9,0,1,80.5,0.154188,1.183992,2.394961,3.197418,0.55758,0.193743
5730,536,2,1,5,2,3,1,0,0,0,0,0,9,0,0,82.0,0.796378,5.061082,5.574777,16.454872,0.079115,0.575932
15000,1873,3,3,15,2,15,1,7,0,0,6,1,38,0,7,13.5,0.46925,5.4,4.679823,51.286213,0.394599,0.409009
5169,805,1,0,8,1,2,1,2,2,1,3,1,13,3,4,62.0,0.748264,5.997292,4.741043,5.317932,0.212506,0.478123
9585,987,2,1,7,4,4,3,0,3,2,0,2,14,5,2,59.0,0.308107,1.877934,3.842005,0.277443,0.036267,0.224735
11431,759,1,1,2,1,3,1,2,0,0,3,0,8,0,3,79.5,0.739499,6.648587,5.522853,88.325985,0.529822,0.657023
9264,1272,2,1,9,3,7,1,4,2,2,7,0,21,4,7,39.5,0.073471,1.295337,1.979073,2.54003,0.034322,0.152859
6391,910,5,4,4,1,1,1,3,2,0,0,2,9,2,2,75.0,0.124593,2.190581,3.733603,0.312342,0.347235,0.206424
5853,847,2,2,13,0,6,1,4,0,0,5,1,24,0,6,43.0,0.87324,7.175807,5.162517,121.235218,0.764753,0.664625
2834,344,0,0,2,0,0,0,0,0,1,0,0,2,1,0,94.0,0.521345,6.351447,4.768879,15.847565,0.388373,0.451354
12692,1138,2,1,7,3,8,0,3,1,0,5,3,18,1,8,50.0,0.156301,5.042546,4.408406,15.026738,0.781953,0.386797
10633,1591,2,1,18,1,7,1,6,2,2,6,1,32,4,7,17.5,0.068911,2.633311,3.613358,4.732465,0.396683,0.135522
13964,1539,1,0,3,0,8,3,3,0,0,3,0,17,0,3,61.5,0.884211,5.442567,5.536485,59.939659,0.452015,0.630137
3200,340,0,0,4,0,1,2,0,0,0,3,0,7,0,3,81.5,0.484537,5.0,3.85578,8.009611,0.647902,0.455846
4839,745,5,2,4,0,1,2,2,2,3,0,1,9,5,1,70.5,0.191551,1.859888,3.06348,4.457099,0.427571,0.267807
10207,1018,2,2,6,2,6,0,4,4,0,6,1,16,4,7,49.5,0.160843,2.4493,2.177829,0.655345,0.07555,0.187929
6734,705,1,1,8,0,7,1,4,1,2,4,0,20,3,4,48.0,0.017578,1.930502,1.973429,0.259855,0.120326,0.16224
6696,418,1,1,5,1,2,0,3,0,0,3,0,10,0,3,75.5,0.929253,8.213859,5.580626,41.201484,0.894645,0.75144
6205,633,1,1,3,1,6,0,1,0,1,2,1,10,1,3,73.5,0.1851,2.739726,2.26087,0.553457,0.660745,0.3286
8422,1365,4,2,26,2,8,0,2,2,0,6,0,36,2,6,15.0,0.951369,6.767989,5.532166,118.058218,0.628801,0.661203
2874,354,0,1,2,0,2,0,0,1,0,1,0,4,1,1,88.5,0.715799,2.783577,5.780021,7.640614,0.23097,0.400937
8962,666,0,1,2,0,7,1,2,0,1,4,1,12,1,5,66.5,0.360485,4.686454,4.933114,59.773023,0.941577,0.476545
3713,547,0,2,4,1,4,0,2,1,0,5,0,10,1,5,70.5,0.604291,7.002424,5.040856,22.127911,0.520691,0.464534
13000,1944,4,2,13,1,5,1,2,3,0,6,0,21,3,6,43.0,0.178654,2.692308,3.510309,8.025363,0.373459,0.259725
7100,984,3,2,9,0,2,0,0,1,1,6,2,11,2,8,62.0,0.253359,2.816901,4.177039,5.518709,0.575052,0.285382
7725,993,3,1,10,1,5,2,1,2,1,7,2,18,3,9,44.5,0.211547,3.236246,2.739986,3.779855,0.050384,0.236123
1863,300,2,1,4,1,3,1,1,0,0,1,0,9,0,1,80.5,0.082336,3.220612,3.344573,0.913606,0.462293,0.261204
14444,902,1,0,2,1,1,1,0,0,2,3,0,4,2,3,83.5,0.942688,9.06951,6.697514,531.486589,0.944472,0.904043
10928,1523,1,1,8,1,7,1,5,4,2,6,0,21,6,6,37.0,0.043703,1.647145,2.868773,10.784133,0.274652,0.185753
5703,696,1,1,7,2,2,0,3,1,0,1,1,12,1,2,71.0,0.06455,1.227424,3.021346,0.609624,0.070564,0.218163
2930,315,0,0,2,1,3,0,1,1,0,2,2,6,1,4,80.0,0.196987,4.43686,4.137695,10.58032,0.821716,0.414712
2800,385,0,1,7,2,5,0,1,2,0,0,0,13,2,0,70.0,0.971649,7.857143,5.938887,68.581957,0.581177,0.733302
2568,355,0,0,5,1,2,1,0,0,1,1,0,8,1,1,80.5,0.270165,1.557632,3.917794,1.913743,0.518246,0.297507
6693,792,4,1,9,4,4,0,1,1,1,5,0,14,2,5,60.5,0.590578,5.976393,3.369349,18.674761,0.341682,0.42354
13932,1991,4,6,14,6,12,0,4,2,1,4,2,30,3,6,25.0,0.642273,4.809073,5.745352,51.7273,0.375225,0.443514
16500,2134,3,0,13,1,7,1,3,0,1,5,3,24,1,8,38.0,0.709387,4.848485,4.873527,30.844221,0.225044,0.534068
7568,830,2,0,12,0,5,0,0,1,0,6,2,17,1,8,52.0,0.264516,1.98203,3.195092,1.843412,0.104555,0.239537
3044,438,1,0,3,0,3,0,2,3,0,1,1,8,3,2,75.0,0.055363,1.642576,2.659018,1.789055,0.461571,0.236354
5798,594,2,0,2,0,3,0,3,0,0,5,1,8,0,6,75.0,0.601785,6.381511,4.501217,18.062734,0.168667,0.53697
13731,1579,1,0,8,2,2,2,2,2,1,5,2,14,3,7,55.5,0.784535,7.064307,5.512251,202.798591,0.587278,0.563035
15000,1545,4,3,23,4,11,3,2,1,0,6,1,39,1,7,9.5,0.59837,5.466667,4.612545,25.50981,0.699895,0.412211
15588,1218,3,0,3,1,2,0,0,1,1,1,0,5,2,1,84.5,0.776913,3.849115,5.641372,67.778486,0.645721,0.671436
5731,823,2,0,3,3,5,1,3,5,2,3,3,12,7,6,53.0,0.163575,1.744896,2.536648,3.801654,0.15307,0.216649
4500,300,0,1,0,2,3,0,0,0,0,0,1,3,0,1,92.5,1.0,10.666667,7.191538,261.81365,0.95723,0.820268
10091,630,0,1,5,0,1,0,0,1,0,3,1,6,1,4,80.0,0.960035,9.612526,5.985177,201.900036,0.718299,0.757109
13658,853,0,1,3,0,2,0,5,1,0,5,0,10,1,5,70.5,0.953897,8.127105,6.84613,344.651033,0.797425,0.719162
9080,682,0,0,2,1,3,0,0,0,1,0,0,5,1,0,88.0,0.863329,6.387665,5.653927,199.665702,0.790134,0.757051
9932,1193,0,3,5,2,3,0,1,1,1,6,0,9,2,6,69.0,0.709517,4.933548,5.307225,23.495012,0.241107,0.533042
8680,1363,3,1,6,1,5,1,4,2,2,1,1,16,4,2,57.0,0.234378,2.64977,3.070634,9.587624,0.369881,0.280724
3469,300,0,0,2,0,2,0,1,0,0,1,0,5,0,1,88.5,0.61604,3.747478,3.60638,11.443584,0.092842,0.500253
18000,1206,0,1,10,1,2,0,1,1,0,2,0,13,1,2,69.0,0.89493,7.222222,6.028824,537.907785,0.913993,0.708191
7752,484,0,1,0,0,1,0,0,0,0,1,1,1,0,2,95.0,0.786913,8.513932,5.597629,84.447438,0.971953,0.777657
1500,300,1,1,3,1,1,0,2,0,0,1,0,6,0,1,86.5,0.116383,2.666667,4.477875,0.119238,0.777579,0.354728
3592,461,0,1,5,3,2,1,2,1,1,2,1,10,2,3,71.5,0.322638,3.619154,3.077759,1.074714,0.17123,0.254593
9976,931,4,0,3,0,5,1,3,0,0,3,0,12,0,3,71.5,0.895077,8.119487,5.572015,58.806607,0.451257,0.738234
13937,1386,5,3,11,4,12,1,2,2,2,7,1,26,4,8,28.0,0.468295,3.94633,4.393536,31.686219,0.749977,0.513135
13615,850,2,1,6,0,5,0,1,0,0,3,1,12,0,4,70.0,0.885496,6.316563,5.993063,361.759219,0.924716,0.668433
4719,300,0,0,0,0,0,0,0,1,0,2,0,0,1,2,95.0,0.884259,7.628735,6.067799,96.473818,0.890999,0.706884
2600,300,1,1,5,0,5,0,0,0,1,1,1,10,1,2,75.0,0.297178,5.769231,3.398856,12.303445,0.222449,0.409133
3275,332,1,1,5,0,1,0,3,2,0,1,0,9,2,1,76.5,0.259779,4.274809,4.37943,3.827725,0.720915,0.394631
6945,460,4,0,12,2,3,2,2,2,0,4,0,19,2,4,52.0,0.733277,5.471562,5.500557,38.183623,0.869382,0.602663
4610,300,0,0,0,1,3,0,1,0,0,0,0,4,0,0,92.0,0.785022,6.724512,5.466592,15.859313,0.558718,0.731312
6214,814,0,0,7,2,2,3,2,1,0,2,2,14,1,4,64.0,0.210916,2.574831,2.777092,3.532263,0.402927,0.26548
5790,593,1,1,3,0,5,2,4,2,0,1,0,14,2,1,66.5,0.623176,3.626943,5.476577,23.219269,0.67576,0.504225
4500,317,0,1,1,0,0,0,0,0,0,1,0,1,0,1,96.5,1.0,8.444444,7.664465,159.090466,0.836076,0.822627
8765,549,1,0,3,2,0,0,2,0,0,0,0,5,0,0,90.0,0.799933,7.529949,5.167706,124.683851,0.548141,0.662951
18000,1138,2,1,9,3,9,3,3,0,0,2,0,24,0,2,49.0,0.965939,6.388889,6.269385,130.771832,0.905982,0.751409
7775,880,0,3,6,2,4,0,1,0,0,2,1,11,0,3,73.5,0.605072,4.758842,5.330269,15.567549,0.630885,0.582685
6953,1146,2,3,9,2,5,0,4,1,1,5,2,18,2,7,49.5,0.222645,1.869697,3.648416,1.773688,0.487876,0.234089
5666,526,3,1,1,2,2,1,1,0,0,1,0,5,0,1,88.5,0.658305,7.236145,3.81182,11.962471,0.252454,0.477779
2719,378,3,1,3,0,2,1,4,3,0,2,0,10,3,2,71.0,0.21784,2.206694,2.443285,0.141892,0.403112,0.239794
8395,1505,1,2,20,3,16,1,2,2,1,2,0,39,3,2,13.0,1.0,8.219178,6.681189,79.753078,0.703566,0.688424
16500,2097,4,0,13,2,6,0,0,2,0,10,3,19,2,13,38.5,0.67565,4.666667,5.232658,43.971658,0.323813,0.428429
16500,1245,1,2,9,0,5,1,5,3,0,3,1,20,3,4,48.0,0.420039,4.30303,5.245582,40.362865,0.955547,0.402463
9576,692,3,0,2,1,1,0,0,1,0,2,0,3,1,2,89.0,0.276443,2.192982,5.138943,7.107737,0.924721,0.4262
14570,910,0,0,4,0,2,0,0,0,0,3,2,6,0,5,80.5,0.722549,7.137955,5.210977,59.50227,0.759842,0.745683
8561,766,0,1,7,1,5,2,0,1,0,2,1,14,1,3,65.5,0.681507,4.905969,4.498052,12.486921,0.127424,0.417376
1842,300,1,0,3,0,2,0,1,2,1,1,0,6,3,1,80.5,0.095528,0.542888,7.052259,0.0,0.490406,0.319683
5874,884,2,2,8,2,3,2,5,3,0,4,2,18,3,6,49.0,0.260654,4.596527,3.479111,7.277276,0.661102,0.379078
4595,577,2,0,1,1,7,1,4,1,2,4,0,13,3,4,62.0,0.064532,3.917301,2.280229,5.552943,0.617814,0.272633
5733,660,1,0,4,2,7,1,3,0,0,4,1,15,0,5,62.5,0.484127,3.314146,4.722402,15.140276,0.939145,0.421571
16500,1230,6,0,9,4,8,0,5,0,0,4,0,22,0,4,50.0,0.694648,5.515152,5.563839,132.835192,0.936988,0.618821
11827,807,3,0,3,2,9,1,4,1,0,1,1,17,1,2,61.0,0.90595,10.230828,7.686474,472.085125,0.945308,0.890224
5389,441,1,0,2,1,3,1,1,4,2,1,1,7,6,2,71.0,0.170318,3.896827,4.060033,17.83335,0.809448,0.383333
13924,870,2,0,5,1,3,0,2,1,0,1,0,10,1,1,76.5,0.832738,4.16547,5.514142,33.059483,0.687159,0.675563
18000,1341,0,1,4,3,1,1,2,0,1,3,2,8,1,5,74.5,0.643734,7.666667,5.884476,114.221497,0.911998,0.685325
2600,324,0,2,3,1,0,0,0,0,0,3,1,3,0,4,88.0,0.515399,4.230769,4.774865,7.920838,0.393823,0.44152
7073,612,0,0,2,0,6,0,0,1,1,8,1,8,2,9,66.5,0.768061,5.372543,5.588535,24.883253,0.706584,0.619435
5708,792,3,2,4,0,4,2,1,0,2,4,0,11,2,4,68.0,0.103711,1.576734,3.323217,2.147845,0.035219,0.237533
18000,1280,1,2,9,1,6,0,1,0,1,5,1,16,1,6,57.0,0.909969,8.0,6.982421,474.908312,0.927398,0.795887
8170,741,3,1,4,1,2,1,1,0,0,2,0,8,0,2,81.0,0.93142,5.385557,6.284019,32.246928,0.627967,0.713393
14291,2160,3,3,17,0,10,0,3,3,1,7,1,30,4,8,20.0,0.627185,2.938913,4.478179,19.882128,0.232547,0.401722
7473,542,2,0,4,1,1,0,1,0,0,1,0,6,0,1,86.5,0.884103,7.761274,5.774255,99.997762,0.754162,0.727483
4500,309,0,0,0,1,4,0,0,0,0,1,1,4,0,2,89.0,0.769802,7.777778,5.444251,24.074453,0.857335,0.657063
11000,1317,6,1,15,1,17,4,4,3,3,3,1,40,6,4,2.0,0.04874,2.181818,3.014214,14.426422,0.737298,0.29598
7129,547,2,1,0,2,1,0,0,1,0,3,2,1,1,5,88.5,0.853626,7.995511,6.345209,64.805962,0.53689,0.742127
6117,753,1,0,1,0,1,0,0,0,0,1,2,2,0,3,91.5,0.440414,4.25045,4.795185,3.864079,0.296531,0.457708
13277,829,1,1,6,1,3,3,4,1,1,3,1,16,2,4,58.0,1.0,7.079913,6.494023,159.626546,0.955702,0.760133
7390,1383,2,3,8,3,5,2,6,2,2,6,1,21,4,7,39.5,0.032752,1.623816,3.409452,2.094602,0.303692,0.204535
9396,761,1,0,9,2,8,0,3,2,2,1,3,20,4,4,46.0,0.683398,6.811409,4.772233,36.365618,0.07544,0.457691
4815,548,2,1,6,1,3,0,1,0,2,3,2,10,2,5,68.5,0.594146,6.645898,4.15026,23.220129,0.724823,0.526532
13581,2002,0,4,9,1,6,1,7,1,1,4,2,23,2,6,41.0,0.622454,4.417937,5.17706,53.070762,0.530291,0.496605
2270,300,2,0,4,1,2,0,1,0,1,2,0,7,1,2,81.0,0.096887,0.881057,3.421369,0.063191,0.139588,0.231082
5254,446,1,0,3,0,5,0,0,1,0,2,1,8,1,3,77.5,0.680155,7.232585,3.752622,15.235721,0.021419,0.516292
17296,1303,4,1,9,2,7,3,2,2,1,5,2,21,3,7,41.5,0.866129,8.614709,6.078263,189.404082,0.910279,0.720758
11173,1518,3,1,4,0,9,0,1,1,2,1,1,14,3,2,63.0,0.069504,1.342522,3.335935,2.19275,0.324164,0.223552
6504,740,2,1,15,3,15,0,2,0,1,6,0,32,1,6,25.0,0.972782,7.687577,6.058838,186.57485,0.900591,0.709029
11089,742,1,0,2,0,2,1,0,1,1,1,0,5,2,1,84.5,0.758999,6.132203,5.605278,144.250939,0.849309,0.652856
11236,1167,1,0,3,0,0,0,1,1,2,1,1,4,3,2,83.0,0.975467,8.187967,7.178523,88.289513,0.577467,0.772191
7018,840,4,2,7,0,5,3,3,1,2,7,2,18,3,9,44.5,0.585416,5.84212,5.516041,36.002589,0.741584,0.518677
13000,1442,3,0,12,3,6,2,3,0,2,2,0,23,2,2,47.0,0.107759,2.692308,3.355836,6.415309,0.617078,0.25218
4500,300,0,0,1,2,4,0,2,0,0,0,0,7,0,0,86.0,0.836835,6.666667,6.855214,48.283453,0.98742,0.726551
4109,495,2,1,6,0,4,1,0,1,1,3,1,11,2,4,68.0,0.105077,5.597469,3.476374,10.947329,0.802639,0.359724
16500,1904,3,3,20,1,8,4,2,3,1,9,2,34,4,11,7.5,0.610929,5.818182,4.818676,47.657594,0.288611,0.440533
18000,1125,1,0,3,0,2,0,2,0,0,3,0,7,0,3,81.5,1.0,6.444444,6.822272,530.05491,0.908838,0.730008
7014,801,0,3,5,1,6,1,1,0,0,9,2,13,0,11,57.5,0.220157,1.853436,4.220038,1.025643,0.145954,0.230413
18000,1142,1,0,6,1,7,0,2,1,2,4,0,15,3,4,58.0,0.927969,7.222222,6.639151,105.715781,0.840433,0.757151
14727,1054,5,2,8,5,6,0,3,0,2,6,2,17,2,8,50.0,0.416402,6.314932,4.355719,56.005887,0.983049,0.546311
9718,1492,3,2,9,3,7,3,9,0,1,3,1,28,1,4,36.0,0.218412,0.514509,2.441457,0.321806,0.028701,0.163674
10320,680,1,2,4,0,4,1,1,1,0,5,1,10,1,6,69.0,0.501322,6.104651,4.751071,47.311456,0.804109,0.470769
5615,581,3,3,5,3,6,2,0,0,0,6,0,13,0,6,65.0,0.122607,2.137133,3.198257,0.025518,0.214869,0.191694
12157,815,0,1,4,0,7,0,2,1,0,0,0,13,1,0,72.0,0.702194,5.593485,6.71868,126.117907,0.850492,0.651278
15000,1725,5,5,9,1,11,2,3,0,1,5,0,25,1,5,40.5,0.325039,4.266667,4.791508,23.524051,0.642965,0.492513
4208,799,0,0,8,1,9,1,2,1,1,4,0,20,2,4,50.0,0.370372,2.851711,3.453619,2.515134,0.318513,0.318738
4601,438,3,1,6,0,2,2,0,0,0,2,1,10,0,3,75.5,0.681118,6.520322,4.662457,14.362374,0.668625,0.539332
15909,1196,5,3,5,0,5,1,1,2,0,3,0,12,2,3,67.5,0.980705,9.240053,6.326785,129.877865,0.629499,0.808962
7221,451,1,2,3,3,3,0,1,0,2,0,1,7,2,1,80.5,0.999729,9.970918,5.887311,130.741835,0.568865,0.786795
16163,1893,2,0,4,3,7,2,3,1,3,4,0,16,4,4,54.0,0.770031,4.825837,4.946126,173.847898,0.323173,0.450186
3693,369,2,0,4,0,3,0,0,0,0,1,0,7,0,1,84.5,0.35734,4.603304,3.850712,12.412893,0.776677,0.474987
2800,365,1,0,2,0,1,1,0,1,0,3,2,4,1,5,82.5,0.685139,8.214286,6.049593,95.318709,0.94135,0.689326
4228,515,0,0,1,0,5,0,1,2,0,5,0,7,2,5,74.5,0.116532,1.419111,3.214467,0.117587,0.404509,0.264464
3994,696,0,1,5,2,5,0,2,1,0,4,1,12,1,5,66.5,0.741113,8.512769,5.678155,52.651756,0.636757,0.67884
12170,887,2,0,8,1,0,2,4,1,0,2,1,14,1,3,65.5,0.138977,2.875924,3.461596,12.678786,0.996037,0.413849
4449,706,1,1,9,1,5,0,2,0,1,2,0,16,1,2,63.0,0.131213,2.247696,3.661654,1.179851,0.65879,0.259196
3747,629,1,0,7,0,2,0,2,0,1,5,0,11,1,5,68.5,0.185047,2.935682,3.690395,0.337559,0.370342,0.298095
13000,1755,5,0,12,2,7,0,1,3,2,3,1,20,5,4,44.0,0.141324,2.0,3.48362,12.075245,0.595769,0.333489
9070,768,1,1,2,1,0,1,1,0,2,1,0,4,2,1,86.5,1.0,6.394708,5.745768,240.890373,0.663108,0.699229
10166,832,1,1,3,4,3,0,1,0,1,1,0,7,1,1,82.5,0.321004,3.147747,4.376606,11.96247,0.338235,0.417809
1848,300,0,1,1,0,2,0,0,0,0,2,1,3,0,3,89.5,0.061839,2.164502,2.037114,0.430638,0.424092,0.213131
5746,374,0,0,3,0,1,1,1,0,0,1,0,6,0,1,86.5,0.805737,7.831535,5.505231,47.110185,0.503912,0.715869
12307,1690,1,4,12,3,4,3,2,2,0,6,3,21,2,9,40.5,0.59004,4.306492,4.249657,33.854104,0.377742,0.461215
2200,300,1,1,2,0,1,0,0,1,0,1,0,3,1,1,90.5,0.42938,3.181818,3.621314,0.890066,0.271917,0.327963
11403,1230,0,2,10,1,6,1,0,0,2,6,3,17,2,9,48.5,0.481544,4.998685,3.925319,12.276692,0.191271,0.42969
17340,1083,2,1,7,0,6,0,4,1,1,1,1,17,2,2,59.0,1.0,9.28489,5.883477,540.169733,0.99047,0.790765
12073,961,3,1,5,1,0,1,4,0,0,0,0,10,0,0,80.0,0.960177,7.454651,6.049538,97.203511,0.545106,0.766578
9453,673,2,1,4,0,1,1,1,1,1,1,0,7,2,1,80.5,0.939576,6.558764,6.206567,82.899586,0.923189,0.785605
13816,1075,1,1,5,1,7,2,2,0,1,3,0,16,1,3,61.5,0.39546,3.039954,4.355636,26.308933,0.019423,0.440277
4889,456,0,1,4,2,4,1,1,0,0,3,1,10,0,4,74.0,0.460723,3.681735,4.263443,34.029444,0.768347,0.450391
8339,521,0,0,1,1,3,0,1,0,0,0,0,5,0,0,90.0,1.0,8.034537,6.930127,273.746169,0.855168,0.738749
4980,457,4,0,3,2,2,1,2,0,0,3,0,8,0,3,79.5,0.172354,1.606426,3.287678,0.432826,0.487856,0.263625
3006,428,2,1,5,1,1,0,2,1,2,2,0,8,3,2,75.0,0.060851,1.66334,3.05173,2.301892,0.265789,0.232067
8510,877,1,1,11,0,5,1,0,0,0,2,1,17,0,3,61.5,0.283282,2.232667,3.761563,4.154799,0.140326,0.30532
3200,345,1,1,6,0,0,1,3,0,1,0,0,10,1,0,78.0,0.543211,3.125,6.306406,0.429888,0.362909,0.431731
6914,963,4,4,14,1,2,0,1,2,1,7,0,17,3,7,49.5,0.099561,1.735609,3.614379,3.040238,0.133111,0.172798
3200,300,0,1,5,2,4,0,0,0,0,1,0,9,0,1,80.5,0.688921,4.6875,5.066541,6.056289,0.27083,0.490241
7773,880,1,3,14,3,10,1,5,1,0,5,1,30,1,6,29.0,0.27107,2.83031,3.206721,8.406789,0.518008,0.303014
16500,1667,5,2,7,1,4,2,5,1,1,4,1,18,2,5,52.5,0.83249,6.666667,5.540679,28.424302,0.4038,0.533987
3200,355,0,1,2,0,2,0,0,0,0,0,0,4,0,0,92.0,0.487311,5.3125,3.542501,11.687206,0.323769,0.431389
6359,418,1,0,2,0,2,0,0,2,1,1,0,4,3,1,84.5,0.857922,6.604812,6.063601,50.16729,0.529928,0.654851
5434,884,1,2,7,0,4,1,4,0,0,5,0,16,0,5,60.5,1.0,6.624954,5.774024,125.979499,0.732935,0.667765
3033,388,1,0,3,0,2,0,2,1,0,1,0,7,1,1,82.5,0.535743,4.615892,5.662455,13.665224,0.002094,0.466363
11827,1392,2,4,7,2,12,1,1,2,3,8,2,21,5,10,33.0,0.534932,4.05851,4.708285,14.978414,0.188581,0.490732
9410,1020,3,1,12,1,7,1,5,0,3,1,0,25,3,1,42.5,0.640525,4.675877,4.227536,18.014429,0.651933,0.510027
10398,649,1,0,6,2,1,0,4,0,0,0,0,11,0,0,78.0,0.972036,8.366994,7.091297,198.623049,0.981668,0.816315
4070,549,0,0,2,1,3,0,1,0,0,0,2,6,0,2,85.0,0.230949,2.948403,2.882198,1.704292,0.497045,0.210292
3677,404,0,0,1,0,3,0,0,0,0,1,1,4,0,2,89.0,0.429474,4.351373,4.02042,6.60544,0.477356,0.464215
4102,626,0,3,7,0,1,0,1,0,0,2,0,9,0,2,79.0,0.284161,2.194052,3.409649,1.390061,0.131488,0.216946
1732,300,0,1,1,1,1,0,2,0,0,3,0,4,0,3,87.5,0.092013,4.618938,2.863883,0.065656,0.077225,0.263776
8767,1346,1,1,12,1,3,2,5,4,1,3,2,22,5,5,38.5,0.507761,3.764115,3.721957,11.792974,0.543839,0.429902
13428,1498,3,3,7,1,5,3,9,1,2,11,0,24,3,11,29.5,0.518105,5.064045,4.387059,28.226386,0.672487,0.467096
6640,448,1,0,4,0,1,0,0,2,2,0,1,5,4,1,80.5,0.869409,6.777108,5.822932,51.808016,0.429431,0.688529
6069,590,0,4,13,0,2,0,4,1,0,4,1,19,1,5,52.5,0.683276,3.624979,5.570105,4.793554,0.920992,0.4746
3922,448,0,0,4,1,2,1,0,0,2,2,1,7,2,3,77.5,0.478536,7.649159,4.172808,7.320051,0.258283,0.473798
11000,1461,1,3,12,2,5,1,3,0,2,10,5,21,2,15,31.5,0.046498,1.545455,2.081375,0.1315,0.134413,0.144362
1500,300,0,0,0,1,2,2,1,1,0,0,0,5,1,0,88.0,0.228961,2.666667,2.117556,0.039995,0.644206,0.302978
2222,348,1,1,2,0,7,3,4,0,0,0,1,16,0,1,66.5,0.126826,2.70027,4.043077,0.061237,0.6905,0.200051
1500,300,1,1,1,2,4,0,1,0,0,1,0,6,0,1,86.5,0.080713,0.666667,1.0,0.148716,0.213361,0.204726
4094,391,0,0,0,2,2,0,4,1,0,2,0,6,1,2,83.0,0.148623,2.686859,2.544107,3.143166,0.218008,0.228677
2954,309,2,1,4,0,3,2,1,1,0,2,1,10,1,3,73.5,0.091515,1.354096,1.66235,0.656188,0.033617,0.165375
8578,1115,0,1,10,3,6,1,2,2,0,6,1,19,2,7,47.5,0.646491,5.59571,4.608902,45.859743,0.557614,0.584914
2200,300,2,1,4,0,1,0,0,0,1,1,1,5,1,2,85.0,0.312253,4.090909,3.03705,1.109312,0.221596,0.337239
9414,1074,3,1,7,3,9,1,3,0,1,3,1,20,1,4,52.0,0.374202,3.186743,4.023901,9.985892,0.080026,0.355687
6612,448,2,0,7,0,2,0,1,0,0,0,1,10,0,1,78.5,0.828874,5.898367,5.469613,27.071597,0.665262,0.697129
4417,550,1,1,6,1,4,1,0,1,0,4,1,11,1,5,68.5,0.152752,2.716776,3.392559,0.536699,0.266864,0.223235
10535,1325,3,1,8,1,5,0,2,2,2,7,3,15,4,10,47.0,0.615973,3.891789,5.073156,17.552397,0.609199,0.45286
9795,946,7,4,10,0,7,1,2,3,2,5,1,20,5,6,41.0,0.096854,1.939765,2.449776,4.473257,0.226383,0.174682
5735,455,1,1,3,0,3,0,1,0,0,1,0,7,0,1,84.5,0.895071,5.754141,6.206139,52.216616,0.702069,0.684483
8067,949,2,2,3,0,5,0,1,1,1,4,0,9,2,4,72.0,0.5644,6.569976,4.595283,15.788763,0.25632,0.586777
10456,942,1,4,10,2,3,0,1,2,2,6,1,14,4,7,53.5,0.074076,0.956389,3.164685,0.486723,0.082354,0.186025
14031,1476,3,2,3,0,4,1,3,2,0,2,0,11,2,2,71.0,0.718986,6.770722,5.240151,28.710156,0.353093,0.55809
6970,1046,3,1,11,2,5,0,2,4,1,2,0,18,5,2,51.0,0.210139,3.299857,3.615366,11.190962,0.610399,0.337681
3219,347,1,2,4,2,7,1,1,2,0,1,2,13,2,3,65.5,0.526168,3.41721,2.557724,1.373006,0.011668,0.287534
1500,300,0,0,3,0,1,1,0,1,0,1,0,5,1,1,86.5,0.170905,3.333333,3.631467,0.824735,0.530184,0.306252
2544,300,1,0,4,0,1,0,0,0,1,2,0,5,1,2,85.0,0.17805,2.751572,3.919955,1.023506,0.73447,0.366731
17931,1668,0,0,3,0,1,0,0,1,1,1,2,4,2,3,83.5,0.902559,4.907702,5.231114,85.049053,0.366609,0.672465
14817,936,4,1,10,0,2,0,1,0,0,1,0,13,0,1,72.5,1.0,7.288925,6.047096,470.231427,0.763548,0.725009
11000,1449,4,2,11,3,10,2,5,3,2,7,1,28,5,8,22.0,0.21201,2.272727,2.448285,3.128716,0.237932,0.230326
5865,745,4,2,2,3,1,0,3,1,1,1,1,6,2,2,81.0,0.528144,5.967604,5.104423,23.663946,0.48477,0.531031
2690,300,0,0,0,3,3,0,3,0,1,1,1,6,1,2,83.0,0.084208,3.717472,3.33379,2.950396,0.801585,0.337927
4696,334,1,0,3,0,1,2,0,0,0,1,0,6,0,1,86.5,0.652773,7.240204,5.915587,111.922303,0.974634,0.676015
13390,1496,1,2,7,5,1,0,1,1,0,3,1,9,1,4,74.0,0.696803,7.841673,5.269813,61.495432,0.387024,0.549758
12863,803,2,1,4,2,7,0,2,2,0,3,0,13,2,3,65.5,0.710338,5.519708,6.027022,31.279378,0.82567,0.692864
6458,421,2,0,1,0,3,0,0,1,0,0,0,4,1,0,90.0,0.693929,7.277795,5.503422,79.632778,0.649384,0.761136
4396,680,3,1,4,1,1,1,1,0,0,6,0,7,0,6,77.0,0.333164,1.592357,2.65242,1.329881,0.263693,0.25059
7698,723,0,1,4,1,1,0,0,2,2,2,0,5,4,2,79.0,0.797484,6.755001,5.770415,61.450598,0.627902,0.653837
3728,320,0,0,4,1,1,0,2,0,0,1,0,7,0,1,84.5,0.746473,7.51073,5.064674,30.502955,0.298533,0.519179
10486,1069,5,3,14,3,15,4,1,0,1,6,2,34,1,8,18.0,0.126431,1.81194,2.856843,1.543793,0.012232,0.130159
6271,675,1,2,6,0,4,1,2,0,0,1,0,13,0,1,72.5,0.605392,4.464998,4.889149,30.672941,0.333412,0.51544
6956,835,1,2,5,1,9,2,2,0,0,2,0,18,0,2,61.0,0.768637,6.325474,5.176925,19.408602,0.240867,0.520854
8215,786,1,0,3,1,2,0,2,1,0,0,0,7,1,0,84.0,0.561257,3.408399,4.843983,8.038544,0.16541,0.421342
13000,1205,2,4,7,4,4,1,4,0,5,2,1,16,5,3,53.5,0.068947,2.0,3.378407,13.081194,0.517671,0.327378
11591,1743,3,3,9,1,4,2,7,1,2,6,1,22,3,7,39.5,0.092552,2.156846,3.365119,6.080289,0.28264,0.243439
2521,300,1,1,1,0,2,0,0,0,1,0,0,3,1,0,92.0,0.097617,1.190004,3.341568,0.933458,0.135158,0.277664
12172,979,3,2,4,4,2,1,4,0,4,0,0,11,4,0,70.0,0.893659,7.229708,5.953594,70.874717,0.551397,0.684066
6032,946,1,2,8,0,2,0,2,1,0,2,2,12,1,4,68.0,0.0646,1.657825,3.056897,1.665955,0.597508,0.232348
11215,759,1,0,4,0,4,0,0,0,0,5,0,8,0,5,76.5,0.546831,4.369148,3.74308,14.196185,0.183949,0.496579
9713,1440,1,2,9,5,8,3,5,1,0,5,2,25,1,7,37.5,0.397896,2.882734,3.232601,3.028026,0.627619,0.246267
6738,421,0,2,4,0,2,0,1,0,0,1,0,7,0,1,84.5,0.650365,6.233304,5.439159,57.754534,0.910039,0.663415
4500,300,0,2,3,0,0,0,5,0,0,0,0,8,0,0,84.0,0.763866,7.333333,6.842957,44.258654,0.844759,0.686622
12043,1382,1,1,10,1,3,1,0,3,5,5,2,14,8,7,45.5,0.447365,2.906253,3.471503,12.959527,0.413206,0.41751
11165,720,1,1,6,0,3,0,3,1,0,2,0,12,1,2,71.0,1.0,6.717421,7.126472,387.096214,0.790643,0.774103
4332,426,2,2,8,1,2,2,1,1,2,0,0,13,3,0,68.0,0.31975,2.539243,4.017471,0.764857,0.148952,0.248831
6212,402,3,0,2,0,1,0,1,0,0,3,0,4,0,3,87.5,0.769057,4.668384,5.415623,75.767658,0.913013,0.662974
2200,300,0,0,4,0,0,1,1,0,0,1,0,6,0,1,86.5,0.257457,1.363636,2.62127,1.57715,0.235173,0.223801
4816,401,1,0,5,1,0,1,1,2,0,2,0,7,2,2,79.0,0.613823,6.436877,4.583592,21.566258,0.903584,0.609999
12346,1067,3,3,9,1,4,0,0,0,2,4,1,13,2,5,62.5,0.123381,2.267941,3.515739,7.53971,0.45795,0.307025
2600,370,0,1,1,0,3,0,1,0,1,1,0,5,1,1,86.5,0.433365,5.0,3.295223,2.422359,0.520473,0.451005
2200,300,0,0,4,0,1,0,0,1,1,0,0,5,2,0,86.0,0.504588,4.090909,3.654536,6.769995,0.112604,0.316364
3809,341,2,0,4,0,0,0,1,0,0,1,0,5,0,1,88.5,0.560879,4.72565,4.521129,23.597376,0.631366,0.516868
5787,594,3,3,9,0,12,0,8,0,0,2,0,29,0,2,39.0,0.936028,9.158459,5.679284,87.203896,0.707104,0.704834
6050,948,2,2,17,1,8,1,1,1,0,2,1,27,1,3,39.5,0.909132,9.586777,5.372438,197.191885,0.753079,0.686351
4500,300,2,0,1,0,0,0,0,0,0,0,0,1,0,0,98.0,0.892512,7.777778,5.35792,65.762999,0.704369,0.760467
4242,812,1,1,11,1,11,1,2,0,0,4,0,25,0,4,44.0,0.988416,6.836398,6.755016,131.958777,0.811499,0.66479
7305,712,1,1,5,0,3,0,1,0,0,1,0,9,0,1,80.5,0.850874,5.612594,6.292513,94.097427,0.506504,0.65875
4500,300,2,1,5,0,1,0,0,0,0,1,0,6,0,1,86.5,0.652176,6.888889,5.942077,25.367527,0.913148,0.656862
2200,300,0,2,4,0,1,0,0,1,0,2,0,5,1,2,85.0,0.180737,1.818182,4.284246,0.053776,0.653795,0.324403
12497,1841,1,2,12,2,6,2,1,3,1,4,2,21,4,6,41.0,0.108437,2.160519,2.700595,9.438994,0.550017,0.321651
9362,911,1,2,4,3,8,0,5,1,0,5,0,17,1,5,56.5,0.596099,3.418073,5.755924,17.163292,0.623019,0.432864
8730,1207,0,4,6,3,7,2,2,0,0,2,1,17,0,3,61.5,0.493881,5.612829,5.79222,43.855353,0.341129,0.495734
18000,1132,4,1,5,2,5,0,1,1,0,3,0,11,1,3,71.5,0.947712,7.0,6.200153,73.64252,0.729947,0.662056
8276,1136,2,1,4,4,0,0,4,3,0,4,0,8,3,4,72.0,0.598312,3.62494,4.950525,14.309769,0.251905,0.418877
15399,1530,0,2,5,0,1,0,2,0,0,2,1,8,0,3,79.5,0.987116,7.143321,5.619937,107.962501,0.37197,0.688663
6549,483,1,1,4,1,1,2,2,2,0,0,0,9,2,0,78.0,0.930944,7.176668,6.780997,50.297039,0.979242,0.708358
16500,1183,2,2,5,3,7,3,1,1,0,6,1,16,1,7,55.5,0.205162,4.606061,3.925972,24.840819,0.783759,0.49255
6882,861,3,1,7,0,3,0,5,1,1,2,0,15,2,2,63.0,0.888636,5.231037,4.798601,27.979728,0.517663,0.556037
9026,626,1,0,5,0,2,0,2,1,1,1,1,9,2,2,75.0,0.940342,7.976955,6.521086,296.766584,0.840453,0.798182
3427,490,2,1,6,1,3,0,3,1,1,3,0,12,2,3,67.5,0.325583,3.501605,2.673422,3.066399,0.275598,0.356041
2200,300,0,0,5,0,0,0,0,0,2,1,0,5,2,1,84.5,0.153706,1.818182,2.833519,0.04533,0.199693,0.171252
2800,321,0,0,7,1,6,0,2,0,0,3,0,15,0,3,65.5,0.75634,9.285714,5.569569,104.150322,0.997745,0.73749
6915,432,1,0,1,0,2,0,0,0,0,2,0,3,0,2,91.0,0.784939,6.362979,5.63468,29.106382,0.554788,0.678964
7590,826,1,1,4,1,1,0,5,1,0,6,0,10,1,6,69.0,0.203082,0.527009,4.454981,0.456943,0.116124,0.245013
11211,904,4,2,9,1,3,1,3,1,0,2,0,16,1,2,63.0,0.437314,4.013915,4.905614,19.983082,0.007455,0.488267
7691,804,0,1,1,1,1,0,1,4,0,1,1,3,4,2,83.0,0.763972,3.900663,5.411048,15.397331,0.484114,0.586593
6802,443,0,2,5,1,2,0,0,0,0,1,0,7,0,1,84.5,0.922505,8.673919,6.305739,76.93415,0.617967,0.770525
5230,822,1,2,16,3,7,1,4,0,1,5,0,28,1,5,34.5,0.724242,7.456979,5.148613,24.835529,0.74451,0.683347
3200,349,0,1,1,0,1,0,0,0,0,0,1,2,0,1,94.5,0.527174,4.0625,4.550428,0.484634,0.346697,0.445009
3186,367,1,0,1,1,3,0,1,0,1,0,1,5,1,1,86.5,0.365633,1.255493,2.342619,0.120604,0.102043,0.251983
6725,731,2,2,8,1,1,1,3,1,0,4,0,13,1,4,66.0,0.167461,3.717472,3.904923,24.592397,0.686896,0.407127
5053,608,2,1,5,3,3,2,1,1,0,0,0,11,1,0,76.0,0.627117,5.541263,5.542849,20.827294,0.319128,0.58271
6706,655,0,1,2,1,0,0,2,1,0,1,1,4,1,2,87.0,0.464259,5.219207,3.677542,17.313262,0.65673,0.533976
14461,1791,2,2,5,4,4,0,4,1,0,0,0,13,1,0,72.0,0.558683,4.909757,4.702545,39.769453,0.281552,0.478837
8596,1138,6,1,9,1,3,2,1,1,1,2,2,15,2,4,60.0,0.352235,5.583993,3.620511,11.01997,0.650123,0.433468
4698,598,1,2,6,1,3,0,2,0,2,1,2,11,2,3,69.5,0.337566,1.064283,3.482913,0.059941,0.129153,0.230393
12856,911,1,0,10,0,7,1,2,0,0,4,3,20,0,7,49.5,0.453114,2.48911,5.844585,11.570011,0.79067,0.419904
4529,531,0,1,5,1,3,2,1,0,3,1,1,11,3,2,69.0,0.108853,1.766394,4.268078,1.759214,0.468324,0.277867
16500,1625,5,2,8,2,2,2,2,1,0,5,0,14,1,5,62.5,0.74106,4.909091,4.982112,64.587789,0.383732,0.549506
5087,342,0,1,5,1,3,0,2,0,0,1,0,10,0,1,78.5,0.961767,9.042658,6.771594,123.425248,0.779958,0.753971
8010,500,0,1,2,2,3,0,1,0,0,1,0,6,0,1,86.5,0.725305,6.367041,6.146838,46.848492,0.617081,0.688167
4409,610,1,1,5,2,4,1,2,1,0,1,0,12,1,1,72.5,0.042474,3.402132,2.163569,1.890971,0.442503,0.215234
7176,811,1,0,8,0,2,0,0,0,1,1,2,10,1,3,73.5,0.385417,5.434783,5.057105,19.600883,0.366198,0.461458
9032,857,2,2,5,0,5,2,2,2,1,2,1,14,3,3,61.5,0.208765,2.325066,3.022192,9.57851,0.554361,0.247855
6864,760,1,0,8,2,3,0,2,2,0,4,1,13,2,5,62.5,0.541158,1.165501,3.836279,0.125092,0.112269,0.239014
2638,300,1,0,2,0,3,0,1,0,0,1,0,6,0,1,86.5,0.742481,4.927976,4.478021,13.552134,0.142814,0.468526
16810,1108,2,0,3,2,3,1,3,0,0,2,0,10,0,2,77.0,0.689816,8.090422,6.575533,265.888401,0.925485,0.661881
10785,674,3,2,5,0,1,2,3,0,1,1,0,11,1,1,74.5,0.929188,7.603153,6.090609,139.585795,0.723784,0.761112
15000,1436,6,2,8,2,7,2,3,3,1,8,2,20,4,10,37.0,0.450258,4.866667,4.986288,32.885588,0.975342,0.456833
13000,1624,2,3,11,4,13,4,1,1,2,10,2,29,3,12,18.0,0.385619,2.230769,4.749651,28.085893,0.71758,0.376189
13000,1546,6,2,4,1,3,1,7,3,1,3,1,15,4,4,56.0,0.13132,4.384615,3.058114,6.793344,0.378801,0.263426
13229,1304,3,0,9,3,8,1,2,2,0,8,2,20,2,10,41.0,0.451817,5.51818,4.987056,31.594917,0.655196,0.499645
9380,1335,3,3,18,1,9,1,2,2,1,4,0,30,3,4,28.0,0.951814,10.554371,5.939892,190.497834,0.604863,0.673695
11144,1219,1,2,10,1,5,1,4,0,2,9,0,20,2,9,42.5,0.387092,6.101938,4.14523,66.15297,0.838142,0.550568
4785,414,1,0,4,0,1,1,1,1,0,1,2,7,1,3,79.5,0.515993,4.388715,3.186213,17.807599,0.320781,0.441579
3016,451,0,0,5,1,2,0,1,0,1,1,0,8,1,1,80.5,0.001662,2.65252,3.140549,1.35854,0.602641,0.241135
15641,977,2,1,6,2,7,0,2,1,0,5,0,15,1,5,60.5,0.794152,8.695096,6.388084,103.963245,0.992995,0.714547
18000,1683,2,0,1,0,6,1,1,0,0,3,1,9,0,4,76.0,0.82579,7.111111,5.982276,52.648138,0.320729,0.677557
7832,990,0,3,10,3,9,1,2,1,1,8,2,22,2,10,37.0,0.243027,2.042901,3.195139,10.849084,0.642054,0.336401
7532,814,1,1,3,0,6,2,2,0,0,2,1,13,0,3,69.5,0.590778,5.443441,4.857956,45.818364,0.579465,0.537511
2800,300,1,0,7,0,4,0,2,1,0,2,0,13,1,2,69.0,0.753298,5.357143,5.26763,45.853623,0.758256,0.662738
7516,842,0,3,9,4,5,5,2,1,2,1,2,21,3,3,47.5,0.211904,2.128792,3.017433,1.019719,0.01163,0.207525
9913,1114,2,3,15,2,9,0,1,0,2,4,1,25,2,5,38.5,0.862536,6.758802,5.252942,103.044501,0.665783,0.591525
18000,1167,0,0,8,3,3,1,2,0,1,0,0,14,1,0,70.0,0.869886,6.833333,5.509576,88.605301,0.74615,0.697101
13170,1751,3,2,9,3,8,1,3,1,0,4,1,21,1,5,48.5,0.564974,5.922551,4.90415,28.952071,0.557642,0.516053
13883,1600,3,4,17,3,7,3,8,1,0,7,0,35,1,7,17.5,0.165938,5.33026,4.457962,52.165522,0.945513,0.475184
4500,338,0,0,2,0,0,0,1,0,0,2,1,3,0,3,89.5,0.957443,8.666667,4.786754,41.280604,0.517493,0.715947
4500,300,0,0,3,0,1,2,1,0,0,2,0,7,0,2,83.0,0.946251,6.0,6.22692,35.492039,0.586858,0.684475
11109,1153,2,1,6,0,6,0,2,0,2,2,2,14,2,4,62.0,0.418672,3.960753,5.30612,33.131574,0.665464,0.466675
6695,1166,5,2,7,2,8,2,4,1,2,2,0,21,3,2,49.0,0.042899,1.194922,2.814304,0.900179,0.476073,0.16947
8298,984,2,2,10,3,8,0,1,2,0,4,1,19,2,5,50.5,0.003648,2.048686,2.580668,2.115706,0.509137,0.226652
4435,622,2,2,6,0,4,0,2,3,0,1,1,12,3,2,67.0,0.202355,2.931229,3.267504,2.129952,0.414313,0.212722
5969,740,0,0,5,0,3,3,2,2,1,1,1,13,3,2,65.0,0.580188,4.188306,4.452174,17.100526,0.410188,0.494776
10382,648,0,0,2,1,3,1,1,0,1,0,0,7,1,0,84.0,0.982041,10.017338,6.979698,542.068146,0.8391,0.818089
6839,792,0,0,10,1,5,0,3,1,0,1,0,18,1,1,60.5,1.0,6.579909,6.745651,200.328955,0.840641,0.767633
8827,811,1,0,4,0,2,0,0,0,1,1,0,6,1,1,84.5,0.895249,5.55115,6.489704,56.9071,0.517468,0.725897
15000,2029,3,3,12,2,11,2,2,5,3,8,3,27,8,11,13.5,0.767842,4.8,5.095251,26.309956,0.226225,0.52158
15894,993,1,3,3,1,3,0,1,1,1,4,0,7,2,4,76.0,0.975651,8.179187,6.169023,212.87075,0.863444,0.76666
4946,622,1,1,5,2,1,0,2,0,2,2,1,8,2,3,75.5,0.609018,6.267691,4.861561,36.23411,0.549855,0.576682
11834,1143,6,1,16,2,11,0,9,4,0,3,1,36,4,4,14.0,0.701991,5.323644,4.709011,57.432946,0.96172,0.457846
9106,972,0,2,6,0,3,0,2,1,0,1,0,11,1,1,74.5,0.926119,7.247968,6.159471,82.992359,0.260845,0.699465
2539,310,0,0,5,1,1,1,1,4,1,0,0,8,5,0,74.0,0.241346,1.575423,2.813974,0.000481,0.299282,0.230389
11432,714,0,1,3,1,1,1,0,0,0,3,0,5,0,3,85.5,0.858834,8.047586,6.548219,379.840546,0.963588,0.815928
2200,300,0,0,2,0,1,0,2,0,0,3,0,5,0,3,85.5,0.035896,0.909091,2.393678,0.004647,0.058808,0.184498
6588,411,0,0,6,0,1,0,0,1,0,0,1,7,1,1,82.5,0.908868,7.589557,6.400254,186.310769,0.921456,0.758154
6074,828,2,0,9,1,3,1,0,0,0,4,0,13,0,4,68.0,0.663766,5.762265,5.239155,24.06453,0.50425,0.587066
12831,873,2,1,4,0,0,0,0,0,0,1,0,4,0,1,90.5,0.986974,8.495051,6.569631,98.705743,0.564279,0.83852
6644,569,1,0,6,3,1,0,6,1,0,1,0,13,1,1,70.5,0.270923,6.170981,3.283529,10.693816,0.74917,0.398529
7587,1029,1,1,6,2,1,1,2,1,0,1,1,10,1,2,75.0,0.239127,4.349545,3.048349,8.454261,0.615193,0.421136
5010,573,5,1,7,0,6,2,1,0,0,2,0,16,0,2,65.0,0.740978,6.586826,6.123725,91.023503,0.714395,0.682157
4500,381,0,0,2,0,1,1,1,0,0,0,0,5,0,0,90.0,0.967345,6.666667,5.941411,43.574176,0.391472,0.695973
9749,609,0,0,4,0,0,2,3,1,0,1,0,9,1,1,78.5,0.887835,7.385373,5.858866,255.742727,0.878771,0.710504
8424,1022,1,1,5,0,4,0,2,0,1,2,0,11,1,2,73.0,0.524471,2.967711,4.24371,21.936972,0.332996,0.497969
5933,805,0,1,11,1,0,0,1,1,0,3,2,12,1,5,66.5,0.64646,6.910501,4.484451,25.992568,0.565507,0.518174
14241,924,1,1,9,1,7,0,0,1,0,4,2,16,1,6,57.0,0.172537,2.879011,3.79597,29.785244,0.926429,0.460509
7832,782,1,3,9,0,1,0,2,2,1,4,0,12,3,4,64.0,0.822326,7.150153,5.146767,20.998001,0.248104,0.544973
8104,1133,2,1,8,2,4,1,2,2,0,4,0,15,2,4,60.0,0.217546,3.701876,3.08232,2.708032,0.203617,0.290885
12394,885,0,2,3,1,2,1,0,0,0,1,0,6,0,1,86.5,0.712301,6.131999,6.068803,89.20128,0.507716,0.669764
8158,761,2,0,4,1,1,1,1,1,0,1,5,7,1,6,75.0,0.436448,2.696739,4.739915,16.756326,0.412476,0.401626
5095,462,0,1,3,0,2,0,1,0,1,1,0,6,1,1,84.5,0.770654,5.299313,6.291012,17.140683,0.371224,0.635095
12532,884,2,1,4,1,5,0,2,0,0,4,3,11,0,7,67.5,0.887309,6.782636,5.75366,311.047386,0.937806,0.678888
3586,390,1,0,0,2,3,0,0,0,0,0,0,3,0,0,94.0,0.26924,3.067485,4.242285,11.864481,0.32533,0.428951
7587,578,3,1,5,1,2,0,1,1,1,2,1,8,2,3,75.5,0.522737,3.29511,5.504602,11.613691,0.011998,0.438631
13000,1721,4,2,11,1,6,0,6,1,1,8,0,23,2,8,38.0,0.023298,2.307692,2.928605,7.803601,0.370248,0.272938
4984,505,0,0,10,0,3,1,0,1,0,1,1,14,1,2,67.0,0.618878,3.812199,3.565626,6.602051,0.093562,0.429422
3803,486,1,0,7,0,2,1,1,0,0,0,1,11,0,1,76.5,0.861642,8.94031,6.458403,49.403622,0.565398,0.695147
5395,940,0,0,5,0,6,0,0,0,0,1,0,11,0,1,76.5,0.438458,3.707136,3.389687,5.45121,0.334326,0.412596
3200,300,1,0,2,0,2,0,0,0,0,1,1,4,0,2,89.0,0.466084,4.6875,4.112348,17.145808,0.623251,0.441777
6566,1237,0,2,2,1,10,3,2,3,4,2,1,17,7,3,47.5,0.148206,1.675297,2.65828,5.180507,0.581503,0.20697
8302,957,2,1,3,1,2,0,2,0,0,1,0,7,0,1,84.5,0.619411,3.974946,4.626076,16.946632,0.308824,0.434055
5109,659,0,3,10,3,11,1,2,0,1,3,2,24,1,5,42.5,0.818698,9.003719,6.334076,221.267511,0.78381,0.758796
8920,1155,2,0,7,0,3,1,5,3,2,4,2,16,5,6,49.0,0.744303,6.502242,5.19575,44.882105,0.511782,0.615778
5326,628,0,0,4,2,3,1,0,1,1,0,0,8,2,0,80.0,0.097464,0.938791,2.923564,1.155354,0.305955,0.202313
5050,525,0,3,7,2,2,0,0,0,0,0,0,9,0,0,82.0,0.049469,1.386139,3.772965,0.733724,0.115208,0.204256
6728,651,2,1,5,1,5,0,4,0,2,5,1,14,2,6,59.0,0.132468,1.486326,4.033053,5.341851,0.266365,0.246926
3376,360,0,1,2,2,1,2,3,1,1,2,0,8,2,2,77.0,0.530331,2.07346,3.508335,3.670897,0.006855,0.280253
7851,775,1,1,5,1,7,1,3,4,0,6,0,16,4,6,51.0,0.721008,4.712775,5.334566,50.042149,0.779206,0.463603
2613,300,2,1,2,0,1,0,0,0,0,1,1,3,0,2,91.0,0.401701,3.444317,3.626051,2.185544,0.014415,0.347048
6959,944,2,3,25,1,12,2,1,0,0,5,0,40,0,5,12.5,0.885107,8.190832,6.373511,68.07379,0.871207,0.669945
4934,454,2,0,3,1,8,0,3,1,0,1,1,14,1,2,67.0,0.574517,5.066883,5.141612,46.172162,0.876185,0.518582
11808,1664,1,4,5,2,3,0,2,2,0,4,2,10,2,6,67.0,0.638271,4.065041,4.814932,6.361555,0.267403,0.496061
7797,888,1,1,7,2,2,2,1,1,1,7,1,12,2,8,60.0,0.619794,3.206361,4.28285,18.300566,0.135989,0.456604
3787,331,0,0,5,0,4,0,1,0,0,0,0,10,0,0,80.0,0.101153,0.792184,3.64019,1.902493,0.158268,0.27644
1500,300,2,0,2,0,3,0,1,1,0,0,0,6,1,0,86.0,0.082926,0.666667,6.409539,2.185038,0.401486,0.328127
3015,397,1,0,6,1,1,0,0,0,0,1,0,7,0,1,84.5,0.220678,2.985075,4.276728,1.928218,0.427125,0.239883
11489,792,2,1,11,0,4,0,0,1,2,3,0,15,3,3,59.5,0.922499,7.137262,6.123695,106.037957,0.746331,0.742666
15000,1618,3,3,6,2,4,0,2,2,0,12,2,12,2,14,51.0,0.635463,6.0,6.086539,81.378613,0.400869,0.534355
4828,470,1,3,7,0,3,0,1,1,0,2,0,11,1,2,73.0,0.678611,5.799503,4.742657,3.763245,0.042941,0.434194
1500,300,0,1,5,1,5,0,1,2,0,0,0,11,2,0,74.0,0.050049,2.666667,3.470982,0.003773,0.512632,0.259219
8906,621,1,1,11,1,2,0,2,0,0,0,2,15,0,2,67.0,0.028725,3.256232,3.224221,6.863586,0.80373,0.372496
3139,304,2,0,4,0,3,1,1,0,0,2,0,9,0,2,79.0,0.171016,4.460019,4.225824,4.628689,0.762795,0.385255
3340,381,0,1,5,0,2,1,2,1,0,5,0,10,1,5,70.5,0.024494,0.898204,3.553811,0.799317,0.215826,0.181843
2744,300,0,0,0,0,0,0,2,1,1,0,2,2,2,2,89.0,0.025627,1.457726,2.988636,0.520848,0.317623,0.21462
7330,776,3,3,12,2,6,0,0,1,1,1,1,18,2,2,57.0,0.767404,5.3206,5.312552,20.001719,0.338771,0.530636
16500,1031,4,1,21,1,10,2,3,2,1,7,0,36,3,7,11.5,0.879349,7.393939,4.930445,193.575831,0.983505,0.573089
14259,1132,2,1,14,2,7,1,0,1,0,4,1,22,1,5,46.5,0.596015,5.329967,5.12614,28.059407,0.24316,0.499131
5769,599,2,1,5,0,0,1,0,0,1,0,1,6,1,1,84.5,0.600203,4.160166,5.159566,20.784017,0.143448,0.530537
8855,773,1,1,9,1,5,2,2,0,2,3,0,18,2,3,55.5,0.063283,2.597403,3.249111,6.416803,0.729904,0.340619
10104,2011,4,1,15,2,6,2,1,3,2,3,0,24,5,3,37.5,0.17497,0.989707,2.235004,1.126063,0.203161,0.123943
4778,404,1,1,7,0,1,0,0,1,1,1,0,8,2,1,78.5,0.265834,2.720804,3.835453,4.492504,0.033371,0.313152
6561,927,1,0,3,3,4,0,1,0,0,3,4,8,0,7,73.5,0.465907,4.877305,4.618203,24.373159,0.283021,0.502457
8092,645,0,2,4,2,2,0,2,0,1,1,0,8,1,1,80.5,0.652025,5.190311,4.6871,12.296838,0.133787,0.487485
9810,1142,3,0,3,1,3,0,1,0,0,1,0,7,0,1,84.5,0.613724,8.053007,4.699771,35.910814,0.493958,0.576423
2200,300,0,1,2,1,1,0,0,1,0,1,1,3,1,2,89.0,0.09742,5.454545,5.25209,4.984398,0.484178,0.396302
6895,870,4,4,15,3,4,1,2,0,2,3,0,22,2,3,47.5,0.86974,7.831762,5.816367,199.491356,0.993644,0.651965
11975,1042,2,0,4,3,2,0,1,1,0,1,0,7,1,1,82.5,0.670626,6.597077,5.970502,135.903895,0.624563,0.668598
2800,405,1,2,3,0,6,0,1,0,0,1,0,10,0,1,78.5,0.945622,7.142857,6.939859,71.619896,0.801857,0.773018
9383,1051,1,2,4,2,10,1,4,1,2,5,3,19,3,8,44.0,0.860288,7.140573,4.095113,25.526874,0.104751,0.558188
8126,525,1,0,2,0,2,0,1,2,1,2,1,5,3,3,79.5,0.507799,4.061039,5.395634,60.420548,0.889357,0.543796
8556,1106,2,0,4,0,4,1,3,1,1,6,0,12,2,6,63.0,0.172928,1.98691,3.339876,0.728624,0.443009,0.290077
7829,648,0,2,7,1,2,0,0,1,1,0,0,9,2,0,78.0,0.214912,4.726019,4.150283,22.681482,0.700505,0.543204
8444,1136,0,0,6,0,7,1,3,4,0,2,0,17,4,2,55.0,0.293,4.263382,3.531627,13.957916,0.24923,0.331815
3257,366,1,0,2,2,1,0,0,1,1,2,0,3,2,2,87.0,0.593649,2.456248,4.397795,15.714295,0.403017,0.441427
10346,1518,1,0,8,1,6,3,3,2,1,4,0,20,3,4,48.0,0.509509,4.446163,4.810902,23.658313,0.526216,0.47117
8548,1110,2,1,8,2,6,0,1,0,1,3,1,15,1,4,62.0,0.160203,2.690688,3.703505,14.905876,0.448083,0.453643
9810,613,0,0,0,1,1,0,2,1,0,0,1,3,1,1,90.5,0.842597,7.33945,6.4013,201.018972,0.987309,0.835863
7691,652,1,1,8,1,2,0,1,0,0,6,0,11,0,6,69.0,0.697483,5.981017,5.46622,133.446748,0.854635,0.587714
9499,1194,3,2,9,2,5,3,2,1,1,2,1,19,2,3,53.5,0.077742,2.316033,2.589813,1.776476,0.356431,0.230188
9376,617,3,0,3,0,0,0,0,1,1,1,0,3,2,1,88.5,0.838768,4.586177,6.578266,111.048742,0.770484,0.651332
3876,429,1,0,4,1,2,1,0,0,0,1,0,7,0,1,84.5,0.257865,2.837977,2.898551,1.765409,0.38864,0.356751
9082,1587,1,1,8,2,8,2,6,0,2,1,1,24,2,2,45.0,0.57939,3.413345,4.208836,22.923794,0.55057,0.470156
2877,558,2,0,6,0,4,0,6,0,0,0,0,16,0,0,68.0,0.292924,1.737921,4.24929,0.855403,0.313705,0.239289
5103,432,0,1,2,1,3,0,2,2,0,6,1,7,2,7,71.5,0.051576,1.763668,2.64529,0.114978,0.255043,0.191588
12768,798,0,0,3,0,4,1,0,0,1,3,0,8,1,3,77.5,0.831348,7.753759,6.635007,158.238382,0.98132,0.753221
16500,1140,1,2,7,4,7,0,2,1,1,4,0,16,2,4,58.0,0.636952,4.787879,4.101813,17.877676,0.01441,0.443203
2644,441,2,0,2,1,4,0,2,0,0,0,0,8,0,0,84.0,0.280574,2.269289,2.894705,3.836957,0.606618,0.259072
4518,444,0,1,7,3,1,0,3,0,0,2,1,11,0,3,73.5,0.451456,5.754759,5.810417,14.102969,0.918819,0.46776
18000,1125,2,1,4,2,2,0,0,0,3,2,1,6,3,3,77.5,0.916104,6.0,5.819875,102.671546,0.669915,0.719087
15000,2121,2,2,17,5,12,3,3,1,1,7,2,35,2,9,12.5,0.419213,5.866667,4.267236,35.084355,0.571731,0.429767
2299,300,0,0,1,1,0,0,0,1,0,0,0,1,1,0,96.0,0.190191,0.869943,4.739495,1.571043,0.11891,0.2418
4787,511,0,2,3,1,4,0,0,1,0,1,0,7,1,1,82.5,0.493702,4.386881,4.581977,4.008173,0.703608,0.469505
6728,432,0,0,2,0,0,0,0,0,0,0,0,2,0,0,96.0,0.890819,6.837099,5.436169,168.173759,0.544478,0.730097
11363,1226,4,1,12,3,8,0,2,3,1,7,2,22,4,9,34.5,0.196806,3.520197,3.407206,19.005547,0.67319,0.415931
4210,592,2,0,6,1,1,0,2,0,0,2,1,9,0,3,77.5,0.137961,4.513064,2.421932,2.78054,0.579754,0.340381
6479,537,1,1,2,1,5,1,1,0,1,3,1,9,1,4,74.0,0.343488,3.395586,2.786667,4.658758,0.007181,0.316413
10306,972,0,1,2,2,5,0,0,1,0,3,0,7,1,3,79.5,0.847065,5.821851,5.726949,81.58556,0.586831,0.717931
15000,1208,5,3,11,3,8,2,3,3,1,7,2,24,4,9,30.5,0.268885,3.866667,4.621103,50.411138,0.968464,0.403388
8957,1357,0,1,8,2,7,0,1,1,0,1,2,16,1,3,61.5,0.434954,2.45618,4.869296,24.696964,0.426681,0.458095
6758,509,2,1,4,0,4,0,1,0,0,2,2,9,0,4,76.0,0.594467,5.918911,4.765481,51.789459,0.923738,0.680332
7921,953,1,0,4,2,7,0,4,2,0,6,2,15,2,8,54.0,0.12692,1.767454,3.562546,3.035049,0.166385,0.231544
4177,689,1,1,13,2,8,0,2,1,0,1,0,23,1,1,50.5,0.814963,9.576251,6.413308,130.560236,0.994478,0.732919
8076,751,2,2,4,1,4,1,4,2,1,2,0,13,3,2,65.0,0.097105,1.857355,2.908845,3.083026,0.241503,0.20678
3699,400,0,0,3,1,3,1,2,2,0,0,1,9,2,1,76.5,0.149372,3.784807,3.263743,6.412197,0.696178,0.280743
6182,409,1,0,4,0,0,1,1,0,0,1,0,6,0,1,86.5,0.814252,6.470398,5.228657,23.84455,0.52183,0.669669
9086,756,2,0,12,0,2,2,2,0,3,2,3,18,3,5,50.5,0.528242,4.732556,5.341605,43.234876,0.899759,0.493132
11848,819,4,0,8,3,8,3,2,0,0,3,1,21,0,4,52.0,0.588452,6.24578,5.159929,50.423374,0.966076,0.570852
6160,602,1,1,8,0,3,0,0,0,0,5,1,11,0,6,69.0,0.711424,6.331169,4.33032,7.676838,0.074895,0.541144
4500,300,0,1,0,1,1,1,0,0,0,2,0,2,0,2,93.0,0.935297,4.444444,6.271395,37.484399,0.792142,0.719972
1500,300,0,1,3,1,2,0,1,0,0,3,0,6,0,3,83.5,0.214658,1.333333,3.294415,0.028518,0.747404,0.334414
9602,797,2,2,7,1,5,1,2,4,3,4,3,15,7,7,45.5,0.214337,1.874609,3.933208,1.754646,0.797955,0.206342
4580,706,0,0,4,0,5,1,1,0,0,4,1,11,0,5,70.5,0.256229,2.183406,4.62611,4.315358,0.386154,0.364173
4763,655,0,2,8,0,2,0,2,1,0,6,1,12,1,7,63.5,0.043135,0.209952,5.07626,0.058483,0.169883,0.216916
7901,814,2,2,9,0,2,2,4,2,1,6,1,17,3,7,49.5,0.225627,2.02506,2.602117,5.437123,0.122852,0.259009
10948,842,2,1,8,0,1,0,2,0,0,6,0,11,0,6,69.0,0.527511,5.571794,4.419343,18.712837,0.159182,0.427017
4500,374,0,1,4,1,0,1,1,0,0,0,0,6,0,0,88.0,0.607171,3.777778,5.514054,8.524685,0.656698,0.678638
1500,300,2,1,0,0,5,0,4,0,1,0,0,9,1,0,80.0,0.038999,1.333333,2.44616,0.108146,0.287921,0.203784
16428,1470,2,0,7,4,10,0,5,2,1,3,2,22,3,5,42.5,0.599435,4.017531,4.372142,46.827928,0.71003,0.552114
4711,731,3,0,7,1,13,2,2,2,3,8,4,24,5,12,24.0,0.406993,2.971768,3.07607,2.175466,0.43448,0.161626
4102,467,0,1,1,2,2,1,1,1,0,4,0,5,1,4,82.0,0.568195,5.363237,4.410072,3.033952,0.409764,0.490384
6907,1012,3,1,17,1,13,0,4,0,1,5,1,34,1,6,21.0,0.743778,5.936007,5.505524,77.359683,0.89141,0.676059
9159,1153,4,1,8,0,8,1,2,0,1,8,1,19,1,9,46.5,0.561266,4.9132,3.521918,7.519306,0.513095,0.427118
15241,1309,3,1,5,3,8,1,4,1,1,2,1,18,2,3,55.5,0.988002,6.889312,6.588089,75.260299,0.639938,0.666173
6211,471,1,0,3,0,5,1,1,0,0,0,3,10,0,3,75.5,0.711191,3.542103,4.278483,12.275277,0.054242,0.452657
3640,325,0,0,1,0,6,1,1,1,0,1,0,9,1,1,78.5,0.460325,5.21978,5.379478,21.415512,0.85734,0.492715
14459,1563,4,1,6,1,9,0,1,4,1,4,2,16,5,6,49.0,0.679147,4.287987,5.652154,43.691365,0.386705,0.510263
8167,741,1,2,2,2,5,2,0,1,0,5,1,9,1,6,71.0,0.115563,2.693768,3.215873,1.730838,0.480737,0.271432
5639,758,0,0,3,0,6,2,1,3,0,3,1,12,3,4,64.0,0.509438,3.724065,4.571484,11.786945,0.613024,0.43348
5307,449,2,0,2,0,1,0,0,0,0,1,3,3,0,4,88.0,0.879802,6.218202,5.738973,61.185113,0.606929,0.735492
10842,1561,4,1,8,5,16,3,6,0,5,3,2,33,5,5,16.5,0.073063,0.922339,3.403715,0.540045,0.157227,0.151824
5670,400,0,0,1,1,2,0,0,0,1,0,1,3,1,1,90.5,0.979191,8.289242,7.023967,232.216256,0.478502,0.826667
4061,416,0,0,3,0,1,0,1,1,1,1,0,5,2,1,84.5,0.126589,1.969958,2.4555,0.406148,0.415346,0.185598
7734,806,2,0,1,2,3,0,0,0,0,1,0,4,0,1,90.5,0.93527,6.594259,7.571923,32.683446,0.512274,0.728514
3315,573,1,2,11,2,9,1,0,1,0,0,0,21,1,0,56.0,0.93029,11.161388,6.086951,36.547974,0.74864,0.78367
11402,1125,3,3,6,1,3,2,1,2,0,5,0,12,2,5,64.5,0.410237,3.420453,4.417999,20.901526,0.39095,0.471743
4769,606,0,1,5,1,6,0,3,0,0,2,0,14,0,2,69.0,0.374413,7.339065,4.756307,10.478762,0.580851,0.48223
5186,635,2,0,11,0,10,1,2,0,0,4,0,24,0,4,46.0,0.906721,7.520247,7.482435,50.603116,0.738262,0.713639
2246,300,1,1,6,0,1,0,2,0,2,1,0,9,2,1,76.5,0.182462,2.671416,2.922701,3.481021,0.65612,0.321129
3200,353,1,0,1,0,0,0,2,0,1,2,1,3,1,3,87.5,0.782137,5.0,6.410614,20.445248,0.357524,0.584583
4910,358,1,1,3,0,0,1,1,0,0,0,0,5,0,0,90.0,0.90035,9.368635,6.836289,71.526124,0.919078,0.852592
7479,914,1,0,5,2,5,1,1,1,0,3,0,12,1,3,69.5,0.503099,2.94157,3.576803,14.326372,0.563173,0.47741
5040,535,0,0,7,0,4,0,1,2,2,1,2,12,4,3,63.5,0.671775,6.349206,4.763131,25.593536,0.087342,0.551096
9463,785,2,0,8,1,1,0,1,1,1,3,3,10,2,6,67.0,0.761447,5.072387,5.334745,30.308486,0.283905,0.473868
8824,590,1,1,8,1,2,2,0,2,0,2,0,12,2,2,69.0,0.514297,4.306437,6.06232,49.035624,0.89472,0.534264
7253,702,0,0,5,1,3,0,2,1,0,0,0,10,1,0,78.0,0.699671,6.893699,4.854051,33.598106,0.38853,0.619999
4316,501,1,0,1,0,2,0,0,0,0,0,1,3,0,1,92.5,0.841328,6.024096,4.835243,14.754048,0.334789,0.623029
9417,815,1,1,13,1,3,3,3,1,0,0,1,22,1,1,52.5,0.682631,5.73431,5.976816,60.537013,0.81573,0.598706
11634,1742,1,1,15,1,3,1,4,2,2,5,1,23,4,6,37.0,0.506745,3.352243,3.861989,7.706799,0.212838,0.423421
4500,301,0,1,0,0,1,0,0,0,0,1,0,1,0,1,96.5,0.744975,5.333333,5.809404,34.939598,0.812685,0.711646
3513,438,4,0,7,1,2,2,3,1,1,1,1,14,2,2,65.0,0.0,1.138628,3.332069,2.323536,0.68335,0.25028
3443,300,0,0,6,0,3,0,3,1,0,1,0,12,1,1,72.5,0.152276,1.161778,4.222042,1.185147,0.064024,0.220308
4540,526,1,3,7,1,3,0,0,0,1,2,0,10,1,2,75.0,0.077024,1.982379,2.016815,2.715013,0.344524,0.251501
6850,509,2,2,4,4,5,1,1,0,0,2,0,11,0,2,75.0,0.559153,5.547445,5.381247,36.287611,0.996957,0.582276
10586,969,1,1,2,1,1,0,1,0,0,3,0,4,0,3,87.5,0.890211,6.140185,5.294785,105.187179,0.378274,0.703844
4938,548,1,0,4,0,0,0,0,0,1,3,0,4,1,3,85.5,0.521776,4.050223,4.312378,31.301945,0.414815,0.520926
16500,1906,2,3,9,1,5,1,1,1,1,2,0,16,2,2,61.0,0.621763,6.787879,4.993992,42.852657,0.529075,0.634761
6273,1134,1,2,6,2,6,1,2,1,2,5,1,15,3,6,55.0,0.203994,2.550614,3.074641,3.995487,0.381364,0.24165
6983,436,1,0,4,1,2,0,0,0,0,0,0,6,0,0,88.0,1.0,8.735501,7.483424,266.614367,0.986356,0.843833
7298,668,1,1,2,0,1,0,0,0,0,1,1,3,0,2,91.0,0.875972,7.536311,6.03418,32.053733,0.38825,0.723766
2008,303,0,0,1,0,3,0,0,0,1,1,0,4,1,1,88.5,0.060556,3.486056,2.948191,6e-05,0.546246,0.2775
8723,932,0,1,8,0,5,3,1,1,1,1,1,17,2,2,59.0,0.813586,3.897742,5.230039,5.685808,0.383867,0.504951
1500,300,0,0,6,0,3,0,2,1,0,0,0,11,1,0,76.0,0.051841,0.666667,2.866422,0.0,0.268765,0.226116
9265,579,0,2,7,0,0,0,0,0,0,1,0,7,0,1,84.5,1.0,8.526713,7.048449,70.231975,0.604931,0.81932
1925,300,1,0,3,0,4,0,2,0,0,0,1,9,0,1,80.5,0.222155,5.194805,3.308281,0.485765,0.344305,0.363188
18000,1210,4,0,7,2,6,3,0,1,0,2,0,16,1,2,63.0,0.846098,7.333333,6.881719,591.490347,0.972998,0.738238
3976,363,2,0,5,0,1,3,1,1,1,1,0,10,2,1,74.5,0.08924,1.006036,1.0,0.0,0.001693,0.229049
10115,762,2,2,4,2,3,1,1,1,1,5,2,9,2,7,67.5,0.654477,3.954523,4.828073,2.877889,0.027389,0.441039
6868,534,1,0,3,1,1,0,1,1,1,1,0,5,2,1,84.5,0.862571,7.134537,5.650901,17.677464,0.515106,0.665625
13000,1769,1,2,11,2,6,0,6,0,2,0,1,23,2,1,48.5,0.108981,2.230769,2.789889,8.196021,0.276936,0.24854
11771,1178,0,1,4,3,9,0,3,1,1,3,2,16,2,5,56.5,0.560978,4.757455,4.397667,13.533682,0.156545,0.409143
16500,2138,2,2,9,1,5,3,3,1,0,3,0,20,1,3,53.5,0.747227,7.151515,5.967239,48.954385,0.565542,0.605621
10587,1199,1,6,6,0,1,0,3,0,1,4,1,10,1,5,70.5,0.688054,5.478417,4.962426,26.334561,0.324371,0.579992
8410,824,2,0,5,0,4,1,1,1,0,2,0,11,1,2,73.0,1.0,6.302021,5.546343,45.626474,0.528606,0.672968
3139,458,0,3,3,0,4,1,1,0,0,0,0,9,0,0,82.0,0.160793,2.867155,3.91348,0.011848,0.525689,0.258716
2800,431,0,1,3,1,6,1,0,0,0,0,0,10,0,0,80.0,0.922882,5.714286,6.997875,73.78186,0.673574,0.653318
13000,1145,3,2,8,1,13,0,1,1,0,5,1,22,1,6,45.0,0.278121,3.076923,3.405736,7.157052,0.261558,0.281942
3432,364,0,0,1,0,3,0,0,0,0,1,0,4,0,1,90.5,0.547513,5.244755,5.009341,4.004675,0.700493,0.528059
5894,701,1,0,3,0,0,0,1,0,0,1,0,4,0,1,90.5,0.888734,4.58093,5.152482,22.991561,0.226525,0.601217
10238,915,0,1,3,0,8,0,0,1,1,2,1,11,2,3,69.5,0.604033,3.711662,5.057102,39.175533,0.043153,0.444794
5214,473,2,3,4,1,3,0,1,0,0,1,0,8,0,1,82.5,0.070488,1.534331,2.960866,3.1e-05,0.044148,0.22327
3762,300,0,1,2,1,4,0,1,0,1,0,0,7,1,0,84.0,0.695636,5.050505,4.43143,11.283547,0.019502,0.469518
9013,1164,1,1,8,1,9,0,1,0,2,4,0,18,2,4,54.0,0.359807,3.88328,4.49599,13.746079,0.558324,0.439474
7940,819,0,0,4,0,2,1,0,0,0,1,1,7,0,2,83.0,0.945726,5.289673,5.413815,160.813309,0.378953,0.628805
9216,1302,0,4,3,2,6,1,1,0,1,5,2,11,1,7,65.5,0.430484,5.208333,4.324748,20.437158,0.483288,0.463353
9099,1056,2,1,7,1,0,1,3,0,1,1,0,11,1,1,74.5,0.483831,5.605012,5.039451,15.66746,0.344228,0.52237
11000,1661,4,3,10,3,7,1,4,2,0,3,2,22,2,5,44.5,0.132904,3.272727,2.929337,8.07739,0.478078,0.335241
5397,616,0,2,7,2,1,1,2,3,0,4,0,11,3,4,66.0,0.349601,2.223457,3.020864,3.050802,0.146813,0.265129
8378,1040,4,1,5,2,7,0,0,1,0,3,0,12,1,3,69.5,0.424881,3.461447,4.613439,6.035396,0.597103,0.398615
7158,590,1,0,3,0,5,1,2,0,1,2,1,11,1,3,71.5,0.630569,3.492596,3.674372,22.578326,0.1593,0.461887
6663,864,3,1,11,0,7,0,1,1,2,4,0,19,3,4,50.0,0.98032,10.055531,5.444035,58.354365,0.61116,0.708464
7011,729,2,4,4,4,2,2,3,0,0,2,0,11,0,2,75.0,0.024665,2.567394,3.230197,2.883917,0.417355,0.278935
2600,300,2,0,2,0,1,0,0,0,0,0,0,3,0,0,94.0,0.453506,2.692308,4.205929,0.507081,0.098506,0.404262
8086,827,2,2,3,0,2,1,4,0,0,1,1,10,0,2,77.0,0.124373,1.113035,3.798335,0.505777,0.019064,0.186133
9806,688,1,0,2,1,4,1,0,3,0,1,1,7,3,2,77.0,0.310746,5.506833,4.419036,30.772995,0.897079,0.428428
4018,478,0,2,3,1,1,1,1,0,0,4,0,6,0,4,82.0,0.648111,4.728721,3.868922,6.232953,0.213638,0.434976
18000,1190,0,1,9,1,4,0,3,2,0,2,0,16,2,2,61.0,0.757464,6.333333,6.836603,92.881179,0.787814,0.656698
12939,1089,1,2,4,0,2,0,2,1,0,1,0,8,1,1,80.5,0.518295,4.328001,3.114631,16.318162,0.067199,0.400548
7519,736,1,0,4,1,2,0,1,1,3,2,0,7,4,2,75.0,0.761798,4.920867,4.786822,22.331341,0.456305,0.569675
14000,2067,6,3,30,4,18,2,3,3,1,4,1,53,4,5,0.0,0.978406,9.571429,5.982126,396.157866,0.759536,0.68452
16828,1051,0,2,6,0,2,0,1,0,0,2,0,9,0,2,79.0,0.88626,5.823627,5.919377,69.489237,0.600846,0.698347
14586,1065,1,2,4,1,5,1,2,2,0,5,2,12,2,7,61.5,0.79389,4.524887,6.061053,129.70504,0.821815,0.696
6034,916,2,1,7,2,2,0,0,0,1,6,0,9,1,6,71.0,0.686837,4.971826,4.32159,13.814768,0.238079,0.52411
6841,884,1,2,5,2,2,1,0,1,0,4,1,8,1,5,74.5,0.149148,2.631194,3.728967,1.08896,0.307153,0.244729
2802,300,1,0,5,0,1,1,3,0,2,0,0,10,2,0,76.0,0.28189,1.78444,3.186346,4.121969,0.571354,0.304333
5736,639,0,1,5,2,4,2,0,1,0,1,0,11,1,1,74.5,0.757817,5.753138,5.18496,46.214436,0.387593,0.577202
5084,550,1,0,3,0,4,0,1,1,0,2,2,8,1,4,76.0,0.189211,3.93391,3.977171,7.620507,0.470088,0.36129
9140,572,0,1,4,1,2,0,1,1,0,1,0,7,1,1,82.5,0.730955,6.564551,5.570744,39.197372,0.716041,0.651544
15000,1186,5,0,13,3,7,2,1,1,2,2,0,23,3,2,45.0,0.251114,4.066667,3.467951,39.180385,0.967211,0.455778
2455,300,1,0,2,0,2,1,0,1,0,1,0,5,1,1,86.5,0.136134,1.629328,3.804468,1.993761,0.742485,0.274693
5106,535,1,1,2,1,1,0,0,0,0,2,0,3,0,2,91.0,0.507621,4.112808,4.135609,0.660945,0.574869,0.463106
8564,692,1,0,5,1,4,1,1,0,1,3,0,11,1,3,71.5,0.848733,5.48809,4.868894,44.601937,0.514232,0.669782
4463,434,1,0,3,1,3,0,1,0,0,2,2,7,0,4,80.0,0.564127,5.153484,3.69258,8.51564,0.164704,0.500397
2459,364,0,2,7,1,1,1,3,1,2,0,1,12,3,1,68.5,0.265095,2.846686,3.174584,0.180285,0.679425,0.293657
4852,309,1,1,4,2,6,0,0,0,0,1,0,10,0,1,78.5,0.877055,8.244023,5.65687,124.868622,0.923856,0.718623
3200,436,0,0,2,1,0,1,0,0,1,0,1,3,1,1,90.5,0.370969,5.3125,4.142346,8.270399,0.246956,0.463069
6206,644,1,1,5,2,6,2,3,0,2,3,0,16,2,3,59.5,0.094275,1.127941,2.968194,0.925072,0.149482,0.195214
13883,1763,3,2,6,1,7,2,2,1,1,3,0,17,2,3,57.5,0.699138,5.618382,4.488853,31.086752,0.377246,0.570731
13130,820,0,0,3,1,2,2,0,1,0,4,0,7,1,4,78.0,0.765971,4.874334,5.710016,90.832204,0.902153,0.658175
15263,1772,4,2,7,1,10,0,3,2,1,2,1,20,3,3,49.5,0.663773,3.210378,5.324453,26.240957,0.623625,0.598719
4671,578,1,0,2,0,3,1,2,1,0,1,0,8,1,1,80.5,0.28164,3.639478,3.256016,1.063682,0.639903,0.354365
14739,1673,3,2,7,0,6,1,2,2,2,1,0,16,4,1,58.5,0.657714,3.053124,5.324978,13.945137,0.23826,0.504775
9770,1009,2,1,5,3,0,2,2,0,0,3,2,9,0,5,74.5,0.699101,3.991812,5.704059,25.328329,0.256819,0.51109
16152,1773,4,1,5,3,11,1,4,3,1,1,0,21,4,1,48.5,0.774571,5.138683,4.826839,64.266297,0.331957,0.606393
7726,488,0,1,1,1,0,0,0,0,0,0,0,1,0,0,98.0,0.866919,7.377686,5.636952,66.655855,0.704213,0.732956
7945,976,3,1,3,2,2,2,1,2,1,4,0,8,3,4,72.0,0.125586,0.629327,4.735222,0.610944,0.24477,0.231948
11726,1118,1,2,5,1,4,3,2,1,1,3,1,14,2,4,62.0,0.696083,5.372676,5.052892,50.891819,0.702371,0.56049
15511,1682,2,2,8,2,3,2,3,6,2,4,0,16,8,4,46.0,0.701426,3.739282,4.494279,46.198625,0.238865,0.509812
5942,572,2,0,4,1,5,0,3,2,1,3,0,12,3,3,65.5,0.170906,1.009761,2.282492,0.034757,0.091934,0.199059
3573,347,1,1,9,0,5,0,2,0,0,2,1,16,0,3,63.5,0.424058,3.638399,5.647032,22.573168,0.944543,0.44774
5784,741,3,0,2,0,2,2,0,1,1,0,0,6,2,0,84.0,0.587451,3.457815,3.949716,0.88818,0.386171,0.436526
9331,682,4,2,7,0,2,2,1,0,0,4,0,12,0,4,70.0,0.811722,6.10867,6.332685,206.66249,0.805624,0.659914
8416,884,2,0,11,2,3,1,3,0,1,3,0,18,1,3,57.5,0.601957,4.158745,4.912253,12.33456,0.196719,0.441533
6812,761,4,0,4,0,2,0,0,0,1,2,1,6,1,3,81.5,0.76406,3.669994,5.325098,14.865871,0.228291,0.478671
7716,508,1,1,3,0,2,1,1,0,0,3,0,7,0,3,81.5,0.472461,7.128046,5.214793,50.034714,0.888753,0.62302
18000,1207,2,4,6,1,4,0,1,1,0,3,0,11,1,3,71.5,1.0,7.166667,5.752771,112.524455,0.814303,0.70531
2216,316,2,0,3,2,1,0,0,0,1,1,1,4,1,2,87.0,0.342949,1.353791,4.565424,0.614428,0.384152,0.360958
9502,662,3,1,8,1,3,0,3,0,2,4,1,14,2,5,60.5,0.677854,5.683014,5.959756,87.454433,0.907,0.621396
5965,563,0,1,5,2,2,1,2,0,0,0,0,10,0,0,80.0,0.371477,4.02347,3.626318,7.90001,0.565113,0.380649
7971,1081,3,6,16,2,13,1,2,3,3,5,2,32,6,7,13.5,0.10652,2.88546,3.126977,0.642717,0.750937,0.218958
8371,1117,2,0,26,2,15,1,6,2,1,8,2,48,3,10,0.0,0.80807,8.720583,5.748059,289.158203,0.916361,0.670583
8780,1321,1,1,10,1,6,0,2,2,2,1,4,18,4,5,48.5,0.082511,1.138952,2.181012,2.131943,0.279414,0.156546
9676,974,0,1,1,0,4,0,1,1,0,0,0,6,1,0,86.0,0.966954,8.991319,6.483089,287.836205,0.53938,0.800799
9229,973,0,1,3,0,2,1,1,0,0,1,0,7,0,1,84.5,0.886486,6.06783,6.572334,49.984282,0.519152,0.76998
11661,1006,2,3,13,4,7,0,3,2,2,1,0,23,4,1,44.5,0.128443,1.972387,3.129544,14.730326,0.255546,0.217513
3532,404,0,0,1,0,3,0,0,0,0,1,0,4,0,1,90.5,0.245513,6.511891,4.400113,12.093618,0.676271,0.441196
15098,1302,5,5,7,1,7,2,1,2,0,3,2,17,2,5,54.5,0.363575,3.907802,3.702457,16.034788,0.124309,0.450398
6388,415,0,0,1,1,1,1,1,2,0,0,0,4,2,0,88.0,0.993665,7.357545,7.10092,146.684697,0.995135,0.812446
7130,1212,1,1,7,3,5,0,2,0,0,5,0,14,0,5,64.5,0.477032,3.927069,4.330448,6.256573,0.4883,0.453638
12900,944,4,1,8,3,1,0,0,4,1,1,0,9,5,1,70.5,0.982993,10.930233,6.259446,229.213074,0.933319,0.838002
4500,300,0,0,3,0,2,0,0,0,1,0,0,5,1,0,88.0,0.719676,6.222222,5.82925,40.493804,0.94075,0.718753
11088,717,1,0,1,0,5,1,0,0,1,3,1,7,1,4,78.0,0.897451,5.050505,6.668692,100.235508,0.991672,0.730394
11847,1251,1,2,6,0,5,0,2,1,0,2,0,13,1,2,69.0,0.498442,4.726935,4.390022,23.264208,0.539563,0.549837
3837,348,1,1,7,0,4,0,0,1,0,1,0,11,1,1,74.5,0.051907,1.303101,3.463236,0.259109,0.55383,0.230313
10649,769,1,0,3,0,3,0,1,0,2,2,0,7,2,2,79.0,0.972637,10.235703,6.359192,88.383598,0.774276,0.862045
7635,921,0,1,6,0,4,5,3,2,1,4,0,18,3,4,52.0,0.77705,5.500982,4.91786,30.210322,0.40353,0.520621
3575,457,0,0,1,0,1,0,0,0,1,1,1,2,1,2,91.0,0.714806,5.874126,5.860818,3.621831,0.250235,0.529527
11000,1256,3,1,11,4,8,2,5,0,3,10,1,26,3,11,25.5,0.098763,1.454545,2.736619,3.962239,0.064385,0.151255
4105,483,0,2,9,1,5,0,2,1,2,2,0,16,3,2,59.0,0.145991,2.679659,2.629047,0.63835,0.736231,0.268871
4692,519,1,3,4,0,2,0,1,0,1,0,2,7,1,2,81.0,0.283769,5.541347,4.722258,6.381952,0.474922,0.426764
11012,744,2,0,5,3,3,0,3,0,0,3,0,11,0,3,73.5,0.373389,3.904831,4.24506,66.363546,0.886087,0.433223
8498,880,1,1,6,2,6,1,2,0,1,1,0,15,1,1,66.5,0.613014,5.413038,3.696837,16.971647,0.67104,0.529453
5948,610,1,1,5,1,3,0,0,0,1,1,0,8,1,1,80.5,0.668838,4.875588,4.659074,29.971035,0.174497,0.507894
2674,300,0,0,5,1,0,0,0,0,0,1,1,5,0,2,87.0,0.732193,5.609574,6.349582,34.68436,0.719415,0.553507
5661,665,3,1,8,1,2,1,2,1,2,1,1,13,3,2,65.0,0.351904,1.589825,3.428076,1.101703,0.485304,0.271324
13687,855,2,1,4,0,2,1,0,0,0,1,1,7,0,2,83.0,0.622643,6.867831,4.604388,91.590837,0.855066,0.656729
2630,419,1,3,3,0,4,1,0,1,0,2,0,8,1,2,79.0,0.071199,1.140684,3.085454,0.539711,0.099019,0.194868
4710,319,2,0,3,0,0,0,0,0,0,1,1,3,0,2,91.0,1.0,6.581741,6.864893,22.045335,0.63701,0.76614
4500,300,0,1,0,2,0,0,1,0,0,0,0,1,0,0,98.0,0.819796,8.888889,6.798943,191.889202,0.829976,0.793435
11724,1319,2,3,4,0,4,0,1,2,1,3,0,9,3,3,71.5,0.768646,4.094166,5.426001,31.084389,0.251244,0.56205
9071,846,1,3,6,2,4,2,3,2,0,2,1,15,2,3,61.5,0.669349,5.181347,5.700277,28.644615,0.677473,0.565677
10081,937,1,3,7,1,5,0,4,0,1,3,0,16,1,3,61.5,0.819861,4.26545,4.182936,21.006271,0.061944,0.552766
3106,485,1,0,3,0,1,0,0,0,0,2,0,4,0,2,89.0,0.1199,1.609788,1.906813,0.263116,0.589896,0.224237
3099,375,0,0,4,1,3,1,0,1,3,4,0,8,4,4,70.0,0.330291,4.840271,3.435616,5.504729,0.246752,0.345268
5263,436,1,1,4,1,1,0,0,0,0,4,0,5,0,4,84.0,0.530025,3.230097,4.044895,20.016668,0.048355,0.435048
11911,953,2,5,4,2,3,0,1,0,0,1,1,8,0,2,81.0,0.793303,9.738897,6.018886,165.644756,0.697068,0.801119
5867,628,2,2,6,2,7,1,0,1,0,0,0,14,1,0,70.0,0.124767,2.045338,2.848231,6.967866,0.187369,0.226044
4957,801,0,0,8,1,5,0,3,1,1,4,1,16,2,5,56.5,0.077889,1.008675,3.597072,0.22031,0.305317,0.166251
6438,847,2,0,10,1,3,1,2,1,0,1,0,16,1,1,64.5,0.610758,4.349177,5.443779,16.049616,0.584597,0.573253
13876,2312,3,0,10,2,13,3,6,4,4,5,1,32,8,6,11.0,0.803523,4.107812,5.468664,42.077455,0.357135,0.496644
8216,903,1,2,6,1,5,2,1,1,0,3,1,14,1,4,64.0,0.539796,3.286271,4.658384,11.768737,0.330615,0.435103
7238,946,2,0,6,3,5,1,1,1,1,1,0,13,2,1,68.5,0.400116,5.111909,3.878736,9.22322,0.680929,0.459602
8912,609,0,0,6,0,0,0,1,0,0,0,0,7,0,0,86.0,0.835023,5.610413,5.345633,42.081172,0.715118,0.671172
5971,993,2,1,9,3,5,1,1,3,0,7,1,16,3,8,50.0,0.290144,2.344666,4.059843,1.203529,0.586509,0.277104
12984,1459,2,3,23,3,14,2,7,1,3,7,3,46,4,10,0.0,0.251902,3.080715,4.15573,10.566021,0.752151,0.373986
5007,720,3,1,14,4,8,3,0,0,1,5,0,25,1,5,40.5,0.920855,8.987418,6.014121,199.033671,0.960018,0.771545
2800,469,0,0,12,0,3,0,3,0,0,3,0,18,0,3,59.5,0.878814,9.642857,6.379871,64.837512,0.788721,0.669062
10135,950,3,0,11,1,7,0,3,1,0,3,3,21,1,6,47.0,0.764434,4.637395,4.743805,42.403391,0.15864,0.521589
4187,766,0,1,11,1,5,0,0,0,0,2,1,16,0,3,63.5,0.961708,6.448531,5.708511,24.455655,0.596108,0.705631
10388,762,2,2,3,1,6,1,3,2,0,2,1,13,2,3,65.5,0.354103,3.754332,3.762687,10.201849,0.744572,0.517613
9403,1014,0,2,7,1,10,4,4,1,2,2,0,25,3,2,41.0,0.146868,0.850792,2.622625,2.470165,0.12007,0.137817
2800,360,1,0,6,1,4,0,0,0,0,0,1,10,0,1,78.5,0.976085,8.571429,6.296571,92.788707,0.983263,0.803621
8791,943,3,2,11,0,3,1,1,0,0,3,1,16,0,4,62.0,0.251189,4.20885,3.819261,12.778775,0.315469,0.378514
6556,666,0,2,2,1,2,0,1,0,0,3,0,5,0,3,85.5,0.906592,6.101281,6.068694,50.097125,0.356206,0.726752
6571,538,0,1,2,3,4,0,1,1,0,0,0,7,1,0,84.0,0.987185,9.13103,6.031686,103.22231,0.642742,0.742251
4079,582,1,0,8,0,7,1,2,1,0,1,2,18,1,3,57.5,0.967801,7.599902,6.289179,117.83739,0.682756,0.709496
7380,676,1,0,7,1,4,2,1,1,1,5,0,14,2,5,60.5,0.002631,2.439024,4.115664,0.574012,0.123884,0.227011
5574,354,3,0,0,3,0,0,0,1,0,0,0,0,1,0,98.0,0.777674,6.458558,5.482843,122.278127,0.804723,0.704666
9077,705,3,1,8,2,8,2,1,1,1,2,0,19,2,2,55.0,0.679848,4.957585,5.373664,60.807022,0.952975,0.597631
4336,650,0,2,4,0,1,2,3,1,1,0,2,10,2,2,73.0,0.142814,2.306273,3.096613,2.138419,0.536584,0.325281
16500,1830,0,2,7,2,2,1,3,3,4,2,1,13,7,3,55.5,0.344349,3.818182,4.041895,38.712036,0.45272,0.522836
8909,577,0,1,6,1,1,0,0,0,0,0,0,7,0,0,86.0,0.990078,6.847009,7.012988,157.957913,0.949638,0.819609
11458,724,1,2,5,1,5,0,0,0,1,2,0,10,1,2,75.0,0.98313,5.498342,6.637259,221.563389,0.871304,0.72156
7043,696,1,1,6,2,3,2,1,0,2,4,0,12,2,4,66.0,0.051608,2.981684,3.590854,10.061222,0.783727,0.309351
5106,319,2,1,2,0,1,1,0,0,1,3,1,4,1,4,84.0,0.844304,8.421465,6.93925,30.602794,0.89135,0.701277
6195,848,2,3,4,0,3,0,2,0,0,5,0,9,0,5,74.5,0.324893,0.807103,3.772193,2.857138,0.324988,0.270127
5023,334,0,1,1,0,0,0,0,0,0,1,0,1,0,1,96.5,0.96741,9.954211,6.817738,138.695869,0.759343,0.873314
5742,499,2,1,6,0,0,2,2,0,1,2,0,10,1,2,75.0,0.644548,6.792059,5.48498,39.466366,0.917523,0.62951
8985,1297,2,5,12,0,10,1,4,2,1,3,0,27,3,3,35.5,0.165735,1.669449,3.541828,0.880384,0.097132,0.214434
4211,649,3,2,5,2,4,1,2,2,0,4,0,12,2,4,66.0,0.185175,2.849679,2.715641,3.907819,0.338286,0.296527
5618,1034,0,2,6,2,3,1,3,1,2,1,0,13,3,1,66.5,0.042546,3.203987,3.468491,10.986679,0.577673,0.270358
15000,2063,8,2,17,2,10,2,2,3,1,3,1,31,4,4,24.0,0.617486,5.133333,5.227269,26.520386,0.576733,0.571172
7026,484,0,0,2,1,0,0,0,0,0,2,1,2,0,3,91.5,0.769579,3.985198,6.576779,26.598413,0.95618,0.665914
3529,493,0,0,3,1,6,0,2,0,1,4,0,11,1,4,70.0,0.791678,7.08416,5.835941,30.51957,0.6688,0.718111
8104,603,4,1,5,2,2,1,1,0,2,7,2,9,2,9,64.5,0.639276,4.812438,4.511401,69.172399,0.777843,0.531917
2800,375,1,0,10,0,4,1,1,0,0,0,0,16,0,0,68.0,0.786426,7.857143,5.517154,72.596664,0.879264,0.7622
13355,1261,1,3,8,3,8,2,2,0,1,7,2,20,1,9,44.5,0.385786,3.14489,4.198397,17.772692,0.700082,0.44113
10814,750,3,0,6,0,2,0,0,0,1,0,0,8,1,0,82.0,1.0,7.120399,6.14422,75.277273,0.718998,0.745915
8157,1122,1,2,14,2,3,2,1,2,0,4,1,20,2,5,48.5,0.877628,6.129705,5.045723,32.053447,0.173209,0.530876
17593,1099,4,1,3,0,3,1,0,0,1,5,3,7,1,8,72.0,0.885456,6.707213,5.224276,115.602919,0.562496,0.775354
2800,460,0,2,10,1,6,0,1,0,0,1,0,17,0,1,64.5,0.752391,7.142857,5.397668,81.690008,0.854484,0.659535
2600,300,0,0,5,0,2,0,0,0,0,2,1,7,0,3,81.5,0.559087,4.230769,3.650556,3.230217,0.130278,0.444179
2200,327,0,0,4,0,2,0,2,0,0,2,0,8,0,2,81.0,0.283907,2.272727,3.197333,0.051453,0.310449,0.254614
6689,758,2,5,8,0,7,1,1,0,0,1,1,17,0,2,63.0,0.240985,2.092988,3.494102,2.624106,0.250551,0.176763
9034,632,0,2,4,0,5,0,2,1,0,3,1,11,1,4,70.0,0.552228,5.534647,4.798933,67.124372,0.797376,0.479963
6595,634,1,0,12,2,2,0,3,0,2,5,3,17,2,8,50.0,0.145759,1.66793,2.242226,1.160773,0.165835,0.176678
4021,551,2,1,5,2,3,2,0,0,1,1,0,10,1,1,76.5,0.156745,2.984332,2.95161,0.026038,0.310464,0.257606
9620,818,0,1,3,1,3,0,0,2,2,5,1,6,4,6,71.0,0.413873,4.469854,4.056336,14.36472,0.813872,0.401467
8830,595,3,0,3,2,2,0,3,1,0,0,1,8,1,1,80.5,0.983152,8.04077,6.332915,113.205081,0.711149,0.782672
3516,339,0,1,5,0,2,0,1,2,1,2,2,8,3,4,72.0,0.461159,5.119454,4.996608,23.696358,0.91033,0.475308
4564,602,0,1,8,0,4,1,1,1,0,1,0,14,1,1,68.5,0.569867,4.601227,4.218843,2.242215,0.391081,0.424959
10545,1320,2,1,8,1,6,1,5,1,0,7,0,20,1,7,47.5,0.246135,4.172594,3.746588,18.891724,0.631859,0.414251
10896,681,0,0,3,0,5,1,1,0,0,0,0,10,0,0,80.0,0.97645,7.250367,6.285441,370.04961,0.889979,0.738835
11909,1794,6,1,17,1,20,1,2,1,4,7,1,40,5,8,0.0,1.0,7.137459,6.465969,356.547233,0.804617,0.674262
6039,777,0,0,9,0,6,1,6,2,0,1,0,22,2,1,50.5,0.216934,1.655903,2.585905,0.055281,0.513898,0.17156
2800,391,1,0,8,1,7,3,1,0,0,0,0,19,0,0,62.0,0.906692,6.071429,6.05535,69.486291,0.721122,0.688431
3433,578,2,2,7,1,4,3,1,0,1,1,0,15,1,1,66.5,0.193412,3.786775,3.146112,1.668229,0.256454,0.19046
13397,1093,2,1,6,0,1,1,2,1,2,3,0,10,3,3,69.5,0.787203,9.330447,5.898735,197.332503,0.757342,0.720725
15543,995,1,0,4,2,3,1,3,1,1,3,1,11,2,4,68.0,0.561157,4.503635,5.51864,189.278923,0.829206,0.543487
9054,662,0,1,2,1,4,0,0,0,1,2,2,6,1,4,80.0,0.622552,4.307488,5.160776,45.195765,0.730564,0.554174
7659,693,2,0,6,0,6,2,2,1,1,1,1,16,2,2,61.0,0.580004,3.133568,5.641393,41.777578,0.825282,0.599638
4286,361,2,1,2,0,3,1,1,0,0,1,0,7,0,1,84.5,0.476516,3.733084,5.310938,4.813051,0.163208,0.433311
8070,1222,0,0,9,1,7,3,1,1,0,3,0,20,1,3,53.5,0.266474,1.610905,3.951526,4.960592,0.215933,0.279509
9032,580,3,0,6,2,4,1,2,2,0,1,0,13,2,1,68.5,0.440677,4.76085,4.613932,27.639384,0.962623,0.515558
4623,360,0,1,7,1,0,0,1,1,0,2,0,8,1,2,79.0,0.506653,4.542505,5.25802,24.950648,0.888503,0.526035
2139,304,1,0,3,0,3,0,1,0,0,1,0,7,0,1,84.5,0.122785,3.272557,2.318636,0.000271,0.441677,0.259542
11398,1058,1,1,4,4,6,1,1,0,1,6,2,12,1,8,62.0,0.750384,5.439551,5.79573,38.677777,0.183183,0.557423
4500,521,0,0,2,0,2,0,0,0,0,0,1,4,0,1,90.5,0.791634,7.555556,5.003451,54.500779,0.505227,0.681721
10331,842,1,2,9,1,1,0,5,4,1,2,1,15,5,3,55.5,0.600353,5.710967,5.652683,43.72585,0.835283,0.566729
1643,300,0,0,2,0,4,1,0,0,0,0,0,7,0,0,86.0,0.105206,0.608643,1.0,3e-06,0.217054,0.238956
5468,409,0,1,4,1,0,0,2,1,0,0,0,6,1,0,86.0,0.922187,7.315289,6.779043,44.373452,0.612842,0.703231
4571,300,1,1,2,1,1,0,0,0,0,2,3,3,0,5,86.5,0.893261,7.438197,7.135412,49.102128,0.855833,0.73903
13539,1386,1,2,6,7,10,0,4,0,0,7,2,20,0,9,46.5,0.382238,4.505503,4.287189,12.579755,0.368831,0.442164
16686,1042,2,0,4,0,3,1,1,1,1,0,0,9,2,0,78.0,0.718119,7.251588,5.387734,116.459084,0.818781,0.700171
14795,1605,3,4,5,1,4,1,3,1,0,7,1,13,1,8,60.0,0.727094,5.745184,5.634287,42.428772,0.526174,0.651395
4377,677,3,1,4,2,8,0,2,0,0,4,2,14,0,6,63.0,0.041223,2.28467,3.363482,0.139292,0.353405,0.314193
6433,770,0,1,5,0,5,1,0,0,0,0,0,11,0,0,78.0,0.724301,5.596145,5.357939,128.396441,0.409234,0.547766
2800,354,1,0,6,0,4,0,1,1,1,2,1,11,2,3,69.5,0.854754,9.642857,5.874721,90.55523,0.723884,0.790517
6117,618,1,2,2,1,3,1,0,0,0,1,1,6,0,2,85.0,0.436796,2.288704,5.242805,9.800304,0.693365,0.406831
18000,1137,3,3,6,0,9,0,2,2,0,4,1,17,2,5,54.5,0.886024,5.555556,6.156462,404.982385,0.936364,0.666431
12274,1204,1,1,4,3,4,0,5,0,1,3,0,13,1,3,67.5,0.833128,7.332573,5.2336,69.808186,0.393308,0.621051
8779,578,1,2,5,0,1,0,2,0,0,2,1,8,0,3,79.5,1.0,6.720583,6.21159,258.184268,0.841406,0.719739
7021,1035,0,2,10,0,4,0,0,0,0,2,0,14,0,2,69.0,0.393793,3.703176,4.150118,9.605888,0.272212,0.431469
12159,759,3,2,6,1,2,1,0,1,1,0,0,9,2,0,78.0,0.905908,6.497245,6.793633,190.972813,0.906418,0.79938
9737,1325,1,1,25,4,12,2,4,2,1,5,1,43,3,6,0.0,0.857821,8.113382,6.414099,357.550117,0.653142,0.697066
7336,892,3,1,5,1,2,0,1,0,1,1,1,8,1,2,79.0,0.620616,6.406761,4.60447,144.679779,0.475769,0.447537
5044,588,0,1,9,0,6,2,1,0,0,6,0,18,0,6,55.0,0.552368,6.344171,5.722321,122.672539,0.861208,0.657985
3547,409,0,0,3,1,2,1,0,1,1,4,1,6,2,5,76.5,0.133068,4.792783,4.017325,3.698922,0.470993,0.355515
11450,1063,4,1,10,0,13,3,4,2,0,4,2,30,2,6,27.0,0.363576,4.104803,4.59944,34.227703,0.833871,0.433756
8434,616,4,0,5,1,4,2,2,1,0,1,0,13,1,1,70.5,0.9012,6.046953,6.051992,124.072126,0.711482,0.730898
7405,515,0,1,2,0,1,0,1,0,0,1,0,4,0,1,90.5,0.859592,7.157326,6.51835,49.249252,0.743081,0.746787
7274,778,2,1,11,1,15,2,3,1,2,6,1,31,3,7,21.5,0.393555,3.024471,3.457927,7.341545,0.230119,0.335505
10230,674,1,1,5,2,3,0,1,1,0,2,1,9,1,3,75.5,1.0,7.331378,7.40741,409.117675,0.842363,0.772532
5333,684,2,1,4,3,3,0,2,0,0,2,2,9,0,4,76.0,0.165472,1.687605,2.68689,1.394353,0.417415,0.269449
14755,1852,4,2,13,2,5,1,1,1,2,7,1,20,3,8,42.0,0.369948,2.575398,3.841563,12.223281,0.372759,0.408161
7876,492,2,0,1,1,3,0,1,0,1,1,0,5,1,1,86.5,1.0,7.745048,6.691646,92.579029,0.867007,0.79927
4982,660,0,4,5,2,2,0,0,2,1,3,2,7,3,5,72.5,0.225152,4.61662,4.304397,7.661351,0.572923,0.416479
6247,615,3,0,7,2,4,1,0,1,0,2,1,12,1,3,69.5,0.148107,0.960461,2.965346,2.1e-05,0.117924,0.203863
6463,1048,1,0,10,1,4,0,1,2,0,3,1,15,2,4,60.0,0.583635,5.570169,4.064933,17.918327,0.350079,0.401048
15162,954,3,2,8,2,5,1,2,0,0,2,0,16,0,2,65.0,0.856332,6.793299,6.252398,271.957371,0.792708,0.677093
4428,652,3,0,13,0,8,3,3,0,0,3,2,27,0,5,38.5,0.997318,8.355917,6.762297,27.548114,0.939282,0.713959
6994,518,2,1,8,0,0,2,2,2,1,2,2,12,3,4,64.0,0.519748,4.003432,4.31898,27.932413,0.74169,0.519592
5031,534,0,1,2,0,3,0,3,0,0,4,1,8,0,5,76.5,0.38222,4.372888,3.284941,17.285345,0.66126,0.438955
4500,300,0,0,0,0,0,0,0,0,1,0,0,0,1,0,98.0,0.896575,4.666667,6.396263,87.211088,0.920665,0.690535
2800,482,3,0,5,1,1,1,1,1,0,4,0,8,1,4,76.0,1.0,7.142857,6.804941,30.986171,0.458851,0.727608
13000,1441,3,4,16,3,7,0,4,0,1,5,1,27,1,6,35.0,0.07281,1.923077,3.676432,6.962473,0.624165,0.24102
5323,699,1,0,2,0,1,2,2,1,0,1,0,7,1,1,82.5,0.422367,5.072328,4.999806,25.887909,0.302356,0.558817
4830,301,0,1,1,1,0,0,0,0,0,1,0,1,0,1,96.5,0.808067,6.418219,5.797509,26.785772,0.849957,0.74133
13513,1406,3,0,8,1,1,2,0,1,1,4,1,11,2,5,66.5,0.752164,4.144157,4.823855,50.214303,0.354627,0.658292
6720,433,1,1,6,2,3,1,2,0,1,1,0,12,1,1,72.5,1.0,10.416667,6.008869,240.20536,0.941861,0.8109
10149,1814,4,0,21,2,9,2,4,3,5,4,1,36,8,5,4.5,0.377313,3.744211,4.438064,11.07184,0.439815,0.332853
10351,1159,1,1,9,3,4,2,4,2,2,2,0,19,4,2,51.0,0.024175,1.352526,2.655249,0.209347,0.452935,0.215
5615,530,0,0,10,1,6,0,1,1,2,1,0,17,3,1,58.5,0.023878,1.068566,4.933477,0.042161,0.189478,0.228234
7556,712,1,2,7,0,1,0,1,0,0,3,0,9,0,3,77.5,0.689801,5.293806,4.315227,23.722456,0.367101,0.574685
8309,1138,6,4,13,2,8,0,1,2,3,5,0,22,5,5,38.5,0.057372,1.203514,2.075015,0.157106,0.37034,0.149384
12201,1002,2,2,7,3,5,2,1,2,1,0,0,15,3,0,64.0,0.593183,4.179985,4.25106,15.754912,0.166839,0.450376
15000,1778,2,5,23,1,9,3,2,1,3,9,1,37,4,10,3.0,0.786817,6.266667,5.178569,44.981946,0.356457,0.584422
16500,1383,3,1,4,3,7,2,4,1,1,0,2,17,2,2,59.0,0.545168,3.515152,4.784744,34.696654,0.124183,0.427393
2633,365,2,1,3,2,4,0,0,0,0,1,1,7,0,2,83.0,0.247667,4.177744,3.97588,7.916919,0.404969,0.318832
3281,469,1,0,4,1,3,0,2,1,0,1,0,9,1,1,78.5,0.088021,2.743066,3.035583,1.550959,0.542485,0.320645
9183,1219,2,2,9,2,4,3,0,0,1,1,0,16,1,1,64.5,0.651764,4.246978,5.174856,19.157466,0.320843,0.600499
8269,1293,2,1,12,6,7,1,2,3,5,5,1,22,8,6,31.0,0.362584,2.055871,2.966244,0.994772,0.138517,0.183394
18000,1208,2,4,13,1,4,2,2,0,1,0,0,21,1,0,56.0,0.764,8.222222,6.654257,340.473387,0.974646,0.758733
8402,598,0,2,4,1,1,1,2,0,3,2,1,8,3,3,73.5,0.574248,4.403713,5.265226,27.839889,0.855187,0.490953
11252,1844,0,0,12,5,9,0,1,2,0,5,0,22,2,5,44.5,0.493525,5.065766,4.726645,14.331751,0.418246,0.401539
6947,812,6,2,14,2,6,1,4,0,2,4,2,25,2,6,37.0,0.877499,5.613934,6.017913,123.420388,0.900414,0.670383
15000,1092,3,3,22,3,20,1,2,2,2,7,1,45,4,8,0.0,0.441604,4.066667,5.278559,30.659238,0.981964,0.40167
12112,996,3,1,1,1,8,1,1,0,0,0,0,11,0,0,78.0,0.825368,7.182959,6.381028,318.022288,0.698715,0.706227
16576,1139,0,0,3,2,6,4,0,2,0,4,0,13,2,4,64.0,0.908725,8.807915,6.409426,102.559484,0.708096,0.784021
7259,590,0,1,5,0,5,1,1,0,1,1,0,12,1,1,72.5,0.813241,7.852321,6.276453,67.890024,0.658385,0.715451
14561,952,1,1,3,0,2,0,0,0,1,0,0,5,1,0,88.0,0.956517,8.309869,5.482999,106.938169,0.452942,0.798309
2800,360,1,1,4,0,3,0,1,1,0,0,0,8,1,0,82.0,0.978308,5.357143,6.171687,51.08843,0.933252,0.761478
11000,1221,4,2,10,2,7,2,6,1,2,7,2,25,3,9,30.5,0.11995,1.454545,2.760849,2.254196,0.015617,0.148622
16500,2073,7,3,13,0,9,3,5,4,1,4,1,30,5,5,22.5,0.824396,4.242424,4.813513,22.90867,0.379969,0.585884
5667,784,2,0,5,2,4,3,1,2,0,1,2,13,2,3,65.5,0.142023,1.941062,4.437069,1.043776,0.440186,0.298217
8428,810,1,0,18,2,5,3,1,4,0,5,0,27,4,5,30.5,0.746588,5.695301,4.082942,21.159833,0.120955,0.429035
7966,1006,3,0,7,2,6,0,1,0,1,4,0,14,1,4,64.0,0.387668,4.519207,4.876439,17.274751,0.413157,0.496484
5095,675,3,0,3,2,3,2,2,2,2,4,2,10,4,6,63.0,0.180837,1.962709,4.074674,7.368944,0.42737,0.331997
4500,300,0,0,1,0,2,1,1,0,1,1,0,5,1,1,86.5,0.898187,7.777778,6.763457,41.275408,0.863211,0.763148
8046,940,1,2,7,5,3,0,1,0,0,4,2,11,0,6,69.0,0.223988,2.734278,4.103465,8.64541,0.527124,0.242489
4937,353,0,1,2,1,6,0,1,2,2,1,0,9,4,1,72.5,0.411912,4.051043,4.437203,15.35545,0.772505,0.501775
9377,698,0,0,3,0,2,0,0,1,1,3,0,5,2,3,81.5,0.808846,5.545484,5.036805,29.246582,0.181506,0.585643
12237,1572,4,2,11,4,4,1,3,2,0,5,1,19,2,6,49.0,0.172499,1.961265,3.358104,9.356042,0.565667,0.274925
14006,1277,1,1,8,1,6,2,6,1,3,1,1,22,4,2,45.0,0.530771,3.641297,5.17031,19.89111,0.78426,0.614143
1542,300,1,0,2,2,2,0,0,0,1,1,1,4,1,2,87.0,0.216251,1.297017,1.628361,0.406994,0.428692,0.181012
13309,1665,3,3,12,0,9,0,2,2,0,5,0,23,2,5,42.5,0.841786,5.259599,4.938338,82.959398,0.346291,0.602069
9068,947,1,2,10,0,2,0,2,2,1,3,0,14,3,3,61.5,0.849734,6.065285,4.983954,23.835957,0.408972,0.592539
3073,465,1,1,4,1,3,1,0,1,1,1,2,8,2,3,75.5,0.188102,2.928734,3.535094,0.565589,0.3769,0.278076
8595,537,2,2,5,1,3,1,2,1,0,1,1,11,1,2,73.0,1.0,7.44619,6.399231,71.534511,0.974121,0.725687
7370,768,1,1,2,1,4,1,0,0,0,1,0,7,0,1,84.5,0.561763,4.748982,4.224898,15.762406,0.156939,0.501291
7925,758,1,1,4,2,1,0,2,2,1,2,0,7,3,2,77.0,0.16659,1.892744,3.120471,6.767399,0.503848,0.233299
9126,999,1,0,4,2,4,0,3,0,0,2,0,11,0,2,75.0,0.432201,3.616042,4.458928,5.996295,0.636761,0.438393
12070,840,1,0,4,3,3,0,2,0,2,2,0,9,2,2,75.0,0.884126,7.373654,5.070523,163.750536,0.899626,0.693849
10021,830,1,3,5,2,2,0,2,0,0,0,1,9,0,1,80.5,0.823026,5.887636,5.202569,76.329483,0.648759,0.677431
12438,890,1,1,3,0,3,0,1,1,1,0,0,7,2,0,82.0,0.996827,5.869111,5.945556,171.429657,0.472917,0.70053
4717,527,0,0,4,0,3,0,2,0,0,2,2,9,0,4,76.0,0.489369,2.967988,4.257217,6.441609,0.340166,0.425617
7748,558,1,0,4,0,3,2,1,1,0,1,0,10,1,1,76.5,0.933837,8.647393,7.172509,306.34358,0.825885,0.773341
14669,1720,2,3,9,5,11,1,1,4,1,3,1,22,5,4,40.0,0.549721,4.840139,4.367578,23.502421,0.211204,0.524124
8099,841,3,1,7,1,10,2,1,0,2,2,2,20,2,4,50.0,0.258611,2.345969,3.660617,0.682859,0.042934,0.285722
11906,744,0,1,3,0,2,0,2,0,2,0,0,7,2,0,82.0,0.758445,5.375441,6.650803,67.150271,0.903764,0.669044
3200,331,0,1,1,0,1,0,1,0,0,0,1,3,0,1,92.5,0.588643,6.5625,5.68664,20.766613,0.632067,0.527942
9403,1327,4,2,20,1,15,0,5,1,1,4,0,40,2,4,10.0,0.858103,8.188876,5.756012,56.311075,0.560273,0.655537
3407,382,2,0,0,2,2,0,0,0,0,5,0,2,0,5,88.5,0.503087,4.696214,3.940552,40.644202,0.415307,0.488425
13332,1410,1,3,7,3,6,0,2,1,1,5,0,15,2,5,58.5,0.370492,2.925293,4.345045,17.850695,0.610919,0.432317
8318,534,0,0,2,0,2,0,1,1,0,0,0,5,1,0,88.0,0.54747,5.530176,5.541864,27.781556,0.91492,0.666021
8012,1572,4,2,7,0,9,0,3,0,2,3,1,19,2,4,52.0,0.188883,2.24663,3.845538,8.575712,0.549448,0.292357
13461,1144,2,0,7,0,3,0,1,1,0,1,0,11,1,1,74.5,1.0,7.428869,5.475359,97.809906,0.660731,0.740589
2600,300,1,0,3,0,2,0,1,0,1,4,1,6,1,5,78.5,0.302202,3.846154,5.361911,8.572346,0.998987,0.434953
6035,728,0,1,5,1,0,1,0,1,0,1,0,6,1,1,84.5,0.523337,3.976802,4.015537,9.765263,0.21068,0.401046
6565,567,1,0,3,0,3,2,2,0,0,2,0,10,0,2,77.0,0.373758,3.503427,4.165194,7.075816,0.528726,0.333719
2200,300,1,0,0,0,2,0,0,2,0,1,0,2,2,1,90.5,0.152571,2.272727,2.592353,0.641289,0.584817,0.271432
2749,300,2,0,2,0,1,1,2,0,1,0,0,6,1,0,86.0,0.073036,2.910149,2.897202,0.137913,0.485935,0.307969
7917,494,1,0,2,0,3,0,1,0,1,2,0,6,1,2,83.0,0.97377,5.810282,5.82619,55.027874,0.808834,0.71756
9410,1093,2,1,12,2,3,1,1,3,0,4,0,17,3,4,54.0,0.615593,4.569607,4.941042,17.664115,0.417158,0.46307
4292,557,0,1,1,2,5,0,1,0,1,4,2,7,1,6,75.0,0.203193,2.562908,3.503997,8.654258,0.672768,0.320227
8979,651,1,0,5,3,2,0,0,2,4,2,0,7,6,2,71.0,0.460902,5.123065,4.323897,17.213753,0.846641,0.444203
9388,673,2,1,7,1,8,0,3,2,1,2,2,18,3,4,52.0,0.565959,3.728164,5.48078,42.268119,0.938408,0.436632
6921,432,0,2,4,1,2,1,0,0,0,0,0,7,0,0,86.0,0.979415,10.547609,5.836906,83.737624,0.789542,0.852609
8402,525,0,0,3,0,4,0,0,1,0,1,2,7,1,3,79.5,0.638833,7.855273,5.889628,246.339369,0.820259,0.659972
5848,449,2,0,8,1,4,0,0,0,1,0,0,12,1,0,74.0,0.716417,5.471956,6.446773,94.595411,0.94775,0.6462
11084,698,1,0,2,0,2,1,0,0,0,2,0,5,0,2,87.0,0.860832,8.390473,5.433335,336.083111,0.876328,0.753318
18000,1125,1,3,5,2,1,0,1,1,1,3,0,7,2,3,77.5,0.709987,6.166667,6.063389,93.987661,0.654632,0.664406
4931,416,2,0,4,2,5,2,0,1,0,1,0,11,1,1,74.5,0.461297,3.853174,4.829912,18.537483,0.881256,0.450694
6245,390,0,0,0,0,1,0,0,1,0,1,0,1,1,1,94.5,1.0,5.444355,5.784188,81.497034,0.83369,0.731203
13430,1355,3,2,6,6,6,1,4,1,0,7,2,17,1,9,50.5,0.763021,5.956813,5.234338,80.21321,0.41166,0.474645
2206,300,2,0,4,2,1,0,1,1,0,1,0,6,1,1,84.5,0.121578,0.906618,4.105555,0.0,0.39384,0.213494
5803,391,2,0,4,1,3,0,0,0,0,2,1,7,0,3,81.5,0.823078,6.031363,6.066265,68.968005,0.851805,0.667008
7074,976,1,2,6,4,3,1,4,1,1,2,0,14,2,2,65.0,0.014388,1.696353,2.722009,0.351729,0.481711,0.203171
2305,300,0,0,3,0,0,1,1,0,1,0,0,5,1,0,88.0,0.067846,0.433839,2.295969,6e-06,0.105965,0.189776
17615,1443,2,1,4,1,1,0,2,1,0,2,1,7,1,3,79.5,0.866813,4.938972,6.239844,205.724103,0.723327,0.687264
4603,468,2,0,3,0,2,1,2,1,1,0,0,8,2,0,80.0,0.347565,3.041495,5.533291,10.902809,0.987181,0.456124
4965,659,0,2,9,1,10,1,5,1,1,2,0,25,2,2,43.0,0.833514,11.077543,6.790239,249.963504,0.842299,0.730402
13692,866,0,2,3,0,0,0,1,0,2,1,0,4,2,1,86.5,0.734451,8.252994,5.157862,132.660221,0.800981,0.655374
3129,390,1,1,8,0,4,0,4,0,0,2,0,16,0,2,65.0,0.948366,8.628955,5.615359,122.462926,0.936954,0.688167
13720,2386,6,3,17,2,14,0,3,1,1,4,2,34,2,6,19.0,0.613592,3.571429,5.195208,39.950501,0.283768,0.447547
8970,597,0,1,2,0,1,1,1,0,0,0,0,5,0,0,90.0,0.917676,6.57748,6.410556,109.068733,0.76929,0.708461
3559,316,1,2,1,0,0,0,0,0,0,3,0,1,0,3,93.5,0.693097,5.338578,4.360362,6.638587,0.279663,0.541877
11710,1071,2,5,4,2,4,0,5,0,2,4,3,13,2,7,59.5,0.759188,7.173356,6.085977,317.348631,0.951442,0.614211
3333,325,4,0,2,0,0,0,1,0,0,0,0,3,0,0,94.0,0.697458,6.0006,5.465443,29.26056,0.385594,0.641835
2800,391,0,0,4,0,4,0,0,0,2,1,0,8,2,1,78.5,0.873721,9.642857,5.834778,103.603551,0.970391,0.735973
8397,927,3,3,6,2,7,1,2,1,1,3,3,16,2,6,55.0,0.135998,2.500893,1.767552,0.2943,0.010467,0.225574
2899,306,0,0,5,0,1,0,1,1,0,1,1,7,1,2,81.0,0.612863,6.553984,3.907636,7.36853,0.941686,0.537673
12387,844,3,1,8,2,2,0,3,1,0,1,1,13,1,2,69.0,0.827618,6.539114,6.326445,105.036009,0.701082,0.687754
16500,2322,4,2,7,4,11,0,2,4,2,6,3,20,6,9,34.5,0.700767,6.484848,5.674611,51.645355,0.408632,0.565091
8260,721,2,0,5,1,1,1,1,0,0,1,1,8,0,2,81.0,0.43146,4.116223,3.562705,17.808324,0.685959,0.544927
3145,339,2,0,4,0,3,0,0,0,0,1,0,7,0,1,84.5,0.095845,2.225755,3.14973,0.819296,0.228008,0.239042
8435,697,3,0,1,0,1,0,1,0,0,3,0,3,0,3,89.5,0.834226,5.572021,5.20545,36.818995,0.639265,0.658853
3990,568,2,0,10,0,4,0,2,0,0,1,0,16,0,1,66.5,0.865356,8.02005,6.85053,172.843243,0.957126,0.79323
8929,625,0,0,3,0,1,0,0,0,0,2,0,4,0,2,89.0,0.850949,5.487737,5.761903,51.50354,0.645682,0.690331
8841,1134,3,0,7,1,9,1,2,1,0,4,0,19,1,4,54.0,0.589258,4.863703,4.145082,8.365848,0.240929,0.402916
4747,548,0,0,1,0,0,0,2,1,1,0,1,3,2,1,88.5,0.263175,2.949231,4.267225,2.753849,0.500169,0.412985
5204,611,2,1,4,2,3,0,0,2,0,3,2,7,2,5,74.5,0.319134,4.035357,4.246704,12.815968,0.645644,0.55484
3172,624,3,1,11,0,4,0,1,1,1,1,0,16,2,1,62.5,0.969616,9.457755,6.534083,125.96147,0.486847,0.677708
11253,911,2,0,8,2,3,1,3,2,0,5,2,15,2,7,55.5,0.569929,5.331911,5.674111,66.351418,0.984774,0.588143
12668,791,1,3,3,0,4,2,3,0,0,4,1,12,0,5,68.5,0.784021,8.762236,6.252443,406.334717,0.877095,0.729955
4217,587,0,1,4,2,4,1,0,2,0,3,0,9,2,3,73.5,0.092419,1.422812,2.176065,0.101098,0.174921,0.178867
14712,1536,2,0,13,0,7,1,3,2,3,7,1,24,5,8,30.0,0.619058,7.272974,4.953579,125.70837,0.959498,0.542368
8847,1089,2,1,16,0,11,0,7,2,0,2,0,34,2,2,25.0,0.579146,5.199503,4.263253,29.305655,0.574296,0.484215
6962,634,0,1,6,2,2,0,3,2,2,5,0,11,4,5,62.5,0.619191,4.452743,3.931695,24.709049,0.214154,0.444829
8017,1204,3,0,16,5,10,3,4,0,2,12,3,33,2,15,7.5,0.116134,1.995759,2.540848,4.630614,0.467384,0.16898
11199,1253,2,4,6,1,9,0,2,1,1,3,0,17,2,3,57.5,0.614367,3.750335,3.758854,10.526233,0.18824,0.503287
9602,1213,4,3,12,1,15,0,5,2,2,4,0,32,4,4,22.0,0.074093,1.04145,2.432199,3.463499,0.079165,0.133609
18000,1330,2,3,4,4,5,1,2,0,2,1,2,12,2,3,67.5,0.871846,7.222222,5.758731,91.123922,0.591515,0.690669
9551,660,1,0,3,2,4,1,1,0,1,1,0,9,1,1,78.5,0.848148,8.480787,5.907606,66.61903,0.596936,0.691723
17496,1268,3,1,14,1,2,1,1,0,0,4,0,18,0,4,58.0,0.89277,8.40192,6.202964,599.01561,0.527606,0.688807
4500,300,0,2,2,0,1,1,0,0,0,0,0,4,0,0,92.0,1.0,9.111111,7.144385,214.86346,0.978241,0.814679
7607,927,3,2,5,3,8,0,2,0,0,3,0,15,0,3,65.5,0.118818,1.314579,3.879011,2.889307,0.540599,0.217037
8749,718,0,2,3,1,4,0,0,1,1,1,0,7,2,1,80.5,0.681371,8.458109,5.961232,119.469479,0.71862,0.678533
8046,639,1,2,1,2,1,0,2,1,2,5,0,4,3,5,78.5,0.587269,4.722844,5.327064,10.312666,0.080789,0.467889
16493,1332,3,3,11,3,7,1,0,0,3,5,0,19,3,5,48.5,0.643307,5.153702,4.378602,41.85283,0.084359,0.415439
18000,1125,2,1,2,1,1,0,1,0,0,1,0,4,0,1,90.5,0.979056,9.888889,7.076184,826.060729,0.849209,0.889428
8572,1138,4,0,3,1,8,0,4,1,1,2,0,15,2,2,63.0,0.472475,3.849743,4.000104,20.434572,0.517257,0.420579
6330,605,3,0,4,0,3,2,2,0,2,0,2,11,2,2,71.0,0.137823,2.527646,2.936781,1.089131,0.279982,0.292081
12372,823,1,3,5,0,2,0,3,0,1,3,1,10,1,4,72.0,0.795139,7.597801,5.760358,97.501332,0.823581,0.716622
10305,1825,5,0,30,2,14,1,4,1,0,9,2,49,1,11,0.0,0.895376,7.18098,5.459719,69.753269,0.923076,0.654247
10156,664,1,0,8,1,5,1,2,2,2,1,0,16,4,1,58.5,0.894752,6.104766,6.031652,126.581365,0.693599,0.703364
9913,1249,3,1,17,3,11,2,2,2,2,4,0,32,4,4,22.0,0.086247,1.008776,3.158665,0.949056,0.304785,0.184742
5484,947,3,0,4,4,3,1,2,0,0,4,1,10,0,5,72.5,0.602445,2.917578,4.815452,8.422245,0.282916,0.404654
5740,792,1,0,4,1,2,1,2,0,0,6,1,9,0,7,71.5,0.67397,5.226481,5.481504,24.219227,0.469177,0.593823
10203,1046,3,0,8,0,3,1,4,0,1,1,0,16,1,1,64.5,0.680058,5.782613,4.834479,33.815111,0.24314,0.551771
10732,1104,4,0,6,3,9,1,4,3,4,4,1,20,7,5,38.5,0.797914,4.658964,5.035037,125.564791,0.924249,0.575405
7263,667,3,1,5,1,3,0,2,0,0,4,0,10,0,4,74.0,0.501013,3.029051,4.573282,5.749598,0.08546,0.40735
6409,828,0,2,2,1,1,0,0,0,0,3,0,3,0,3,89.5,1.0,9.517866,6.325184,164.043687,0.305415,0.745052
2600,314,0,1,5,0,6,0,0,1,0,0,1,11,1,1,74.5,0.74806,4.230769,4.987369,21.481814,0.198191,0.496234
9315,847,6,0,16,5,5,3,5,1,2,5,1,29,3,6,27.0,0.175129,3.864734,4.751737,20.101616,0.771764,0.366368
13769,1629,0,1,9,2,10,0,6,3,0,1,0,25,3,1,42.5,0.535922,4.067107,5.192462,50.33133,0.375079,0.40903
6713,599,2,0,11,1,1,0,0,1,1,2,0,12,2,2,69.0,0.435996,4.76687,4.238846,15.219256,0.766903,0.552471
5357,540,0,0,2,2,1,1,0,0,0,3,0,4,0,3,87.5,0.541091,5.413478,4.3055,35.105202,0.866947,0.540035
8043,1209,2,0,7,2,6,0,3,2,0,4,0,16,2,4,58.0,0.092817,4.102947,3.426374,2.325367,0.552412,0.287502
3200,300,0,3,2,1,1,1,1,0,0,1,1,5,0,2,87.0,0.573128,3.75,4.884691,7.736691,0.413433,0.457553
16500,2090,1,3,5,0,9,1,4,1,0,4,0,19,1,4,54.0,0.708308,4.484848,4.975571,36.949324,0.505347,0.508162
10172,839,3,1,6,4,5,0,2,0,1,3,1,13,1,4,66.0,0.711568,4.128982,4.485411,17.796706,0.250916,0.487924
10885,1110,1,3,6,0,7,0,4,1,3,5,2,17,4,7,47.5,0.110409,2.664217,4.616118,3.521633,0.566987,0.243982
10437,999,0,1,11,1,6,2,2,1,0,3,4,21,1,7,45.5,0.87986,4.311584,5.362979,39.933137,0.218413,0.491253
10596,1095,2,4,7,2,6,2,2,0,1,11,3,17,1,14,43.0,0.615873,4.435636,5.017205,20.269307,0.226115,0.54151
2660,300,0,1,7,0,1,0,1,0,1,3,1,9,1,4,74.0,0.247905,2.631579,2.70228,0.66979,0.642343,0.317889
4055,554,0,0,1,0,3,0,3,0,1,1,1,7,1,2,81.0,0.081313,2.466091,3.56169,4.470658,0.330568,0.277062
3807,311,0,0,1,1,1,0,0,0,1,0,0,2,1,0,94.0,0.159036,2.889414,3.359033,0.959137,0.160487,0.336023
2463,505,0,2,3,2,2,0,0,0,0,4,0,5,0,4,84.0,0.035168,1.624036,2.861154,0.228532,0.362736,0.22572
5040,478,2,2,4,1,6,1,4,1,0,4,0,15,1,4,62.0,0.474114,4.166667,3.760702,10.620439,0.787086,0.415298
4500,355,1,0,0,0,0,0,0,1,0,1,0,0,1,1,96.5,0.797453,6.444444,5.634983,40.418736,0.709696,0.666338
14055,1592,0,0,4,2,5,1,4,2,2,5,1,14,4,6,55.0,0.534861,3.984347,4.311174,23.084693,0.292747,0.498201
10716,1029,1,0,7,2,2,2,2,0,1,4,0,13,1,4,66.0,0.644914,5.785741,4.578403,16.768224,0.227171,0.526975
5425,707,1,1,1,1,3,1,1,0,3,4,0,6,3,4,76.0,0.039597,1.658986,4.447636,3.40796,0.584958,0.248032
11696,731,0,1,3,1,1,1,1,0,0,4,0,6,0,4,82.0,0.958372,7.52394,5.159754,115.253672,0.649623,0.682182
8481,1024,7,0,18,1,7,1,4,0,2,3,2,30,2,5,28.5,0.169427,2.947766,3.688115,7.809709,0.796606,0.285051
6938,1005,1,4,6,2,2,0,3,3,3,2,1,11,6,3,61.5,0.039954,2.450274,3.481085,0.305286,0.583041,0.265129
10018,1017,4,1,12,1,7,0,1,1,1,2,1,20,2,3,51.5,0.075302,2.096227,2.159462,0.672475,0.054661,0.20336
7674,737,2,0,6,2,5,2,4,2,1,3,0,17,3,3,55.5,0.611054,4.691165,5.096553,20.635539,0.174006,0.433899
3200,400,0,1,3,0,1,0,1,1,0,0,0,5,1,0,88.0,0.806024,3.125,5.403917,12.523966,0.249949,0.540357
4854,606,2,1,5,3,4,0,2,0,3,2,0,11,3,2,69.0,0.075778,2.266172,2.811706,3.859204,0.213244,0.213865
3176,394,2,1,2,2,1,0,1,1,0,1,0,4,1,1,88.5,0.096096,3.148615,3.07146,3.979065,0.537082,0.312329
12293,1005,1,0,3,1,2,0,0,1,1,2,0,5,2,2,83.0,0.844435,7.077198,4.891645,64.625994,0.650792,0.725073
4835,594,2,1,8,0,6,2,2,1,1,5,0,18,2,5,52.5,0.098545,1.034126,1.578492,1.622402,0.009484,0.078794
8180,533,0,1,1,0,5,0,1,1,0,1,0,7,1,1,82.5,0.712959,8.557457,5.915641,125.212941,0.845019,0.690102
18000,1125,1,0,7,0,4,2,1,0,1,3,0,14,1,3,65.5,1.0,6.222222,5.923993,262.763179,0.645298,0.665835
10410,796,0,2,1,0,5,0,1,2,0,5,0,7,2,5,74.5,0.573009,5.763689,5.487828,31.566945,0.770105,0.642879
3522,575,2,4,3,4,3,2,1,0,1,2,2,9,1,4,74.0,0.046582,1.703578,2.120112,0.537568,0.398626,0.196862
11522,1079,1,2,10,3,8,1,5,1,1,3,1,24,2,4,42.0,0.5184,4.599896,4.366894,28.413449,0.824247,0.43828
11793,763,2,3,9,3,2,2,0,2,0,5,1,13,2,6,61.0,0.897121,9.073179,6.011492,87.210788,0.726736,0.780455
3162,311,0,0,2,1,0,1,1,2,0,1,0,4,2,1,86.5,0.238796,3.162555,3.797616,2.837048,0.803591,0.382609
8942,739,1,2,8,2,4,1,2,0,3,2,1,15,3,3,59.5,0.729575,4.696936,5.015616,12.038769,0.044886,0.41935
6157,655,1,0,6,2,6,3,2,0,0,5,0,17,0,5,58.5,0.106637,2.923502,3.2764,2.693577,0.643868,0.305395
5815,773,4,0,5,1,5,2,2,1,1,7,0,14,2,7,57.5,0.095033,0.343938,5.304417,0.946402,0.170528,0.204331
11000,1736,3,1,17,1,9,1,8,2,3,5,4,35,5,9,6.5,0.112369,1.909091,3.694799,7.305088,0.499368,0.240109
9106,1419,2,4,9,1,6,1,3,1,3,4,2,19,4,6,45.0,0.405303,5.490885,3.641847,11.389465,0.501534,0.402257
3230,313,1,0,2,1,2,1,0,1,1,0,0,5,2,0,86.0,0.204741,1.857585,3.162981,0.82527,0.278779,0.302502
3558,558,1,2,4,0,3,1,2,2,1,0,0,10,3,0,74.0,0.243207,2.810568,3.409172,0.05086,0.399334,0.227782
8728,858,3,1,8,2,8,1,3,1,2,2,1,20,3,3,49.5,0.113676,1.833181,2.766345,2.225581,0.569079,0.263289
9177,1424,3,3,13,4,9,2,2,0,0,1,0,26,0,1,46.5,0.814251,5.775308,5.329308,48.818164,0.442634,0.608287
4152,421,2,1,6,0,5,0,1,1,1,1,0,12,2,1,70.5,0.183107,2.890173,3.042847,4.342783,0.421386,0.319462
9903,737,2,0,5,4,0,1,0,1,1,2,0,6,2,2,81.0,0.512365,5.957791,4.501077,26.881545,0.749831,0.536297
11463,997,1,0,8,3,1,0,4,1,0,7,1,13,1,8,60.0,0.712554,3.7512,5.719146,31.295829,0.235373,0.43978
12577,875,0,0,5,1,1,1,1,2,0,0,1,8,2,1,78.5,0.945242,7.23543,6.392414,352.811527,0.827765,0.737827
13000,1517,4,2,11,0,6,0,1,0,0,1,0,18,0,1,62.5,0.102079,2.692308,3.07431,9.727707,0.405869,0.368033
18000,1399,4,2,5,3,6,0,5,1,3,5,0,16,4,5,52.5,0.959119,8.888889,6.447952,148.077574,0.689126,0.729475
5644,411,2,0,3,0,0,0,0,1,0,0,0,3,1,0,92.0,0.857656,5.315379,6.325934,21.470647,0.478368,0.730726
10197,699,2,0,5,2,4,1,1,0,0,0,1,11,0,1,76.5,0.931934,8.139649,6.636406,371.802536,0.764418,0.788402
3394,430,0,1,3,0,6,0,1,2,0,2,1,10,2,3,71.5,0.154106,2.062463,2.067787,0.196907,0.548735,0.248702
18000,1862,4,0,6,1,8,1,5,0,0,1,1,20,0,2,57.0,0.932347,5.833333,5.545371,41.648691,0.300933,0.680672
5009,696,2,0,4,2,1,0,0,0,0,3,0,5,0,3,85.5,0.51072,3.593532,5.276452,6.665646,0.51483,0.424329
10920,838,0,1,5,2,2,1,2,1,0,1,1,10,1,2,75.0,0.595723,4.304029,4.656567,16.13977,0.022848,0.441488
6321,574,4,0,3,1,1,1,1,0,0,2,0,6,0,2,85.0,0.41508,4.271476,5.214052,12.77195,0.836044,0.49693
3953,369,1,0,4,2,4,1,2,1,0,2,2,11,1,4,70.0,0.16813,2.023779,2.392851,2.018105,0.12368,0.192234
8168,1027,0,1,1,1,1,0,1,0,2,3,1,3,2,4,84.0,0.604604,4.407444,4.44783,21.389117,0.245734,0.425697
8023,1050,0,0,3,0,4,1,2,0,0,2,1,10,0,3,75.5,0.415058,4.4871,3.796221,5.531277,0.252952,0.447685
9234,1076,0,1,7,0,3,0,3,0,0,3,0,13,0,3,69.5,0.0,1.407841,2.671237,0.396491,0.623056,0.230542
7725,645,1,0,1,0,4,0,0,0,0,4,0,5,0,4,84.0,0.709545,5.177994,4.630039,33.68428,0.045777,0.473878
5120,526,2,2,4,1,2,1,2,0,0,1,0,9,0,1,80.5,0.299654,3.90625,4.755963,14.13919,0.938114,0.40862
2812,359,2,1,4,1,2,0,1,1,0,3,0,7,1,3,79.5,0.144252,2.489331,2.520794,0.665251,0.101474,0.220183
3043,340,1,1,2,1,1,0,3,0,0,1,0,6,0,1,86.5,0.167388,2.957608,3.742886,3.46045,0.319597,0.300686
9182,573,3,1,1,0,4,0,1,0,1,0,0,6,1,0,86.0,0.780307,6.752342,6.012745,85.433369,0.72967,0.673976
13132,832,2,0,3,1,2,0,0,0,1,2,1,5,1,3,83.5,0.776932,5.48279,6.192601,270.709381,0.986847,0.655128
4500,304,1,0,1,0,3,0,1,0,1,0,0,5,1,0,88.0,0.727923,8.888889,5.983662,50.387285,0.874036,0.694101
11251,1089,0,0,6,1,6,0,0,0,1,4,1,12,1,5,66.5,0.798676,5.955026,5.097433,25.89136,0.257232,0.558426
9216,976,4,0,19,4,10,0,1,0,1,8,3,30,1,11,21.5,0.904802,6.835938,5.432446,225.88869,0.953241,0.75838
12639,1613,3,2,14,0,6,1,1,0,0,7,3,22,0,10,41.0,0.086931,2.136245,2.712201,13.122052,0.410805,0.252286
5286,330,0,1,5,0,0,0,1,1,0,0,0,6,1,0,86.0,0.863981,7.756337,6.133723,40.879362,0.824599,0.705318
3861,440,6,2,3,0,4,1,3,0,1,6,2,11,1,8,64.0,0.045381,4.403004,2.725315,3.709106,0.48722,0.294214
3197,300,3,3,4,0,2,0,4,0,0,1,0,10,0,1,78.5,0.231306,4.066312,2.9914,1.17343,0.793392,0.317069
13593,1607,1,2,7,1,8,2,1,2,2,3,1,18,4,4,50.0,0.521406,3.384095,4.389191,25.038131,0.188632,0.416471
10111,631,2,0,4,2,3,1,1,1,1,4,0,9,2,4,72.0,0.889266,7.516566,6.316198,238.868375,0.823806,0.750014
9527,889,2,2,3,0,1,2,1,0,0,1,0,7,0,1,84.5,0.921121,7.242574,5.626844,67.237427,0.582744,0.703427
8835,671,1,0,5,2,3,1,0,0,1,2,0,9,1,2,77.0,0.896052,7.696661,5.319059,41.712408,0.570145,0.6956
11080,963,1,1,4,1,2,0,0,0,2,2,1,6,2,3,79.5,0.434496,4.241877,4.303741,25.16024,0.329601,0.510727
18000,1197,2,0,5,2,6,1,0,0,0,2,0,12,0,2,73.0,0.993652,9.444444,6.805353,264.875779,0.495505,0.79528
7084,820,1,6,9,0,2,0,1,1,1,1,0,12,2,1,70.5,0.529873,4.376059,4.241484,14.351512,0.3738,0.436466
4500,300,2,1,1,1,0,0,0,0,0,0,0,1,0,0,98.0,0.935479,6.444444,6.342323,129.466898,0.918281,0.768097
5273,739,1,1,4,2,5,1,0,1,0,1,0,10,1,1,76.5,0.194311,3.792907,3.454166,9.239711,0.35329,0.295385
6531,522,1,0,9,0,5,0,0,2,1,2,1,14,3,3,61.5,0.137917,1.531159,3.741366,5.259938,0.149721,0.243271
6035,542,0,0,3,1,5,0,1,1,0,6,0,9,1,6,71.0,0.226841,2.982601,3.669748,7.102185,0.742432,0.35189
12277,929,1,2,9,1,5,0,2,0,0,2,0,16,0,2,65.0,0.531288,3.991203,4.840171,46.762862,0.85698,0.558736
9596,1740,5,3,13,0,3,1,7,1,4,6,1,24,5,7,31.5,0.095866,0.52105,3.871954,0.074792,0.251176,0.145396
9247,1477,4,2,12,2,5,1,9,3,3,1,2,27,6,3,29.5,0.069165,1.730291,3.677673,3.94055,0.575813,0.236042
4500,309,2,0,1,0,1,0,0,0,0,0,0,2,0,0,96.0,0.689625,5.333333,4.819337,26.495792,0.630141,0.683648
8149,549,1,0,6,0,3,1,0,0,0,4,1,10,0,5,72.5,0.887005,7.117438,5.748165,163.840935,0.755904,0.738625
2953,303,1,2,3,2,0,2,1,1,0,0,0,6,1,0,86.0,0.189985,2.709109,4.233394,0.262528,0.148577,0.230077
6069,834,1,1,10,2,5,2,1,0,2,4,1,18,2,5,52.5,0.199748,3.460208,4.508598,6.168285,0.725898,0.305155
7432,660,4,2,4,2,4,1,1,2,0,2,1,10,2,3,71.5,0.354373,2.556512,4.34221,5.029106,0.907546,0.434314
7014,790,2,0,5,1,2,0,1,0,1,2,0,8,1,2,79.0,0.949907,7.556316,5.920323,82.086512,0.561199,0.725387
3731,460,3,1,12,0,5,0,1,1,1,5,0,18,2,5,52.5,0.982392,9.112838,6.525737,177.388652,0.630666,0.714208
5797,515,3,0,3,0,2,0,1,0,0,1,0,6,0,1,86.5,0.689525,3.45006,4.628975,8.948204,0.339924,0.465963
2511,411,2,0,3,0,4,0,0,1,1,2,1,7,2,3,77.5,0.058789,2.389486,2.114826,0.359139,0.439232,0.186126
16500,1734,5,1,7,4,2,0,2,1,1,7,1,11,2,8,62.0,0.820558,4.848485,5.965043,116.298093,0.345306,0.581745
3401,499,2,0,8,1,7,0,0,0,0,4,1,15,0,5,62.5,0.835507,9.703029,5.834759,120.122399,0.78949,0.830433
6238,965,1,2,12,2,10,1,1,2,1,3,1,24,3,4,40.0,0.830225,7.694774,5.012367,159.919833,0.874906,0.651797
11670,1742,2,3,10,1,7,4,5,2,2,7,1,26,4,8,28.0,0.107711,2.913453,2.696114,2.765699,0.48611,0.206005
11000,1235,6,3,15,0,6,2,4,3,4,2,0,27,7,2,29.0,0.13528,1.272727,2.851177,2.188325,0.145836,0.148621
4841,554,3,0,6,1,3,1,2,3,0,1,1,12,3,2,67.0,0.300883,5.164222,4.42747,24.354564,0.59416,0.502003
9537,694,3,0,2,2,2,0,1,0,0,1,0,5,0,1,88.5,0.725193,7.759253,5.769627,68.247356,0.756708,0.673744
13000,1954,4,2,16,1,6,3,2,2,3,5,2,27,5,7,25.5,0.289806,2.923077,3.768973,16.892267,0.55167,0.321416
7814,616,0,1,5,3,0,0,0,0,1,1,0,5,1,1,86.5,0.867969,7.294599,5.928131,63.031016,0.441314,0.741899
13000,1334,7,4,11,2,6,0,6,2,2,4,0,23,4,4,40.0,0.077882,2.153846,3.08499,3.956492,0.232887,0.199958
6442,537,3,1,3,2,2,1,1,1,2,2,1,7,3,3,75.5,0.088618,2.949395,3.247788,1.251053,0.69826,0.301506
9763,976,2,0,6,2,2,3,1,0,1,5,1,12,1,6,65.0,0.714874,4.506811,4.704947,44.020951,0.357035,0.57265
4719,514,0,2,9,1,4,2,0,0,0,1,0,15,0,1,68.5,0.635077,5.721551,5.151283,10.053201,0.243999,0.507101
18000,1171,4,0,6,1,4,1,0,1,0,5,0,11,1,5,68.5,0.702083,4.277778,6.022139,226.978503,0.969931,0.662924
13320,1249,1,0,3,3,6,3,2,0,0,1,0,14,0,1,70.5,0.799441,6.981982,4.798977,119.63462,0.609969,0.666295
2200,322,2,0,3,2,0,0,2,0,0,0,0,5,0,0,90.0,0.220681,3.181818,3.543499,1.579778,0.27446,0.342273
8176,1003,6,1,6,2,7,0,3,1,0,3,1,16,1,4,60.0,0.497496,4.036204,3.691379,7.982397,0.411158,0.432406
6557,889,0,3,8,0,3,0,1,2,1,3,1,12,3,4,64.0,0.16334,1.525088,3.991544,3.88341,0.352559,0.234328
9448,1391,4,1,19,3,12,1,3,2,1,6,3,35,3,9,10.5,1.0,6.77392,4.852341,89.698199,0.67749,0.708999
7358,729,3,0,2,1,4,1,1,1,1,4,0,8,2,4,74.0,0.487357,3.669475,4.040746,12.852669,0.410556,0.502916
8397,694,1,2,2,2,2,1,1,1,0,1,1,6,1,2,83.0,0.860965,7.145409,6.150675,157.145906,0.692346,0.794588
3383,300,0,0,3,0,1,0,2,0,0,2,0,6,0,2,85.0,0.429539,5.320721,4.500847,7.425542,0.995571,0.402547
4613,512,3,0,6,2,4,0,4,3,1,2,0,14,4,2,61.0,0.13332,1.951008,2.920917,0.472301,0.207915,0.20625
4408,388,1,0,7,1,3,0,4,1,0,2,0,14,1,2,67.0,0.221574,2.722323,4.216262,1.032809,0.784316,0.240011
11000,1936,2,0,16,3,7,1,1,3,2,4,0,25,5,4,34.0,0.027595,1.636364,1.840052,0.431166,0.294347,0.13897
7994,1232,3,1,13,5,16,2,0,0,0,5,0,31,0,5,30.5,1.0,6.755066,5.567385,223.040519,0.719475,0.679523
5571,348,0,1,3,0,1,0,0,1,0,0,0,4,1,0,90.0,0.898163,7.898043,6.950565,143.2967,0.957507,0.767406
5156,713,4,2,10,3,10,1,4,1,0,7,1,25,1,8,36.0,0.044906,1.55159,1.730813,0.723611,0.105838,0.070688
4035,462,0,0,5,1,3,0,1,0,1,1,0,9,1,1,78.5,0.632019,5.452292,5.815281,5.707017,0.676597,0.491666
4512,496,0,2,4,0,4,0,2,0,0,3,0,10,0,3,75.5,0.022777,1.994681,2.089431,1.742032,0.402514,0.253563
4571,539,1,1,3,2,3,0,1,1,0,3,1,7,1,4,78.0,0.489451,3.281558,3.410539,2.749802,0.425695,0.402298
6478,757,3,1,6,3,7,0,0,1,2,4,2,13,3,6,59.0,0.0803,2.006792,2.698212,3.084079,0.554508,0.238102
3838,538,0,3,5,0,3,0,4,0,2,3,1,12,2,4,66.0,0.109879,2.605524,4.012918,13.639372,0.61405,0.331165
7196,553,0,0,4,0,10,1,2,1,0,0,1,17,1,1,62.5,0.683406,3.335186,4.955533,20.40506,0.011368,0.473086
8418,637,2,0,12,1,5,0,0,0,1,3,2,17,1,5,56.5,0.418877,4.27655,4.510847,70.277698,0.881658,0.435436
13640,1402,3,4,8,4,9,2,5,3,3,8,5,24,6,13,20.5,0.541745,4.912023,4.518631,63.104268,0.978809,0.409675
4448,501,1,2,4,2,5,2,1,2,0,3,1,12,2,4,66.0,0.013934,1.798561,2.178794,2.87981,0.147641,0.222934
5911,1172,3,1,14,5,10,0,1,1,2,6,2,25,3,8,32.0,0.205892,3.721874,3.42765,2.467279,0.541338,0.246621
7321,805,6,2,6,1,2,3,1,0,1,1,0,12,1,1,72.5,0.750085,4.644174,5.819752,33.748005,0.537943,0.528898
8681,1013,1,0,14,3,13,1,4,2,0,4,2,32,2,6,23.0,0.978438,8.869946,5.979784,100.657469,0.729218,0.680774
9092,1283,1,3,6,0,5,0,1,2,0,1,0,12,2,1,70.5,0.403761,3.409591,4.49281,8.267795,0.352282,0.474041
13239,1704,2,3,11,1,7,2,3,1,2,3,1,23,3,4,42.0,0.53351,5.589546,5.484396,53.333322,0.325532,0.542913
5634,505,2,1,6,0,1,1,0,0,1,1,1,8,1,2,79.0,0.780789,5.14732,4.446905,26.567837,0.127745,0.505794
2897,305,1,0,2,0,1,1,2,0,1,2,0,6,1,2,83.0,0.146094,2.761477,4.186091,1.121641,0.538608,0.296736
12115,1819,2,4,21,3,20,1,1,1,2,8,1,43,3,9,0.0,0.919986,8.006603,6.678469,46.32686,0.798467,0.659613
3322,385,4,2,4,1,1,0,0,2,0,1,0,5,2,1,84.5,0.001397,2.709211,4.555669,3.633093,0.785711,0.28991
5596,546,1,1,2,1,1,0,1,0,1,0,0,4,1,0,90.0,0.835069,8.577555,5.424261,16.386327,0.071038,0.630887
7315,474,3,1,2,0,1,0,0,0,0,3,1,3,0,4,88.0,1.0,6.561859,5.766919,102.924618,0.879504,0.79177
11712,1268,2,1,4,0,3,0,1,0,0,7,2,8,0,9,70.5,0.737884,5.464481,4.650677,22.316359,0.344792,0.627511
6834,638,1,0,1,0,0,0,1,0,0,0,0,2,0,0,96.0,1.0,7.462687,5.877878,191.080957,0.52912,0.784215
7530,631,2,1,4,1,4,0,0,1,0,2,1,8,1,3,77.5,0.609471,5.976096,5.189741,136.738357,0.951536,0.582559
16751,1236,4,1,3,1,1,0,3,1,1,2,1,7,2,3,77.5,0.958478,6.865262,6.245054,465.646599,0.5539,0.714683
15000,1631,5,0,11,1,11,2,2,1,2,7,0,26,3,7,31.5,0.329745,4.2,4.16171,19.396605,0.154535,0.413488
16500,1823,4,1,7,0,4,1,3,0,0,3,1,15,0,4,64.0,0.643829,3.515152,4.05247,13.998792,0.256598,0.401033
10192,916,3,0,8,5,4,1,2,0,0,4,1,15,0,5,62.5,0.035356,0.981162,2.936815,1.48586,0.111762,0.182427
4317,626,1,0,9,1,3,0,1,0,1,0,2,13,1,2,69.0,0.151755,3.01135,3.281143,2.419963,0.389538,0.271317
9099,1002,1,0,3,2,3,0,0,2,0,3,0,6,2,3,79.5,0.727098,3.51687,5.230534,16.057051,0.19461,0.540235
5952,373,1,0,0,0,1,1,1,0,1,2,0,3,1,2,89.0,0.596288,5.040323,4.670637,8.172703,0.948038,0.502806
1916,300,1,0,1,0,2,2,0,0,0,0,0,5,0,0,90.0,0.113804,1.043841,3.056997,0.0,0.503984,0.22605
5614,368,0,0,2,1,4,0,1,0,0,0,2,7,0,2,83.0,1.0,8.550053,6.297806,211.895786,0.922195,0.768158
3454,469,0,0,10,0,5,0,5,0,1,2,0,20,1,2,55.0,1.0,7.237985,6.098693,20.268087,0.809872,0.763727
8234,1178,1,1,10,4,11,1,5,5,2,9,4,27,7,13,12.5,0.06656,0.728686,2.991212,0.279245,0.644757,0.152037
2468,300,0,0,2,1,1,0,0,2,0,4,0,3,2,4,84.0,0.033236,1.215559,3.123733,0.621001,0.068438,0.226441
12176,841,2,0,4,1,2,1,3,2,1,4,1,10,3,5,66.5,0.707278,6.159658,4.99477,243.714491,0.959499,0.614155
9322,582,3,0,8,0,5,0,1,0,0,1,0,14,0,1,70.5,0.959321,7.080026,7.315537,169.494866,0.915958,0.790866
14875,1345,4,3,6,4,9,0,2,1,5,2,1,17,6,3,49.5,0.698924,4.638655,5.127118,17.90102,0.140459,0.468196
8620,1174,2,3,6,1,5,0,2,0,1,0,1,13,1,1,70.5,0.727527,3.828306,5.245907,23.446352,0.449131,0.555875
3950,610,1,1,7,1,5,1,2,0,0,2,2,15,0,4,64.0,0.246257,2.78481,3.066767,2.767448,0.201924,0.282627
4969,613,3,1,6,2,7,2,3,2,1,1,3,18,3,4,52.0,0.030263,0.804991,2.234441,1.748496,0.661207,0.179445
1872,300,2,2,1,1,0,1,1,0,0,2,1,3,0,3,89.5,0.058944,2.136752,3.84077,7.78076,0.571882,0.229392
16285,1261,0,3,3,2,2,2,0,2,0,0,0,7,2,0,82.0,0.755995,7.614369,5.809078,124.516085,0.739423,0.66029
9139,867,2,2,3,0,3,3,2,3,2,3,0,11,5,3,63.5,0.224255,2.188423,2.907644,1.344443,0.083782,0.253816
9062,910,3,1,9,0,3,1,1,4,0,3,0,14,4,3,59.5,0.335211,3.751931,3.894224,9.951169,0.72941,0.362326
2800,319,2,1,6,1,5,2,3,1,0,0,0,16,1,0,66.0,0.946504,8.928571,5.249035,82.57023,0.836751,0.68479
7629,1049,3,1,10,3,9,1,2,0,2,7,0,22,2,7,41.5,0.04041,2.752654,3.266539,6.356877,0.579346,0.177994
8309,545,0,1,2,1,5,1,3,0,2,3,0,11,2,3,69.5,1.0,8.785654,6.40703,121.297143,0.71476,0.814673
3771,550,0,1,0,5,4,0,0,0,1,2,0,4,1,2,87.0,0.082753,1.060727,1.799297,0.317951,0.550784,0.182902
6397,811,0,4,5,0,6,0,2,1,0,1,0,13,1,1,70.5,0.428801,5.314991,3.931106,11.465263,0.483496,0.465083
12359,1090,2,1,4,5,4,0,2,1,0,2,1,10,1,3,73.5,0.924683,7.363055,6.646553,120.155322,0.661403,0.736567
3846,386,2,0,4,2,2,0,1,0,1,0,1,7,1,1,82.5,0.22836,3.120125,4.033382,4.760443,0.530846,0.356211
9328,678,0,1,5,0,3,1,1,1,2,4,0,10,3,4,68.0,0.88406,7.182676,6.077316,62.624551,0.785957,0.709704
11154,726,5,1,5,0,3,1,1,0,0,1,1,10,0,2,77.0,1.0,7.351623,6.776907,153.71941,0.823634,0.753662
16500,1327,0,0,14,3,3,2,2,0,3,2,3,21,3,5,44.5,0.192789,3.636364,4.057001,21.940946,0.9177,0.455041
5248,331,0,1,2,0,2,0,2,0,0,2,0,6,0,2,85.0,0.71797,6.859756,5.916097,105.422097,0.744984,0.674045
12649,1337,4,2,6,1,6,0,1,0,1,2,1,13,1,3,67.5,0.706109,3.162305,4.77277,11.218517,0.362136,0.447888
10572,800,4,2,8,0,4,0,2,2,2,7,0,14,4,7,53.5,0.30569,4.824064,4.978178,23.795828,0.996301,0.427135
5421,350,0,2,2,0,0,0,0,0,0,0,0,2,0,0,96.0,0.90725,7.747648,6.211408,202.631045,0.875575,0.784938
4500,300,1,0,0,0,1,0,0,0,0,0,0,1,0,0,98.0,1.0,9.777778,7.22738,89.403747,0.827318,0.852294
8894,1215,1,2,8,1,5,2,4,3,1,5,0,19,4,5,46.5,0.69036,3.822802,4.506766,4.357617,0.2819,0.409091
8627,550,0,1,3,0,1,0,0,0,1,4,1,4,1,5,82.5,0.909749,10.316448,6.736137,155.783369,0.876277,0.853632
9283,1002,3,1,8,4,7,1,3,1,2,3,1,19,3,4,50.0,0.042619,2.477647,2.976974,8.434149,0.140065,0.187646
4930,349,2,1,1,0,0,0,1,1,0,1,0,2,1,1,92.5,0.700393,5.070994,5.610744,36.277452,0.928455,0.67935
17408,1321,2,0,5,2,3,2,1,0,1,3,2,11,1,5,68.5,0.767942,4.882812,6.341052,82.16721,0.686407,0.664666
5545,891,2,0,6,3,7,2,1,3,0,0,0,16,3,0,62.0,0.248192,3.606853,3.168289,1.450452,0.305307,0.216242
1986,300,0,0,0,1,2,1,0,0,1,1,0,3,1,1,90.5,0.168536,1.510574,3.128879,1.3e-05,0.577186,0.244468
1500,300,1,0,3,0,2,0,1,1,1,0,0,6,2,0,84.0,0.073447,3.333333,4.284338,0.18268,0.559931,0.3325
9561,1190,2,0,5,3,5,1,1,1,0,4,3,12,1,7,63.5,0.379548,2.405606,3.776555,10.521702,0.360086,0.406439
9323,993,2,1,7,1,5,2,2,0,0,4,0,16,0,4,62.0,0.021164,1.501663,3.407567,0.042435,0.427545,0.222289
5000,737,0,2,7,1,3,2,0,1,2,1,0,12,3,1,68.5,0.519546,3.4,4.886376,7.856877,0.352989,0.421418
2647,352,1,1,4,0,4,1,1,1,0,3,2,10,1,5,70.5,0.330828,3.400076,3.493677,1.912621,0.165796,0.284372
18000,1193,0,3,5,1,0,0,5,0,0,2,2,10,0,4,74.0,0.943171,6.444444,6.230573,84.076622,0.793696,0.772383
2600,346,1,0,3,0,3,0,0,0,1,0,1,6,1,1,84.5,0.534669,5.769231,5.593504,3.133616,0.213217,0.513248
14266,1043,1,2,11,3,6,0,3,1,1,2,0,20,2,2,53.0,0.314922,3.154353,4.812188,50.22622,0.946634,0.421703
8311,742,0,2,6,1,6,0,2,1,1,6,2,14,2,8,56.0,0.040872,2.887739,2.560913,2.623582,0.527042,0.20466
6302,775,1,0,5,2,2,0,1,0,1,1,1,8,1,2,79.0,0.529949,3.808315,4.317473,4.215343,0.191737,0.410132
9152,622,1,2,5,0,5,0,1,1,0,0,1,11,1,1,74.5,0.8812,7.648601,6.529566,126.899217,0.967386,0.823994
7278,902,0,0,4,0,2,0,1,0,0,1,1,7,0,2,83.0,0.638006,4.671613,4.478521,28.133726,0.271892,0.574765
13034,814,4,2,1,0,3,0,1,0,2,2,0,5,2,2,83.0,0.966278,7.058462,6.141521,346.074747,0.988235,0.782054
5227,759,1,0,13,2,8,0,4,0,0,4,1,25,0,5,42.5,0.942628,6.696002,6.520023,99.180641,0.734126,0.667144
6586,414,2,1,3,1,2,1,2,1,0,1,1,8,1,2,79.0,0.624054,9.565746,5.99529,40.437318,0.955924,0.696708
18000,1441,1,1,8,2,4,0,1,0,0,2,0,13,0,2,71.0,0.909392,8.944444,6.023725,316.949169,0.476575,0.777001
8520,1103,0,2,8,1,3,1,3,0,0,4,1,15,0,5,62.5,0.445542,3.638498,4.636859,31.057981,0.473005,0.540198
4500,301,0,0,0,1,0,0,0,0,0,1,0,0,0,1,98.5,0.9138,6.0,6.471897,13.743343,0.805195,0.702735
4500,300,1,0,2,0,1,0,0,1,0,0,0,3,1,0,92.0,1.0,8.666667,6.29128,160.264841,0.779389,0.824165
14967,1756,1,1,6,2,4,1,2,0,0,1,2,13,0,3,69.5,0.467526,4.342888,5.371502,41.215691,0.531424,0.553687
8394,1055,4,2,9,2,9,2,3,2,2,3,2,23,4,5,38.5,0.420674,5.599238,3.986424,16.760487,0.695142,0.41711
3530,417,0,2,0,0,2,0,2,1,0,3,0,4,1,3,85.5,0.221393,2.549575,3.714862,0.038117,0.474289,0.319436
10995,697,1,0,1,1,5,0,2,0,0,2,0,8,0,2,81.0,0.965216,9.549795,6.954024,427.172583,0.99896,0.818747
3294,405,2,3,3,5,3,0,2,3,1,2,0,8,4,2,73.0,0.123415,2.125076,2.986999,0.199016,0.1983,0.26291
7031,666,1,1,9,1,2,0,0,0,0,1,0,11,0,1,76.5,0.500028,5.404637,4.833238,85.399025,0.947561,0.545119
12736,1065,1,1,7,1,3,0,1,2,0,0,0,11,2,0,74.0,0.8863,5.339196,5.737848,76.137801,0.760558,0.70368
9082,721,6,1,10,3,9,0,2,0,1,4,0,21,1,4,50.0,0.467035,4.294208,5.253392,24.250532,0.854147,0.495336
9141,864,1,0,2,0,2,0,0,0,0,5,2,4,0,7,81.5,0.897951,6.016847,6.36534,23.127098,0.396681,0.65926
4601,659,1,2,4,2,3,1,1,0,1,3,0,9,1,3,75.5,0.620271,4.129537,4.78524,18.970584,0.377784,0.495514
8441,727,1,0,9,0,1,0,1,0,1,0,2,11,1,2,73.0,0.943607,8.648264,5.879106,40.626775,0.629124,0.703909
12612,1522,3,2,15,0,5,0,3,2,0,4,1,23,2,5,42.5,0.559202,4.043768,3.854714,14.009523,0.311928,0.429834
5000,788,0,0,8,0,6,2,2,0,0,0,0,18,0,0,64.0,0.577373,3.2,4.969554,12.12189,0.231892,0.470601
5885,666,0,1,5,0,1,0,0,0,0,4,0,6,0,4,82.0,0.454115,3.738318,4.613339,6.868149,0.407904,0.482611
2549,303,0,0,4,0,2,0,2,0,0,4,0,8,0,4,78.0,0.211955,3.138486,3.160167,0.149243,0.429374,0.21075
5961,772,2,0,8,0,1,0,0,1,0,4,1,9,1,5,72.5,0.660508,5.032713,4.548204,13.032191,0.387275,0.45155
5274,604,1,4,3,1,3,0,0,0,1,4,2,6,1,6,77.0,0.111694,3.981797,3.507366,4.080941,0.677435,0.337604
16500,1815,1,1,4,0,4,1,4,1,1,6,2,13,2,8,58.0,0.543881,5.151515,4.320567,44.846055,0.305542,0.488938
1894,303,0,1,5,0,2,1,0,2,0,0,1,8,2,1,78.5,0.204404,3.695882,2.324291,1.378432,0.411493,0.284117
6546,706,0,0,7,1,1,1,1,2,0,4,1,10,2,5,68.5,0.581194,4.277421,4.994426,6.636255,0.409746,0.428407
11247,702,1,0,7,0,2,2,2,0,0,1,0,13,0,1,72.5,0.971765,6.312795,7.624695,170.118425,0.792994,0.727565
7984,535,1,0,6,2,4,2,2,1,0,0,1,14,1,1,68.5,0.85789,7.51503,6.238515,76.954404,0.818429,0.725809
8260,941,1,1,18,4,14,3,2,1,1,5,2,37,2,7,11.5,0.816563,6.779661,5.916773,233.020082,0.832782,0.666325
11700,1206,4,1,6,1,3,2,8,0,0,3,0,19,0,3,57.5,0.412845,3.675214,4.296103,22.291442,0.393969,0.428266
8854,1055,3,0,5,0,3,1,2,0,1,1,0,11,1,1,74.5,0.688658,3.840072,4.853998,26.215212,0.224678,0.517594
13594,849,0,0,3,0,1,0,1,1,1,2,0,5,2,2,83.0,0.796989,6.179197,5.779397,222.955631,0.924887,0.689322
3952,534,1,1,4,0,3,0,0,1,0,3,0,7,1,3,79.5,0.098505,4.301619,3.467062,1.910526,0.619813,0.361912
4178,475,2,0,2,1,0,1,1,0,0,1,1,4,0,2,89.0,0.682544,5.265677,4.638512,10.696035,0.602739,0.610816
3942,659,1,1,8,1,2,1,2,0,1,4,0,13,1,4,66.0,0.100284,2.029427,3.429321,0.179491,0.40881,0.22012
4507,600,1,1,6,1,3,0,0,1,0,3,0,9,1,3,75.5,0.675835,2.884402,4.552626,3.516667,0.198487,0.409959
3142,342,2,1,7,0,9,0,2,0,1,4,1,18,1,5,54.5,0.934455,8.593253,6.094793,57.84062,0.763025,0.678341
6523,782,0,0,6,3,7,2,3,2,0,2,1,18,2,3,55.5,0.727643,5.059022,4.622328,8.091665,0.382859,0.412263
9636,1051,4,3,12,3,7,2,6,1,0,1,1,27,1,2,41.0,0.589664,4.669988,4.261655,13.777388,0.136198,0.424804
16107,1750,3,1,11,3,5,2,3,2,1,5,0,21,3,5,44.5,0.675334,4.966785,4.726008,33.610883,0.561348,0.50462
4735,542,1,4,5,1,4,2,1,0,0,2,0,12,0,2,73.0,0.665951,5.491024,4.881319,17.625576,0.018672,0.51152
10451,719,3,0,4,1,5,1,1,0,0,6,0,11,0,6,69.0,0.983868,7.559085,6.146531,100.716711,0.780024,0.705409
4539,559,1,2,6,2,1,0,0,1,1,2,0,7,2,2,79.0,0.606258,5.287508,4.559911,25.262748,0.190808,0.542117
4312,341,1,0,0,2,1,0,0,0,1,0,0,1,1,0,96.0,0.664777,4.87013,5.064145,20.491589,0.744083,0.589836
10278,698,2,0,2,1,3,0,0,0,1,2,1,5,1,3,83.5,0.818122,7.102549,5.856254,149.806561,0.952626,0.702761
2309,300,1,3,5,0,4,1,0,0,1,0,0,10,1,0,78.0,0.177727,3.031615,2.09597,0.208362,9.6e-05,0.154823
3827,333,2,0,1,0,0,0,0,0,1,1,0,1,1,1,94.5,0.039249,1.567808,3.159724,2.967797,0.188578,0.277492
4644,578,1,0,1,1,1,0,0,1,0,2,0,2,1,2,91.0,0.410423,4.091301,4.3612,7.401884,0.504912,0.412736
3130,406,1,1,4,0,5,0,2,0,1,3,0,11,1,3,71.5,0.188415,1.916933,3.416002,4.477606,0.038044,0.265043
12565,928,1,0,5,2,4,1,2,0,2,1,0,12,2,1,70.5,0.848787,5.1731,6.083731,88.993772,0.673298,0.680068
18000,1125,1,2,7,1,5,0,2,2,0,0,0,14,2,0,68.0,0.90877,9.555556,6.979514,765.481741,0.976133,0.77
2200,300,1,0,3,0,1,1,0,0,0,2,0,5,0,2,87.0,0.123196,3.636364,4.874074,1.580396,0.739471,0.33864
7169,683,2,0,4,2,6,1,2,3,1,4,2,13,4,6,57.0,0.614316,6.556005,4.038417,16.469184,0.924176,0.555888
5337,525,0,1,9,0,3,1,2,1,1,2,0,15,2,2,63.0,0.423334,2.997939,3.952894,9.929826,0.235514,0.411897
13035,929,3,2,4,2,3,0,1,0,0,2,0,8,0,2,81.0,0.915382,8.055236,5.407519,242.997712,0.48022,0.82041
8555,646,2,2,4,2,3,1,2,2,2,2,0,10,4,2,69.0,0.484967,4.792519,4.836183,24.64301,0.943297,0.506939
18000,1778,2,2,6,1,4,0,3,2,0,1,1,13,2,2,67.0,0.928453,8.277778,5.169786,101.418518,0.362291,0.678198
4283,526,1,2,8,0,4,2,1,1,1,0,0,15,2,0,66.0,0.177758,1.86785,3.287534,3.379567,0.464587,0.333492
10873,1003,0,0,8,0,3,0,0,1,0,2,0,11,1,2,73.0,0.754214,6.254024,5.458435,129.381363,0.575071,0.655914
3147,300,0,1,3,1,1,1,0,1,0,2,0,5,1,2,85.0,0.441759,6.037496,4.563265,9.108445,0.934362,0.506
5135,531,1,1,12,0,4,0,2,1,0,4,0,18,1,4,56.0,0.792124,7.984421,5.785162,70.70239,0.890854,0.685054
2745,348,2,1,1,0,0,0,0,0,0,0,0,1,0,0,98.0,0.194967,1.457195,2.041143,0.017333,0.134915,0.278248
16500,1884,2,3,2,2,8,0,6,0,0,6,0,16,0,6,59.0,0.453841,3.878788,3.82762,29.846873,0.307851,0.416028
6850,771,1,0,5,0,2,2,1,2,0,5,1,10,2,6,67.0,0.050403,1.021898,2.437848,0.725733,0.53263,0.242495
16500,1148,0,2,7,2,1,0,1,1,1,8,2,9,2,10,63.0,0.857619,4.242424,5.672542,29.355767,0.17119,0.581538
6050,814,3,0,5,2,5,0,3,1,0,5,1,13,1,6,63.0,0.609758,3.801653,4.883482,52.059502,0.330581,0.566318
11261,827,2,3,7,0,2,0,2,0,0,3,0,11,0,3,73.5,1.0,7.015363,6.80561,57.450115,0.703056,0.800983
3288,399,1,1,3,1,1,0,1,1,0,4,0,5,1,4,82.0,0.170035,3.041363,2.805155,0.441591,0.34089,0.227959
3462,479,0,0,5,0,2,1,0,0,1,2,0,8,1,2,79.0,0.336457,3.755055,4.112945,11.437743,0.377342,0.415798
4590,635,2,2,5,4,3,1,1,1,0,3,0,10,1,3,73.5,0.035707,2.178649,2.143712,0.799174,0.612272,0.188351
5378,712,0,1,5,0,3,0,2,2,0,2,0,10,2,2,73.0,0.171992,4.648568,3.381075,2.505653,0.552781,0.270035
3200,300,1,1,4,0,2,0,1,0,0,0,0,7,0,0,86.0,0.556759,4.6875,3.008406,5.976471,0.067027,0.421602
7450,1065,3,2,12,2,17,1,2,2,0,4,1,32,2,5,24.5,1.0,11.946309,7.284693,431.429127,0.957051,0.795941
15512,1846,4,1,8,3,3,1,2,0,1,5,0,14,1,5,62.5,0.642208,4.7705,4.344094,22.187648,0.236031,0.503998
9058,873,1,1,4,0,2,0,3,1,1,3,0,9,2,3,73.5,0.673204,4.526386,5.229923,29.734385,0.410527,0.554029
7470,979,1,3,9,0,5,1,1,4,4,4,0,16,8,4,46.0,0.129845,1.740295,2.73999,1.721831,0.031429,0.161401
10560,1035,0,0,7,3,3,0,6,3,0,1,0,16,3,1,60.5,0.482445,3.125,4.244429,6.793386,0.204254,0.446304
16500,1238,2,0,9,0,1,1,5,0,2,6,0,16,2,6,55.0,0.574778,5.030303,5.359958,29.270657,0.712152,0.617819
9988,2161,5,1,21,3,19,1,6,1,1,6,2,47,2,8,0.0,0.944312,8.810573,6.536566,380.705632,0.692085,0.722532
3268,473,1,1,6,0,1,0,1,1,2,4,0,8,3,4,72.0,0.307865,3.365973,2.294481,0.000156,0.072636,0.247855
2200,340,1,0,5,1,3,0,2,0,0,1,0,10,0,1,78.5,0.212119,3.636364,4.280854,1.909506,0.301429,0.273027
11454,1255,2,0,11,1,5,0,2,0,1,4,2,18,1,6,53.0,0.553504,4.016064,4.563731,30.772992,0.410805,0.47969
7082,594,0,2,5,2,6,0,1,0,2,3,1,12,2,4,66.0,0.784184,4.236091,5.037253,24.988288,0.123244,0.581823
7550,996,1,1,10,0,4,0,3,0,0,3,1,17,0,4,60.0,0.585308,4.635762,3.556367,12.079334,0.318392,0.451217
3925,360,1,1,0,0,0,0,0,0,0,1,0,0,0,1,98.5,0.484955,4.585987,3.56446,11.806548,0.633268,0.522241
3499,315,0,0,4,2,1,0,2,0,0,1,0,7,0,1,84.5,0.432632,4.572735,3.497981,1.854852,0.389091,0.449155
16236,1431,3,3,8,1,4,2,0,2,1,1,0,14,3,1,64.5,0.439155,3.449125,3.495377,23.935324,0.057838,0.452992
7795,789,4,1,6,2,2,1,4,1,2,2,1,13,3,3,63.5,0.385294,4.490058,4.341642,21.944363,0.704772,0.480707
13856,1578,3,1,11,3,5,1,2,0,1,3,1,19,1,4,54.0,0.704956,4.258083,4.708417,26.246542,0.362219,0.533782
8099,746,1,3,9,2,7,0,3,2,4,5,1,19,6,6,41.0,0.495154,2.839857,4.294251,7.774298,0.219756,0.417949
3123,454,1,0,2,2,4,0,2,0,0,1,0,8,0,1,82.5,0.467807,4.803074,5.031203,6.729876,0.589012,0.40136
6374,781,3,0,2,2,3,1,1,3,0,5,0,7,3,5,72.5,0.049815,3.451522,3.819952,1.825337,0.404824,0.300594
4086,517,2,0,9,1,5,0,1,2,1,4,0,15,3,4,58.0,0.219566,3.426334,4.347587,4.765881,0.788827,0.270058
3296,407,1,1,3,0,4,0,0,0,0,1,0,7,0,1,84.5,0.128733,1.213592,3.203335,0.088088,0.376284,0.240147
16500,1825,3,3,13,1,6,0,5,2,0,3,0,24,2,3,43.5,0.793796,4.060606,4.555349,44.321856,0.367801,0.441316
6109,511,1,1,3,4,4,0,4,2,0,3,0,11,2,3,69.5,0.052698,2.619087,2.790825,0.218964,0.091807,0.215859
3555,507,0,0,3,1,4,0,1,0,2,0,0,8,2,0,80.0,0.137914,3.094233,4.360016,1.555695,0.512468,0.344059
3215,449,1,1,3,0,5,0,0,0,0,5,1,8,0,6,75.0,0.874346,9.33126,6.228205,58.651175,0.758965,0.735468
9562,597,2,0,5,1,4,0,3,0,0,3,1,12,0,4,70.0,0.925692,6.170257,6.619886,109.325637,0.629803,0.740482
15677,1309,1,1,11,1,6,0,5,0,1,3,1,22,1,4,48.0,0.756581,5.230593,6.012803,73.913622,0.874502,0.586561
15000,2034,2,3,18,2,11,1,4,1,1,7,1,34,2,8,16.0,0.52224,4.6,4.66531,17.46097,0.369866,0.42345
10498,876,1,0,6,2,6,0,0,0,0,3,1,12,0,4,70.0,0.491174,4.381787,5.143548,22.07819,0.715131,0.506282
17976,1210,3,1,5,3,2,1,2,1,0,1,2,10,1,3,73.5,0.979598,8.733867,6.435081,124.438497,0.679599,0.741506
5565,875,0,3,5,2,7,1,3,3,1,5,0,16,4,5,52.5,0.046437,0.718778,3.211047,0.253092,0.364486,0.107555
8214,915,4,0,9,1,2,2,3,1,0,2,0,16,1,2,63.0,0.224962,3.408814,3.680964,8.63118,0.417759,0.376021
8716,619,0,0,4,0,5,0,1,1,0,2,1,10,1,3,73.5,0.649116,5.27765,5.108472,18.577595,0.256554,0.487453
12679,1257,2,1,3,1,4,0,2,2,1,2,3,9,3,5,68.5,0.858263,6.230775,5.469733,43.245607,0.588167,0.680953
5984,645,4,2,9,3,3,1,2,3,3,2,0,15,6,2,55.0,0.177062,1.504011,3.668689,0.663524,0.020062,0.128139
7288,1513,1,0,10,2,7,1,1,1,0,3,0,19,1,3,55.5,0.103647,2.332602,3.155334,5.731904,0.536082,0.310124
3750,380,4,0,3,1,1,0,3,1,1,1,0,7,2,1,80.5,0.153918,3.466667,2.878707,4.843717,0.321568,0.362227
16500,1148,2,0,7,1,2,2,2,0,0,4,2,13,0,6,65.0,0.371228,4.727273,4.745986,46.249347,0.960482,0.584798
7181,1113,2,2,20,2,12,0,2,1,3,3,2,34,4,5,16.5,0.964666,10.026459,6.431834,292.487952,0.993406,0.793664
5676,436,1,0,5,1,4,0,1,1,1,0,0,10,2,0,76.0,0.782902,4.580691,4.632388,4.026681,0.007699,0.422051
6764,708,8,2,11,2,6,0,4,1,2,3,1,21,3,4,46.0,0.060246,2.661147,3.292437,11.246232,0.793836,0.234973
5516,613,3,2,1,0,8,2,1,0,1,1,1,12,1,2,71.0,0.160691,2.175489,3.897231,6.098022,0.439421,0.264661
6419,782,1,1,8,4,6,0,4,3,0,1,2,18,3,3,53.5,0.110669,0.62315,3.812859,6e-06,0.07035,0.169603
5184,606,4,0,10,1,4,1,3,0,2,4,1,18,2,5,52.5,0.031877,1.350309,2.978116,0.849834,0.183355,0.214829
4066,555,1,1,7,0,3,1,0,1,0,2,1,11,1,3,71.5,0.135971,2.45942,2.948916,5.777605,0.323933,0.324903
5160,410,0,2,2,1,4,0,1,0,0,1,0,7,0,1,84.5,0.676919,4.069767,4.523896,55.811083,0.652795,0.569446
4775,362,1,0,3,0,4,1,2,0,0,1,0,10,0,1,78.5,0.84638,7.958115,6.109844,80.026172,0.82206,0.728767
6489,651,1,1,4,3,4,1,1,1,0,4,1,10,1,5,70.5,0.192611,1.232856,2.823487,2.195221,0.439596,0.307326
4302,451,4,0,2,1,1,0,0,0,1,2,0,3,1,2,89.0,0.112143,2.55695,3.670869,4.340294,0.50692,0.325312
6132,517,1,2,8,1,1,2,1,0,5,2,2,12,5,4,60.0,0.151451,0.978474,3.552196,0.151899,0.073076,0.177276
5083,584,0,0,4,0,2,0,2,0,2,1,1,8,2,2,77.0,0.38546,6.098761,3.509232,10.107257,0.422175,0.447755
3538,408,1,0,0,0,2,0,1,0,0,0,0,3,0,0,94.0,0.717504,4.804975,5.009899,12.871653,0.436638,0.611957
14562,910,5,1,9,2,0,1,1,0,0,3,0,11,0,3,73.5,0.885129,6.249142,5.736346,337.37533,0.661573,0.666337
7240,452,0,1,2,2,1,0,1,0,0,0,0,4,0,0,92.0,0.969325,7.734807,5.697032,161.661796,0.848846,0.790665
3200,420,1,0,0,0,2,0,1,0,0,1,1,3,0,2,91.0,0.405395,3.125,4.310002,2.099727,0.264864,0.404791
11000,1540,8,2,14,5,11,3,5,1,1,7,0,33,2,7,19.5,0.154731,1.727273,2.253652,1.542035,0.346836,0.183176
3824,551,3,0,9,0,4,1,1,1,0,2,1,15,1,3,63.5,0.093877,1.830544,1.893659,0.854061,0.526997,0.192537
8388,1037,2,1,5,0,10,1,1,0,2,0,0,17,2,0,62.0,0.675064,4.887935,4.679064,23.613928,0.523388,0.573215
8438,933,3,2,3,2,3,0,0,0,0,4,0,6,0,4,82.0,1.0,6.399621,5.525131,230.516769,0.316982,0.722096
2800,356,1,1,5,0,3,0,1,0,0,1,0,9,0,1,80.5,0.735725,7.5,5.867193,78.385718,0.856634,0.660635
5825,958,2,1,5,3,7,0,1,1,3,1,0,13,4,1,64.5,0.714247,3.776824,3.929123,13.171104,0.271016,0.482993
6458,604,1,0,3,0,0,0,3,1,0,1,1,6,1,2,83.0,0.715531,4.800248,5.049509,17.496268,0.354555,0.615113
5527,454,0,0,2,0,1,0,1,0,0,1,0,4,0,1,90.5,0.802662,7.779989,5.908994,72.98564,0.615142,0.693261
6225,734,3,1,6,1,6,1,4,2,1,5,1,17,3,6,51.0,0.318611,2.409639,3.720839,0.828348,0.034648,0.266691
15000,2064,7,2,15,5,14,3,6,1,3,11,0,38,4,11,0.0,0.702518,3.466667,4.265453,22.205211,0.265735,0.450029
8383,523,0,0,5,2,0,0,1,0,0,1,2,6,0,3,83.5,0.795797,5.845163,7.216504,54.479742,0.850066,0.692098
4275,541,0,0,3,1,2,0,2,1,2,1,0,7,3,1,78.5,0.079142,5.146199,2.996428,0.877911,0.295128,0.342782
2200,300,0,1,1,0,1,0,1,0,1,0,0,3,1,0,92.0,0.162659,4.090909,3.045295,5.203419,0.334467,0.324544
7246,734,1,1,6,0,7,1,2,0,2,4,0,16,2,4,58.0,0.675572,8.694452,5.488005,47.566397,0.649692,0.592954
6665,688,2,3,5,3,2,1,1,0,0,3,0,9,0,3,77.5,0.160719,1.950488,2.708768,4.096567,0.43609,0.262002
6662,801,2,0,7,1,4,1,2,1,0,5,2,14,1,7,59.5,0.549879,4.353047,5.466726,18.603666,0.665566,0.584378
13000,1467,1,5,5,2,9,1,2,1,2,6,1,17,3,7,49.5,0.055838,2.384615,2.680891,1.776688,0.625021,0.28931
11000,1776,3,3,13,4,7,0,6,1,2,7,1,26,3,8,30.0,0.19515,2.0,3.788018,7.583613,0.460019,0.223027
5377,523,0,0,2,1,1,2,1,0,0,6,1,6,0,7,77.5,0.22258,2.975637,3.483196,1.92803,0.629602,0.300243
15154,1247,4,1,5,0,6,1,5,1,1,2,1,17,2,3,57.5,0.367553,3.299459,3.635836,26.700764,0.261177,0.402561
6924,1129,1,1,4,2,6,1,3,0,0,2,1,14,0,3,67.5,0.030181,1.877527,4.262413,5.189676,0.601764,0.320011
5259,728,2,0,5,3,5,1,0,1,0,1,3,11,1,4,70.0,0.489903,5.704507,4.453925,5.085591,0.485352,0.483771
3392,483,0,0,3,0,0,1,1,0,1,2,1,5,1,3,83.5,0.0,1.179245,1.956691,2.829956,0.195685,0.202468
13569,848,2,1,4,1,3,0,3,0,0,1,0,10,0,1,78.5,0.787219,5.6747,5.81868,29.558148,0.735279,0.727009
6144,384,0,0,2,1,2,2,1,1,0,2,0,7,1,2,81.0,0.792749,7.8125,6.495968,43.267503,0.837217,0.694727
9628,818,3,0,9,1,5,1,2,2,1,4,0,17,3,4,54.0,0.066445,1.765683,2.802455,0.493206,0.197086,0.205007
6079,397,2,0,4,2,0,1,1,1,1,0,0,6,2,0,84.0,0.298693,5.593025,4.407554,39.676493,0.900632,0.507783
2862,300,0,0,1,1,3,0,1,0,1,3,0,5,1,3,83.5,0.082613,1.74703,2.26551,0.025725,0.02586,0.199525
3200,380,2,0,2,1,1,0,1,0,0,0,0,4,0,0,92.0,0.672833,3.75,4.501202,2.129806,0.196664,0.446477
16519,1032,0,0,3,1,2,0,0,0,1,1,2,5,1,3,83.5,0.706162,5.569344,5.110189,56.175079,0.718415,0.677827
14407,1633,3,2,12,5,9,0,2,2,3,3,0,23,5,3,39.5,0.55357,3.886999,4.26316,18.571935,0.380914,0.438741
4819,645,4,0,5,0,0,1,0,0,0,3,1,6,0,4,82.0,0.656287,5.602822,5.060367,13.115395,0.255191,0.568763
8827,1135,1,1,18,1,14,0,3,2,1,6,3,35,3,9,10.5,0.93799,8.949813,5.566144,243.43596,0.595096,0.705212
3714,429,1,0,5,0,3,1,0,1,3,0,0,9,4,0,74.0,0.082757,1.88476,2.949077,1.931607,0.699256,0.235571
13000,1603,2,3,7,3,10,2,5,2,2,4,1,24,4,5,36.5,0.301651,4.076923,4.464562,10.882187,0.579687,0.351025
2600,300,1,1,2,0,2,1,0,0,0,0,0,5,0,0,90.0,0.567371,4.615385,4.869652,9.134931,0.658224,0.551254
10024,1373,1,1,11,2,5,0,2,0,2,7,2,18,2,9,46.5,0.291182,2.194733,2.801628,3.948322,0.173269,0.261372
4882,648,1,1,3,0,3,0,1,0,0,2,0,7,0,2,83.0,0.655739,4.916018,5.939971,25.602062,0.504173,0.556907
18000,1331,1,0,4,1,6,0,7,1,0,6,3,17,1,9,50.5,0.985874,8.333333,7.152337,130.837876,0.860114,0.762894
8916,774,2,1,2,2,0,0,0,0,0,3,0,2,0,3,91.5,0.532995,4.149843,4.847996,31.742905,0.380876,0.434555
5292,912,1,0,13,1,4,2,3,0,0,5,0,22,0,5,48.5,0.856536,6.802721,4.961069,120.814169,0.6705,0.669241
8979,961,0,0,3,2,8,0,1,1,1,2,0,12,2,2,69.0,0.707063,3.897984,5.210425,15.837001,0.359285,0.438238
10362,731,0,2,6,4,7,2,1,1,0,1,1,16,1,2,63.0,0.412699,2.895194,5.131587,21.551529,0.958906,0.470025
12221,832,0,0,8,0,1,0,5,1,0,1,1,14,1,2,67.0,0.919252,5.809672,6.254992,81.516831,0.588216,0.651392
8777,738,0,0,5,0,3,1,2,0,0,2,0,11,0,2,75.0,0.907185,7.063917,5.964674,71.552361,0.657758,0.650227
4500,300,2,1,0,0,0,0,0,0,1,1,0,0,1,1,96.5,0.764344,4.888889,5.481393,42.110572,0.832107,0.772088
12216,849,5,0,5,4,3,1,1,0,1,2,0,10,1,2,75.0,0.833448,8.267845,6.258739,116.699316,0.806571,0.715095
4956,568,0,0,5,1,2,1,0,0,0,1,0,8,0,1,82.5,0.322755,3.833737,3.635362,9.606856,0.398211,0.425198
5742,622,1,0,2,1,1,0,0,0,0,1,0,3,0,1,92.5,0.848527,6.443748,4.756021,11.818392,0.420541,0.626059
5073,611,2,0,4,0,6,0,0,0,0,0,0,10,0,0,80.0,0.564417,5.716539,5.112975,26.409165,0.740087,0.638914
2495,374,0,1,3,0,1,1,0,0,1,1,0,5,1,1,86.5,0.074065,5.210421,3.365122,1.846461,0.598466,0.376955
8181,527,1,0,1,0,6,0,0,1,0,2,1,7,1,3,79.5,0.922098,10.389928,6.383554,288.013444,0.897982,0.795493
7879,909,2,1,8,1,5,1,6,0,2,6,1,20,2,7,45.5,0.27892,2.411474,4.101778,10.042378,0.511649,0.267404
16674,1118,0,1,8,1,4,0,1,0,0,2,1,13,0,3,69.5,1.0,8.876095,6.11955,208.568581,0.732656,0.814024
7297,892,1,0,4,0,1,0,2,1,1,2,1,7,2,3,77.5,0.773615,3.700151,4.792256,6.043955,0.213664,0.481985
3427,300,1,2,5,1,4,0,4,0,0,1,0,13,0,1,72.5,0.041693,2.334403,2.386317,3.43812,0.572298,0.261616
2800,469,0,0,2,0,4,1,1,1,0,1,0,8,1,1,80.5,0.843525,9.642857,5.481917,96.425013,0.676404,0.758855
8045,1205,3,2,11,0,6,3,0,3,2,2,3,20,5,5,42.5,0.644448,6.21504,4.925578,42.045393,0.53369,0.498585
10290,1180,1,1,16,1,5,1,0,1,2,9,1,22,3,10,35.0,0.45583,5.63654,3.864706,21.836993,0.609329,0.499375
2127,308,0,1,1,1,4,0,2,0,0,6,0,7,0,6,77.0,0.036146,2.350729,1.587178,0.325648,0.389811,0.19471
13914,1544,2,0,7,1,9,0,2,0,1,1,1,18,1,2,59.0,0.912195,7.330746,6.514473,80.766906,0.399978,0.742409
18000,1125,1,0,3,2,3,3,2,0,0,0,2,11,0,2,75.0,0.836642,7.0,6.792838,164.433289,0.963536,0.716667
6590,431,1,0,2,1,3,0,0,0,0,1,2,5,0,3,85.5,0.703355,3.945372,5.12817,27.657298,0.843155,0.708088
6338,459,2,0,1,0,4,1,1,1,1,2,0,7,2,2,79.0,1.0,9.782266,6.296011,261.867795,0.929974,0.813929
4714,630,0,0,4,0,1,0,1,0,2,1,0,6,2,1,82.5,0.637099,4.242681,4.47492,21.057742,0.257341,0.493624
3200,300,1,1,2,0,2,0,0,0,0,1,0,4,0,1,90.5,0.435387,2.8125,4.219582,4.198911,0.865417,0.490474
18000,1815,1,0,2,1,3,2,0,0,0,5,0,7,0,5,78.5,0.784495,6.777778,4.653866,134.667191,0.603147,0.659282
3892,473,1,2,3,3,0,0,2,1,0,1,1,5,1,2,85.0,0.316239,2.569373,1.91484,0.103802,0.541193,0.328544
11424,714,1,1,4,0,2,2,1,0,1,1,1,9,1,2,77.0,0.866425,5.077031,5.947032,243.434237,0.877905,0.665377
5255,632,0,2,8,0,4,1,0,0,2,2,1,13,2,3,65.5,0.397899,5.899144,3.75086,4.092079,0.74364,0.458102
4640,658,1,1,2,1,3,0,3,1,0,2,3,8,1,5,74.5,0.414806,5.172414,4.174631,5.291779,0.198508,0.36703
13473,1050,1,0,4,2,1,0,1,1,0,0,0,6,1,0,86.0,0.69918,6.234692,4.799018,135.981647,0.646599,0.650543
4156,575,2,0,6,0,3,0,2,1,0,4,0,11,1,4,70.0,0.039023,1.443696,2.861946,0.122221,0.035001,0.192633
9853,791,1,0,6,4,5,0,0,1,1,7,1,11,2,8,62.0,0.378429,4.770121,4.905923,43.849503,0.994539,0.520691
7665,628,0,1,5,0,2,1,2,0,0,3,1,10,0,4,74.0,0.596283,3.131115,4.797229,17.528895,0.819878,0.453075
3030,526,1,0,4,0,0,0,1,2,0,2,0,5,2,2,83.0,0.18617,2.640264,2.804412,0.091658,0.302832,0.242235
6874,753,0,0,2,0,4,2,1,1,0,2,0,9,1,2,77.0,0.451646,2.909514,3.622509,3.898345,0.365913,0.434083
8303,892,2,1,4,1,3,1,1,0,0,1,0,9,0,1,80.5,0.57031,4.335782,4.700694,38.05546,0.293944,0.525116
10963,983,1,2,3,0,6,0,0,1,2,3,0,9,3,3,71.5,0.598188,4.287148,4.509346,14.762497,0.701385,0.458783
11000,1520,4,3,7,0,7,2,6,4,1,7,2,22,5,9,32.5,0.058411,2.181818,2.746111,2.399478,0.187853,0.192619
6175,385,0,0,2,0,0,0,1,0,0,2,0,3,0,2,91.0,0.638225,5.506073,5.174266,29.129782,0.967805,0.702794
8684,1974,2,1,14,1,10,1,3,1,2,4,0,28,3,4,32.0,0.038512,1.842469,3.417582,1.263214,0.480028,0.248919
5451,810,1,1,7,2,8,0,4,0,0,0,0,19,0,0,62.0,0.171527,3.485599,3.701793,7.095829,0.642685,0.377013
6587,808,1,2,9,1,5,1,3,0,0,4,1,18,0,5,56.5,0.458619,3.947169,4.027386,18.970007,0.637017,0.423537
5215,388,1,0,2,1,0,0,0,0,1,1,1,2,1,2,91.0,0.251962,4.2186,5.482381,9.356427,0.915278,0.435091
8734,1006,2,0,7,2,9,1,1,1,1,4,2,18,2,6,51.0,0.53401,3.778338,4.96169,17.971698,0.412784,0.434182
2642,369,0,0,0,0,0,0,0,1,2,0,0,0,3,0,94.0,0.135288,3.785011,3.75149,1.682702,0.431877,0.323512
4604,620,0,1,4,0,2,0,6,0,0,2,1,12,0,3,71.5,0.0,1.303215,2.804169,1.239019,0.586297,0.231522
4500,417,1,0,0,0,0,0,0,0,0,0,0,0,0,0,100.0,0.857285,6.444444,5.76166,37.40247,0.398119,0.711339
9558,640,1,1,7,2,2,1,5,0,0,1,1,15,0,2,67.0,0.948181,7.114459,6.430693,96.892923,0.553025,0.684999
12582,805,1,1,9,1,4,0,1,0,2,1,1,14,2,2,65.0,0.792548,8.106819,5.222442,81.168992,0.833478,0.679195
5733,574,2,2,7,1,3,1,3,3,1,6,1,14,4,7,53.5,0.286541,2.442002,3.690516,5.585407,0.04323,0.234549
12616,930,3,0,17,5,5,3,1,3,1,4,1,26,4,5,32.5,0.484945,5.072923,4.782195,13.240972,0.892344,0.512065
6829,716,2,1,5,1,7,0,2,0,0,4,0,14,0,4,66.0,0.744657,7.321716,4.815877,24.945443,0.053598,0.572198
8450,1094,3,1,19,2,10,0,4,0,1,3,2,33,1,5,24.5,0.951456,8.16568,5.739931,199.589194,0.81766,0.657556
3200,322,0,0,1,1,1,0,0,0,0,2,1,2,0,3,91.5,0.794264,4.6875,5.513327,4.553594,0.233889,0.529307
8705,851,1,0,1,2,2,3,3,2,0,8,2,9,2,10,63.0,0.099485,1.033889,2.340303,0.204448,0.052904,0.181078
6805,1282,2,0,7,2,4,1,2,1,0,2,1,14,1,3,65.5,0.225678,1.763409,4.719834,4.809137,0.472846,0.330671
3720,444,0,0,3,0,3,1,1,0,0,1,1,8,0,2,81.0,0.527204,3.225806,5.296539,3.212524,0.464554,0.445108
9714,1254,2,6,8,2,9,1,0,3,2,5,1,18,5,6,45.0,0.258716,3.294215,3.356351,2.12746,0.513463,0.296173
6068,801,2,1,4,3,5,1,1,1,0,2,0,11,1,2,73.0,0.646287,4.943968,5.262266,26.251042,0.382138,0.621471
9045,874,3,0,8,4,4,0,0,0,0,1,0,12,0,1,74.5,0.499188,3.758983,4.858152,11.568688,0.609801,0.444187
4111,616,0,2,3,1,3,1,0,0,0,3,2,7,0,5,78.5,0.16405,2.432498,3.408563,6.996104,0.689406,0.333829
10091,918,4,3,11,0,6,3,0,0,2,4,1,20,2,5,48.5,0.097082,2.576553,3.263321,5.853993,0.762115,0.218017
3849,577,4,0,5,2,5,0,1,2,0,3,0,11,2,3,69.5,0.152036,1.558846,3.098492,1.447438,0.17403,0.221277
1513,300,0,1,2,2,6,0,2,1,1,0,0,10,2,0,76.0,0.191657,0.660939,3.35726,0.0,0.062479,0.175123
12996,1330,3,0,4,3,1,0,2,1,1,6,2,7,2,8,70.0,0.617976,4.462912,4.103823,29.163543,0.320273,0.556191
5292,379,1,2,3,1,3,0,1,0,1,3,2,7,1,5,76.5,0.979771,11.148904,5.571493,90.140669,0.719259,0.80229
10260,780,1,1,5,4,4,0,3,1,0,1,1,12,1,2,71.0,0.598992,6.042885,4.738281,46.606425,0.995082,0.608489
11357,1941,3,4,16,6,20,1,6,4,1,3,0,43,5,3,0.0,0.957127,8.364885,5.336048,333.005773,0.421845,0.676063
16123,1156,1,4,4,2,2,0,1,0,2,5,0,7,2,5,74.5,0.969913,7.56683,6.220672,299.097343,0.815302,0.742261
6914,557,1,0,2,0,1,1,1,0,1,2,1,5,1,3,83.5,0.453986,4.194388,4.158564,15.027921,0.349145,0.430135
15131,1055,1,0,9,1,3,2,0,0,1,1,0,14,1,1,68.5,0.968113,5.287159,6.436271,65.099273,0.705555,0.678323
6312,660,1,0,3,2,6,1,2,1,2,1,1,12,3,2,67.0,0.195104,2.851711,2.102039,2.035676,0.270547,0.22084
17971,1690,0,2,5,2,5,1,1,2,3,5,0,12,5,5,58.5,0.923107,8.1242,5.466329,136.328655,0.591306,0.698629
3445,374,0,0,3,2,4,0,2,1,2,2,0,9,3,2,73.0,0.059197,2.03193,1.908895,0.042288,0.174345,0.188416
9611,891,2,2,8,1,4,1,2,1,2,3,0,15,3,3,59.5,0.820874,4.265945,5.566477,25.577642,0.010653,0.466996
11580,808,2,1,8,1,0,1,4,0,0,3,0,13,0,3,69.5,0.531628,4.92228,6.444,53.295325,0.971262,0.670722
5556,390,1,0,2,0,1,1,0,0,0,1,0,4,0,1,90.5,0.970817,6.839453,5.771092,54.871285,0.879473,0.74878
8414,990,0,1,5,0,3,2,4,1,0,2,1,14,1,3,65.5,0.703654,6.536725,6.006849,34.106429,0.350631,0.52983
3671,538,0,0,3,0,2,0,1,2,0,3,0,6,2,3,79.5,0.421823,4.08608,3.843596,4.804292,0.307033,0.426399
5493,688,1,0,8,1,1,0,2,0,0,4,0,11,0,4,72.0,0.349748,4.187147,3.845073,8.336668,0.563858,0.394669
11463,1691,3,1,14,1,9,1,1,1,2,0,2,25,3,2,41.0,0.597687,3.663962,4.014957,8.839701,0.329483,0.438771
4646,762,3,1,8,3,6,2,3,2,1,0,2,19,3,2,53.0,0.112044,4.950495,4.080538,5.061419,0.53298,0.361035
16500,2061,3,5,14,7,8,1,3,1,0,1,2,26,1,3,41.5,0.781087,5.878788,5.257271,38.949429,0.437594,0.596867
18000,1629,0,2,6,2,3,2,2,0,1,3,0,13,1,3,67.5,0.864816,6.722222,6.402547,203.79817,0.67256,0.655438
13000,1205,3,5,13,5,8,0,5,1,3,6,0,26,4,6,31.0,0.035614,1.307692,3.113399,0.50167,0.233235,0.129498
11371,735,0,0,4,0,3,0,3,1,0,2,0,10,1,2,75.0,0.871443,8.530472,5.986713,225.686337,0.773063,0.748886
2468,320,0,0,4,0,2,0,0,0,1,1,0,6,1,1,84.5,0.041643,2.836305,2.759893,0.072195,0.086922,0.247876
5562,554,6,2,3,0,3,0,2,0,0,4,1,8,0,5,76.5,0.530134,2.696872,2.517308,3.702916,0.03089,0.372927
8863,1040,2,0,6,0,5,4,0,0,0,3,0,15,0,3,65.5,0.153647,2.933544,4.247797,14.367782,0.574358,0.39611
6650,886,3,2,3,3,0,1,0,0,1,4,0,4,1,4,84.0,0.375913,2.857143,4.232582,13.080627,0.403016,0.402194
3856,431,0,0,13,3,1,4,1,1,0,2,1,19,1,3,55.5,0.553522,9.854772,5.322475,119.830408,0.937208,0.713944
1500,300,0,0,1,0,1,0,1,0,0,1,0,3,0,1,92.5,0.027996,3.333333,2.006543,0.539359,0.528653,0.29624
5086,377,3,0,2,0,4,0,3,0,0,2,0,9,0,2,79.0,0.499364,5.308691,3.538231,6.042242,0.911031,0.435642
10828,792,1,0,8,1,4,1,3,2,2,6,0,16,4,6,51.0,0.500219,5.26413,5.908687,35.399695,0.936983,0.559827
7297,722,1,1,3,1,1,2,4,2,0,0,1,10,2,1,74.5,0.061453,3.426066,2.771474,1.684102,0.4813,0.260163
12074,1453,1,1,8,2,4,1,1,0,0,2,1,14,0,3,67.5,0.844119,7.785324,6.309089,366.308343,0.558198,0.730421
12981,999,1,0,5,1,7,0,0,0,1,1,0,12,1,1,72.5,0.789775,7.549495,5.503705,79.4851,0.679232,0.691322
10830,947,0,2,3,0,3,0,1,0,0,1,0,7,0,1,84.5,0.964193,8.402585,5.708022,60.455311,0.340518,0.764076
14218,888,0,1,5,0,2,1,0,0,1,1,0,8,1,1,80.5,0.866091,6.330004,5.160262,63.241299,0.724465,0.657975
11731,1076,1,1,5,1,4,1,0,0,0,2,0,10,0,2,77.0,0.850308,6.05234,5.558977,126.684636,0.570803,0.663983
9957,1083,3,0,9,0,3,1,2,1,0,4,1,15,1,5,60.5,0.130075,2.510796,4.483442,7.977785,0.765437,0.341332
8102,548,0,1,4,0,3,0,0,1,1,0,0,7,2,0,82.0,0.996177,7.775858,6.874905,268.12576,0.9259,0.770304
5705,898,3,2,14,1,7,2,3,0,0,1,0,26,0,1,46.5,1.0,6.310254,6.214924,57.69265,0.97579,0.788966
7809,553,0,0,3,0,0,1,1,0,1,4,0,5,1,4,82.0,0.785159,5.506467,6.45866,55.717351,0.611428,0.72027
5522,549,2,2,9,2,3,2,2,0,0,0,0,16,0,0,68.0,0.15557,2.173126,3.693852,1.584769,0.748305,0.356621
2881,308,1,0,4,2,2,0,0,0,0,0,0,6,0,0,88.0,0.207333,3.471017,3.641872,0.41679,0.674586,0.325844
9682,814,1,2,7,3,4,2,0,0,0,1,1,13,0,2,71.0,0.587177,4.337947,5.09736,16.693458,0.060094,0.51445
10593,1106,2,1,4,0,1,1,4,1,0,2,0,10,1,2,75.0,0.842927,8.496177,6.106927,49.041105,0.557425,0.75051
5906,580,0,1,2,3,1,0,1,1,0,2,0,4,1,2,87.0,0.386154,3.217067,4.386044,9.345096,0.480556,0.436358
6665,860,1,0,6,1,2,1,2,1,1,1,0,11,2,1,72.5,0.382281,6.0015,3.920641,12.708453,0.25565,0.438515
10124,1081,1,2,13,3,6,0,3,1,2,9,2,22,3,11,33.5,0.373638,3.852232,4.290938,25.754089,0.779725,0.438749
8815,550,1,2,2,0,4,0,4,0,0,2,0,10,0,2,77.0,0.965334,7.487238,5.227687,65.960323,0.698889,0.710624
10993,1294,2,0,10,4,7,0,8,0,0,3,1,25,0,4,44.0,0.085217,2.910943,3.479061,7.615817,0.463185,0.318429
6178,788,1,0,2,0,4,1,3,0,1,5,0,10,1,5,70.5,0.255097,5.503399,3.9731,22.37561,0.640119,0.494568
6622,1215,1,0,9,2,7,0,0,5,3,3,0,16,8,3,47.5,0.105534,1.963153,2.7356,0.766505,0.495559,0.208507
3399,430,1,2,1,1,2,1,0,0,1,3,2,4,1,5,82.5,0.230609,5.001471,4.150197,11.674695,0.57245,0.435925
6503,670,1,1,7,1,3,1,1,1,1,0,2,12,2,2,69.0,0.70405,5.535907,4.929287,19.467027,0.684793,0.633074
9518,747,0,1,4,2,4,0,3,0,1,5,0,11,1,5,68.5,0.595703,7.879807,4.502336,36.840932,0.999478,0.613259
2312,301,0,0,3,0,1,0,1,0,0,1,0,5,0,1,88.5,0.197008,2.16263,3.430207,3.503823,0.300076,0.271945
5090,379,0,2,5,0,4,0,0,0,0,1,1,9,0,2,79.0,0.276927,5.500982,4.401799,14.198608,0.99098,0.424428
9386,1070,2,1,9,4,6,2,5,3,1,8,1,22,4,9,34.5,0.635275,3.622416,4.692478,18.659111,0.250884,0.421347
13266,1545,3,2,20,1,12,2,2,0,3,4,0,36,3,4,16.0,0.191951,3.467511,2.799375,21.186575,0.975787,0.422828
8887,1400,2,2,8,4,11,0,5,0,2,8,2,24,2,10,33.0,0.074087,1.462811,2.536412,1.500799,0.327898,0.182949
14358,967,1,0,3,1,5,1,0,1,1,4,1,9,2,5,70.5,0.935744,8.6363,5.694732,169.382403,0.998511,0.81858
13000,1486,1,1,14,4,8,1,3,1,1,7,0,26,2,7,33.5,0.066138,1.0,3.667658,2.138671,0.418501,0.142323
10802,1548,2,4,8,3,11,1,2,0,1,3,4,22,1,7,43.5,0.179813,2.406962,2.870829,7.29822,0.405372,0.310953
11172,1223,3,3,14,2,5,1,4,1,0,4,1,24,1,5,42.5,0.402092,4.296455,4.041218,38.765739,0.912153,0.496705
8836,811,2,0,14,0,2,0,4,0,1,1,1,20,1,2,55.0,0.451463,4.979629,4.662371,16.872553,0.266237,0.471573
13114,1555,4,2,2,0,6,1,4,1,1,0,1,13,2,1,68.5,0.475573,3.278939,4.291049,8.16967,0.32856,0.411496
3450,410,1,0,3,0,2,0,2,0,0,3,2,7,0,5,78.5,0.123994,1.15942,4.613977,1.042189,0.348527,0.333459
7934,1287,4,2,14,1,9,3,2,1,2,2,0,28,3,2,35.0,0.675448,4.285354,5.927366,12.184833,0.327081,0.539816
4243,656,1,0,2,2,5,0,2,2,1,5,0,9,3,5,68.5,0.060167,0.707047,1.291161,1.014688,0.201137,0.160035
5745,371,0,0,3,0,2,1,0,0,0,0,0,6,0,0,88.0,0.959289,7.484769,5.957036,55.964985,0.975467,0.742913
7861,529,0,1,5,1,4,0,0,0,1,2,1,9,1,3,75.5,0.250866,3.180257,4.102315,40.720841,0.948306,0.46981
4091,704,2,1,7,1,2,1,1,1,1,1,3,11,2,4,68.0,0.070724,4.644341,2.111602,0.576843,0.342232,0.223497
10449,1480,2,2,11,2,5,2,3,2,2,5,2,21,4,7,39.5,0.154677,3.062494,2.819826,3.325864,0.573638,0.321142
2561,319,1,2,4,1,1,1,2,1,0,2,1,8,1,3,77.5,0.220451,0.780945,2.967231,0.000133,0.329132,0.205162
1500,300,1,0,0,2,1,0,0,0,0,1,0,1,0,1,96.5,0.037577,0.666667,3.203235,0.311209,0.340465,0.250212
9405,939,3,1,16,2,8,2,2,0,1,7,1,28,1,8,30.0,0.599112,4.359383,5.202705,9.109037,0.203232,0.431534
4652,423,0,0,4,0,1,0,3,0,0,0,1,8,0,1,82.5,0.824537,8.813414,6.181227,27.28576,0.595532,0.804755
2574,470,1,0,2,0,4,1,0,0,0,0,0,7,0,0,86.0,0.181042,3.496503,4.534552,1.938011,0.247213,0.368465
13396,837,1,2,8,1,2,1,2,0,1,2,0,13,1,2,69.0,0.877022,8.211406,6.186433,96.937883,0.680413,0.787176
5540,458,2,0,1,0,3,0,1,0,1,4,1,5,1,5,80.5,0.519779,3.610108,4.87305,3.695033,0.071237,0.411842
2800,393,2,1,7,0,5,1,3,0,0,2,1,16,0,3,63.5,0.979747,10.357143,6.77322,133.179323,0.982113,0.834259
8444,763,2,3,10,1,6,0,2,0,1,4,0,18,1,4,56.0,0.298689,4.618664,4.26802,9.459379,0.855545,0.473644
7654,989,4,3,4,3,6,3,2,2,0,4,2,15,2,6,57.0,0.782578,7.055135,5.686362,185.020237,0.185005,0.629968
18000,1376,2,0,4,1,4,0,1,0,1,2,0,9,1,2,77.0,0.983768,5.444444,5.797986,250.365444,0.508958,0.663546
3823,433,2,1,2,1,5,1,2,0,1,3,0,10,1,3,73.5,0.106001,3.400471,2.889673,3.75564,0.742474,0.386639
9664,991,2,4,11,1,5,3,4,0,2,5,1,23,2,6,41.0,0.194644,1.241722,2.876187,0.524819,0.007453,0.143649
10482,800,3,1,6,1,6,1,2,3,3,0,0,15,6,0,58.0,0.711831,6.105705,5.771555,37.457896,0.80815,0.601891
5336,527,2,0,6,0,4,1,1,0,0,3,0,12,0,3,71.5,0.668603,7.121439,5.478781,27.761874,0.692236,0.589842
12039,1265,1,1,5,0,13,1,5,2,0,2,2,24,2,4,42.0,0.497871,4.319296,5.105485,22.84136,0.603688,0.474639
13899,931,1,1,8,1,4,1,4,0,0,4,0,17,0,4,60.0,0.692919,8.345924,5.406012,105.450805,0.969117,0.682832
6916,642,1,1,5,1,4,2,0,0,0,2,0,11,0,2,75.0,0.683784,4.337767,4.666451,9.49329,0.651467,0.438476
13640,1553,1,2,3,2,8,1,2,1,0,3,0,14,1,3,65.5,0.442513,4.472141,4.409283,25.46236,0.263096,0.429907
2879,455,1,0,3,2,3,0,1,4,0,1,1,7,4,2,75.0,0.060193,1.389371,3.482645,0.261646,0.41344,0.249368
5707,469,2,0,3,5,7,0,3,1,1,2,1,13,2,3,65.5,0.04699,1.927458,2.226753,1.637338,0.166118,0.20263
4348,409,1,0,4,0,2,0,0,0,1,1,0,6,1,1,84.5,0.704734,5.979761,4.593848,30.41377,0.131976,0.57462
11211,1654,1,1,12,4,10,0,1,1,1,3,1,23,2,4,44.0,0.878308,4.905896,5.240872,33.098377,0.249723,0.563938
5074,806,2,2,3,5,8,0,1,0,5,4,1,12,5,5,58.5,0.150624,3.547497,3.894563,2.300999,0.344685,0.275887
12305,835,2,3,7,2,4,1,0,1,0,1,1,12,1,2,71.0,0.693242,6.501422,5.438756,61.604719,0.888222,0.664185
10928,751,5,1,5,0,1,0,1,1,1,0,0,7,2,0,82.0,0.963055,8.510249,7.534043,129.215913,0.709,0.837121
18000,1125,1,2,15,1,2,1,3,1,0,6,0,21,1,6,47.0,0.822087,7.388889,6.660067,81.445881,0.886664,0.660753
4500,300,0,0,1,0,2,0,0,0,1,0,0,3,1,0,92.0,0.698912,6.222222,5.208839,30.55621,0.824177,0.654229
3767,448,2,0,3,1,2,0,0,0,0,2,0,5,0,2,87.0,0.078244,1.592779,3.538101,1.936707,0.226917,0.209565
1500,300,0,0,2,0,0,0,1,0,1,2,1,3,1,3,87.5,0.025636,2.666667,3.120266,0.006955,0.613974,0.271763
7412,673,0,0,11,1,2,0,1,0,0,4,1,14,0,5,64.5,0.404325,4.317323,4.919193,4.863316,0.07451,0.402521
9959,1541,1,3,8,1,4,2,2,2,1,2,2,16,3,4,56.0,0.643114,3.916056,4.33454,27.759189,0.284986,0.452887
5650,706,1,1,3,3,6,1,1,2,1,3,1,11,3,4,66.0,0.106054,2.477876,4.259424,2.67449,0.546708,0.30497
5391,535,1,0,9,1,1,1,0,2,0,2,0,11,2,2,71.0,0.259324,4.822853,4.417112,8.963876,0.717199,0.467566
15419,1442,3,1,12,0,4,1,1,2,1,0,1,18,3,1,56.5,0.693173,4.928984,5.780045,48.782683,0.112664,0.558889
4500,300,1,0,1,0,0,1,0,0,0,0,0,2,0,0,96.0,0.659736,7.555556,6.343405,47.043091,0.991049,0.766688
10726,686,1,1,2,1,0,1,0,1,0,4,0,3,1,4,86.0,1.0,8.390826,6.69692,114.647931,0.640862,0.81197
4500,322,1,1,4,0,1,0,0,1,1,1,0,5,2,1,84.5,0.93236,7.111111,7.094023,140.185922,0.949262,0.72716
10693,877,1,0,8,2,5,0,0,1,3,3,0,13,4,3,61.5,0.74797,3.086131,4.497046,6.270032,0.053945,0.418456
3104,300,0,1,4,1,0,0,1,1,0,0,1,5,1,1,86.5,0.501612,4.188144,4.120598,0.759666,0.081929,0.402695
9321,779,4,1,6,1,4,4,1,0,0,4,0,15,0,4,64.0,0.634213,4.505954,5.022843,10.826334,0.731139,0.514221
8608,538,3,0,1,2,3,1,0,0,0,1,0,5,0,1,88.5,0.858183,8.015799,5.990646,60.984131,0.607872,0.772037
13783,1267,5,2,11,2,6,1,1,1,1,2,3,19,2,5,50.5,0.56737,4.062976,5.014062,23.789277,0.089296,0.49427
12914,1197,1,0,8,1,5,1,5,3,0,2,0,19,3,2,53.0,0.781181,4.336379,5.914854,29.878645,0.394771,0.496833
13000,1720,3,1,11,3,7,2,4,1,1,1,1,24,2,2,45.0,0.158511,3.0,3.764066,3.950092,0.601557,0.27911
6182,438,3,0,2,0,1,0,2,4,0,1,0,5,4,1,80.5,0.845928,7.279198,5.8703,50.254082,0.693643,0.67042
2200,321,0,0,4,0,1,0,1,0,0,2,0,6,0,2,85.0,0.104333,1.363636,3.216572,0.000726,0.268357,0.264602
4113,557,2,1,3,0,5,0,1,0,2,4,2,9,2,6,69.0,0.506214,5.105762,5.104437,12.278901,0.368396,0.450438
11788,1213,4,2,7,3,6,2,4,0,1,2,3,19,1,5,52.5,0.136021,2.460129,3.092228,8.873818,0.105123,0.206479
9895,903,1,2,6,3,6,3,3,0,1,2,1,18,1,3,57.5,0.9226,6.973219,4.999168,22.906131,0.228909,0.639454
2645,300,0,1,2,0,2,0,1,0,0,1,0,5,0,1,88.5,0.160548,1.512287,3.753444,14.092843,0.343499,0.321805
3985,666,0,0,9,0,5,1,0,2,1,0,2,15,3,2,61.0,0.564843,4.516939,5.041751,8.871183,0.367612,0.51658
12382,783,1,2,6,0,3,1,0,0,1,1,1,10,1,2,75.0,0.901988,7.107091,6.122511,91.722757,0.958732,0.67692
3349,467,4,0,2,4,5,0,1,0,0,1,0,8,0,1,82.5,0.039715,4.180352,2.399569,2.886161,0.551245,0.345917
3501,300,0,0,4,0,4,0,0,1,1,0,0,8,2,0,80.0,0.185497,5.712654,3.357809,7.323011,0.909226,0.465741
4866,483,1,0,8,0,4,1,1,0,1,3,2,14,1,5,62.5,0.491203,5.548705,4.471411,18.6169,0.697862,0.41538
3192,428,0,1,3,0,2,0,1,2,0,2,1,6,2,3,79.5,0.282614,2.506266,3.12093,0.80903,0.511089,0.336523
9368,1287,1,1,7,1,5,0,3,1,0,2,1,15,1,3,63.5,0.706118,5.123826,5.122969,22.915912,0.269971,0.567591
8198,893,2,0,10,3,3,0,1,1,1,1,0,14,2,1,66.5,0.209655,2.5616,2.490635,1.098615,0.303096,0.224138
2614,361,0,1,3,0,3,2,0,0,0,0,0,8,0,0,84.0,0.731466,6.120888,4.311077,11.758396,0.373233,0.513963
7097,572,1,0,2,1,4,1,2,0,0,1,0,9,0,1,80.5,0.581319,5.49528,4.789138,25.546494,0.807671,0.52957
10996,1475,2,0,19,2,11,0,8,2,5,10,1,38,7,11,0.0,0.135855,1.546017,2.930626,2.688029,0.207527,0.16265
8887,555,1,0,4,0,1,0,0,0,0,1,0,5,0,1,88.5,0.93468,8.664341,7.703721,189.811107,0.913887,0.849625
5838,505,2,0,10,1,3,3,0,3,0,1,1,16,3,2,59.0,0.209452,1.712915,4.12793,4.951634,0.802171,0.268596
4361,622,1,2,4,3,2,0,0,3,1,2,0,6,4,2,77.0,0.264771,3.439578,3.113016,8.027704,0.400566,0.309457
12879,1022,1,2,1,1,2,0,2,0,0,2,0,5,0,2,87.0,0.918552,5.590496,5.499787,110.759749,0.711838,0.686707
4280,574,2,2,9,1,9,0,1,0,0,3,0,19,0,3,57.5,0.806709,8.878505,5.867273,103.703669,0.839518,0.660332
3525,449,1,1,2,0,5,0,1,1,0,2,0,8,1,2,79.0,0.635417,6.241135,5.351882,5.202561,0.363391,0.522751
8970,560,1,0,6,2,1,0,0,0,0,3,0,7,0,3,81.5,1.0,8.249721,6.857998,116.356229,0.923169,0.850777
4500,451,0,3,3,0,2,0,1,0,0,2,1,6,0,3,83.5,0.949605,7.555556,4.80586,44.267364,0.390525,0.685316
9148,692,1,1,3,0,2,0,0,0,1,1,1,5,1,2,85.0,0.964229,6.012243,6.612984,126.042385,0.712663,0.777738
11167,1272,3,2,15,3,7,2,3,0,1,6,0,27,1,6,35.0,0.533674,3.761082,4.848631,28.30957,0.70179,0.49641
13864,937,2,0,3,1,3,1,3,0,0,1,2,10,0,3,75.5,0.832496,6.996538,6.690755,253.687075,0.904684,0.703032
7822,837,2,1,6,1,10,1,0,1,0,1,0,17,1,1,62.5,0.558346,5.62516,5.271155,21.9942,0.4007,0.52984
9161,686,1,1,3,1,2,0,1,0,0,3,0,6,0,3,83.5,0.619494,6.003711,5.08847,28.438679,0.820084,0.657217
9199,681,1,2,3,4,3,0,3,0,1,1,2,9,1,3,75.5,0.217299,3.478639,5.457952,22.193096,0.727118,0.541189
13000,1782,1,2,15,2,9,1,4,3,2,7,0,29,5,7,21.5,0.31551,2.615385,3.411718,4.119045,0.588469,0.250933
2800,417,0,0,5,1,6,0,1,0,0,0,0,12,0,0,76.0,0.802007,7.857143,6.731054,107.078606,0.964069,0.744062
3557,433,1,0,4,1,1,1,0,1,0,1,0,6,1,1,84.5,0.815145,3.654765,5.958311,13.811591,0.175838,0.621097
7480,903,1,1,3,3,5,1,2,1,0,3,0,11,1,3,71.5,0.552721,3.609626,3.233814,13.628126,0.652195,0.418016
7266,1012,3,3,15,1,5,0,1,4,2,5,2,21,6,7,35.5,0.225187,2.06441,3.846917,2.985951,0.431179,0.282724
6753,504,1,0,3,0,0,0,3,0,1,3,0,6,1,3,81.5,0.865715,5.775211,5.12472,130.07801,0.76273,0.693701
8182,941,2,1,9,0,4,3,3,2,0,6,0,19,2,6,49.0,0.177358,1.099976,3.432548,0.039702,0.005224,0.178753
7106,881,1,1,9,0,6,1,2,0,0,1,1,18,0,2,61.0,0.880691,3.518154,5.383887,27.365263,0.379635,0.598739
12995,1031,0,0,4,0,4,0,0,0,0,2,0,8,0,2,81.0,0.653446,5.540593,5.882539,31.975612,0.434939,0.684666
5702,372,1,0,3,1,1,0,4,0,0,0,0,8,0,0,84.0,0.716453,5.261312,6.789808,48.149422,0.904977,0.6788
4500,479,1,1,4,0,2,0,1,1,1,2,1,7,2,3,77.5,0.966553,9.333333,6.981468,71.029991,0.345216,0.754165
12727,1566,3,3,9,3,5,2,5,5,3,6,0,21,8,6,33.0,0.665525,4.007229,3.710163,30.508411,0.319978,0.44357
9278,1233,2,0,8,1,6,0,3,1,1,3,2,17,2,5,54.5,0.737879,6.790257,4.138286,9.684303,0.345207,0.577298
3650,473,1,0,2,1,5,2,3,2,1,2,1,12,3,3,65.5,0.156548,2.191781,2.678304,2.154106,0.681312,0.260568
5385,812,0,0,11,1,4,2,3,1,1,2,1,20,2,3,51.5,0.115621,1.485608,3.915397,0.066661,0.631556,0.269438
11586,1416,2,2,10,0,6,1,1,0,0,5,1,18,0,6,55.0,0.618135,4.574486,4.701277,35.742457,0.403109,0.463242
5774,606,1,1,1,0,3,0,3,2,1,2,0,7,3,2,77.0,0.159491,1.212331,3.032889,3.160057,0.320611,0.240311
8736,751,2,0,5,1,5,1,2,1,2,5,1,13,3,6,59.0,0.142624,2.289377,2.724677,7.043655,0.561546,0.229196
9094,1335,2,2,20,2,9,1,1,2,0,1,1,31,2,2,31.0,0.813538,8.027271,5.603794,157.832016,0.909992,0.744535
5472,650,0,1,1,0,0,0,1,1,0,3,0,2,1,3,89.5,0.663393,3.472222,5.616828,31.415951,0.264241,0.514096
10175,1221,5,4,13,4,11,2,3,1,6,6,1,29,7,7,17.5,0.17085,2.162162,3.990688,3.992632,0.226977,0.230142
10334,1379,3,2,11,2,7,2,4,0,1,1,1,24,1,2,47.0,0.616929,6.676989,4.939965,25.323112,0.306111,0.596971
15000,1537,6,6,11,2,8,1,0,2,1,3,2,20,3,5,46.5,0.682282,3.6,4.583058,28.125372,0.19268,0.438181
7406,863,1,0,5,1,8,0,1,3,0,1,0,14,3,1,64.5,0.133422,4.995949,3.22002,11.684766,0.673284,0.326412
8132,583,0,0,2,0,3,0,3,1,0,2,0,8,1,2,79.0,0.866962,10.575504,6.888138,102.491919,0.751797,0.818836
4911,646,3,2,13,2,6,1,3,1,0,5,1,23,1,6,43.0,0.200413,1.832621,3.428436,0.631514,0.348782,0.154833
9110,630,0,1,6,0,2,0,2,1,2,2,1,10,3,3,69.5,0.865771,7.025247,6.4424,268.468996,0.931024,0.721844
3200,300,1,1,1,1,1,1,0,0,1,2,0,3,1,2,89.0,0.676891,5.9375,4.640634,4.635916,0.050825,0.495743
1881,300,0,1,1,0,1,0,1,0,0,1,0,3,0,1,92.5,0.480768,3.721425,5.536057,0.248168,0.005672,0.398376
3544,578,1,0,4,2,1,2,3,1,0,0,2,10,1,2,75.0,0.181256,2.82167,3.934904,5.461922,0.362125,0.261191
16500,1279,0,2,17,1,3,2,2,0,0,3,0,24,0,3,47.5,0.494519,5.030303,4.53108,36.199929,0.119998,0.408959
6549,768,2,0,15,0,10,1,1,0,0,3,1,27,0,4,40.0,0.99945,10.23057,7.253033,315.812862,0.759024,0.774521
9465,1249,3,5,15,1,6,0,4,0,2,3,2,25,2,5,38.5,0.227791,2.535658,2.9505,9.99114,0.676647,0.34041
12217,893,1,1,4,1,4,0,1,0,1,0,0,9,1,0,80.0,0.960405,7.694197,5.534451,118.971244,0.73807,0.729504
12735,1718,3,0,9,1,9,0,5,0,0,4,1,23,0,5,46.5,0.597752,4.083235,4.5492,21.37142,0.228419,0.488876
16500,1150,1,0,13,0,7,0,1,0,1,4,3,21,1,7,45.5,0.5188,3.212121,4.090228,33.704336,0.884238,0.476882
7482,545,3,1,5,0,1,0,0,0,0,1,0,6,0,1,86.5,0.784447,7.885592,6.80918,57.996194,0.578818,0.685606
7305,921,1,6,7,1,4,0,1,0,1,2,1,12,1,3,69.5,0.411768,3.422313,4.751119,7.330178,0.200313,0.443823
5028,502,0,1,7,0,4,0,3,1,0,0,1,14,1,1,68.5,0.461277,4.375497,4.371198,6.314345,0.190909,0.408834
16500,1405,7,4,13,0,8,2,1,2,0,6,2,24,2,8,36.0,0.567699,4.242424,5.23105,39.105849,0.935431,0.485706
5551,436,0,0,1,0,0,1,1,1,0,2,1,3,1,3,87.5,0.955075,9.727977,5.856671,56.11621,0.447329,0.746445
10019,1000,3,1,9,2,2,2,0,0,0,2,1,13,0,3,69.5,0.079773,1.197724,3.656937,0.324821,0.010363,0.153783
2863,339,1,0,4,1,2,1,1,0,0,1,0,8,0,1,82.5,0.561808,5.588543,4.55746,7.578553,0.632487,0.53788
1500,300,0,0,3,0,2,0,1,0,0,1,0,6,0,1,86.5,0.245396,2.666667,2.685362,1e-06,0.038231,0.255423
8425,714,2,2,10,3,5,3,1,0,0,5,3,19,0,8,50.0,0.404062,4.154303,4.868362,8.634048,0.875958,0.424288
18000,1352,3,2,14,1,1,0,5,1,1,5,0,20,2,5,48.5,1.0,6.166667,5.881273,405.861624,0.686144,0.650496
8416,931,2,1,6,1,2,2,3,1,0,5,1,13,1,6,63.0,0.5293,6.772814,4.652582,25.859861,0.663788,0.556338
8956,1113,1,4,3,2,5,1,1,1,1,0,0,10,2,0,76.0,0.823618,3.907995,4.905225,43.202726,0.328047,0.497312
6243,969,4,2,11,3,6,2,5,2,0,2,1,24,2,3,43.5,0.071708,1.121256,3.363422,0.176348,0.137589,0.205837
6839,846,2,2,5,2,1,2,1,0,0,2,1,9,0,3,77.5,0.080234,3.801725,2.982166,3.836851,0.686835,0.363299
2800,371,0,0,8,1,4,0,1,1,0,2,0,13,1,2,69.0,0.950271,12.857143,6.056154,78.804432,0.884135,0.807787
9158,1152,1,2,6,2,3,1,2,1,0,5,1,12,1,6,65.0,0.50149,4.913737,4.082708,9.18942,0.282334,0.407743
7698,831,1,1,6,2,7,1,2,1,1,2,0,16,2,2,61.0,0.549483,4.416732,5.860884,21.976109,0.359425,0.476795
6305,408,1,1,2,1,1,1,1,0,0,0,0,5,0,0,90.0,0.788023,5.392546,5.931996,29.166415,0.809717,0.660452
8488,1077,3,2,5,2,3,0,2,1,2,3,1,10,3,4,68.0,0.491764,5.419416,3.747412,22.329427,0.497637,0.435401
10682,1310,1,3,5,1,3,1,5,0,0,2,2,14,0,4,66.0,0.389387,5.336079,4.129098,19.308257,0.590243,0.428627
5612,543,0,2,7,0,3,0,0,0,0,1,1,10,0,2,77.0,0.091562,1.069138,3.746895,0.246789,0.252077,0.242021
6890,1091,2,1,10,2,8,0,3,1,2,8,3,21,3,11,35.5,0.129994,2.75762,3.323708,4.002336,0.456843,0.250371
11153,762,2,0,2,0,1,0,0,1,1,2,2,3,2,4,84.0,0.743876,5.738366,5.767865,27.704817,0.669719,0.671303
8437,1044,0,2,6,2,4,1,2,1,1,0,1,13,2,1,68.5,0.4489,4.622496,3.883841,25.551478,0.637731,0.492848
15435,1330,0,2,11,5,8,0,1,1,1,2,0,20,2,2,53.0,0.866684,9.912536,6.494628,307.724392,0.829858,0.743742
2600,300,1,2,0,0,0,0,1,0,1,1,1,1,1,2,93.0,0.42849,3.076923,4.791243,17.187901,0.888642,0.463652
6900,881,0,0,5,2,1,1,1,0,1,3,0,8,1,3,77.5,0.084701,2.463768,3.135061,0.682273,0.637366,0.249484
9600,1040,2,6,9,2,4,2,4,1,1,4,1,19,2,5,50.5,0.171831,2.5,3.221579,1.821368,0.257816,0.273326
6985,1124,2,4,7,1,6,3,4,0,1,4,0,20,1,4,52.0,0.250395,0.858984,4.331184,1.093045,0.367008,0.230028
7518,906,3,0,7,4,8,0,1,2,0,2,0,16,2,2,61.0,0.153397,2.26124,2.178942,3.265562,0.445642,0.231556
4018,569,1,0,11,0,7,1,3,1,1,4,0,22,2,4,46.0,0.962477,7.466401,6.161874,57.869954,0.574041,0.673961
5356,896,0,2,4,2,1,1,2,1,1,3,2,8,2,5,72.5,0.4859,2.987304,4.818615,12.135447,0.238828,0.403245
4500,300,1,1,3,1,0,0,0,0,0,0,0,3,0,0,94.0,1.0,8.0,6.833981,116.693902,0.909038,0.803736
3183,312,0,0,6,1,2,1,2,3,0,1,3,11,3,4,66.0,0.117088,0.942507,4.305725,0.243334,0.494335,0.232285
12009,1007,2,1,8,1,6,1,1,1,0,4,0,16,1,4,60.0,0.694565,3.497377,4.622945,16.497012,0.342452,0.407457
16500,1983,4,5,6,3,8,3,4,0,2,3,0,21,2,3,49.5,0.544215,5.030303,4.784123,30.939252,0.470598,0.473678
5330,796,0,1,6,2,6,1,0,0,0,2,0,13,0,2,71.0,0.547717,4.690432,4.14483,10.051537,0.459115,0.414959
7455,867,2,1,6,1,1,0,1,0,2,0,0,8,2,0,80.0,0.5533,4.024145,5.233573,29.967832,0.34354,0.483309
17367,1085,4,0,10,0,6,0,1,0,0,3,0,17,0,3,61.5,0.517315,4.433696,5.480226,60.380011,0.836579,0.753255
5596,453,1,1,4,2,2,0,0,1,2,3,0,6,3,3,77.5,0.178245,2.501787,2.771866,1.553836,0.768607,0.315641
6351,1050,2,0,8,2,7,1,3,1,1,4,1,19,2,5,50.5,0.241458,2.046922,4.907374,3.508525,0.591437,0.325332
7102,1142,4,1,10,4,5,1,4,3,1,7,0,20,4,7,41.5,0.028678,2.816108,2.802883,0.983009,0.583954,0.27748
13116,819,1,1,3,0,2,0,1,0,1,0,0,6,1,0,86.0,0.939328,6.938091,6.717205,410.591721,0.910574,0.715093
15000,2017,5,2,15,3,10,2,5,1,2,2,1,32,3,3,25.5,0.541505,4.666667,4.698514,28.818172,0.479875,0.470423
18000,1537,2,1,2,2,6,2,3,2,1,1,0,13,3,1,66.5,0.986041,7.5,6.295458,71.702785,0.38788,0.672033
7033,688,0,3,3,1,5,1,2,0,0,5,4,11,0,9,64.5,0.388155,3.981231,4.304663,23.094076,0.981462,0.400226
8391,1141,2,0,8,1,3,1,4,1,4,0,1,16,5,1,56.5,0.210943,2.383506,4.394347,5.447175,0.502758,0.234243
3395,322,1,0,2,1,3,0,0,1,0,2,0,5,1,2,85.0,0.151846,1.472754,3.23273,1.358833,0.504504,0.271902
6258,443,2,0,5,0,4,0,1,0,1,1,0,10,1,1,76.5,0.457222,3.5155,5.907417,6.49274,0.82216,0.402616
9009,1483,2,1,4,0,10,0,7,2,0,4,1,21,2,5,46.5,0.196463,1.332001,3.443837,1.983432,0.189938,0.260796
13000,1772,3,1,7,1,4,1,3,0,3,1,1,15,3,2,61.0,0.172958,2.153846,2.328408,0.453992,0.553969,0.292449
16375,1565,2,2,9,6,11,1,4,2,2,8,2,25,4,10,27.0,0.80822,6.717557,5.258876,37.980212,0.299487,0.567216
11863,921,1,0,4,0,1,1,1,0,1,0,0,7,1,0,84.0,0.773808,5.563517,4.894714,67.570942,0.858471,0.658454
9616,1265,2,0,4,4,5,0,2,0,1,2,0,11,1,2,73.0,0.561217,6.135607,4.958613,50.530215,0.244931,0.586211
6551,816,0,2,12,1,2,1,3,2,1,3,1,18,3,4,52.0,0.821115,5.95329,4.7637,24.125838,0.272531,0.614279
13073,1246,2,0,3,0,5,0,0,0,0,4,0,8,0,4,78.0,0.843492,5.431041,5.947473,51.843214,0.342255,0.703869
5431,538,1,1,3,0,3,0,1,2,0,4,0,7,2,4,76.0,0.091786,2.209538,3.168365,1.083415,0.735567,0.278929
4500,300,1,0,0,0,2,0,0,1,0,0,0,2,1,0,94.0,1.0,11.777778,6.71101,145.974063,0.921044,0.869981
6538,871,2,0,5,0,5,0,1,2,0,7,3,11,2,10,59.0,0.047919,1.988376,2.894232,0.360442,0.468754,0.200483
6191,757,2,0,7,0,5,2,0,1,0,0,0,14,1,0,70.0,0.07056,2.261347,2.96066,0.790284,0.480656,0.287699
2953,441,1,0,5,1,1,0,1,0,1,2,0,7,1,2,81.0,0.031227,1.693193,2.643885,0.468079,0.558755,0.261018
8719,581,0,2,8,1,3,1,1,0,0,2,0,13,0,2,71.0,0.613026,4.358298,5.310195,27.891704,0.738283,0.439403
3947,533,1,0,4,1,1,0,0,0,1,2,0,5,1,2,85.0,0.168917,2.786927,2.546586,2.933857,0.320983,0.254067
5434,484,2,2,3,0,5,1,1,0,0,4,0,10,0,4,74.0,0.427262,7.36106,5.292867,32.592565,0.875797,0.619675
6432,700,1,1,6,1,2,0,2,0,0,4,2,10,0,6,71.0,0.009752,2.643035,2.664581,4.313337,0.760208,0.245106
9641,1381,4,3,6,1,3,0,2,0,1,3,0,11,1,3,71.5,0.651501,4.563842,5.315925,12.017735,0.22788,0.484558
5878,612,1,1,2,0,2,0,1,0,0,3,1,5,0,4,84.0,0.750138,4.593399,5.151908,17.438933,0.189617,0.442061
2783,422,2,0,3,2,0,0,2,1,1,2,3,5,2,5,78.5,0.122099,3.952569,2.960161,3.069261,0.585487,0.281824
6741,990,6,3,7,1,3,2,2,1,0,3,0,14,1,3,65.5,0.2533,1.186768,3.175588,0.274199,0.261556,0.21532
5039,318,1,0,2,0,4,1,1,0,0,0,0,8,0,0,84.0,1.0,10.914864,7.318722,249.88472,0.821766,0.826642
6117,912,2,2,11,2,2,1,2,1,0,4,2,16,1,6,57.0,0.328188,2.942619,4.129234,3.200806,0.419548,0.319674
13160,1288,7,1,13,0,7,0,2,5,1,3,0,22,6,3,39.5,0.34429,4.255319,4.091005,20.15898,0.896002,0.425165
6441,916,2,0,6,2,3,1,2,0,2,4,2,12,2,6,63.0,0.722848,4.968173,4.622311,24.750572,0.285934,0.538704
5041,708,0,1,3,0,2,0,2,1,0,0,2,7,1,2,81.0,0.114729,1.586987,4.278626,4.899392,0.444577,0.292774
6225,714,4,1,4,0,5,1,2,2,0,2,0,12,2,2,69.0,0.46387,3.052209,4.865532,5.907084,0.214063,0.372249
11972,809,2,1,5,0,5,0,3,0,0,0,0,13,0,0,74.0,0.889138,5.17875,6.239438,240.684011,0.90052,0.70109
6299,1042,3,3,12,2,5,1,2,2,0,5,0,20,2,5,48.5,0.027639,1.270043,2.76124,1.377782,0.172267,0.137507
7239,516,0,1,3,1,4,0,1,1,0,2,0,8,1,2,79.0,0.829969,8.841,6.464052,44.665679,0.780779,0.724371
4920,326,0,0,3,1,1,0,1,0,0,0,0,5,0,0,90.0,0.864352,10.162602,6.651271,139.379497,0.748586,0.813032
4280,499,1,0,7,1,3,1,1,1,1,2,0,12,2,2,69.0,0.103216,5.373832,2.873876,8.172318,0.717016,0.389717
4654,638,1,0,10,2,4,0,2,0,1,1,0,16,1,1,64.5,0.408082,3.008165,4.930958,5.453971,0.75326,0.337975
7492,476,0,0,0,0,0,0,1,0,0,1,0,1,0,1,96.5,0.72649,6.807261,5.426717,181.291969,0.585664,0.793223
10741,1136,1,1,8,0,4,0,1,1,0,4,0,13,1,4,66.0,0.764774,5.120566,5.087444,18.322179,0.51871,0.581821
10168,720,3,0,3,0,2,1,0,1,0,1,0,6,1,1,84.5,0.697832,4.228954,6.137275,68.479838,0.831935,0.661743
5037,585,1,1,4,1,3,0,2,1,2,1,1,9,3,2,73.0,0.063229,3.573556,2.960861,7.130879,0.711977,0.312214
7444,1009,1,1,8,1,5,0,3,0,1,3,1,16,1,4,60.0,0.65421,6.716819,4.067616,7.345041,0.26171,0.479726
4933,659,1,2,6,1,4,1,4,1,1,4,2,15,2,6,57.0,0.072877,0.608149,2.054152,0.0,0.014512,0.15096
9087,1151,2,1,8,1,7,1,3,1,1,8,1,19,2,9,44.5,0.347909,2.531088,3.998011,4.185093,0.581022,0.257223
3283,300,0,0,5,0,3,0,0,0,0,0,0,8,0,0,84.0,0.60613,3.959793,4.637347,5.614903,0.695474,0.565949
18000,1125,1,0,2,2,1,0,1,0,0,2,0,4,0,2,89.0,0.869864,8.777778,6.706442,213.991228,0.895935,0.859612
13369,1182,0,3,2,0,2,0,0,1,2,1,0,4,3,1,84.5,0.923516,6.582392,6.31538,82.585273,0.606558,0.784725
4672,517,4,1,8,1,6,0,2,0,1,3,0,16,1,3,61.5,0.178934,1.92637,2.860336,1.67387,0.245828,0.204594
7013,760,1,0,5,1,3,0,4,1,0,3,1,12,1,4,68.0,0.08686,1.568516,4.057556,5.671574,0.706325,0.2943
9259,1063,3,0,10,2,1,0,0,1,0,3,0,11,1,3,71.5,0.376322,5.292148,4.065868,28.448527,0.36286,0.457677
13000,1338,3,5,9,3,4,0,6,4,2,5,2,19,6,7,39.5,0.336242,2.615385,3.464969,5.89901,0.55982,0.272163
16500,1516,1,2,11,3,7,4,3,3,2,1,1,25,5,2,37.0,0.619222,3.757576,4.902794,31.971353,0.344263,0.485764
13635,1467,3,0,6,2,5,2,3,0,0,4,1,16,0,5,60.5,0.551186,4.40044,4.991134,23.234547,0.324417,0.455464
2600,431,1,0,2,1,1,0,3,0,2,1,0,6,2,1,82.5,0.618167,4.615385,4.616407,7.041207,0.32796,0.486166
10859,845,0,2,6,2,1,0,0,0,1,1,2,7,1,3,79.5,0.517947,4.604476,4.088134,16.552358,0.019545,0.451959
10801,723,1,2,3,1,4,0,0,1,1,0,0,7,2,0,82.0,0.976349,5.555041,7.188088,254.67766,0.719248,0.777744
7868,491,1,0,4,1,1,0,2,0,1,1,1,7,1,2,81.0,0.932289,9.150991,6.328285,306.71823,0.902478,0.837225
2600,358,2,0,6,0,3,0,1,1,0,2,0,10,1,2,75.0,0.631823,5.384615,4.45254,7.386277,0.133854,0.50867
12975,1467,3,1,16,0,8,2,3,2,0,3,2,29,2,5,30.5,0.579659,5.472062,5.67879,55.320296,0.63518,0.527376
9321,1170,3,0,12,1,5,1,3,2,1,7,0,21,3,7,41.5,0.103249,2.360262,2.583506,1.724243,0.588766,0.23022
5679,480,1,0,0,1,1,0,0,1,0,1,1,1,1,2,93.0,0.812575,4.930446,5.099258,28.716162,0.463993,0.669205
5041,692,2,2,7,1,4,0,3,1,1,1,3,14,2,4,62.0,0.33774,2.578853,2.624097,0.099496,0.262834,0.217146
11670,1678,1,2,8,3,5,1,5,2,1,6,3,19,3,9,42.5,0.056348,1.885176,3.268597,1.842584,0.289082,0.151327
4500,300,2,0,1,0,2,0,0,1,0,1,0,3,1,1,90.5,0.74285,7.111111,6.94532,32.857443,0.745747,0.71346
11717,927,4,4,3,0,1,0,1,1,0,1,0,5,1,1,86.5,0.428703,4.437996,4.611581,23.528852,0.255721,0.455432
14836,1603,2,2,8,5,5,1,4,0,0,4,1,18,0,5,56.5,0.621651,5.190078,4.77073,46.853615,0.327117,0.500148
2200,300,0,0,2,0,1,0,1,0,0,1,0,4,0,1,90.5,0.208828,2.272727,2.776855,1.474345,0.069401,0.244477
10577,870,4,1,6,2,7,0,1,1,0,3,0,14,1,3,65.5,0.482899,5.861776,4.693727,17.306298,0.609734,0.464834
2800,337,0,1,1,1,6,0,0,0,0,0,0,7,0,0,86.0,0.710526,6.071429,5.730721,47.14117,0.994007,0.702099
6063,777,3,1,7,1,7,0,3,2,1,3,0,17,3,3,55.5,0.175192,1.814283,2.777391,1.695,0.741102,0.258616
6874,810,2,2,15,3,12,1,1,2,1,2,0,29,3,2,33.0,0.025106,1.454757,2.943775,1.383666,0.689218,0.188564
17426,1757,2,1,3,1,3,0,1,0,2,1,0,7,2,1,80.5,0.935332,7.460117,5.834473,184.772638,0.553712,0.794048
6511,861,1,1,5,0,4,0,0,1,0,2,0,9,1,2,77.0,0.641725,5.529105,4.503141,19.40971,0.374766,0.53481
12417,907,0,1,2,0,1,0,2,0,2,3,0,5,2,3,81.5,0.772154,7.248128,6.221481,56.390046,0.651034,0.69906
5430,341,1,1,2,1,2,0,0,0,1,0,0,4,1,0,90.0,0.950838,8.103131,5.921741,61.534477,0.778244,0.721588
4567,519,1,0,10,1,10,0,2,1,0,6,1,22,1,7,43.5,0.888155,9.853295,6.005046,96.999839,0.938675,0.70657
8060,809,1,0,6,1,5,1,3,0,0,2,1,15,0,3,65.5,0.037066,2.233251,2.615145,9.723403,0.22404,0.304432
8192,612,2,1,12,2,9,1,5,0,0,3,0,27,0,3,41.5,0.687001,4.638672,5.092706,20.704473,0.981221,0.50287
8220,1240,2,2,9,1,9,0,2,3,4,5,3,20,7,8,34.0,0.116206,1.459854,3.000817,0.538915,0.320733,0.214438
4956,481,0,0,1,0,2,0,2,0,0,4,0,5,0,4,84.0,0.954032,5.851493,5.955806,34.278279,0.406372,0.667047
3831,511,1,0,4,2,2,0,1,3,1,3,1,7,4,4,72.0,0.19285,4.698512,3.46619,3.422675,0.569122,0.327443
3101,538,1,1,5,1,7,1,4,0,1,0,0,17,1,0,64.0,0.878885,5.804579,5.763887,59.57411,0.674601,0.682329
6862,874,0,0,5,1,1,0,1,1,0,2,2,7,1,4,78.0,0.688513,5.683474,4.82173,18.124666,0.541444,0.566847
9075,735,1,0,1,0,3,0,0,0,0,1,1,4,0,2,89.0,1.0,7.713499,5.733151,158.42756,0.448049,0.764852
6889,737,0,2,3,4,3,0,3,2,1,3,2,9,3,5,68.5,0.120648,1.741907,2.636588,1.400125,0.308485,0.208354
4656,436,1,0,1,1,2,1,2,2,1,0,1,6,3,1,80.5,0.214627,1.503436,3.000937,0.002816,0.215909,0.144578
4848,467,1,0,5,1,0,0,1,0,0,1,0,6,0,1,86.5,0.347351,3.30033,3.347271,6.441494,0.575553,0.39385
18000,2044,2,1,11,0,5,1,1,0,2,5,2,18,2,7,49.5,0.974048,5.277778,5.749267,66.548728,0.31063,0.669557
2800,451,1,2,6,0,4,1,0,1,0,4,1,11,1,5,68.5,0.801694,7.5,6.578077,42.364844,0.585941,0.656612
12895,1439,3,2,12,3,5,1,6,0,1,1,1,24,1,2,47.0,0.507752,3.877472,4.663474,64.797045,0.628607,0.458651
13000,1080,0,1,11,3,5,0,3,1,2,1,0,19,3,1,54.5,0.12032,1.307692,2.73735,1.01552,0.213687,0.240409
12177,1398,5,2,10,1,2,3,3,1,4,6,0,18,5,6,45.0,0.804699,5.994908,5.150746,70.776693,0.56733,0.586113
11000,1213,2,0,14,3,12,3,3,2,3,7,1,32,5,8,14.0,0.057617,0.909091,2.969174,0.339641,0.0751,0.13503
16500,1426,0,1,8,2,8,1,6,1,2,6,5,23,3,11,31.5,0.727484,5.333333,4.512161,30.414627,0.310854,0.523148
9018,607,0,0,2,2,2,0,1,0,0,3,0,5,0,3,85.5,0.985376,6.431581,6.246612,237.452103,0.611206,0.729491
7944,766,1,1,3,2,5,1,1,2,2,2,0,10,4,2,69.0,0.025485,1.636455,1.796487,0.717084,0.141017,0.203946
8375,1181,1,1,14,4,8,0,3,1,2,5,1,25,3,6,35.0,0.007773,1.313433,3.26836,1.026135,0.13468,0.133671
5379,671,1,1,2,0,6,1,2,1,3,2,0,11,4,2,67.0,0.031601,1.301357,2.765081,0.676607,0.433787,0.208698
4500,326,0,0,1,0,0,0,1,0,0,0,0,2,0,0,96.0,0.791027,5.555556,6.862401,22.569638,0.682013,0.706492
2800,302,1,3,10,0,2,0,3,0,1,2,0,15,1,2,65.0,0.581841,7.857143,5.504453,37.53231,0.99938,0.704447
3204,561,1,2,5,0,4,1,0,1,1,7,0,10,2,7,65.5,0.0,3.745318,2.09591,2.092035,0.11585,0.162993
8360,1411,5,2,13,2,6,0,3,2,1,5,0,22,3,5,42.5,0.066159,1.315789,3.489383,5.99708,0.392812,0.241589
17346,1763,0,0,10,1,4,0,2,0,1,2,0,16,1,2,63.0,0.817803,5.880318,6.0903,145.902062,0.543711,0.708285
11796,1639,4,3,22,2,18,0,4,2,1,9,3,44,3,12,0.0,1.0,7.460156,6.345552,362.592989,0.888625,0.700536
7315,1032,2,1,9,2,6,3,4,1,3,4,0,22,4,4,42.0,0.107739,1.640465,2.069142,0.70709,0.26352,0.12038
8832,893,1,0,5,1,4,2,1,4,0,1,0,12,4,1,66.5,0.521428,4.528986,5.470771,67.334675,0.835803,0.496956
8086,1041,1,1,18,3,14,0,2,0,1,5,0,34,1,5,22.5,1.0,9.522632,6.713551,338.659337,0.97363,0.767923
1500,300,3,0,3,0,3,0,0,0,1,3,0,6,1,3,81.5,0.188243,1.333333,5.72893,1.744278,0.426703,0.162265
2777,356,0,1,2,2,3,1,0,0,0,1,0,6,0,1,86.5,0.596302,3.601008,5.499104,3.779071,0.485501,0.464277
5290,498,1,1,5,1,5,0,1,0,0,1,0,11,0,1,76.5,0.436302,4.914934,3.32924,11.948052,0.276243,0.445536
11190,1097,3,3,8,3,7,1,2,3,2,1,1,18,5,2,51.0,0.380145,2.323503,3.62762,2.20613,0.099756,0.2299
10187,955,1,0,5,2,4,1,3,0,0,4,0,13,0,4,68.0,0.492341,3.337587,5.39628,39.819331,0.53813,0.403087
9168,1248,4,1,8,1,11,1,2,0,1,2,1,22,1,3,49.5,0.334153,2.508726,4.793816,9.957859,0.282849,0.411997
9115,596,0,1,4,2,4,0,2,0,0,3,0,10,0,3,75.5,0.89095,7.131103,6.505508,278.813681,0.69395,0.767737
2800,361,4,2,4,1,1,0,2,1,0,3,1,7,1,4,78.0,0.881275,9.642857,6.176771,114.078711,0.836579,0.755518
4484,524,1,1,3,1,2,0,3,0,0,2,1,8,0,3,79.5,0.155509,2.676182,4.672288,13.849575,0.712133,0.467221
9954,636,1,1,3,1,3,2,1,0,0,3,0,9,0,3,77.5,0.920975,6.228652,6.146344,269.000411,0.890984,0.777877
15320,1130,2,1,15,3,12,1,2,0,1,5,0,30,1,5,30.5,0.783693,4.765013,5.571525,145.0881,0.890818,0.519099
17960,1122,5,2,6,1,2,1,2,1,0,2,0,11,1,2,73.0,0.945153,8.129176,5.94958,381.004721,0.841546,0.738126
11518,1363,1,1,4,2,4,1,1,1,0,7,0,10,1,7,67.5,0.524148,3.733287,4.313597,29.835071,0.394405,0.435766
9174,976,2,0,8,3,7,0,2,0,0,3,2,17,0,5,58.5,0.887742,3.706126,4.979531,19.124995,0.387944,0.543129
11926,1300,0,1,8,0,6,2,4,0,1,5,2,20,1,7,47.5,0.967351,8.385041,6.73065,88.984876,0.581621,0.727013
4923,602,1,1,4,0,0,0,2,0,0,2,0,6,0,2,85.0,0.156273,2.23441,2.66936,0.440878,0.746475,0.288642
5332,641,4,1,20,0,5,0,1,1,0,3,1,26,1,4,40.0,0.979286,5.626407,6.525504,106.347975,0.868708,0.659856
5818,597,2,1,3,1,6,1,4,2,2,2,0,14,4,2,61.0,0.000736,1.031282,1.827006,1.3e-05,0.131664,0.147393
8801,1313,1,2,17,1,10,3,4,1,2,9,2,34,3,11,9.5,0.126425,1.249858,2.705635,0.166638,0.143136,0.131289
3539,359,2,0,3,3,3,1,0,0,0,3,0,7,0,3,81.5,0.255224,2.260526,2.60931,0.987153,0.236106,0.265602
13000,1291,4,2,14,0,11,2,4,4,1,6,1,31,5,7,17.5,0.139503,1.846154,2.978566,3.741496,0.486226,0.236187
2600,300,0,1,1,1,3,0,2,1,0,0,0,6,1,0,86.0,0.58623,5.0,5.06787,25.556116,0.879632,0.50412
7007,620,1,3,5,0,4,1,0,1,0,0,0,10,1,0,78.0,0.34438,3.567861,4.720686,9.848181,0.284914,0.410985
9508,594,0,1,2,1,2,0,0,0,0,2,0,4,0,2,89.0,0.825607,5.784602,5.362975,90.166672,0.718332,0.705272
4959,529,1,1,4,2,2,0,1,0,0,2,2,7,0,4,80.0,0.498553,6.654567,3.064372,23.426828,0.728708,0.491787
2200,300,0,0,1,1,2,0,0,0,0,0,0,3,0,0,94.0,0.091649,2.727273,2.648956,0.193444,0.567902,0.324823
4500,322,1,0,0,0,4,1,2,0,0,0,0,7,0,0,86.0,0.842035,7.555556,5.952169,46.265442,0.959975,0.677481
4848,303,1,0,1,1,2,0,0,1,0,1,0,3,1,1,90.5,0.833624,7.013201,6.587225,18.807507,0.842486,0.758566
3284,360,0,0,1,1,2,0,3,1,0,2,0,6,1,2,83.0,0.43509,3.65408,5.329656,16.302785,0.657893,0.47291
3856,606,2,2,12,0,10,0,0,1,0,4,0,22,1,4,48.0,0.883185,8.039419,5.410938,118.288298,0.898918,0.653643
6058,648,2,1,2,1,4,0,2,1,1,0,0,8,2,0,80.0,0.803644,5.282271,4.758161,15.413548,0.203942,0.604239
5369,787,3,1,13,3,10,2,3,0,0,2,1,28,0,3,39.5,0.890795,9.498976,6.016961,199.615465,0.856579,0.735633
16500,2136,0,0,2,1,1,0,6,0,1,3,2,9,1,5,72.5,0.499348,3.212121,4.619134,41.605899,0.489594,0.508126
7088,443,1,1,5,1,2,1,2,1,0,2,0,10,1,2,75.0,0.820423,5.22009,6.652399,153.542292,0.956504,0.706624
4041,554,1,2,4,1,3,2,1,0,1,3,1,10,1,4,72.0,0.133329,1.484781,3.327435,1.558979,0.202566,0.271168
11000,1480,6,2,12,4,11,3,4,6,1,3,1,30,7,4,20.0,0.087461,1.818182,3.032159,0.874722,0.294424,0.218565
9466,591,0,0,2,1,2,1,3,0,1,2,0,8,1,2,79.0,0.973639,6.021551,5.917032,210.454597,0.905268,0.73514
12647,1169,1,0,8,3,7,0,5,5,1,7,0,20,6,7,37.5,0.331858,4.586068,4.621398,25.524408,0.879038,0.437428
9334,671,0,1,1,1,4,0,1,0,0,1,0,6,0,1,86.5,0.997396,6.320977,6.388077,252.667126,0.741528,0.739825
10235,839,1,1,2,0,3,1,1,0,0,3,0,7,0,3,81.5,0.850933,8.207132,5.877081,91.623808,0.715562,0.755379
12335,1218,0,0,1,0,2,0,1,0,0,2,0,4,0,2,89.0,0.907291,5.755979,5.965182,45.034078,0.378631,0.698243
8692,778,2,0,6,0,4,1,1,1,3,4,4,12,4,8,56.0,0.075093,2.646111,3.365597,5.546397,0.469078,0.276657
7196,918,2,0,8,1,7,1,0,1,0,5,0,16,1,5,58.5,0.695259,5.280712,4.671007,22.601484,0.448418,0.565249
3152,340,0,1,3,1,1,1,0,1,1,0,1,5,2,1,84.5,0.249505,4.758883,3.567734,11.43554,0.45924,0.38349
8268,794,0,0,5,2,2,1,1,2,0,2,0,9,2,2,75.0,0.589238,5.200774,5.003802,40.4912,0.313684,0.528126
4180,442,2,1,4,2,10,1,1,0,1,4,1,16,1,5,58.5,0.626099,2.870813,2.928955,2.270785,0.21901,0.294581
7708,774,0,3,2,3,3,0,2,1,1,1,0,7,2,1,80.5,0.155611,2.464971,3.39672,7.132013,0.051935,0.25721
13258,887,2,0,3,0,4,0,2,0,2,1,0,9,2,1,76.5,0.945484,6.335797,6.53857,226.7815,0.914074,0.815124
8600,1036,2,3,20,1,10,1,4,1,2,11,0,35,3,11,7.5,0.98129,8.255814,6.384477,71.304627,0.820183,0.69519
2200,300,0,0,1,1,0,1,2,0,1,2,0,4,1,2,87.0,0.097861,2.272727,3.657886,0.004107,0.308256,0.272226
5112,684,3,1,10,0,4,0,3,2,1,6,0,17,3,6,51.0,0.963535,8.020344,6.661086,152.670112,0.764788,0.69815
7229,820,1,0,4,1,1,2,0,0,0,2,0,7,0,2,83.0,0.440878,4.426615,4.385407,14.204466,0.227818,0.503308
6978,557,4,4,11,3,5,0,5,4,1,3,0,21,5,3,43.5,0.0,1.003153,2.570512,1.206668,0.827162,0.20309
12558,1547,3,1,9,1,2,1,4,3,0,0,0,16,3,0,62.0,0.576635,3.185221,5.323362,8.52472,0.536956,0.44941
5360,355,0,2,3,1,3,1,3,0,0,2,0,10,0,2,77.0,0.574101,5.223881,5.320659,24.05121,0.98927,0.503963
14619,956,2,1,2,1,1,0,2,1,1,3,0,5,2,3,81.5,0.962907,5.403926,6.110161,114.252039,0.785644,0.683523
8255,957,1,2,5,0,6,0,1,0,0,5,2,12,0,7,65.5,0.387665,3.876439,4.687052,14.577988,0.572884,0.462323
5812,711,1,0,2,0,3,1,2,0,0,1,0,8,0,1,82.5,0.411932,2.752925,3.251712,0.693435,0.565568,0.401622
10327,645,0,1,5,1,2,2,0,0,1,0,2,9,1,2,77.0,0.938467,6.584681,6.179094,242.705831,0.582355,0.71506
14851,1573,5,1,9,0,6,1,0,1,1,4,1,16,2,5,56.5,0.54196,4.713487,3.634841,21.245231,0.155564,0.479061
12368,1738,2,0,15,1,5,1,2,0,1,2,1,23,1,3,47.5,0.446519,2.74903,4.136706,13.693408,0.521023,0.41224
7174,700,0,1,3,0,4,3,0,0,0,2,0,10,0,2,77.0,0.822303,8.502927,5.911706,12.967156,0.291533,0.667736
17919,1299,1,1,6,3,3,0,3,2,1,0,1,12,3,1,68.5,1.0,9.877783,6.596748,238.842912,0.66125,0.818451
1500,304,1,0,5,2,1,1,0,0,0,0,0,7,0,0,86.0,0.045722,2.0,4.266835,2.56732,0.449035,0.286167
10907,1307,4,0,17,1,10,0,4,1,1,4,1,31,2,5,26.5,0.597628,5.959476,4.899701,31.097665,0.403057,0.436131
11000,1703,2,2,16,5,6,1,2,1,2,7,0,25,3,7,33.5,0.120683,2.090909,2.945881,3.73609,0.19258,0.197336
18000,1660,2,0,6,0,2,0,0,0,0,1,1,8,0,2,81.0,0.97008,8.666667,6.055139,105.317714,0.339285,0.795556
15383,1773,1,6,10,2,5,3,7,1,0,1,0,25,1,1,46.5,0.412199,3.90041,4.280277,7.436254,0.428268,0.416882
3992,532,1,1,5,0,3,1,3,2,0,2,1,12,2,3,67.5,0.040362,2.50501,3.232611,2.736761,0.600345,0.308594
7960,852,0,1,8,2,7,0,1,1,0,1,1,16,1,2,63.0,0.298075,3.140704,4.256742,14.001347,0.674301,0.443084
5231,475,1,1,3,0,0,0,1,0,0,0,0,4,0,0,92.0,0.377591,4.014529,3.507216,17.674569,0.370423,0.40647
9110,636,4,2,8,3,1,1,1,1,1,2,0,11,2,2,71.0,0.486571,3.073546,4.136845,12.294409,0.258926,0.429504
9690,1082,1,0,5,0,2,0,2,1,0,4,0,9,1,4,74.0,0.601808,5.159959,4.482108,21.284341,0.375636,0.53872
7691,705,2,1,6,5,2,0,5,0,1,3,1,13,1,4,66.0,0.141685,0.910155,1.724302,0.821736,0.074664,0.201472
9245,884,5,1,9,0,3,1,3,3,2,4,3,16,5,7,47.5,0.357459,5.083829,4.587569,9.786791,0.960241,0.448238
6533,720,1,0,4,0,5,1,0,1,0,1,0,10,1,1,76.5,0.451499,5.510485,4.077851,11.652209,0.20409,0.44751
5310,585,0,0,5,2,3,1,2,0,0,3,0,11,0,3,73.5,0.653736,5.649718,4.441469,14.044799,0.203211,0.551043
5620,515,1,3,3,0,3,0,0,1,0,4,0,6,1,4,80.0,0.899561,4.626335,5.45306,3.739457,0.150728,0.513754
3653,623,1,1,5,3,6,1,0,1,1,1,0,12,2,1,70.5,0.280228,3.558719,3.672909,7.039341,0.50019,0.392912
6990,1122,3,1,12,2,6,2,2,2,1,1,2,22,3,3,45.5,0.198054,3.862661,3.484742,4.259531,0.470768,0.267417
6485,405,0,0,4,0,0,0,1,0,2,1,2,5,2,3,81.5,1.0,9.406322,6.187684,210.462395,0.975033,0.888198
9837,1114,4,1,16,2,8,1,3,1,0,2,1,28,1,3,37.5,0.070242,2.03314,3.719289,3.5762,0.375024,0.233156
2921,604,0,1,4,1,2,0,0,0,1,2,0,6,1,2,83.0,0.210593,3.423485,3.638956,0.931703,0.485261,0.347542
3243,347,0,0,3,1,1,1,1,0,0,1,1,6,0,2,85.0,0.167083,1.850139,3.630711,0.856083,0.108449,0.234968
5012,557,0,0,3,1,4,3,0,1,1,6,0,10,2,6,67.0,0.042559,3.192338,3.317447,5.14085,0.578494,0.289646
6624,729,2,2,6,0,4,0,2,0,1,3,1,12,1,4,68.0,0.114958,1.96256,3.415824,0.75171,0.104814,0.221323
9078,1122,0,1,3,0,4,1,0,1,0,4,0,8,1,4,76.0,0.574584,5.067195,4.527465,25.03315,0.338844,0.505215
13868,1440,1,1,1,1,2,0,0,1,0,1,2,3,1,3,87.5,0.58545,4.326507,4.655155,85.59075,0.571146,0.549037
6694,775,1,0,3,0,4,2,1,0,1,6,2,10,1,8,66.0,0.46755,3.884075,5.231536,23.672265,0.396497,0.413214
7619,762,0,1,1,2,1,0,1,0,2,0,0,3,2,0,90.0,0.921933,9.056307,6.254099,78.086915,0.643563,0.777501
15000,1745,1,4,18,2,12,3,4,3,2,9,1,37,5,10,1.0,0.823486,4.666667,5.635892,25.805194,0.269881,0.562637
18000,1207,0,3,8,3,7,1,5,1,0,4,0,21,1,4,50.0,0.865718,7.333333,6.237702,127.219783,0.937538,0.651495
4214,375,0,1,5,0,2,0,1,1,0,4,0,8,1,4,76.0,0.035204,1.423825,1.726148,0.114248,0.151512,0.217582
3458,490,0,0,4,0,0,0,3,2,0,2,1,7,2,3,77.5,0.038571,2.313476,2.063381,3.144353,0.581363,0.339963
7014,936,0,1,5,1,5,2,1,0,2,4,0,13,2,4,64.0,0.181858,2.85144,3.572474,7.719442,0.607493,0.33989
8911,1230,5,2,12,3,19,2,4,0,1,6,0,37,1,6,15.0,0.891072,7.069914,6.550409,52.986718,0.704499,0.688497
11304,977,1,3,3,3,7,2,2,2,0,4,1,14,2,5,60.5,0.772825,3.980892,4.075089,12.266971,0.264778,0.510173
5405,808,1,1,3,2,3,0,4,1,1,3,1,10,2,4,70.0,0.412321,2.960222,3.337107,3.45496,0.584178,0.27226
4300,509,1,0,5,0,5,0,1,1,2,0,0,11,3,0,72.0,0.817545,7.209302,4.16737,46.197946,0.390105,0.552697
18000,1125,1,0,4,1,0,0,0,1,0,1,0,4,1,1,88.5,0.805205,7.777778,6.736837,188.464943,0.944584,0.799392
9764,664,1,0,7,5,2,1,1,0,0,4,0,11,0,4,72.0,1.0,8.193363,5.098331,51.828014,0.744343,0.755873
5030,612,1,1,5,4,7,0,2,2,1,5,0,14,3,5,58.5,0.160393,2.584493,3.463537,7.005708,0.742779,0.33526
5539,683,3,1,7,0,6,2,3,4,3,2,1,18,7,3,45.5,0.299744,3.61076,4.302499,1.504901,0.742025,0.271697
4500,448,0,1,1,0,1,0,0,0,1,0,0,2,1,0,94.0,0.789319,7.111111,5.357972,67.653654,0.538552,0.756535
3335,405,0,0,5,1,4,1,0,0,1,1,2,10,1,3,73.5,0.697327,7.796102,5.557978,25.21597,0.364762,0.619669
8259,1010,3,1,2,3,3,0,2,1,2,2,2,7,3,4,74.0,0.38479,4.964281,3.906844,6.448341,0.216714,0.423351
6079,465,2,0,0,0,2,0,1,0,0,0,0,3,0,0,94.0,0.770493,5.099523,5.290711,27.204019,0.76182,0.720215
11669,1354,5,1,21,3,16,2,2,0,0,8,5,41,0,13,0.0,0.905716,8.141229,5.646909,201.869554,0.782421,0.677136
4883,667,3,0,5,0,4,1,2,0,0,1,0,12,0,1,74.5,0.544359,4.300635,4.57679,7.387151,0.237821,0.448423
17834,1115,2,1,4,0,3,2,3,1,2,2,2,12,3,4,64.0,1.0,7.906246,6.37962,170.639589,0.771411,0.705967
7461,613,0,0,3,4,8,1,3,0,0,5,1,15,0,6,61.0,0.26965,3.484788,4.215973,11.021213,0.803172,0.40618
2076,300,1,0,2,0,4,1,0,0,1,1,0,7,1,1,82.5,0.0,0.963391,4.535063,0.684314,0.056007,0.20109
11027,1329,2,0,7,4,5,1,2,2,0,5,0,15,2,5,58.5,0.61736,6.166682,5.883917,45.78683,0.506368,0.508346
4500,300,1,1,0,1,0,0,0,0,0,0,0,0,0,0,100.0,0.990463,5.777778,7.213615,20.759729,0.841119,0.737404
4500,300,0,0,1,1,2,0,3,0,1,1,1,6,1,2,83.0,0.62586,7.333333,6.204502,15.998442,0.920121,0.659781
5695,391,0,0,2,0,5,0,1,1,0,1,0,8,1,1,80.5,0.883392,8.077261,6.687664,179.883435,0.921981,0.667954
6202,387,1,2,3,0,1,1,0,0,0,1,0,5,0,1,88.5,0.761332,7.094486,6.35873,64.678691,0.973072,0.698642
12031,1112,5,1,4,3,10,3,4,0,0,3,1,21,0,4,52.0,0.606547,5.153354,4.622319,34.133926,0.699144,0.50014
3347,532,1,0,4,0,1,1,1,1,0,2,0,7,1,2,81.0,0.082292,2.688975,3.122855,0.300588,0.46579,0.277954
5862,576,0,2,3,0,8,1,1,2,1,5,0,13,3,5,60.5,0.508796,2.900034,5.531649,11.474651,0.690415,0.495167
12996,1519,3,1,7,0,6,1,2,1,2,6,1,16,3,7,51.5,0.556316,3.231764,4.691993,20.775777,0.365536,0.453144
3200,300,0,0,4,0,4,2,3,0,0,0,2,13,0,2,71.0,0.599405,4.6875,5.033441,2.603648,0.955894,0.481807
16500,2047,4,3,7,2,6,2,2,1,3,5,1,17,4,6,49.0,0.642226,5.878788,4.66236,36.43436,0.186677,0.478789
8641,1139,1,2,9,1,5,1,2,0,3,2,2,17,3,4,54.0,0.565557,3.47182,4.99491,24.454097,0.229553,0.448493
1500,300,1,2,1,0,0,0,0,0,1,0,0,1,1,0,96.0,0.079441,0.666667,1.0,0.191649,0.356973,0.193987
5166,421,2,0,0,0,4,1,0,0,0,0,1,5,0,1,88.5,0.702552,3.871467,3.905588,7.238828,0.038882,0.467688
15000,1883,2,2,9,4,7,4,6,1,0,8,2,26,1,10,31.0,0.418985,4.466667,5.070691,20.915162,0.505528,0.498132
5942,846,2,2,4,1,4,1,5,1,2,4,0,14,3,4,60.0,0.070593,2.356109,2.583323,0.702608,0.400795,0.198545
9821,1413,5,0,11,3,4,2,5,1,2,4,1,22,3,5,42.5,0.144822,4.785663,3.185633,2.479573,0.287127,0.314575
8803,933,4,2,8,4,5,0,2,0,1,1,2,15,1,3,63.5,0.231766,3.86232,2.266488,5.9746,0.140212,0.291407
11223,1194,2,1,19,1,7,1,7,1,0,2,1,34,1,3,25.5,0.155752,1.871157,3.442717,4.856209,0.389314,0.180358
2634,300,0,1,4,1,2,0,1,1,0,3,0,7,1,3,79.5,0.3526,4.935459,4.486517,8.758537,0.965581,0.430962
4327,358,1,0,4,1,2,1,1,0,0,1,2,8,0,3,79.5,0.498497,5.084354,4.895442,13.028592,0.223397,0.483326
10868,689,0,2,2,2,3,0,1,0,0,1,0,6,0,1,86.5,0.740867,5.796835,5.406634,111.425161,0.997582,0.68368
3878,529,1,0,5,0,4,1,2,1,0,1,0,12,1,1,72.5,0.652245,3.610108,6.740796,13.048615,0.558523,0.541306
4587,633,0,1,7,2,6,1,1,1,0,1,1,15,1,2,65.0,0.125667,1.308044,2.93991,0.15718,0.430731,0.195034
5813,495,0,0,4,0,6,0,1,2,0,2,1,11,2,3,69.5,0.555937,8.257354,4.66468,71.540069,0.991019,0.601059
7847,557,0,2,7,3,2,0,1,0,1,1,1,10,1,2,75.0,1.0,6.499299,6.926633,120.589907,0.733852,0.69803
4794,545,2,1,5,3,7,0,0,2,1,6,1,12,3,7,59.5,0.048997,2.085941,3.013176,0.516119,0.018899,0.187297
3200,300,0,0,3,0,1,0,1,0,1,1,0,5,1,1,86.5,0.534266,4.375,4.445578,3.933485,0.7347,0.447067
13098,981,5,0,7,0,6,0,4,1,0,3,0,17,1,3,59.5,0.9262,7.176668,5.851409,119.920282,0.982285,0.704627
2161,391,3,0,4,0,2,0,2,2,2,0,0,8,4,0,76.0,0.153113,0.925497,1.791831,0.0,0.527444,0.246379
12206,1617,3,0,14,4,7,0,1,1,0,6,4,22,1,10,39.0,0.714051,5.980665,4.937171,20.66324,0.394457,0.516395
2200,300,0,0,0,1,1,0,1,1,0,0,0,2,1,0,94.0,0.151472,3.181818,3.431511,3.801583,0.645657,0.344953
6125,405,0,0,2,0,0,0,0,1,0,3,0,2,1,3,89.5,0.971781,5.061224,5.461101,26.970834,0.649028,0.77245
6873,682,0,0,5,0,2,1,2,0,0,1,0,10,0,1,78.5,0.104873,1.891459,2.897558,2.111267,0.729844,0.291542
2600,315,1,0,0,0,3,0,0,3,0,0,0,3,3,0,88.0,0.581965,6.923077,5.290964,7.100802,0.558463,0.533454
4936,489,0,0,4,0,0,0,2,0,2,1,0,6,2,1,82.5,0.879935,6.888169,6.429538,23.545297,0.503254,0.744373
3737,730,1,2,6,1,3,0,1,0,1,2,1,10,1,3,73.5,0.119175,3.746321,3.184711,4.360134,0.463534,0.319054
4873,944,1,1,11,1,4,0,2,1,1,3,1,17,2,4,56.0,0.032251,1.846912,3.204699,2.077117,0.369247,0.18491
11447,1238,2,4,5,1,6,1,0,2,1,4,1,12,3,5,62.5,0.477803,3.931161,3.362782,14.39929,0.045952,0.444563
3257,373,1,2,1,2,3,0,0,0,0,1,0,4,0,1,90.5,0.250909,3.07031,3.33116,5.710984,0.449799,0.339942
3462,317,1,1,4,1,3,0,0,0,1,0,0,7,1,0,84.0,0.371932,4.043905,3.62157,1.058839,0.653312,0.403421
7050,752,1,2,8,0,3,0,0,0,0,1,0,11,0,1,76.5,0.388804,2.553191,4.47874,10.773891,0.175078,0.442877
2200,300,0,0,3,0,1,1,0,0,1,1,0,5,1,1,86.5,0.185487,2.272727,3.016526,4.888232,0.173984,0.236673
14462,903,3,0,1,1,1,0,3,1,0,2,0,5,1,2,85.0,0.851815,7.122113,5.81958,253.787786,0.900611,0.720738
3766,466,1,0,4,0,3,1,1,1,0,1,0,9,1,1,78.5,0.273115,3.717472,3.913877,8.313432,0.61405,0.354112
8544,749,0,0,4,0,3,0,0,0,0,1,1,7,0,2,83.0,1.0,7.139513,5.791249,61.924874,0.58902,0.684816
5402,882,2,0,12,4,6,0,1,0,1,2,0,19,1,2,57.0,0.911403,7.960015,6.548446,170.526042,0.746052,0.724807
11105,830,5,1,9,1,3,0,0,1,1,3,0,12,2,3,67.5,0.665464,5.853219,5.857787,10.194807,0.794013,0.486767
10257,715,1,2,2,1,1,2,1,2,1,1,1,6,3,2,79.0,0.79018,5.55718,6.121132,54.043897,0.816377,0.735041
2781,370,1,1,5,0,4,0,1,1,1,0,0,10,2,0,76.0,0.219103,2.876663,2.831809,4.876817,0.39075,0.287599
8742,646,1,2,6,2,10,1,3,1,1,2,0,20,2,2,53.0,0.913352,5.261954,5.774338,19.507126,0.098918,0.572591
5676,425,1,1,9,0,2,0,5,2,2,5,0,16,4,5,52.5,0.418903,4.580691,5.638227,19.278104,0.94821,0.520974
3840,474,1,1,1,0,5,0,0,1,0,1,1,6,1,2,83.0,0.298723,2.604167,2.744739,3.122649,0.298088,0.271405
17769,1110,1,1,9,1,2,1,0,2,0,1,0,12,2,1,70.5,1.0,6.584501,6.298691,135.461805,0.90949,0.723602
6322,679,1,0,5,0,5,0,2,0,1,1,0,12,1,1,72.5,0.836682,6.959823,6.316057,16.155708,0.622746,0.68577
9132,1141,2,0,6,2,5,2,5,2,1,0,0,18,3,0,58.0,0.238592,2.299606,3.907604,2.786623,0.494144,0.313432
9790,611,0,0,8,0,2,0,1,0,0,0,0,11,0,0,78.0,0.908544,5.822268,5.727487,67.69291,0.973969,0.699854
6053,480,0,0,3,0,2,0,2,0,0,1,0,7,0,1,84.5,0.922843,8.921196,6.126155,50.012701,0.650562,0.769399
3229,508,0,1,7,2,3,0,0,0,0,0,1,10,0,1,78.5,0.059593,1.85816,3.226277,0.461904,0.109882,0.216765
3720,344,1,0,6,0,0,0,1,1,0,0,0,7,1,0,84.0,0.336203,3.494624,3.80387,2.865233,0.457122,0.343167
10875,1288,1,3,10,5,9,3,2,1,0,8,0,24,1,8,38.0,0.57356,6.252874,4.87995,39.808007,0.248115,0.510157
5516,653,3,0,11,1,3,2,0,1,0,1,0,16,1,1,64.5,0.265839,3.263234,3.825117,11.546098,0.72306,0.340875
3947,641,1,1,3,1,5,1,1,1,0,1,0,10,1,1,76.5,0.007998,1.013428,3.887015,2.909125,0.575859,0.311483
7360,1422,4,2,15,2,14,2,4,0,1,6,1,35,1,7,17.5,0.932691,8.152174,6.341726,49.124169,0.364498,0.701389
8230,1471,5,1,11,1,7,2,0,4,5,4,0,20,9,4,36.0,0.15781,3.28068,2.578231,6.795034,0.334086,0.279288
9898,996,4,0,6,2,3,1,2,0,0,2,0,12,0,2,73.0,0.638214,6.061831,5.330204,22.889327,0.172906,0.62441
3447,379,1,1,5,1,0,0,0,0,1,0,0,5,1,0,88.0,0.392451,2.901073,6.078183,7.841805,0.405937,0.444807
7068,1046,3,2,8,3,6,2,1,2,1,6,2,17,3,8,48.0,0.16157,1.273345,2.878113,2.207283,0.284697,0.182012
2985,300,1,1,2,0,2,0,0,0,2,2,0,4,2,2,85.0,0.728564,5.360134,5.061031,28.442533,0.91846,0.629797
7692,536,3,1,4,1,4,0,2,2,0,1,1,10,2,2,73.0,0.933638,6.630265,6.757086,234.465402,0.94135,0.750559
4794,608,0,2,10,2,2,1,0,0,2,4,1,13,2,5,62.5,0.059554,1.877347,1.670853,0.933191,0.093194,0.114398
12903,952,2,1,1,0,3,0,2,0,0,3,0,6,0,3,83.5,0.760608,6.355111,6.240333,364.565588,0.927451,0.673465
4672,657,0,0,4,0,2,1,0,1,0,2,0,7,1,2,81.0,0.070983,1.498288,3.936767,2.579468,0.427778,0.264183
10873,1259,3,0,15,2,10,5,4,4,5,10,4,34,9,14,0.0,0.027596,0.459855,3.475681,0.131237,0.067962,0.075393
6038,654,0,2,5,1,1,1,2,0,0,4,1,9,0,5,74.5,0.274905,2.318649,3.504556,2.108127,0.026368,0.226805
7175,574,1,2,6,1,4,1,1,0,1,0,0,12,1,0,74.0,0.509294,4.878049,4.521761,17.130673,0.958273,0.511351
8238,745,2,1,11,1,7,2,1,1,0,2,0,21,1,2,53.0,0.366063,4.491381,4.94731,115.702837,0.902213,0.418889
7822,849,1,2,12,1,3,0,1,3,2,4,0,16,5,4,52.0,0.169303,2.429046,2.807081,0.242712,0.034132,0.147839
9611,1191,4,0,6,2,4,0,1,1,0,2,3,11,1,5,68.5,0.335022,4.161898,3.626029,4.145586,0.369942,0.410218
1647,300,0,1,6,0,1,0,1,0,1,0,1,8,1,1,80.5,0.16753,1.821494,4.034819,0.081885,0.344342,0.220031
4399,635,0,1,4,2,1,1,0,1,1,0,0,6,2,0,84.0,0.153821,3.63719,3.32834,3.351473,0.239294,0.323653
5790,677,1,1,4,0,2,0,1,0,0,2,2,7,0,4,80.0,0.663644,6.217617,5.237698,9.359926,0.308426,0.444586
13407,1533,2,1,9,1,5,1,2,2,1,3,0,17,3,3,55.5,0.707124,5.444917,4.215611,24.073726,0.22436,0.564787
3634,529,2,2,6,0,6,2,2,0,0,4,0,16,0,4,62.0,0.986731,7.154651,5.977968,78.852073,0.812625,0.696691
13000,1272,2,1,10,3,5,2,2,3,2,4,0,19,5,4,46.0,0.103965,2.307692,2.860307,7.191661,0.045746,0.245966
5924,662,2,1,6,0,5,0,1,0,1,1,2,12,1,3,69.5,0.101968,2.532073,2.57063,3.39801,0.164058,0.224738
4001,563,1,1,5,1,6,1,2,0,0,3,0,14,0,3,67.5,0.776341,6.99825,5.245299,19.978925,0.435915,0.636298
15792,998,4,2,6,0,4,1,3,0,0,2,2,14,0,4,66.0,0.988419,8.168693,5.874151,500.799731,0.748288,0.742488
9026,584,1,1,5,0,3,0,0,3,1,0,1,8,4,1,74.5,0.979176,8.641702,6.14736,180.721161,0.551035,0.736667
2600,300,0,0,3,1,1,0,0,0,0,1,0,4,0,1,90.5,0.392053,4.230769,3.534839,2.135206,0.975741,0.417286
4500,300,3,2,1,0,0,0,1,0,0,0,0,2,0,0,96.0,0.979126,9.777778,7.020249,203.113526,0.883746,0.932798
15000,1787,3,2,14,2,9,1,6,0,0,3,3,30,0,6,31.0,0.558344,3.266667,3.818416,14.651092,0.70453,0.476212
1623,300,1,0,2,0,1,0,0,0,0,1,0,3,0,1,92.5,0.228709,4.313001,2.781025,1.765537,0.448742,0.319797
9368,1030,2,2,4,0,5,0,0,2,1,2,0,9,3,2,73.0,0.550002,5.764304,4.914122,28.693711,0.265127,0.542368
14135,1451,2,3,12,2,7,4,0,0,1,6,1,23,1,7,41.5,0.52734,3.183587,4.011928,18.281406,0.310283,0.425268
1500,300,0,0,2,0,1,0,3,0,0,0,0,6,0,0,88.0,0.162496,1.333333,3.894908,0.849841,0.034591,0.285271
14569,1020,1,0,5,2,6,0,0,4,1,1,1,11,5,2,65.0,0.895399,5.765667,5.425708,194.917239,0.550468,0.655972
5357,352,1,0,3,1,1,0,2,1,0,0,0,6,1,0,86.0,0.931256,5.600149,5.88831,31.44907,0.575618,0.681595
10367,867,1,0,9,0,9,0,0,1,1,3,1,18,2,4,54.0,0.64422,5.980515,4.923144,21.653301,0.214714,0.472201
6556,1077,0,1,10,3,5,1,0,0,0,4,1,16,0,5,60.5,0.426684,4.118365,4.467809,15.455504,0.48152,0.427864
3200,408,0,1,3,1,0,0,2,0,0,0,0,5,0,0,90.0,0.658747,4.6875,5.063872,6.990178,0.246216,0.475401
4559,538,0,0,3,1,2,1,1,0,2,0,0,7,2,0,82.0,0.581124,4.386927,4.517132,10.773377,0.61647,0.510629
13125,1001,5,1,14,2,7,1,3,0,2,2,1,25,2,3,41.5,0.231717,3.961905,4.146034,19.317867,0.95221,0.51019
4873,511,0,0,3,0,2,0,0,0,0,0,0,5,0,0,90.0,0.923955,4.719885,5.476107,42.395977,0.502063,0.706633
3705,519,0,0,6,1,1,0,1,0,0,1,0,8,0,1,82.5,0.448087,5.128205,3.600578,12.516024,0.287985,0.47646
5362,612,1,0,1,4,1,1,0,0,0,1,0,3,0,1,92.5,0.824095,4.662439,5.347076,9.820513,0.22669,0.53195
5554,747,1,1,9,4,2,0,0,0,1,3,1,11,1,4,70.0,0.216654,3.060857,4.724435,5.210872,0.521125,0.287447
11406,1585,2,4,15,6,13,4,2,1,1,5,3,34,2,8,16.0,0.623955,4.208311,5.015243,31.806121,0.521622,0.518691
13063,1402,0,2,12,5,14,3,4,0,1,3,1,33,1,4,26.0,0.532942,4.593126,4.249092,34.71622,0.718967,0.510116
12475,792,1,0,5,0,1,1,0,0,0,0,0,7,0,0,86.0,0.705478,6.653307,5.73364,84.144157,0.838627,0.737852
11000,1698,3,4,6,2,8,0,5,6,2,10,2,19,8,12,28.0,0.278454,2.545455,3.638051,3.846694,0.578965,0.250363
11137,1238,3,3,7,3,8,2,5,1,1,9,0,22,2,9,38.5,0.405061,4.399749,3.95,36.31328,0.996322,0.4592
9515,1022,0,2,6,1,4,0,1,0,0,2,1,11,0,3,73.5,0.566388,5.149764,4.468354,16.473838,0.321025,0.504215
4205,525,2,1,6,2,7,2,3,0,0,4,1,18,0,5,56.5,0.820402,5.707491,5.671386,33.187324,0.571707,0.735978
3082,300,0,1,4,0,2,0,1,0,0,3,3,7,0,6,77.0,0.235335,1.946788,3.326136,0.308117,0.219827,0.252541
4905,425,1,0,5,1,2,0,0,1,1,2,0,7,2,2,79.0,0.207262,2.85423,3.899987,11.914746,0.695147,0.445342
2317,340,1,0,4,0,1,0,3,1,0,2,1,8,1,3,77.5,0.143951,1.72637,2.741611,1.840591,0.604911,0.201263
9678,1553,4,2,16,3,11,2,2,2,1,2,0,31,3,2,29.0,0.220764,1.549907,2.359502,1.86378,0.406109,0.205733
13546,1299,0,1,3,2,6,0,1,0,0,2,0,10,0,2,77.0,1.0,5.093755,6.690814,311.23453,0.57991,0.722388
4228,725,4,1,10,3,7,0,2,2,1,3,1,19,3,4,50.0,0.088472,2.601703,2.708896,0.323376,0.441228,0.232213
7317,929,2,0,12,2,7,1,3,4,1,8,2,23,5,10,29.0,0.053245,0.820008,3.736958,0.079792,0.416648,0.167672
16500,2147,2,0,14,1,8,0,4,1,2,5,1,26,3,6,33.0,0.585125,4.484848,5.190802,38.881477,0.378281,0.468269
2200,300,0,0,0,0,1,0,4,2,1,1,1,5,3,2,81.0,0.096399,2.727273,2.0033,0.053286,0.102464,0.215969
8887,743,3,2,4,3,3,0,1,0,1,3,0,8,1,3,77.5,0.37935,3.938337,4.084981,21.094493,0.6857,0.460437
9264,1553,3,1,11,3,4,0,1,0,0,4,0,16,0,4,62.0,0.42929,4.425734,4.243261,16.019497,0.363281,0.448453
3199,622,1,1,1,0,4,0,3,1,3,0,0,8,4,0,76.0,0.056169,2.813379,3.031322,2.995874,0.309103,0.266586
9144,1062,0,0,6,1,3,0,2,0,0,1,0,11,0,1,76.5,0.496408,3.937008,4.568939,12.864002,0.424486,0.448558
5415,494,0,0,3,1,1,1,0,0,2,1,3,5,2,4,80.0,0.60826,5.724838,4.360511,8.300938,0.296867,0.420747
3062,354,2,1,4,0,2,0,1,2,0,3,0,7,2,3,77.5,0.144965,1.306336,2.778712,0.001204,0.552332,0.22307
8189,734,4,0,4,0,6,0,1,1,0,6,1,11,1,7,65.5,0.589438,6.594212,5.489479,53.221232,0.73464,0.544478
15982,1079,2,1,7,0,6,2,2,1,1,0,2,17,2,2,59.0,0.923914,7.571017,6.469696,135.374055,0.908855,0.751784
12874,1735,10,1,30,7,17,2,5,0,3,9,2,54,3,11,0.0,0.9768,9.709492,5.391059,117.198931,0.588326,0.687494
9503,662,0,0,3,0,1,1,2,0,0,1,0,7,0,1,84.5,0.708551,5.261496,5.327391,28.229496,0.536024,0.667666
4172,415,3,0,5,0,3,0,0,1,0,0,0,8,1,0,82.0,0.579085,5.752637,3.939862,11.684861,0.41497,0.539154
6052,732,0,0,1,1,0,1,0,1,0,1,0,2,1,1,92.5,0.57413,5.287508,5.133371,10.292017,0.41761,0.526905
9500,689,0,1,1,0,2,1,1,1,0,0,0,5,1,0,88.0,0.832106,4.842105,4.704307,145.947991,0.754094,0.729279
9779,1110,4,2,14,3,3,1,2,1,1,6,2,20,2,8,44.0,0.354391,3.272318,4.152721,32.261513,0.704754,0.410648
11264,704,0,1,4,3,2,0,2,3,0,2,0,8,3,2,75.0,0.90905,5.326705,6.376436,220.378693,0.94809,0.719787
18000,1125,1,3,6,1,3,1,3,0,0,4,0,13,0,4,68.0,0.803946,7.166667,6.150526,123.305444,0.920784,0.738775
8353,522,1,2,4,0,1,0,0,0,1,4,0,5,1,4,82.0,0.988678,6.704178,6.101145,100.839317,0.975121,0.814051
8788,818,1,2,10,0,7,0,1,0,0,3,2,18,0,5,56.5,0.462001,3.527538,4.59637,14.039938,0.777682,0.430364
15163,947,4,1,6,2,1,0,1,0,1,2,1,8,1,3,77.5,1.0,6.133351,6.648238,416.764176,0.993319,0.816907
6132,734,0,2,4,0,4,3,1,1,0,2,1,12,1,3,69.5,0.57735,3.587736,4.826244,16.900211,0.17395,0.403837
11000,1134,2,3,12,4,10,3,6,2,2,4,2,31,4,6,21.0,0.257168,3.909091,4.125821,8.677575,0.648557,0.272375
11694,1387,4,3,7,1,10,0,3,0,0,2,1,20,0,3,55.5,0.078043,1.368223,3.589848,1.453115,0.090808,0.272129
11000,1883,4,1,12,1,9,1,5,1,4,9,1,27,5,10,21.0,0.11766,3.0,3.022474,6.146438,0.458785,0.216718
7123,445,1,0,0,1,0,0,1,1,0,0,0,1,1,0,96.0,0.895251,7.159905,5.323132,87.689318,0.896086,0.778511
14408,1274,3,1,11,1,9,2,2,1,1,5,0,24,2,5,40.5,0.648001,4.094947,4.699273,23.784921,0.160426,0.53972
13111,1834,2,0,6,2,9,0,1,0,1,5,2,16,1,7,55.5,0.497998,4.118679,5.077238,20.556685,0.237664,0.45284
6256,806,3,2,10,2,3,0,3,5,2,5,0,16,7,5,46.5,0.135291,3.516624,2.179954,5.494531,0.49911,0.258828
7007,977,1,2,7,0,3,1,4,1,1,4,0,15,2,4,60.0,0.05737,3.282432,4.18205,1.996692,0.323968,0.202883
4826,602,1,0,9,0,5,2,1,2,2,1,0,17,4,1,56.5,0.089015,2.900953,2.710967,1.646492,0.743206,0.232087
4038,369,1,0,2,1,1,0,0,2,1,1,0,3,3,1,86.5,0.519494,3.71471,3.512542,3.004185,0.163201,0.423467
8358,1012,3,0,4,1,5,0,2,1,0,4,0,11,1,4,70.0,0.787086,6.460876,4.76108,33.019802,0.243951,0.6493
11681,909,1,1,10,1,2,1,2,2,0,2,0,15,2,2,63.0,0.601228,5.307765,4.853319,17.690068,0.786858,0.49897
4743,706,1,0,5,1,5,0,1,0,0,1,1,11,0,2,75.0,0.259282,2.530044,3.800204,2.704519,0.475873,0.35345
18000,1125,0,3,15,1,7,0,2,1,0,1,1,24,1,2,47.0,0.750389,7.166667,5.681028,138.126427,0.981869,0.706365
9760,610,4,2,2,0,4,1,3,0,0,3,1,10,0,4,74.0,0.895103,5.942623,6.575454,62.934857,0.961453,0.691139
5240,413,0,2,3,0,2,0,3,2,0,0,2,8,2,2,77.0,0.473355,4.198473,5.220356,18.272113,0.831361,0.460861
4354,594,3,0,5,0,3,0,1,1,1,2,0,9,2,2,75.0,0.182917,1.837391,2.67395,0.355493,0.271399,0.287033
4174,401,0,1,3,2,1,1,0,0,1,0,0,5,1,0,88.0,0.514204,7.426929,4.327459,87.839488,0.960436,0.492682
5970,532,1,1,3,1,3,0,3,1,0,1,1,9,1,2,77.0,0.416432,3.350084,4.700701,3.796034,0.004917,0.412518
6592,656,0,0,2,0,2,1,0,0,1,1,0,5,1,1,86.5,0.942921,5.612864,6.276367,162.935302,0.577014,0.66876
4621,487,2,1,3,2,6,0,0,0,2,3,1,9,2,4,72.0,0.025051,1.731227,2.052043,1.138345,0.654839,0.254284
13485,1394,3,2,12,2,7,0,1,0,1,10,3,20,1,13,38.5,0.442162,4.078606,3.920465,26.491038,0.400484,0.428862
6038,598,1,1,7,2,2,2,2,0,1,3,1,13,1,4,66.0,0.536819,3.809208,3.796127,10.565012,0.158444,0.404547
14132,1367,1,0,8,1,6,0,3,3,0,5,0,17,3,5,52.5,0.591844,3.962638,3.969168,31.714033,0.151411,0.434205
9253,1224,0,1,4,4,3,2,1,0,2,3,1,10,2,4,70.0,0.629758,4.430995,4.164335,21.962667,0.568988,0.579763
14804,925,0,0,7,0,4,0,1,0,0,1,0,12,0,1,74.5,0.67867,6.214537,7.048409,61.78222,0.816919,0.680003
4500,480,0,0,4,1,3,0,0,0,0,2,0,7,0,2,83.0,1.0,8.666667,6.077199,44.468441,0.510319,0.742343
3002,312,1,0,5,0,2,1,0,1,1,0,1,8,2,1,78.5,0.034847,1.998668,3.686772,3.316959,0.373293,0.276431
10585,1322,1,0,4,0,5,0,0,1,0,0,1,9,1,1,78.5,0.477121,3.212093,3.5696,15.1577,0.280336,0.431117
5119,654,3,1,8,1,3,3,4,4,0,5,2,18,4,7,45.5,0.372183,2.344208,2.512325,0.865706,0.466894,0.243978
10561,1089,1,2,3,2,2,1,3,0,0,1,1,9,0,2,79.0,0.987413,5.775968,6.131138,24.73916,0.569974,0.732785
18000,1197,1,3,9,2,3,1,0,0,0,0,0,13,0,0,74.0,0.949531,6.555556,5.92849,336.259332,0.567492,0.762502
6480,405,2,3,2,1,2,2,0,0,0,1,0,6,0,1,86.5,0.931868,7.87037,6.223445,63.219071,0.93978,0.771411
14856,966,2,3,9,1,5,0,1,0,1,7,1,15,1,8,56.0,0.829318,6.462036,6.208903,134.031182,0.845454,0.685971
5729,579,2,0,5,1,1,0,0,0,2,3,0,6,2,3,79.5,0.686379,6.63292,4.705209,22.746413,0.258522,0.637174
9053,1062,3,3,22,1,11,0,5,0,1,7,2,38,1,9,8.5,0.84677,6.959019,6.409957,236.827153,0.855991,0.712507
1500,300,2,0,3,0,1,0,0,0,0,2,0,4,0,2,89.0,0.030372,2.0,3.699484,0.073332,0.473296,0.297992
6377,720,0,1,6,1,2,0,0,1,1,1,0,8,2,1,78.5,1.0,4.86122,5.121053,39.812221,0.503798,0.704925
4675,386,1,0,3,1,2,2,1,1,2,1,0,8,3,1,76.5,0.172224,4.705882,3.546793,9.484187,0.578327,0.366294
1500,300,0,0,5,1,1,1,0,0,0,1,0,7,0,1,84.5,0.176328,2.666667,3.516105,0.366504,0.792154,0.306764
7616,948,2,0,4,2,3,0,0,0,1,4,0,7,1,4,78.0,0.708564,5.777311,4.976679,38.652627,0.541376,0.577296
11741,936,4,0,5,2,0,0,1,0,0,0,0,6,0,0,88.0,1.0,5.536155,5.962633,70.159673,0.488302,0.766311
10123,1049,1,0,2,1,2,0,2,0,0,1,0,6,0,1,86.5,0.904299,9.58214,5.272054,65.428997,0.56932,0.783248
3607,439,0,1,5,0,2,2,1,0,0,1,0,10,0,1,78.5,0.106828,2.772387,3.114399,1.587244,0.597126,0.249155
8956,1361,2,1,7,2,7,0,4,1,3,7,1,18,4,8,44.0,0.359632,3.014739,3.187344,2.782271,0.43503,0.2418
1715,330,0,0,3,0,1,1,3,1,3,2,0,8,4,2,73.0,0.024228,2.915452,3.115548,0.000541,0.476732,0.296878
9214,581,0,1,1,3,1,2,0,0,0,4,0,4,0,4,86.0,0.817305,4.558281,5.941659,46.429923,0.896928,0.7037
11456,1133,1,3,13,1,13,1,7,1,3,3,3,34,4,6,15.0,0.560299,5.412011,5.172943,20.280916,0.953187,0.518212
9175,1136,2,1,6,1,3,1,1,1,1,5,1,11,2,6,65.0,0.652905,5.558583,4.433963,34.192212,0.362456,0.520176
5563,832,1,3,13,0,8,1,1,2,0,3,0,23,2,3,45.5,0.796448,8.26892,6.910151,91.115537,0.586523,0.682384
6150,711,1,2,6,1,3,0,2,0,0,0,0,11,0,0,78.0,0.527872,3.902439,4.781996,21.230579,0.257174,0.523398
14000,1622,6,4,30,4,17,1,6,0,0,6,2,54,0,8,0.0,0.964355,8.285714,5.61862,400.398227,0.986135,0.685687
9416,1384,2,0,11,2,5,1,1,2,0,1,1,18,2,2,57.0,0.611324,5.841121,4.206817,23.804165,0.294058,0.500923
11093,1093,3,3,17,1,8,1,5,4,1,4,0,31,5,4,22.0,0.257432,4.777788,3.839931,38.798369,0.904634,0.432857
3954,412,1,1,2,1,1,0,1,0,1,5,0,4,1,5,82.5,0.162002,1.517451,1.878826,1.205089,0.052451,0.193482
7150,961,1,1,10,4,9,0,2,1,4,4,1,21,5,5,40.5,0.217634,2.377622,3.530771,0.868399,0.356246,0.217363
9411,1098,2,0,7,1,5,1,2,0,1,3,0,15,1,3,63.5,0.58463,6.694294,5.235963,28.912767,0.371822,0.557835
10058,844,0,1,6,2,5,1,1,1,3,3,0,13,4,3,61.5,0.665852,6.064824,5.333362,60.000033,0.918295,0.611598
9815,1235,1,1,6,0,4,3,2,0,1,4,0,15,1,4,62.0,0.209362,2.037697,3.169036,9.363642,0.503019,0.366117
5938,580,1,1,8,1,5,0,4,0,3,2,1,17,3,3,55.5,0.729947,4.883799,3.558572,4.994085,0.041399,0.494362
3200,300,1,0,0,0,0,0,0,0,0,0,0,0,0,0,100.0,0.266307,3.4375,3.807258,0.97066,0.963609,0.441864
6930,688,4,0,2,0,2,0,1,1,0,0,0,5,1,0,88.0,0.907663,7.503608,6.607089,27.002553,0.577377,0.659035
8523,916,4,0,2,3,5,0,1,1,2,5,2,8,3,7,67.5,0.069512,1.877273,3.058055,0.551814,0.312796,0.27467
5279,359,2,0,1,1,0,0,0,0,0,1,0,1,0,1,96.5,0.878187,8.524342,6.32698,73.107672,0.859131,0.78191
8242,779,1,0,8,2,9,0,0,1,0,0,0,17,1,0,64.0,0.699602,6.794467,4.714229,33.076042,0.380247,0.607763
6502,851,3,4,5,1,3,2,1,2,2,3,2,11,4,5,62.5,0.604435,4.306367,5.211304,17.468251,0.587639,0.477536
10985,893,0,0,7,0,5,1,2,0,2,2,0,15,2,2,63.0,0.972433,6.463359,6.875209,84.332847,0.66824,0.737896
15000,1917,4,4,17,0,13,3,5,5,1,9,2,38,6,11,0.0,0.638646,3.866667,5.210559,17.135252,0.360191,0.426691
12625,1460,2,1,3,3,12,0,2,1,0,3,0,17,1,3,59.5,0.485781,3.326733,4.472087,39.699742,0.25961,0.441265
10467,760,0,0,6,1,2,0,3,1,0,1,0,11,1,1,74.5,0.63148,5.923378,6.316212,54.72258,0.802557,0.65054
11311,998,1,0,2,1,1,0,1,0,2,3,0,4,2,3,83.5,0.834307,6.100256,5.272659,146.384768,0.438105,0.656257
11717,1315,3,4,16,2,7,2,1,1,1,4,0,26,2,4,38.0,0.563393,5.376803,4.535924,38.337243,0.91062,0.510042
15705,1346,3,2,13,4,6,1,3,1,1,8,2,23,2,10,35.0,0.556184,5.221267,4.765213,34.510079,0.288156,0.471766
3422,300,1,2,3,1,2,0,1,0,0,1,0,6,0,1,86.5,0.588119,3.798948,4.810289,17.521531,0.300483,0.424426
10954,1637,0,4,9,5,10,0,5,0,2,4,0,24,2,4,42.0,0.08514,2.282271,3.943237,3.912827,0.650903,0.224357
9172,573,0,1,5,0,2,0,3,0,0,0,1,10,0,1,78.5,0.917533,8.831225,6.659274,95.133801,0.915739,0.772122
7373,740,0,0,1,0,0,0,2,1,1,2,2,3,2,4,84.0,0.301969,3.93327,4.419326,26.838313,0.382974,0.484228
9465,1163,4,2,11,2,10,0,2,1,1,7,0,23,2,7,39.5,0.086347,2.64131,3.828926,4.173494,0.627094,0.249496
10946,1349,3,1,4,1,3,3,5,0,2,4,0,15,2,4,60.0,0.698604,5.572812,5.461713,54.520925,0.409617,0.515869
3200,300,0,0,0,0,4,0,0,0,1,1,0,4,1,1,88.5,0.933238,6.5625,5.965347,8.789461,0.096275,0.551858
2647,438,0,0,0,1,3,0,3,1,0,0,0,6,1,0,86.0,0.132395,3.022289,3.321497,12.019989,0.274149,0.382305
2200,300,0,0,0,0,1,0,2,0,0,0,0,3,0,0,94.0,0.046576,4.545455,1.496415,2.181186,0.732487,0.273213
8222,1353,3,2,12,1,8,1,3,4,0,3,0,24,4,3,39.5,0.363374,2.554123,5.034433,1.305156,0.260136,0.303727
2200,300,0,0,0,1,1,0,1,1,1,0,0,2,2,0,92.0,0.29962,0.454545,3.057257,0.68835,0.000494,0.235056
9750,1233,1,0,18,1,13,2,3,2,1,4,0,36,3,4,16.0,0.836535,5.333333,6.083304,17.798648,0.883634,0.663072
15479,967,2,1,7,1,3,0,2,0,0,1,0,12,0,1,74.5,0.911634,7.429421,6.535834,420.986977,0.83812,0.729263
2200,300,2,0,1,1,0,0,1,0,2,2,0,2,2,2,89.0,0.16427,1.363636,4.727616,0.373816,0.153718,0.307261
2557,404,0,1,5,0,1,0,0,0,2,4,0,6,2,4,78.0,0.303167,1.955417,2.085017,0.035498,0.647603,0.253881
4500,321,0,0,5,0,0,0,1,0,0,0,0,6,0,0,88.0,0.927933,6.888889,7.509475,148.570699,0.921786,0.74668
8275,765,3,2,11,1,6,1,0,0,0,5,0,18,0,5,56.5,0.141082,1.812689,3.934267,5.915536,0.68793,0.304647
5500,432,0,0,3,0,0,1,0,1,0,1,0,4,1,1,88.5,0.873131,5.272727,6.271316,65.105393,0.662204,0.690826
13000,1711,1,1,11,3,9,1,5,3,2,2,1,26,5,3,33.5,0.029494,1.923077,3.512049,4.725372,0.278327,0.184397
10400,1259,5,3,20,2,9,4,2,3,5,4,0,35,8,4,8.0,0.199155,3.173077,3.512197,6.205062,0.502746,0.192724
8403,1263,3,1,3,2,5,0,3,0,0,5,1,11,0,6,69.0,0.026843,0.952041,2.426668,4.235456,0.207617,0.200402
14028,1383,2,0,8,1,7,1,1,0,0,2,2,17,0,4,60.0,1.0,6.05931,6.693401,366.363141,0.570517,0.698455
12916,885,2,0,7,1,4,0,1,1,2,3,1,12,3,4,64.0,1.0,8.903685,6.058772,140.005267,0.783933,0.736015
12023,932,3,1,11,2,0,1,2,1,3,1,1,14,4,2,61.0,0.420438,5.323131,4.804182,67.490292,0.901913,0.508752
6672,434,0,1,3,1,4,1,1,0,1,0,0,9,1,0,80.0,0.409629,4.796163,4.556016,18.695899,0.876548,0.561603
7614,778,1,0,8,1,5,1,1,1,0,2,0,15,1,2,65.0,0.459742,4.465458,3.948285,10.628646,0.639634,0.441647
11000,1936,2,3,20,1,9,0,3,3,3,7,2,32,6,9,10.5,0.078749,1.272727,3.042666,3.922847,0.484493,0.206971
2979,527,1,1,7,1,4,0,0,2,1,1,0,11,3,1,70.5,0.521562,3.021148,2.704184,2.627593,0.361588,0.335668
10382,1348,3,0,6,0,4,0,3,0,0,4,1,13,0,5,66.5,0.728341,5.682913,4.513108,21.405688,0.506934,0.529676
13000,1762,3,5,12,3,10,0,1,2,3,3,0,23,5,3,39.5,0.255453,3.461538,3.750106,6.101363,0.500348,0.270616
8425,1054,4,5,10,2,10,0,3,1,1,4,0,23,2,4,44.0,0.126786,1.780415,3.598713,10.273334,0.177329,0.229842
14081,1400,1,0,8,0,2,0,0,3,4,2,0,10,7,2,63.0,0.49353,4.332079,4.114267,44.609129,0.394772,0.414588
13698,938,3,3,5,1,5,1,3,0,0,2,0,14,0,2,69.0,0.998737,8.030369,6.718004,230.272992,0.742139,0.795381
2600,363,0,1,1,0,4,1,0,0,0,2,0,6,0,2,85.0,0.566216,5.769231,4.367753,4.834785,0.378039,0.492026
8580,1027,0,2,5,6,4,1,5,1,0,4,0,15,1,4,62.0,0.032055,2.680653,2.799328,10.399187,0.416882,0.25507
10647,665,1,1,3,1,0,0,1,1,0,0,1,4,1,1,88.5,1.0,6.856391,6.592675,74.782513,0.701988,0.792945
9429,735,3,1,2,1,1,0,2,1,0,1,2,5,1,3,83.5,0.439459,4.560399,4.858592,26.411353,0.883428,0.559686
9084,965,1,1,4,1,6,1,2,0,0,1,1,13,0,2,71.0,0.586387,4.183179,3.831083,8.602877,0.624189,0.446957
4500,347,0,0,0,0,2,0,0,0,0,0,0,2,0,0,96.0,0.939349,6.888889,6.258251,55.542907,0.545006,0.682675
9650,656,0,2,1,2,3,0,2,0,0,5,0,6,0,5,80.5,0.545523,7.150259,4.460328,198.397349,0.954091,0.599874
3770,570,2,0,3,0,0,0,1,1,0,1,0,4,1,1,88.5,0.633813,7.161804,5.016695,20.421791,0.416183,0.626603
4987,647,3,1,6,3,5,1,1,2,1,3,0,13,3,3,63.5,0.599984,4.812513,5.014775,45.993865,0.500762,0.584413
3206,518,0,0,11,2,7,2,0,1,0,3,2,20,1,5,50.5,0.924027,8.733624,5.47547,21.672275,0.654422,0.671683
6705,610,1,0,7,3,6,1,1,0,1,4,0,15,1,4,62.0,0.095989,2.684564,2.870779,1.040455,0.55207,0.218919
11674,1192,6,2,6,2,6,1,0,2,2,2,0,13,4,2,63.0,0.686461,5.396608,5.38382,41.507568,0.23535,0.471273
4537,485,2,1,5,2,3,2,2,1,2,0,0,12,3,0,70.0,0.146469,3.085739,3.844497,4.682233,0.725683,0.355087
5388,536,0,0,8,0,3,1,2,2,1,0,1,14,3,1,64.5,0.280918,3.526355,3.50192,0.726562,0.456753,0.323065
7466,1062,0,1,13,1,4,3,1,0,0,0,2,21,0,2,55.0,0.190002,2.946692,3.172824,6.529625,0.425005,0.283129
4438,684,3,1,5,2,7,0,2,1,2,1,0,14,3,1,64.5,0.082406,1.35196,2.664544,0.078237,0.045909,0.148681
8629,1158,1,2,13,0,6,2,2,4,1,7,3,23,5,10,29.0,0.261593,2.665431,3.814076,7.921962,0.741877,0.29554
15431,1207,1,0,7,1,6,2,2,0,1,4,0,17,1,4,58.0,0.763219,6.026829,5.86645,61.009673,0.660735,0.688751
6571,690,1,0,3,1,5,0,0,0,1,0,0,8,1,0,82.0,0.477176,4.869883,3.31917,9.496969,0.183008,0.418816
7772,520,0,1,5,2,1,0,1,3,1,4,0,7,4,4,72.0,0.458542,4.117344,3.892836,13.69425,0.754564,0.414105
7583,609,4,1,8,0,2,1,1,1,0,5,2,12,1,7,63.5,0.585312,3.956218,4.435717,23.626581,0.228731,0.452587
5562,688,2,0,2,0,2,0,2,0,1,2,0,6,1,2,83.0,0.568067,5.573535,4.444903,14.203419,0.332525,0.513991
13000,1190,5,2,10,1,2,0,2,1,0,2,3,14,1,5,62.5,0.10218,1.615385,2.583854,7.142071,0.190905,0.318813
5004,935,3,1,12,3,4,1,0,1,3,1,1,17,4,2,55.0,0.131275,2.797762,3.33602,5.410453,0.494566,0.218178
8250,674,1,0,3,0,1,0,1,0,0,1,0,5,0,1,88.5,0.632583,5.333333,4.145203,11.624188,0.070228,0.46229
5237,883,2,5,21,1,8,1,3,1,0,3,1,33,1,4,26.0,0.710043,8.019859,6.669929,41.805421,0.9523,0.66257
6059,647,2,4,6,3,5,1,1,0,0,4,0,13,0,4,68.0,0.003156,2.310612,2.615015,0.885311,0.088657,0.209321
9644,1184,2,1,12,0,5,0,1,1,0,1,0,18,1,1,60.5,0.647972,6.221485,3.96334,44.892379,0.553923,0.589553
7341,1049,2,2,6,1,7,0,1,0,1,3,1,14,1,4,64.0,0.790444,6.538619,4.351297,14.580478,0.550061,0.537439
13000,2056,3,1,17,2,7,0,3,0,2,7,0,27,2,7,31.5,0.229627,4.615385,3.074447,14.826404,0.42867,0.306827
5342,749,0,3,7,0,6,0,2,0,3,2,0,15,3,2,61.0,0.143696,3.182329,3.379299,13.960785,0.237031,0.310027
12132,1307,2,4,3,0,5,0,2,1,1,4,1,10,2,5,68.5,0.564235,3.791625,5.40727,21.158073,0.361563,0.550823
10604,746,2,2,4,0,0,0,2,0,1,1,0,6,1,1,84.5,0.540299,5.563938,4.884922,37.010434,0.905003,0.651087
3430,395,0,2,4,1,3,0,2,1,1,4,2,9,2,6,69.0,0.030279,2.623907,2.698511,0.054863,0.165498,0.222833
9338,961,2,1,18,1,7,2,2,1,0,7,2,29,1,9,26.5,0.513651,3.748126,5.237957,15.79402,0.673821,0.409728
6776,423,0,0,3,0,0,0,1,0,1,0,0,4,1,0,90.0,0.705946,6.788666,6.333376,71.810392,0.786769,0.709201
18000,1169,3,0,12,2,8,1,0,0,1,1,0,21,1,1,54.5,0.962449,7.666667,5.339123,114.284967,0.733654,0.760387
2800,364,1,0,5,0,4,0,4,0,0,3,0,13,0,3,69.5,0.839473,7.857143,5.512437,86.118514,0.928823,0.749065
9919,1220,3,1,5,0,7,0,4,2,1,2,0,16,3,2,59.0,0.730106,6.55308,5.2477,27.200229,0.380512,0.55267
4500,327,0,0,0,1,2,0,0,0,0,1,0,2,0,1,94.5,0.690912,6.0,5.240653,45.811239,0.931618,0.656543
16500,1997,3,3,13,0,8,1,5,0,1,6,4,27,1,10,29.0,0.607445,3.090909,4.121446,18.89968,0.220048,0.408463
3200,373,0,0,2,0,3,0,0,1,0,1,1,5,1,2,85.0,0.587984,3.125,4.277647,2.897397,0.577836,0.447975
3042,319,0,0,1,0,1,0,0,0,0,0,0,2,0,0,96.0,0.126214,0.986193,1.080907,6e-06,0.061573,0.218236
5639,406,0,0,3,0,2,1,0,0,0,2,0,6,0,2,85.0,0.848713,6.029438,6.110782,82.218561,0.662445,0.65071
8580,992,1,0,11,1,5,2,3,3,2,5,1,21,5,6,39.0,0.109046,0.34965,1.836589,2.197231,0.11048,0.119986
3181,597,2,2,11,0,3,0,2,0,0,2,0,16,0,2,65.0,0.881541,9.11663,5.370909,42.491289,0.43706,0.747546
4528,717,2,0,3,0,4,0,1,0,0,2,1,8,0,3,79.5,0.564325,4.858657,4.28245,4.66224,0.31356,0.426369
4099,606,2,0,1,0,4,1,2,1,2,2,1,8,3,3,73.5,0.169494,1.463772,2.949333,1.477346,0.245798,0.192552
7399,697,1,1,8,0,3,0,0,1,0,4,0,11,1,4,70.0,0.716242,4.865522,5.810768,22.543132,0.122496,0.501567
13000,1362,4,2,10,5,5,3,2,3,2,8,3,20,5,11,33.5,0.073152,1.230769,2.077355,2.298868,0.501413,0.156516
14758,1469,5,3,17,6,9,1,7,1,1,3,1,34,2,4,22.0,0.576468,3.252473,4.501778,18.687511,0.782174,0.502944
16500,2244,2,1,14,2,5,1,3,1,2,3,0,23,3,3,43.5,0.327918,3.333333,4.278908,22.040651,0.526649,0.481277
13000,1300,5,6,12,1,4,0,4,1,0,4,0,20,1,4,52.0,0.169334,1.923077,3.757542,2.149333,0.556771,0.2551
4418,360,1,1,6,0,1,0,0,0,0,1,0,7,0,1,84.5,0.412729,5.432322,4.622093,22.814635,0.787562,0.527913
7976,964,3,1,6,5,5,0,3,1,3,4,1,14,4,5,56.5,0.100558,1.504514,2.262889,2.133486,0.003824,0.198194
4500,300,0,1,1,0,2,0,0,0,0,1,0,3,0,1,92.5,0.970227,10.666667,6.450002,188.35623,0.764115,0.869409
3102,476,0,2,6,0,4,1,2,0,1,0,0,13,1,0,72.0,0.156496,1.934236,2.182596,2.162643,0.592551,0.254291
13519,906,1,2,14,2,4,1,0,1,0,7,2,19,1,9,46.5,0.503657,4.882018,4.684988,60.483265,0.765169,0.458689
8615,672,3,2,2,2,2,0,0,0,1,3,2,4,1,5,82.5,0.729052,3.830528,5.622868,12.658388,0.300915,0.60761
18000,1243,2,2,10,0,5,0,2,2,1,0,0,17,3,0,60.0,0.744812,7.166667,5.052875,209.913192,0.76887,0.672201
9361,971,5,2,14,2,3,1,1,0,1,7,1,19,1,8,48.0,0.756638,4.700353,4.365499,58.496868,0.158687,0.476599
3180,410,1,2,3,2,8,0,2,0,0,3,0,13,0,3,69.5,0.010711,1.886792,2.219844,0.226504,0.112639,0.170273
9363,1007,2,2,4,1,5,0,2,0,2,4,0,11,2,4,68.0,0.681555,5.446972,5.514787,20.103186,0.376882,0.603563
4817,569,2,0,6,0,6,0,1,0,1,3,1,13,1,4,66.0,0.276168,0.830392,1.397841,8e-06,0.026084,0.207787
8004,940,0,2,8,1,10,0,4,0,1,5,0,22,1,5,46.5,0.190311,3.748126,4.606244,18.505325,0.802672,0.389814
2800,433,1,1,5,2,6,0,1,0,0,2,0,12,0,2,73.0,0.938507,7.142857,6.053949,77.390802,0.868944,0.770794
9421,1087,2,1,7,1,0,0,0,1,2,2,0,7,3,2,77.0,0.466477,4.670417,3.996605,13.951962,0.480155,0.448611
13215,1720,4,1,7,3,3,1,1,0,1,6,1,12,1,7,63.5,0.58342,4.086266,5.426861,42.145216,0.204641,0.599923
7889,828,2,2,3,1,5,0,1,0,2,3,0,9,2,3,73.5,0.60515,3.929522,4.373514,16.2325,0.011628,0.441462
5360,470,1,1,10,0,0,0,0,0,1,2,2,10,1,4,72.0,0.402726,4.477612,3.573415,5.544753,0.319091,0.439382
6851,953,1,0,5,1,11,0,0,4,2,3,0,16,6,3,51.5,0.851632,5.838564,6.263422,28.349473,0.381713,0.548986
7923,891,0,0,6,2,4,1,0,2,0,1,0,11,2,1,72.5,0.426159,4.543733,3.664996,12.486,0.237106,0.416717
4500,337,1,0,0,0,1,0,0,0,0,1,1,1,0,2,95.0,0.936681,9.555556,6.463167,162.157995,0.764594,0.766425
5898,644,3,0,4,1,5,1,0,1,1,2,0,10,2,2,73.0,0.678117,6.442862,4.630392,8.977405,0.160608,0.563863
14693,918,1,0,3,2,2,1,1,0,1,3,0,7,1,3,79.5,0.925989,6.942081,5.408344,81.082617,0.678314,0.718387
4123,454,1,1,1,0,1,1,0,0,0,2,0,3,0,2,91.0,0.663834,4.365753,5.212875,6.922058,0.283354,0.457787
7758,484,3,1,1,0,1,0,0,0,0,1,0,2,0,1,94.5,0.984081,8.636246,6.264197,79.582247,0.789045,0.848621
8454,889,7,1,2,1,6,0,5,2,1,1,2,13,3,3,63.5,0.331794,4.021765,3.373219,5.993324,0.092401,0.257293
11412,1535,1,3,11,2,8,1,2,0,3,6,0,22,3,6,41.0,0.66338,7.273046,4.202035,33.938111,0.234336,0.504347
3240,463,0,0,5,0,2,0,1,0,0,0,1,8,0,1,82.5,0.055917,2.469136,3.964227,4.115806,0.197281,0.265578
12716,794,0,1,6,3,0,1,1,1,0,3,2,8,1,5,74.5,0.835801,6.291287,6.921549,357.947062,0.847378,0.656173
8178,705,2,0,9,0,4,0,0,0,0,3,1,13,0,4,68.0,0.193911,3.056982,3.639911,6.674529,0.894615,0.407884
13227,915,1,0,7,2,2,1,3,1,1,2,0,13,2,2,67.0,0.683221,5.140999,4.799384,107.368557,0.735148,0.663061
4474,753,1,1,4,2,2,2,1,2,3,5,2,9,5,7,61.5,0.265623,2.682164,3.477148,0.827809,0.533173,0.270954
5993,715,1,3,3,3,2,0,3,1,0,4,0,8,1,4,76.0,0.466565,3.670949,5.347295,15.371721,0.899879,0.480918
3637,300,2,1,5,1,2,1,0,1,0,0,2,8,1,2,79.0,0.70915,4.124278,4.93074,8.080427,0.162928,0.435459
10914,693,2,0,3,3,3,0,1,0,0,1,1,7,0,2,83.0,0.871796,6.963533,5.884105,17.190454,0.882416,0.723636
12472,1208,1,2,1,0,3,0,3,0,0,0,1,7,0,1,84.5,0.831574,7.216164,5.538527,141.595246,0.369516,0.739545
3200,300,3,0,4,0,1,1,0,0,1,2,0,6,1,2,83.0,0.623222,5.3125,4.100804,4.60382,0.033464,0.475628
3998,363,2,0,3,0,3,0,2,0,0,2,1,8,0,3,79.5,0.27818,4.502251,3.475239,8.222033,0.142921,0.402943
9476,1389,4,4,5,5,8,0,2,2,2,4,0,15,4,4,56.0,0.60609,5.276488,4.842087,11.835413,0.267347,0.517786
6451,509,2,2,1,0,2,0,0,0,0,1,1,3,0,2,91.0,1.0,8.990854,6.016012,54.087653,0.603879,0.732931
15327,1028,4,3,15,1,6,0,3,1,1,9,2,24,2,11,31.5,0.458726,4.306126,4.936438,40.229749,0.88705,0.462193
3450,425,0,0,5,1,2,0,2,1,0,1,2,9,1,3,75.5,0.046562,5.507246,2.042757,3.156434,0.220979,0.302046
8400,600,0,1,5,0,3,0,0,0,0,0,0,8,0,0,84.0,0.715496,7.738095,5.567138,70.863469,0.945014,0.671456
3781,362,2,1,6,0,5,0,0,2,0,1,1,11,2,2,71.0,0.119239,3.173764,3.255833,1.750398,0.058963,0.275888
9070,909,5,2,5,6,7,1,2,0,2,2,0,15,2,2,63.0,0.25842,4.851158,4.459712,11.911422,0.854989,0.514484
9092,1494,5,5,20,2,11,0,2,1,3,6,1,33,4,7,15.5,0.17835,1.759789,3.687184,9.499841,0.670393,0.214021
2600,307,0,1,7,1,6,0,0,1,0,1,0,13,1,1,70.5,0.601816,5.769231,5.282444,3.947703,0.593037,0.446223
3692,370,3,0,1,1,1,1,1,0,0,1,0,4,0,1,90.5,0.438903,6.229686,4.252184,8.707935,0.343866,0.47927
1835,300,0,1,2,0,5,0,2,1,0,0,0,9,1,0,80.0,0.069002,1.634877,2.619104,2.206427,0.243447,0.182542
4946,524,3,1,5,1,3,0,1,2,0,6,0,9,2,6,69.0,0.109412,1.415285,3.156397,0.197467,0.508653,0.21442
6956,703,1,1,1,1,1,1,2,0,3,0,0,5,3,0,84.0,0.598079,4.456584,4.209982,15.063773,0.158138,0.435182
13000,1592,2,2,22,3,11,0,3,0,1,3,0,36,1,3,21.5,0.137039,1.692308,2.397059,1.204543,0.394674,0.135476
6200,695,0,0,1,0,3,0,1,1,2,0,0,5,3,0,84.0,0.873307,6.129032,5.998449,20.769333,0.424845,0.62257
5848,426,0,0,3,1,3,0,2,0,0,1,0,8,0,1,82.5,0.952146,8.036936,6.369532,172.396804,0.735564,0.73385
6747,421,1,0,1,1,3,0,1,0,2,0,0,5,2,0,86.0,0.992674,7.558915,6.046745,181.819432,0.849868,0.758891
13544,1472,2,1,6,0,6,1,1,0,0,2,2,14,0,4,66.0,0.934756,8.712345,5.759227,141.610323,0.517795,0.701856
4811,345,0,1,1,0,2,0,1,0,0,0,0,4,0,0,92.0,0.645497,5.196425,5.650907,17.917696,0.994528,0.682551
11000,1205,3,2,9,5,9,2,4,3,1,4,1,24,4,5,36.5,0.180005,2.181818,3.567088,3.352945,0.041031,0.188632
7044,1246,4,1,6,2,6,1,2,2,1,7,0,15,3,7,53.5,0.147316,5.962521,3.624385,4.158299,0.354832,0.328331
10186,1389,3,1,12,1,9,2,7,2,3,5,3,30,5,8,18.0,0.079742,1.668957,2.803942,4.726413,0.056007,0.156938
5379,579,1,1,9,1,7,1,3,1,1,0,1,20,2,1,54.5,0.450069,3.532255,4.571175,17.580595,0.766676,0.404266
3324,430,2,0,2,0,8,2,2,0,2,1,1,14,2,2,65.0,0.06193,1.805054,3.056199,0.984867,0.676402,0.19202
4986,558,3,1,4,3,5,2,1,0,1,3,1,12,1,4,68.0,0.232851,5.014039,4.007182,10.482333,0.573064,0.368426
3200,300,1,0,2,1,2,0,1,0,0,0,0,5,0,0,90.0,0.594717,8.125,5.32075,10.09655,0.145266,0.554037
5961,746,1,1,12,2,5,1,0,1,1,4,0,18,2,4,54.0,0.646396,3.187385,4.450174,16.614098,0.602495,0.413626
2377,330,1,0,3,0,3,0,0,1,0,2,0,6,1,2,83.0,0.314117,2.103492,3.400652,3.063747,0.719163,0.296031
2200,300,0,0,2,1,0,1,1,0,0,2,0,4,0,2,89.0,0.152637,0.909091,4.285179,0.0,0.188172,0.298144
5906,554,0,2,5,0,5,0,0,2,1,2,0,10,3,2,71.0,0.055627,2.201151,2.958362,1.66132,0.13349,0.250338
9439,1373,3,3,6,2,3,1,4,2,2,5,2,14,4,7,53.5,0.127269,2.436699,3.007944,10.587338,0.384638,0.237966
6882,632,0,1,2,0,2,0,2,0,0,1,1,6,0,2,85.0,0.380881,3.051439,4.768968,5.787495,0.410089,0.499542
3858,533,0,1,2,0,1,1,0,3,0,1,0,4,3,1,84.5,0.412254,5.184033,3.822472,2.042969,0.294944,0.447262
4916,546,1,0,10,0,7,1,2,1,0,2,1,20,1,3,53.5,0.237481,1.830757,3.730578,2.438151,0.157314,0.20953
12678,866,0,0,5,0,4,0,3,0,1,3,1,12,1,4,68.0,0.810369,6.783404,6.357,92.255787,0.968306,0.737937
4493,554,1,1,8,1,5,0,2,2,0,0,0,15,2,0,66.0,0.715803,6.677053,4.016948,43.895871,0.388957,0.641054
16627,1122,4,1,3,0,9,0,3,0,0,3,0,15,0,3,65.5,0.932199,9.803332,7.18332,733.906297,0.992636,0.826634
6301,611,0,0,8,2,6,1,4,0,1,1,2,19,1,3,55.5,0.537316,3.491509,4.862196,36.539353,0.852982,0.4603
16290,1261,2,2,5,2,6,1,3,1,1,1,0,15,2,1,64.5,1.0,6.077348,6.520847,133.536971,0.675174,0.785375
11489,812,2,2,5,1,5,1,2,0,1,2,0,13,1,2,69.0,0.952728,6.005745,6.84107,61.973896,0.763562,0.817044
7403,469,0,0,3,0,2,0,0,0,0,1,0,5,0,1,88.5,0.956247,6.213697,6.406582,116.155852,0.742177,0.69382
2404,416,0,1,5,0,3,0,1,0,1,1,0,9,1,1,78.5,0.099172,3.327787,3.047807,0.420379,0.592939,0.186623
10043,1224,0,0,10,3,1,0,3,2,3,5,1,14,5,6,53.0,0.63612,3.982874,5.751779,23.807406,0.194843,0.44958
6420,401,0,1,3,1,0,0,0,1,0,0,0,3,1,0,92.0,0.867549,5.607477,6.289431,171.227611,0.986868,0.73076
7159,1318,4,4,8,6,1,0,5,4,0,5,0,14,4,5,56.5,0.115571,4.190529,2.669209,4.580771,0.521405,0.343832
10583,1256,1,2,23,2,18,2,3,3,1,6,0,46,4,6,0.0,0.097979,0.566947,4.307807,0.005739,0.088156,0.097761
8331,637,4,2,6,1,3,1,0,1,0,1,1,10,1,2,75.0,0.734797,6.841916,5.05374,83.572106,0.959423,0.624238
3200,300,0,0,2,1,0,0,0,2,1,1,0,2,3,1,88.5,0.520131,5.625,4.004052,12.427963,0.743084,0.555705
15026,1007,2,1,4,1,3,2,2,0,0,2,0,11,0,2,75.0,0.937006,9.716491,6.192079,192.368254,0.771682,0.788264
3279,411,0,0,2,1,0,0,0,0,0,0,0,2,0,0,96.0,0.551328,5.489478,3.978499,5.759752,0.241891,0.514571
4750,593,3,0,5,1,2,1,2,1,2,2,1,10,3,3,69.5,0.066914,2.736842,2.701474,0.503809,0.090859,0.164832
6448,516,0,2,8,1,7,2,3,0,1,0,0,20,1,0,58.0,0.464913,5.738213,4.564458,25.976075,0.997569,0.525821
14707,1787,3,4,4,1,14,0,3,1,1,7,4,21,2,11,37.5,0.434672,3.195757,4.517585,18.023776,0.392653,0.405617
9304,602,1,1,1,1,1,1,0,1,1,3,0,3,2,3,85.5,0.805652,7.201204,5.619179,36.919488,0.518131,0.677589
10115,632,0,2,2,0,1,0,0,0,0,0,0,3,0,0,94.0,0.617983,8.007909,6.152174,69.064971,0.945656,0.801926
7583,777,1,1,8,1,4,0,3,0,0,3,0,15,0,3,65.5,0.670653,4.35184,3.685123,20.267869,0.386056,0.509987
7472,901,2,2,6,2,2,2,2,3,3,3,0,12,6,3,59.5,0.378456,2.408994,3.643308,9.713644,0.187903,0.333288
7101,799,2,4,9,1,7,2,4,0,3,2,1,22,3,3,45.5,0.247198,1.830728,3.379922,7.147061,0.717191,0.295035
8178,511,1,0,3,1,4,0,0,0,0,1,2,7,0,3,81.5,0.874381,6.969919,5.539606,89.998202,0.689774,0.6844
9897,640,1,1,5,0,1,1,1,2,1,5,0,8,3,5,70.5,0.878491,6.870769,6.734578,204.364928,0.922533,0.755786
11622,742,4,3,4,0,2,0,3,0,1,2,0,9,1,2,77.0,0.773236,5.678885,5.968818,73.549657,0.887904,0.656154
5442,347,1,1,2,0,2,0,0,0,0,1,1,4,0,2,89.0,0.787625,7.533995,5.770948,67.865085,0.472512,0.698169
4453,586,2,1,10,2,3,1,2,0,1,6,1,16,1,7,55.5,0.273699,2.021109,2.097327,1.206245,0.128802,0.228026
3856,533,2,0,4,0,4,0,2,0,0,2,0,10,0,2,77.0,0.413141,4.927386,4.354575,5.281281,0.385569,0.423641
3790,418,1,0,6,1,4,0,3,1,0,1,0,13,1,1,70.5,0.548028,3.693931,4.659262,3.503889,0.414666,0.449672
4528,507,1,1,2,0,2,0,0,0,1,0,0,4,1,0,90.0,0.279765,3.312721,4.465651,1.731634,0.530432,0.430108
9745,1142,3,1,10,0,11,1,1,0,0,8,0,23,0,8,42.0,0.356721,3.899436,3.804304,14.661387,0.600771,0.426815
1500,300,0,0,2,0,4,0,0,0,0,0,0,6,0,0,88.0,0.197014,2.0,6.190181,7.162447,0.57881,0.365293
8135,879,0,2,3,1,2,1,1,0,0,4,0,7,0,4,80.0,0.518372,4.302397,4.881665,17.871133,0.249007,0.470981
9185,832,4,4,7,1,5,0,1,2,2,2,1,13,4,3,61.5,0.030751,2.721829,2.39655,6.100251,0.461856,0.198846
4121,732,1,1,5,2,3,1,0,1,1,1,1,9,2,2,75.0,0.210929,2.669255,2.932712,0.137409,0.245152,0.211921
9268,579,0,0,6,2,3,0,1,2,1,0,1,10,3,1,72.5,0.887849,7.55287,6.052416,55.085228,0.470415,0.692585
4705,467,0,1,8,0,5,0,2,0,1,2,1,15,1,3,63.5,0.255876,3.188098,3.640575,1.944771,0.031799,0.250522
8531,1179,5,3,8,2,2,1,1,1,1,4,1,12,2,5,64.5,0.555321,5.27488,4.748528,149.125055,0.572396,0.524276
7091,444,2,1,2,0,2,0,0,2,0,0,0,4,2,0,88.0,0.897446,5.781977,5.822704,7.584727,0.941639,0.665576
5291,732,0,0,9,0,4,3,0,1,0,2,0,16,1,2,63.0,0.75697,5.103005,5.681392,49.052821,0.908016,0.666467
9609,858,6,1,8,4,2,0,1,0,0,3,0,11,0,3,73.5,0.652997,3.43428,4.869232,10.753911,0.038312,0.438101
5315,500,1,0,2,0,2,0,1,0,1,1,0,5,1,1,86.5,0.376032,5.268109,3.95995,10.056846,0.346179,0.403181
7270,1038,0,2,7,2,4,2,3,0,0,3,1,16,0,4,62.0,0.457077,3.43879,4.498912,13.606253,0.302849,0.407021
2644,313,1,1,4,1,4,0,2,0,0,1,1,10,0,2,77.0,0.041371,1.891074,2.80049,1.026584,0.000919,0.208164
8789,1739,4,4,8,1,5,0,5,1,1,7,1,18,2,8,48.0,0.05204,2.275572,3.197097,7.098776,0.577466,0.21925
18000,1525,2,0,5,1,3,0,2,0,1,2,0,10,1,2,75.0,0.970425,7.888889,6.26709,179.071966,0.597518,0.734131
14585,1592,2,1,2,3,2,0,1,0,1,1,0,5,1,1,86.5,0.805485,5.896469,5.529569,92.323946,0.507445,0.676848
8540,533,2,2,4,1,3,0,3,0,0,0,3,10,0,3,75.5,0.791008,6.088993,6.164936,115.417543,0.754184,0.720172
8094,943,1,1,3,0,1,2,0,2,0,0,1,6,2,1,82.5,0.645423,4.941932,5.30081,28.32715,0.410762,0.596262
14609,1535,2,0,8,1,6,1,0,0,2,7,1,15,2,8,54.0,0.537134,3.217195,4.721339,16.644608,0.448043,0.472937
12067,1711,4,0,9,3,8,0,0,0,0,4,0,17,0,4,60.0,0.697505,7.209746,5.263529,37.608992,0.446015,0.518354
5385,526,1,1,4,0,2,0,1,1,0,2,1,7,1,3,79.5,0.214242,1.671309,4.078207,2.905578,0.497285,0.301214
13218,2026,5,0,12,4,11,0,1,1,2,6,0,24,3,6,37.0,0.530692,4.009684,4.07395,47.87895,0.608869,0.480464
6793,1143,0,0,10,0,5,1,1,2,3,3,1,17,5,4,50.0,0.030151,2.502576,3.118693,0.488285,0.244183,0.224323
14949,1698,3,1,9,3,8,3,3,1,0,3,1,23,1,4,46.0,0.605248,5.552211,5.011946,30.486619,0.38274,0.57335
4825,494,0,0,5,0,1,1,2,0,0,2,0,9,0,2,79.0,0.485208,6.010363,4.371394,19.424245,0.747862,0.534486
2800,437,1,1,9,2,5,1,3,1,0,0,0,18,1,0,62.0,0.93415,8.571429,5.184643,76.061012,0.83294,0.681337
8001,1166,1,2,13,1,9,2,5,0,1,6,1,29,1,7,29.5,0.029064,1.99975,2.785116,8.011654,0.448026,0.231516
3813,452,0,0,5,0,7,1,2,1,0,3,0,15,1,3,63.5,0.074777,2.360346,2.758097,0.596684,0.313102,0.219641
6683,803,3,2,6,3,3,0,2,2,0,2,4,11,2,6,65.0,0.279508,1.496334,2.453739,1.81094,0.145253,0.143215
3717,473,2,0,4,1,3,0,0,1,2,1,0,7,3,1,78.5,0.310777,0.807103,4.452914,0.869137,0.32608,0.306813
18000,1125,2,1,9,0,2,0,3,0,1,2,0,14,1,2,67.0,1.0,8.388889,6.930918,641.063897,0.766231,0.820867
8375,1057,2,1,8,1,8,1,2,0,0,4,2,19,0,6,53.0,0.622333,6.208955,4.523301,33.665362,0.351049,0.51483
2680,381,0,1,1,0,1,0,2,0,0,1,0,4,0,1,90.5,0.553938,6.343284,3.920915,10.832318,0.251057,0.510419
1500,300,0,0,4,0,1,0,0,0,0,2,0,5,0,2,87.0,0.34692,0.666667,1.0,0.000892,0.046776,0.244657
8071,504,0,1,3,1,0,0,0,1,1,1,0,3,2,1,88.5,0.941196,5.947218,6.244842,204.016093,0.69652,0.725583
5028,678,5,0,4,4,5,0,3,1,0,6,1,12,1,7,63.5,0.033699,2.187749,2.383934,0.588062,0.100846,0.1422
4551,502,3,2,5,2,1,1,4,1,0,2,0,11,1,2,73.0,0.673309,4.394639,4.779788,4.006528,0.172923,0.466658
5486,390,0,0,1,1,6,0,2,3,1,1,1,9,4,2,71.0,0.602364,4.010208,5.682346,18.296468,0.934361,0.488293
4270,566,0,2,7,2,5,0,3,0,0,6,0,15,0,6,61.0,0.175872,1.639344,2.448682,0.249534,0.129776,0.271128
3186,469,0,1,5,0,3,1,3,0,1,0,0,12,1,0,74.0,0.750726,9.416196,6.00232,98.135445,0.939368,0.715039
6525,674,3,1,13,2,8,1,2,1,1,3,0,24,2,3,43.5,0.888696,8.429119,6.436796,139.16285,0.828745,0.770524
4785,719,3,1,7,2,6,2,2,1,2,2,1,17,3,3,55.5,0.086277,2.92581,2.849855,4.87313,0.325494,0.237152
15000,1701,1,1,11,1,8,1,3,0,2,7,3,23,2,10,35.0,0.733503,3.533333,4.563051,52.417757,0.231555,0.412934
5176,826,2,3,7,3,2,1,2,1,2,8,0,12,3,8,58.0,0.211036,2.318393,2.479805,0.02418,0.513915,0.246751
9268,645,0,2,4,1,3,1,2,1,0,1,0,10,1,1,76.5,0.807427,6.150194,5.713658,139.213776,0.864722,0.658282
6328,759,4,0,2,0,0,0,1,3,1,2,0,3,4,2,83.0,0.728059,4.740834,4.234448,17.569192,0.230578,0.639147
8827,809,1,4,17,4,3,2,0,1,2,5,1,22,3,6,41.0,0.267096,4.531551,4.139723,25.827649,0.789685,0.43996
3092,351,2,3,5,1,1,2,4,0,1,3,2,12,1,5,66.5,0.090512,3.880983,2.982961,1.580381,0.235917,0.230939
6100,877,2,1,5,1,5,2,2,2,2,4,3,14,4,7,53.5,0.289373,4.262295,2.813712,7.63419,0.531972,0.298571
9492,783,3,1,3,1,2,1,2,0,0,2,1,8,0,3,79.5,0.348755,3.37126,4.658381,17.173285,0.195379,0.453416
6020,481,1,2,3,1,2,3,2,2,0,1,0,10,2,1,74.5,0.213501,1.66113,4.791378,9.485695,0.521519,0.310048
5426,799,3,0,5,0,8,1,1,1,1,1,1,15,2,2,63.0,0.808251,5.713233,4.664535,4.125611,0.190841,0.494639
8971,706,1,0,2,0,3,0,2,1,1,2,0,7,2,2,79.0,0.969424,6.242336,5.100578,27.117893,0.631694,0.690005
4279,344,2,0,1,1,2,0,1,0,0,1,0,4,0,1,90.5,0.479642,5.608787,4.951178,15.008389,0.904384,0.571199
7700,767,0,3,16,1,5,1,1,0,1,7,2,23,1,9,38.5,0.038746,1.038961,1.139281,3.770153,0.065318,0.130336
12181,1451,3,3,10,1,5,1,3,4,3,6,0,19,7,6,39.0,0.201166,2.298662,2.609435,2.524504,0.136996,0.233003
7408,913,0,0,4,0,4,1,1,0,0,1,0,10,0,1,78.5,0.642247,3.914687,4.802978,24.78398,0.428778,0.471145
5271,802,0,0,5,2,3,0,1,0,0,4,0,9,0,4,76.0,0.637848,6.450389,5.440973,63.262015,0.367794,0.607984
6519,447,1,0,2,0,1,0,0,0,0,2,0,3,0,2,91.0,0.725746,7.209695,5.601905,30.8426,0.706958,0.671104
2091,300,0,2,2,0,2,0,3,1,1,3,0,7,2,3,77.5,0.088559,2.86944,3.286538,0.106964,0.381827,0.224035
6647,831,2,1,0,0,2,0,2,0,0,2,0,4,0,2,89.0,0.491042,2.707989,4.925589,5.674873,0.598749,0.425292
4177,676,0,1,9,1,7,0,0,0,0,3,0,16,0,3,63.5,0.88362,7.900407,5.492878,121.548086,0.552695,0.727166
2201,300,0,0,3,0,1,0,1,0,0,1,0,5,0,1,88.5,0.189028,1.817356,4.518599,1.024901,0.520686,0.248045
3294,300,1,1,2,0,1,0,0,0,0,0,0,3,0,0,94.0,0.13801,3.035823,2.565598,3.685443,0.036921,0.32173
7845,904,3,1,6,1,3,0,0,1,0,2,1,9,1,3,75.5,0.757174,7.775653,5.026431,37.818972,0.328947,0.64441
11302,753,2,0,6,0,4,1,4,1,3,0,1,15,4,1,60.5,0.708238,6.547514,5.480392,38.820659,0.718043,0.768889
5805,607,3,0,6,0,7,1,0,0,1,2,0,14,1,2,67.0,0.391384,4.306632,4.645299,3.589753,0.641279,0.407017
5604,958,1,3,10,3,2,0,0,1,1,4,1,12,2,5,64.5,0.111049,1.249108,2.570014,0.135182,0.354923,0.200037
5310,841,0,0,7,0,1,1,0,2,0,3,0,9,2,3,73.5,0.359095,3.766478,2.654341,5.80374,0.314622,0.34103
5143,638,2,2,5,0,2,1,1,0,1,2,1,9,1,3,75.5,0.464817,4.666537,4.764138,7.399929,0.343369,0.410461
13868,1152,2,1,7,1,2,1,4,0,1,2,1,14,1,3,65.5,0.520994,4.975483,5.020806,31.154096,0.670629,0.579165
6365,653,1,1,2,0,2,1,0,1,0,1,0,5,1,1,86.5,0.792581,6.127258,5.39883,172.457455,0.58763,0.697689
2675,415,0,3,1,3,3,0,0,0,1,3,0,4,1,3,85.5,0.072772,0.747664,3.445655,0.858622,0.603778,0.28227
14143,885,5,1,10,0,6,1,0,0,2,5,1,17,2,6,53.0,0.762435,6.999929,6.359864,389.64871,0.989531,0.642347
18000,1190,2,0,3,0,4,0,1,0,1,2,0,8,1,2,79.0,0.916239,5.666667,6.732464,424.48149,0.839427,0.692624
5682,522,0,0,4,3,4,0,2,1,1,2,1,10,2,3,71.5,0.43697,2.991904,4.328491,4.969458,0.950149,0.410443
7483,532,4,0,3,0,2,0,1,2,0,1,0,6,2,1,82.5,0.873679,9.621809,7.353216,280.139647,0.98856,0.782098
14698,926,2,1,5,1,5,0,1,1,1,2,0,11,2,2,71.0,0.928513,5.442917,6.039329,69.949394,0.771154,0.661169
6795,644,3,0,10,1,2,1,1,0,0,1,0,14,0,1,70.5,0.450219,4.415011,4.702371,16.754311,0.297933,0.420232
5018,445,2,0,5,1,3,1,1,0,0,0,0,10,0,0,80.0,0.807477,6.17776,4.737467,17.855682,0.068196,0.601468
1873,300,0,1,0,2,1,0,1,0,0,0,0,2,0,0,96.0,0.225078,2.135611,3.966194,0.379351,0.119064,0.336884
6418,617,1,1,0,0,2,0,0,1,1,0,0,2,2,0,92.0,0.903105,10.283577,6.207455,97.704398,0.584798,0.726459
9168,1684,3,2,9,3,7,2,1,0,1,5,0,19,1,5,52.5,0.539735,4.035777,4.369952,20.129589,0.3498,0.502523
7299,698,2,0,3,4,3,1,1,1,0,2,0,8,1,2,79.0,0.398975,3.699137,5.060112,17.823363,0.909561,0.529002
7505,985,1,0,7,0,2,1,1,0,1,4,1,11,1,5,68.5,0.830145,5.196536,5.964393,20.616802,0.259424,0.556455
12403,1859,3,1,8,2,13,1,2,0,0,10,1,24,0,11,35.5,0.804625,6.450052,4.67095,37.253628,0.319847,0.592417
11000,2060,5,5,6,6,11,2,7,1,4,9,1,26,5,10,23.0,0.077264,0.909091,3.574139,1.168694,0.346797,0.167251
18000,1125,4,2,5,1,3,0,2,1,0,1,2,10,1,3,73.5,0.858092,6.611111,6.532389,172.543013,0.978516,0.725198
3715,351,0,0,3,1,2,1,1,2,2,0,1,7,4,1,76.5,0.134084,1.884253,2.611441,0.249295,0.10244,0.244576
8098,506,0,2,1,0,1,0,0,1,0,5,0,2,1,5,86.5,1.0,7.779699,6.791688,219.779454,0.505374,0.768814
5745,578,2,1,4,0,6,1,4,0,1,1,2,15,1,3,63.5,0.080732,1.740644,3.600853,0.035506,0.205607,0.167079
4130,588,2,2,9,2,6,1,1,0,0,3,0,17,0,3,61.5,0.991234,7.506053,7.017449,127.615561,0.870553,0.710268
7011,639,0,1,1,0,2,1,0,0,0,0,0,4,0,0,92.0,0.847474,6.418485,5.519475,48.102073,0.542875,0.672429
16369,1318,1,0,10,0,8,1,2,1,0,6,1,21,1,7,45.5,0.87962,5.803653,6.039599,171.291982,0.727462,0.692666
11139,1457,3,1,17,5,6,1,2,2,1,4,3,26,3,7,31.5,0.587577,4.758057,5.520665,52.139945,0.684153,0.450979
9677,844,2,1,5,3,2,0,3,0,1,1,0,10,1,1,76.5,0.947897,8.370363,6.144377,94.226387,0.600437,0.724462
3661,469,2,0,2,1,3,0,2,1,0,2,0,7,1,2,81.0,0.770729,6.555586,4.747561,81.300624,0.555337,0.578747
16500,1387,3,0,5,1,4,0,0,1,2,2,3,9,3,5,68.5,0.549146,4.969697,4.186469,32.288307,0.223588,0.489054
7173,741,1,3,11,0,7,1,1,0,0,3,0,20,0,3,55.5,0.253036,2.50941,3.33377,5.720567,0.694726,0.343161
5705,356,1,0,1,1,4,0,1,0,0,1,0,6,0,1,86.5,1.0,5.43383,6.316982,54.1029,0.551249,0.663063
7848,1129,1,2,5,3,3,1,2,3,1,5,0,11,4,5,62.5,0.20889,2.038736,2.723562,1.385429,0.515739,0.253462
3620,461,0,0,4,1,1,1,0,0,1,0,0,6,1,0,86.0,0.183772,3.314917,3.902366,7.88983,0.301558,0.282283
13192,1633,3,4,10,0,5,2,3,1,0,2,2,20,1,4,52.0,0.857194,4.472408,4.959326,52.952225,0.325914,0.561349
5040,648,2,0,6,0,9,0,1,0,1,4,0,16,1,4,60.0,0.238494,3.174603,3.493715,1.071148,0.801029,0.27222
5411,686,0,1,3,0,4,0,2,0,0,1,1,9,0,2,79.0,0.456649,3.511366,4.419929,16.92569,0.190598,0.41061
7873,907,0,1,5,1,8,0,1,2,0,3,0,14,2,3,63.5,0.500112,2.921377,4.810165,18.056946,0.545157,0.462237
8157,979,5,6,11,4,5,1,3,2,1,3,0,20,3,3,49.5,0.935798,11.278656,5.512314,364.551474,0.850911,0.777383
8176,1112,3,1,2,3,1,1,1,0,2,6,0,5,2,6,77.0,0.393972,4.64775,3.016992,14.021186,0.305819,0.436084
10163,1009,4,1,4,2,2,0,2,1,0,6,1,8,1,7,71.5,0.276343,5.411788,4.352187,16.565117,0.692614,0.452967
8982,1309,0,1,9,0,10,1,1,2,2,8,0,21,4,8,38.0,0.137903,2.338009,1.933686,3.828246,0.21666,0.121131
15000,2191,2,2,13,2,14,1,3,2,2,1,3,31,4,4,24.0,0.815627,4.466667,4.791794,56.314939,0.400375,0.497034
8820,1108,2,4,11,3,5,0,4,2,1,9,2,20,3,11,37.5,0.249037,2.947846,3.779031,10.915356,0.135736,0.254652
12274,1003,1,1,7,1,2,0,3,0,1,3,2,12,1,5,66.5,0.397909,4.155125,4.648165,34.091728,0.673793,0.440606
2600,360,0,0,2,1,2,0,0,0,0,1,0,4,0,1,90.5,0.2763,4.230769,4.185992,20.549407,0.482341,0.484174
4174,539,0,0,4,0,2,0,2,0,1,3,2,8,1,5,74.5,0.661833,4.791567,3.866538,4.987784,0.337815,0.502919
7207,1342,3,1,14,0,10,0,1,0,0,10,0,25,0,10,35.0,1.0,10.129041,6.586948,52.527369,0.463679,0.733528
4223,566,2,1,11,1,4,1,3,1,1,4,0,19,2,4,52.0,0.888658,8.998342,6.614864,167.89771,0.653937,0.663196
5636,571,1,1,9,0,11,0,5,0,0,1,1,25,0,2,47.0,0.538351,5.322924,4.101489,16.628123,0.930601,0.501579
18000,1797,1,1,7,5,3,0,2,1,2,6,2,12,3,8,58.0,1.0,6.5,5.021297,95.676032,0.297611,0.662221
4322,671,3,0,2,1,4,0,0,3,3,2,1,6,6,3,71.5,0.117082,1.619621,2.993569,2.225678,0.267879,0.236125
8249,1461,3,2,11,3,9,0,3,1,1,4,0,23,2,4,44.0,0.567232,5.091526,4.22437,10.701431,0.363838,0.405231
4544,651,3,2,6,2,5,0,2,0,0,2,2,13,0,4,68.0,0.063524,2.420775,1.995712,0.198386,0.113726,0.222406
7029,466,1,1,5,1,3,1,3,0,0,3,2,12,0,5,68.5,0.719975,5.832978,5.86635,102.800041,0.835357,0.6013
3728,373,3,2,1,1,3,0,1,0,0,1,0,5,0,1,88.5,0.061743,1.072961,4.087041,0.799811,0.12363,0.168441
16500,2361,3,2,14,2,4,1,2,1,0,1,0,21,1,1,54.5,0.577485,4.969697,5.143615,64.185006,0.465816,0.548712
9523,600,0,0,0,0,0,1,1,1,0,1,1,2,1,2,91.0,0.833818,10.500893,5.880421,245.378761,0.909057,0.862971
8889,988,2,1,6,3,2,0,0,1,1,5,2,8,2,7,69.5,0.353507,3.487456,4.648516,8.101954,0.748974,0.45584
3415,300,1,0,5,0,2,0,2,1,1,2,0,9,2,2,75.0,0.300382,6.149341,4.405551,4.328361,0.963278,0.4162
3487,413,2,0,7,0,2,0,1,3,0,2,0,10,3,2,71.0,0.034861,2.581015,2.744054,0.073934,0.716069,0.228259
11758,2129,2,0,6,4,6,2,3,1,1,4,2,17,2,6,53.0,0.636816,7.314169,5.235323,77.828355,0.668823,0.552872
7760,609,1,0,4,0,1,1,1,4,0,3,2,7,4,5,70.5,0.528802,6.314433,4.756532,16.010983,0.704114,0.567012
12946,813,2,0,5,2,4,0,1,2,1,0,1,10,3,1,72.5,0.860509,8.342345,5.680132,376.050997,0.759465,0.692569
4500,347,1,0,3,0,2,0,1,1,0,0,0,6,1,0,86.0,0.967881,8.666667,6.298593,109.060834,0.441843,0.812593
3082,381,5,0,5,2,3,1,0,3,1,1,0,9,4,1,72.5,0.105544,0.0,0.0,0.0,0.069444,0.137533
6739,1019,1,2,5,2,4,1,3,6,1,2,4,13,7,6,51.0,0.192196,2.967799,3.896252,4.403279,0.63343,0.29551
4528,391,1,0,1,0,0,0,2,0,0,0,0,3,0,0,94.0,0.467424,2.650177,5.875766,14.004753,0.695741,0.583986
8644,552,2,0,2,1,2,0,1,0,0,1,0,5,0,1,88.5,0.973477,6.825544,7.799841,188.673488,0.900774,0.774525
5938,464,1,1,2,2,0,0,1,1,0,2,0,3,1,2,89.0,0.954971,4.378579,5.991802,50.512298,0.757275,0.700632
3777,405,0,0,1,0,2,0,1,0,1,1,0,4,1,1,88.5,0.496577,5.295208,3.675014,15.851615,0.364958,0.462035
7122,445,0,0,3,1,1,2,2,2,0,0,1,8,2,1,78.5,0.992329,10.81157,5.085404,47.137157,0.815263,0.686028
8087,534,1,1,1,0,4,2,1,0,0,0,0,8,0,0,84.0,1.0,7.54297,5.706183,203.829397,0.83102,0.714636
4539,396,2,0,3,2,4,0,0,1,0,1,0,7,1,1,82.5,0.33103,6.389072,3.188139,9.335421,0.381419,0.479292
6442,864,3,1,1,2,4,0,5,2,0,1,0,10,2,1,74.5,0.666397,4.191245,4.901805,7.613602,0.322329,0.457093
11189,1378,0,2,10,4,11,1,1,0,0,2,2,23,0,4,48.0,0.441991,3.038699,4.184345,12.148383,0.263192,0.407634
2208,327,1,1,5,0,4,1,2,0,0,1,0,12,0,1,74.5,0.346438,2.717391,4.947453,5.376378,0.343765,0.301099
6747,589,1,0,3,3,4,0,1,3,0,3,2,8,3,5,70.5,0.875965,4.298207,5.528681,18.413517,0.13621,0.5839
14350,896,2,3,5,1,1,0,0,0,0,3,0,6,0,3,83.5,0.574699,6.480836,5.559875,123.333773,0.921837,0.709007
5367,476,0,0,2,0,2,0,3,1,0,1,1,7,1,2,81.0,0.880303,5.589715,6.902602,33.832099,0.628027,0.684076
8120,812,1,0,4,1,4,0,0,1,2,0,0,8,3,0,78.0,0.638834,5.418719,4.486573,22.745544,0.359656,0.50418
11641,828,1,1,10,1,5,1,2,2,2,2,0,18,4,2,53.0,0.592962,4.896487,4.522751,22.797149,0.264943,0.421458
16633,1454,3,0,2,2,3,0,1,0,1,2,0,6,1,2,83.0,0.915022,6.432995,5.98254,73.482656,0.298008,0.722844
4514,655,0,1,9,1,5,1,0,0,0,1,1,15,0,2,67.0,0.305215,3.101462,3.405995,6.048825,0.559345,0.297179
2127,300,1,1,6,1,0,1,0,1,0,0,0,7,1,0,84.0,0.032464,1.880583,3.489005,0.430428,0.07518,0.22462
6146,599,1,1,4,0,4,0,1,0,0,1,0,9,0,1,80.5,0.388065,3.904979,5.050719,17.133545,0.153632,0.543334
8478,1209,3,0,11,1,4,2,5,1,1,7,0,22,2,7,41.5,0.539729,4.953999,3.254383,15.349938,0.378296,0.508173
9184,1196,3,0,10,2,5,2,2,0,0,5,5,19,0,10,47.0,0.276239,1.30662,2.801594,0.013825,0.177412,0.237441
13143,1219,6,2,4,4,7,0,4,0,0,3,0,15,0,3,65.5,0.481072,3.271704,3.785,29.933751,0.265846,0.436721
3821,533,0,2,1,1,4,1,2,1,0,1,0,8,1,1,80.5,0.004226,2.617116,2.524624,1.586585,0.67178,0.305777
2800,384,1,1,5,0,4,1,2,1,0,3,0,12,1,3,69.5,0.752807,7.857143,5.724834,84.932212,0.963674,0.699834
4892,472,0,0,1,1,3,1,2,0,2,0,1,7,2,1,80.5,0.546444,6.132461,4.816473,9.430084,0.604943,0.558092
7826,843,1,0,5,0,3,0,2,1,1,1,1,10,2,2,73.0,0.590831,4.72783,4.774844,9.392769,0.397443,0.425357
14308,1297,1,1,4,4,3,2,1,0,1,5,2,10,1,7,67.5,0.755107,4.193458,4.389003,16.072753,0.14627,0.483309
9036,1156,1,1,4,0,4,1,2,0,0,3,0,11,0,3,73.5,0.784881,6.086764,4.941063,17.455526,0.273799,0.502353
5402,684,1,2,1,0,1,2,0,2,1,0,0,4,3,0,86.0,0.447984,3.702332,3.895412,6.659306,0.46129,0.451153
6024,520,1,0,7,1,8,1,2,2,1,1,3,18,3,4,52.0,0.336356,3.984064,3.313654,12.607145,0.99128,0.418449
6757,805,0,2,9,3,3,1,3,0,1,3,1,16,1,4,60.0,0.25713,1.331952,4.177092,0.704629,0.291269,0.193792
5709,517,1,1,0,0,1,0,0,0,1,1,1,1,1,2,93.0,0.82984,5.780347,5.399907,18.966481,0.595263,0.679347
9540,1406,5,5,9,3,8,0,4,4,0,5,0,21,4,5,42.5,0.021636,1.781971,2.762809,1.801985,0.335726,0.209885
11231,1042,1,2,5,2,6,2,4,0,2,2,1,17,2,3,57.5,0.788479,5.075238,5.016219,28.865244,0.04686,0.560903
11260,1875,4,1,25,1,20,1,2,4,1,6,0,48,5,6,0.0,0.969377,8.170515,6.200266,80.038736,0.988661,0.688473
13098,1368,4,2,11,2,6,0,4,0,0,2,1,21,0,3,53.5,0.497749,4.122767,4.142345,32.180059,0.572104,0.513052
7922,688,2,1,5,1,2,0,0,0,0,3,0,7,0,3,81.5,0.972463,7.321383,6.266195,230.479115,0.79238,0.735498
3266,367,1,1,8,2,5,0,2,2,1,2,0,15,3,2,61.0,0.979513,9.491733,6.870922,48.382209,0.974029,0.771941
9750,1287,1,0,11,2,5,1,0,1,2,0,0,17,3,0,60.0,0.689074,5.74359,4.927573,89.474557,0.405527,0.581108
7248,1317,1,0,11,0,10,1,2,1,2,2,2,24,3,4,40.0,0.771138,7.726269,5.793722,29.012804,0.270867,0.536134
15128,1604,4,0,9,4,7,0,0,1,0,3,2,16,1,5,58.5,0.573193,4.891592,4.562689,22.935917,0.183493,0.524662
3824,621,2,2,5,1,5,0,2,1,0,4,0,12,1,4,68.0,0.325313,3.138075,4.12325,0.322498,0.235794,0.232283
8359,650,0,0,5,0,6,0,2,0,1,4,1,13,1,5,64.5,0.748483,7.656418,5.854317,83.586866,0.804415,0.606376
7486,740,1,1,8,1,3,1,1,1,0,2,1,13,1,3,67.5,0.692867,6.679134,3.986721,42.160206,0.343536,0.520704
17586,1658,1,0,3,2,4,0,1,3,0,0,0,8,3,0,78.0,0.869429,7.960878,5.058876,108.043649,0.332734,0.66936
18000,1125,6,2,5,1,2,0,3,2,1,4,2,10,3,6,65.0,0.497477,6.166667,5.904411,59.270946,0.896812,0.697333
4220,545,2,2,3,1,2,1,2,1,2,3,0,8,3,3,73.5,0.163027,4.028436,3.93164,3.372567,0.501363,0.30443
4925,582,2,3,2,0,4,3,5,3,1,4,0,14,4,4,58.0,0.211153,1.218274,2.112748,0.199568,0.144536,0.159498
8169,1252,0,0,8,3,8,1,1,0,1,3,0,18,1,3,57.5,0.653503,5.998286,4.655795,53.569546,0.403015,0.475207
7685,1259,2,2,9,2,7,0,2,1,0,4,1,18,1,5,54.5,0.099009,2.472349,3.093905,8.073971,0.539768,0.296446
5443,723,1,2,9,0,5,1,1,2,1,4,1,16,3,5,54.5,0.994228,8.818666,5.623704,175.818944,0.821481,0.791153
10286,729,5,1,5,0,2,1,1,0,0,4,0,9,0,4,76.0,0.75759,4.666537,6.788442,70.272002,0.777732,0.66743
3173,356,1,1,6,0,3,1,0,0,2,4,1,10,2,5,68.5,0.205208,1.575796,3.371796,0.478009,0.056183,0.200821
6496,480,2,0,5,1,0,1,0,1,0,3,0,6,1,3,81.5,0.466826,4.926108,4.77535,29.966601,0.972186,0.509963
3200,300,0,1,3,1,2,1,0,0,0,0,0,6,0,0,88.0,0.732628,4.375,3.937252,4.395065,0.16251,0.41172
12024,1448,3,0,15,1,6,0,4,1,1,3,3,25,2,6,37.0,0.667533,7.152362,4.852945,32.899548,0.371988,0.625299
12967,940,2,2,5,0,1,0,3,1,0,3,1,9,1,4,74.0,0.468087,3.855942,4.838587,34.501135,0.940049,0.51031
10397,699,2,0,6,0,3,0,0,0,0,3,0,9,0,3,77.5,0.799954,7.213619,5.975578,146.385182,0.778737,0.729884
3954,514,0,1,2,0,6,0,1,0,0,2,0,9,0,2,79.0,0.569814,5.816894,5.034206,10.828236,0.3485,0.417136
4065,667,1,3,7,3,6,1,5,2,0,0,2,19,2,2,55.0,0.057982,1.476015,2.405219,0.167164,0.575077,0.219089
8059,536,1,1,6,0,5,0,1,1,0,0,1,12,1,1,72.5,0.884649,6.452413,5.99711,68.936267,0.916044,0.74307
8165,740,1,0,3,1,8,1,1,1,0,5,0,13,1,5,64.5,0.493702,6.246173,4.536436,77.80325,0.929167,0.556006
10351,1140,3,2,11,4,6,1,4,1,1,1,1,22,2,2,49.0,0.356607,4.637233,4.715253,18.775873,0.335562,0.444823
5921,370,1,1,0,0,0,0,0,1,0,0,0,0,1,0,98.0,0.924085,9.457862,6.245527,251.672251,0.770627,0.791831
11685,1706,1,1,25,2,20,2,4,3,1,5,1,51,4,6,0.0,0.982036,7.873342,6.409424,171.443447,0.547859,0.675789
2255,317,2,1,0,1,2,0,0,1,0,0,0,2,1,0,94.0,0.210554,3.547672,2.864048,1.827805,0.410852,0.288827
2357,300,0,1,9,0,0,0,0,1,0,5,1,9,1,6,71.0,0.012811,1.697073,3.062087,0.0,0.210528,0.159865
4749,863,2,1,3,0,2,0,2,1,0,0,2,7,1,2,81.0,0.391752,3.790272,5.217083,2.064952,0.484593,0.405409
9650,909,1,3,5,2,4,4,1,1,3,3,0,14,4,3,59.5,0.142688,3.005181,2.889363,9.963126,0.03973,0.225676
12068,810,3,1,3,1,1,0,0,1,1,2,1,4,2,3,83.5,0.79661,4.640371,5.737082,46.401196,0.696997,0.684188
4357,511,0,2,3,0,2,0,1,0,0,0,1,6,0,1,86.5,0.592961,5.508377,4.7071,11.629575,0.282429,0.535161
8253,987,2,0,8,2,5,1,4,0,0,3,1,18,0,4,58.0,0.777276,4.846722,5.196006,21.759635,0.502528,0.456493
8522,1418,4,3,8,0,4,1,6,1,0,4,0,19,1,4,54.0,0.219792,3.754987,3.343202,19.512896,0.550974,0.359367
8564,958,1,0,2,1,2,0,2,2,0,4,1,6,2,5,76.5,0.575311,5.021018,3.708029,19.267701,0.431831,0.465831
6854,517,0,0,5,3,2,1,1,2,0,3,0,9,2,3,73.5,0.256587,4.377006,3.163858,20.078502,0.874014,0.405102
6342,931,1,1,13,0,13,2,2,1,0,4,2,30,1,6,29.0,0.869703,7.726269,6.237724,45.945206,0.768674,0.663205
4823,643,3,1,5,0,4,1,0,0,1,4,2,10,1,6,69.0,0.046672,1.658719,2.442522,0.000421,0.531417,0.224349
8074,822,1,0,5,1,1,1,1,0,0,1,0,8,0,1,82.5,0.452502,4.087193,3.362135,5.811328,0.233752,0.46719
7827,1103,4,1,13,2,9,1,2,2,1,4,3,25,3,7,33.5,0.870649,9.454453,5.827942,87.924467,0.778064,0.694309
15000,1498,4,2,17,1,10,0,6,2,0,5,1,33,2,6,21.0,0.624827,4.933333,4.36667,31.993811,0.180775,0.464581
3911,555,0,0,3,0,4,0,1,0,2,1,1,8,2,2,77.0,0.191817,2.301202,4.995127,3.756975,0.400547,0.288483
10303,643,1,0,3,1,1,0,0,0,1,0,0,4,1,0,90.0,0.729831,5.823547,5.502026,64.658269,0.721586,0.664732
10209,1664,2,2,11,1,5,0,1,2,1,5,0,17,3,5,52.5,0.534444,3.330395,4.402282,15.341687,0.289706,0.456556
13699,1813,5,0,5,5,5,2,0,0,1,1,1,12,1,2,71.0,0.396679,5.109862,4.735795,31.485034,0.295345,0.657838
11000,1333,4,2,15,3,15,2,4,5,4,4,2,36,9,6,1.0,0.106863,0.545455,3.773563,4.525765,0.072043,0.12022
6660,732,0,2,4,0,3,0,1,1,0,2,0,8,1,2,79.0,0.10596,2.702703,3.028712,2.051165,0.032447,0.172571
7029,802,0,1,7,2,6,1,2,0,1,3,1,16,1,4,60.0,0.621239,3.841229,4.689359,9.988344,0.541268,0.453884
14348,1681,3,1,6,3,3,3,0,0,1,2,1,12,1,3,69.5,0.385379,2.50906,4.065367,6.672284,0.536699,0.494129
14986,1151,1,0,8,0,2,0,3,0,1,0,0,13,1,0,72.0,0.969806,4.871213,6.326049,41.160245,0.458777,0.701072
3130,412,2,1,2,2,4,1,1,0,1,3,0,8,1,3,77.5,0.134789,0.958466,3.235859,1.819553,0.420977,0.287639
14596,990,1,0,1,1,6,1,2,0,0,1,0,10,0,1,78.5,1.0,9.249109,6.433715,85.774346,0.503972,0.773907
2364,362,5,1,4,1,1,0,0,1,0,3,0,5,1,3,83.5,0.059077,1.269036,3.038106,0.98946,0.400886,0.276678
1616,300,0,0,5,2,2,1,1,0,0,1,0,9,0,1,80.5,0.126868,1.856436,2.199478,0.149042,0.507081,0.210435
10261,1156,1,3,3,2,7,0,1,1,0,1,0,11,1,1,74.5,0.541416,5.262645,4.952867,25.805972,0.371514,0.464472
4992,478,3,2,9,2,3,2,2,2,0,3,2,16,2,5,56.5,0.264794,0.801282,2.819894,1.585376,0.285592,0.184267
8474,899,1,4,5,1,5,0,1,1,0,1,0,11,1,1,74.5,0.445509,1.888128,3.628192,12.423252,0.643424,0.400284
4950,682,2,1,3,0,5,0,2,0,0,4,0,10,0,4,74.0,0.455978,5.050505,4.34134,17.957282,0.542128,0.475068
7793,487,0,0,4,1,3,0,0,0,0,0,0,7,0,0,86.0,0.988606,6.416014,5.965152,226.205943,0.865634,0.767249
6078,1055,4,0,12,3,7,1,3,0,2,5,0,23,2,5,42.5,0.905718,8.22639,5.580661,135.568661,0.512079,0.653477
10792,1235,2,3,9,2,5,1,2,3,0,1,0,17,3,1,58.5,0.835197,5.930319,5.096292,27.685541,0.144475,0.581203
6299,472,0,3,6,0,3,1,0,1,0,2,3,10,1,5,70.5,0.650942,6.191459,5.50263,45.655289,0.680758,0.592746
8647,1074,1,2,10,1,9,1,0,2,2,5,1,20,4,6,43.0,0.521654,5.08847,3.812435,41.22602,0.700919,0.429911
9095,922,0,3,6,2,5,3,8,1,0,0,0,22,1,0,54.0,0.986953,5.497526,6.781543,64.980634,0.588792,0.721032
10233,1161,1,1,10,0,4,0,0,0,1,3,5,14,1,8,58.0,0.067263,2.345353,3.507541,7.409557,0.449345,0.266471
14146,884,2,2,15,4,5,0,3,0,0,1,1,23,0,2,51.0,1.0,8.270889,6.223481,79.110412,0.758043,0.677299
4157,442,0,0,2,0,1,1,0,1,0,0,1,4,1,1,88.5,0.563167,3.367813,4.371516,0.27768,0.29116,0.41462
4672,425,1,2,5,0,5,1,0,2,2,2,0,11,4,2,67.0,0.290213,1.712329,3.139054,3.321348,0.219029,0.24731
12900,937,1,1,5,4,9,0,2,1,2,4,0,16,3,4,56.0,0.540664,4.186047,4.607436,34.78439,0.987332,0.457093
9386,628,0,0,5,0,1,2,5,0,1,1,0,13,1,1,70.5,0.920644,8.629874,6.535023,333.881798,0.939517,0.861538
4084,683,2,2,4,1,8,0,0,0,0,3,2,12,0,5,68.5,0.872316,7.345739,5.901941,22.562386,0.724655,0.69918
3788,444,3,1,7,1,6,0,0,2,1,3,0,13,3,3,63.5,0.015994,1.319958,2.143643,0.139276,0.151534,0.143912
5858,448,0,0,3,1,3,1,1,0,1,0,0,8,1,0,82.0,0.498783,5.291909,5.124496,15.116549,0.896576,0.531434
15905,994,2,2,5,1,3,0,3,1,1,0,1,11,2,1,72.5,0.975993,6.664571,6.305633,401.193202,0.930281,0.679827
3348,300,0,0,6,0,1,0,1,0,0,2,0,8,0,2,81.0,0.343245,4.480287,4.026272,5.366481,0.898698,0.460874
18000,1218,3,1,11,1,5,0,1,0,0,2,0,17,0,2,63.0,0.983311,9.611111,6.206446,98.034355,0.78381,0.81391
4691,534,0,1,7,0,2,2,1,0,0,0,0,12,0,0,76.0,0.6613,6.608399,4.723334,8.986618,0.42176,0.553617
4411,330,0,1,4,0,1,0,3,0,1,0,0,8,1,0,82.0,0.816948,3.173883,4.323972,3.124081,0.104734,0.446193
15000,1240,1,1,7,0,10,1,3,4,2,7,1,21,6,8,34.0,0.515175,4.866667,5.152324,52.828593,0.809476,0.510515
11700,763,1,0,3,1,7,0,4,2,0,2,1,14,2,3,63.5,0.715923,6.495726,5.178716,90.326963,0.620146,0.653568
10039,627,0,1,4,0,4,0,0,2,0,0,0,8,2,0,80.0,1.0,7.470864,7.718851,388.912722,0.916295,0.859399
4342,348,0,0,6,1,2,0,1,0,0,1,0,9,0,1,80.5,0.529996,4.836481,4.302146,16.185844,0.707131,0.522877
3259,521,0,1,6,0,3,1,2,0,0,2,0,12,0,2,73.0,0.98339,6.136852,5.958799,46.53363,0.467679,0.622534
11000,1599,4,3,7,5,20,0,5,4,2,6,2,32,6,8,12.0,0.229456,2.545455,4.344679,2.771518,0.367031,0.221945
5770,827,0,1,5,1,1,1,1,2,0,3,0,8,2,3,75.5,0.803155,7.45234,5.71562,25.906606,0.301958,0.59954
13046,1554,2,1,9,3,7,3,3,1,1,4,1,22,2,5,44.5,0.8383,7.665185,4.922122,85.666077,0.351195,0.585788
6943,1205,1,0,6,2,1,0,3,0,2,4,0,10,2,4,70.0,0.55079,4.464929,3.983794,1.817138,0.296674,0.431038
7332,819,3,1,15,1,3,2,5,0,0,6,2,25,0,8,38.0,0.121891,0.272777,4.821054,0.000742,0.049332,0.155024
3292,550,0,0,5,1,6,0,2,0,2,5,0,13,2,5,62.5,0.271111,3.341434,2.737309,2.808589,0.32756,0.284835
5836,561,2,0,6,1,7,0,0,1,0,1,2,13,1,3,67.5,0.648424,5.825908,5.370704,35.314893,0.667266,0.630467
9689,727,1,2,5,1,3,1,1,0,2,2,1,10,2,3,71.5,0.832035,5.77975,5.473751,60.540714,0.803484,0.657439
11687,1364,2,5,9,4,7,1,1,2,1,8,0,18,3,8,46.0,0.718962,6.674082,4.103636,25.697454,0.248639,0.54893
10328,670,0,0,3,0,1,0,0,0,1,1,0,4,1,1,88.5,0.872202,8.326878,5.864929,354.146751,0.949044,0.744659
2200,300,1,0,1,1,0,1,0,1,0,0,0,2,1,0,94.0,0.222664,4.545455,3.182583,0.358553,0.281937,0.280888
10739,716,1,2,4,1,0,3,1,1,1,1,0,8,2,1,78.5,0.885972,7.915076,6.071362,330.30072,0.558078,0.691303
2800,441,1,1,4,1,8,1,2,1,1,2,0,15,2,2,63.0,0.895909,7.5,5.790843,78.060726,0.956721,0.669711
6522,407,0,1,4,0,0,0,0,1,0,1,1,4,1,2,87.0,0.735443,6.133088,6.064635,147.446447,0.935167,0.672551
5826,513,2,1,6,1,8,0,1,0,1,5,1,15,1,6,59.0,0.536829,3.432887,5.464029,7.058474,0.755362,0.41313
13612,1294,3,2,7,3,5,1,2,1,0,4,1,15,1,5,60.5,0.703855,3.967088,4.442965,17.075982,0.152566,0.44847
6185,570,1,0,4,2,3,0,1,1,1,1,1,8,2,2,77.0,0.399742,3.395311,3.924377,17.168154,0.94446,0.490205
4765,300,0,0,4,1,1,0,1,0,0,0,0,6,0,0,88.0,0.993382,7.345226,5.419611,130.33512,0.895951,0.77239
13408,1528,4,1,3,0,1,1,1,2,2,2,1,6,4,3,75.5,0.671482,5.444511,4.511485,35.569768,0.308094,0.474342
8076,889,5,3,4,2,2,1,3,1,0,3,4,10,1,7,67.5,0.715873,4.086181,5.435518,31.252095,0.355222,0.494496
5419,518,1,0,5,1,1,0,3,0,1,2,0,9,1,2,77.0,0.540417,3.506182,4.581512,9.458723,0.639329,0.532531
8357,927,2,1,4,2,5,2,1,1,3,2,2,12,4,4,62.0,0.506433,4.666746,4.528239,20.016614,0.402705,0.495774
15000,1908,3,1,12,1,9,1,7,1,0,7,2,29,1,9,26.5,0.605881,4.333333,4.33465,29.446564,0.452907,0.501205
4649,305,0,1,1,1,0,0,1,1,0,2,0,2,1,2,91.0,1.0,7.313401,6.639193,132.547484,0.608634,0.771297
16500,1953,2,5,12,2,9,1,4,1,1,4,1,26,2,5,36.5,0.536962,2.30303,5.385744,14.765492,0.419018,0.44096
16500,1441,3,2,7,4,7,2,4,2,0,4,2,20,2,6,47.0,0.260069,3.333333,3.146432,14.433097,0.757899,0.401728
16500,1975,6,2,9,4,6,2,3,0,1,6,2,20,1,8,46.0,0.773326,6.0,5.427454,31.510201,0.323731,0.626981
5738,358,1,1,2,2,4,0,1,1,0,0,0,7,1,0,84.0,0.932894,7.4939,6.560959,152.588541,0.941712,0.751622
8093,805,2,1,5,0,7,0,1,0,2,4,1,13,2,5,62.5,0.573402,5.436797,5.106814,28.455213,0.971408,0.574542
6244,1008,4,1,11,1,4,1,2,0,4,5,1,18,4,6,47.0,0.104535,1.601537,2.461802,0.038059,0.19987,0.169634
3173,365,4,0,5,0,3,0,5,1,0,1,0,13,1,1,70.5,0.219755,2.206114,1.763804,5.501957,0.022227,0.213669
4431,568,1,2,6,2,2,3,0,2,0,5,0,11,2,5,66.5,0.024032,2.708192,2.084216,2.796456,0.617535,0.247661
4961,560,1,0,5,2,4,0,2,1,3,2,0,11,4,2,67.0,0.710404,7.659746,5.441842,31.422308,0.606297,0.549569
6124,523,0,0,2,0,2,0,2,0,1,4,1,6,1,5,78.5,0.749402,3.755715,5.015753,23.011796,0.200298,0.538898
4624,744,3,2,5,2,2,2,0,3,0,6,3,9,3,9,62.5,0.092361,2.811419,2.34347,0.977322,0.194305,0.210904
6034,377,2,0,3,0,3,0,2,0,2,2,1,8,2,3,75.5,0.843596,8.286377,5.981193,35.634335,0.597744,0.737235
10047,657,1,0,1,0,2,0,0,2,0,1,0,3,2,1,88.5,0.370979,5.076142,4.246822,38.948372,0.988856,0.574978
3978,393,1,1,2,1,5,0,0,0,0,1,0,7,0,1,84.5,0.320955,3.267974,4.240365,5.899081,0.676443,0.430067
14232,1049,3,0,10,0,3,2,2,1,1,0,0,17,2,0,62.0,0.474276,4.707701,5.231292,202.727449,0.790365,0.489003
5108,625,5,1,5,2,9,0,1,2,1,4,1,15,3,5,56.5,0.065477,2.349256,3.375311,1.748189,0.825403,0.230199
13000,1664,1,1,16,4,11,0,7,5,2,3,3,34,7,6,9.0,0.0881,0.461538,1.965622,0.008118,0.00749,0.030868
10776,673,3,3,1,0,4,2,2,0,1,1,0,9,1,1,78.5,0.969349,10.671863,6.499095,417.731901,0.892197,0.865026
15000,1075,3,3,7,1,9,4,4,1,2,4,2,24,3,6,37.0,0.728201,5.466667,5.426974,87.217563,0.92488,0.63432
5732,673,0,0,5,1,4,1,2,1,1,1,0,12,2,1,70.5,0.806884,5.931612,5.65456,29.07682,0.263831,0.593744
5569,643,2,0,4,2,4,0,2,1,1,2,0,10,2,2,73.0,0.340983,2.513916,3.945775,13.260448,0.433287,0.36831
4805,646,2,3,2,5,4,1,2,2,1,4,0,9,3,4,70.0,0.063939,2.081165,2.459424,2.599694,0.061351,0.181532
14449,995,3,1,6,2,3,2,1,2,0,2,0,12,2,2,69.0,0.695272,7.405357,7.07567,232.917503,0.999121,0.6714
8356,935,0,0,8,0,5,1,4,1,0,0,1,18,1,1,60.5,0.918575,5.146003,4.970381,10.437225,0.088455,0.50514
11004,1142,2,2,6,3,5,0,1,2,1,5,4,12,3,9,56.5,0.805372,6.906579,5.983577,71.636101,0.369526,0.623227
2800,534,1,0,7,1,5,0,1,1,1,2,2,13,2,4,64.0,0.991015,9.642857,6.726196,107.507513,0.727563,0.777953
4515,567,2,1,15,0,8,1,3,2,0,3,0,27,2,3,37.5,0.935932,8.637874,6.511819,158.670698,0.753107,0.69155
13886,1615,5,2,11,2,7,0,3,2,1,6,2,21,3,8,40.0,0.556937,3.456719,4.066026,12.403789,0.392523,0.48999
3200,357,0,1,3,1,0,0,1,1,1,0,1,4,2,1,86.5,0.757314,4.6875,6.429452,17.812557,0.186098,0.562065
4500,391,0,0,0,2,1,0,0,0,0,2,1,1,0,3,93.5,0.724786,6.888889,4.795088,7.565504,0.588569,0.680372
4524,631,1,1,5,1,5,0,2,1,3,2,0,12,4,2,65.0,0.192232,3.31565,4.229419,6.918519,0.67692,0.339356
7834,867,2,2,8,2,7,1,2,2,0,5,0,18,2,5,52.5,0.44831,5.616543,4.064082,32.532898,0.987615,0.518157
8220,1377,6,1,13,1,12,1,2,1,5,8,0,28,6,8,20.0,0.444304,2.554745,4.352414,5.652191,0.493311,0.27044
4161,481,3,0,0,2,3,0,0,1,1,0,0,3,2,0,90.0,0.475665,5.287191,4.231187,12.18965,0.330834,0.521944
10149,634,3,1,5,3,3,1,1,0,1,3,1,10,1,4,72.0,0.871692,7.88255,6.036266,71.174553,0.930223,0.816836
8397,1142,3,1,4,1,0,2,3,0,0,3,0,9,0,3,77.5,0.29737,3.334524,4.723199,13.616841,0.510428,0.405269
7821,1136,4,1,8,0,3,0,3,0,0,5,0,14,0,5,64.5,0.37174,4.602992,2.723563,6.444124,0.225691,0.300653
12777,1059,2,0,5,0,5,0,2,0,0,5,0,12,0,5,68.5,0.883031,7.278704,6.7844,135.309384,0.903148,0.802997
4622,328,0,0,4,0,1,0,0,0,1,2,1,5,1,3,83.5,1.0,6.92341,5.964071,11.73602,0.637899,0.727358
12365,1524,3,0,6,0,6,0,1,2,1,0,0,13,3,0,68.0,0.428671,4.367165,4.585501,20.470087,0.36693,0.537823
7481,739,1,0,9,3,3,2,1,0,1,2,2,15,1,4,62.0,0.629188,4.143831,4.829515,17.619486,0.066336,0.438208
2222,300,0,2,5,0,1,0,1,1,0,1,0,7,1,1,82.5,0.094465,1.80018,3.097522,0.704957,0.024873,0.242714
11189,1308,3,0,7,1,2,0,3,1,2,5,1,12,3,6,61.0,0.079267,1.876843,3.218932,8.817819,0.341155,0.277488
4574,728,0,1,4,2,8,2,3,2,1,1,2,17,3,3,55.5,0.142191,1.093135,1.749895,0.72763,0.100326,0.209631
14160,1375,0,4,5,0,4,1,1,1,0,1,0,11,1,1,74.5,0.810328,5.508475,4.635447,92.998551,0.60855,0.66084
5364,676,0,0,6,0,6,0,0,0,0,3,0,12,0,3,71.5,0.133897,2.423565,2.431835,4.88575,0.651553,0.238828
10839,1032,2,0,5,2,5,0,1,1,0,0,0,11,1,0,76.0,0.375828,5.720085,4.373602,37.870811,0.66076,0.489088
6172,566,1,2,6,1,9,0,4,2,1,1,1,19,3,2,53.0,0.108221,0.81011,1.999834,0.66436,0.016115,0.132421
8454,778,1,1,5,1,3,2,1,4,0,4,1,11,4,5,62.5,0.286708,1.774308,3.777721,5.864139,0.560622,0.323377
7259,1297,3,3,11,1,6,1,3,3,2,2,0,21,5,2,45.0,0.242318,1.92864,3.146997,2.51227,0.141647,0.212041
11550,757,1,1,2,2,2,1,1,0,1,2,1,6,1,3,81.5,1.0,7.359307,5.86882,146.082292,0.54065,0.780477
7207,884,6,3,4,5,4,2,1,0,0,0,0,11,0,0,78.0,0.286603,2.77508,3.880623,2.657615,0.500715,0.304155
12718,811,1,1,4,0,2,0,1,0,0,1,0,7,0,1,84.5,0.931712,8.413273,5.762827,70.985473,0.807721,0.739001
7831,907,1,1,9,1,6,1,2,2,0,0,0,18,2,0,60.0,0.411989,4.214021,4.733958,14.191716,0.392068,0.452965
8515,695,0,1,0,0,4,1,0,1,0,1,0,5,1,1,86.5,0.987193,6.45919,7.099143,102.069025,0.702969,0.781778
5362,540,2,0,5,2,2,1,1,2,0,3,0,9,2,3,73.5,0.153973,1.118985,3.955084,0.728363,0.123898,0.256684
6219,409,1,1,2,0,3,0,1,0,2,1,0,6,2,1,82.5,0.865421,8.683068,6.054887,208.271139,0.883445,0.854137
10067,1226,3,2,9,4,8,3,1,1,1,2,0,21,2,2,51.0,0.291101,3.973378,3.796979,17.19043,0.460672,0.395098
13132,1456,1,0,4,1,5,0,1,2,0,2,0,10,2,2,73.0,0.256504,3.350594,4.003247,13.194792,0.467086,0.400083
6439,722,2,2,2,0,4,0,4,1,0,1,1,10,1,2,75.0,0.710152,4.969716,5.14942,22.812817,0.371829,0.534973
4832,442,1,0,3,1,4,1,0,0,0,3,0,8,0,3,79.5,0.075204,1.448675,1.694645,0.153775,0.792354,0.258477
3260,579,2,1,1,0,3,2,1,1,1,0,0,7,2,0,82.0,0.039118,1.226994,5.235772,0.627805,0.548927,0.295744
6318,654,0,3,7,1,6,1,2,2,0,1,0,16,2,1,62.5,0.21392,3.323837,3.997371,12.218264,0.149179,0.295211
3677,358,2,1,4,1,2,0,1,1,0,1,0,7,1,1,82.5,0.646689,5.439217,4.956557,11.445095,0.24596,0.550955
3351,339,2,1,1,0,3,0,2,0,0,1,0,6,0,1,86.5,0.50246,4.476276,3.573204,4.050914,0.172719,0.402922
8535,851,2,0,9,1,4,3,1,0,0,4,0,17,0,4,60.0,0.636156,5.389572,5.905669,33.68994,0.171838,0.494205
12123,1200,3,1,8,3,2,1,1,0,2,4,1,12,2,5,64.5,0.395179,4.289367,4.285078,25.539779,0.369249,0.570036
12563,785,1,1,1,1,5,0,1,0,0,0,0,7,0,0,86.0,0.912481,6.288307,5.461497,87.564243,0.815669,0.720812
9428,1030,2,1,8,0,3,1,2,0,0,2,1,14,0,3,67.5,0.482007,3.818413,4.79799,28.836282,0.451543,0.503949
11926,1011,2,2,3,0,4,1,3,1,4,3,3,11,5,6,59.0,0.731863,5.114875,5.538183,35.896831,0.832256,0.632061
13695,1777,4,3,8,4,9,2,7,2,0,7,2,26,2,9,30.5,0.456471,3.285871,4.219344,18.785641,0.529535,0.425084
2200,300,1,0,1,0,2,0,0,1,0,0,0,3,1,0,92.0,0.113211,1.818182,2.845552,0.805557,0.042904,0.174084
3016,535,3,2,10,1,4,0,1,1,0,2,0,15,1,2,65.0,0.172622,4.64191,3.569254,2.948636,0.612594,0.298105
1500,300,0,0,1,0,1,0,0,0,0,2,0,2,0,2,93.0,0.019228,2.666667,2.264564,0.017103,0.19119,0.308466
2800,337,1,0,7,0,6,1,0,0,0,4,0,14,0,4,66.0,0.820573,8.571429,6.04873,91.650262,0.783914,0.721222
13000,1288,2,3,12,0,6,3,1,2,1,5,1,22,3,6,41.0,0.039531,2.153846,2.957086,1.733075,0.644202,0.250016
3667,467,2,2,10,1,2,0,2,1,0,3,0,14,1,3,65.5,0.440417,4.36324,2.596991,6.32566,0.048885,0.327358
4719,694,1,2,2,1,3,0,1,0,0,0,1,6,0,1,86.5,0.459639,3.17864,4.388758,8.656649,0.240964,0.463881
6691,732,2,0,5,1,1,0,2,1,0,2,2,8,1,4,76.0,0.646538,6.575998,5.256953,20.138731,0.223974,0.569477
7358,847,1,0,5,1,4,2,0,0,0,1,0,11,0,1,76.5,0.679356,4.213101,5.032335,34.020664,0.333354,0.522695
2800,504,1,0,11,0,5,0,2,0,0,0,0,18,0,0,64.0,0.744363,8.928571,4.841594,61.946931,0.516347,0.692251
4658,703,5,0,5,1,3,0,3,0,0,0,1,11,0,1,76.5,0.823805,6.440532,3.901516,26.883844,0.320665,0.609579
4031,379,1,1,1,0,3,0,2,0,1,0,0,6,1,0,86.0,0.033057,1.736542,4.192631,2.740381,0.476122,0.305328
8700,880,5,3,19,2,10,4,1,2,1,8,0,34,3,8,14.0,1.0,8.275862,7.314658,351.339329,0.945111,0.72556
2707,300,2,0,4,0,5,0,1,0,0,1,1,10,0,2,77.0,0.518106,5.54119,4.476221,2.325125,0.027379,0.421978
5682,684,2,0,2,0,1,1,0,3,0,4,0,4,3,4,80.0,0.570735,6.159803,4.376326,22.559205,0.411434,0.470126
7154,947,0,2,6,3,3,1,2,2,0,3,1,12,2,4,66.0,0.555094,5.870841,3.816015,24.603481,0.223128,0.481802
6121,839,1,0,8,1,7,0,1,1,2,6,2,16,3,8,50.0,0.029579,2.123836,3.103222,4.047183,0.422197,0.248169
7900,1118,0,1,5,1,4,0,2,2,0,5,0,11,2,5,66.5,0.86876,4.303797,5.916066,14.446311,0.232128,0.51217
2222,311,0,1,6,0,2,0,0,0,2,2,0,8,2,2,77.0,0.063586,2.70027,1.624985,0.412949,0.011451,0.21733
5990,646,2,1,9,1,3,2,2,2,0,2,1,16,2,3,59.5,0.087159,1.669449,3.605808,3.2766,0.02043,0.273754
15039,1353,2,2,5,0,2,0,2,0,1,2,0,9,1,2,77.0,0.917626,7.513797,6.101726,294.286942,0.622542,0.741828
6758,785,2,1,7,0,5,1,1,0,0,1,1,14,0,2,69.0,0.571088,5.031074,4.895753,30.553076,0.342958,0.520862
5672,400,1,0,5,1,0,0,1,4,1,4,0,6,5,4,72.0,0.514673,6.346968,4.945003,20.611674,0.980336,0.634421
14331,1756,2,7,10,8,13,0,6,4,1,8,0,29,5,8,20.0,0.31568,2.651594,4.640158,26.963073,0.587138,0.403025
9739,621,5,0,5,1,2,0,2,1,2,1,0,9,3,1,74.5,0.686784,6.674197,6.251631,58.666814,0.887026,0.601361
4654,617,4,0,12,0,13,0,4,2,0,3,0,29,2,3,33.5,0.990982,10.09884,6.46904,88.206189,0.818199,0.761527
3306,492,1,0,2,1,4,0,0,0,1,3,0,6,1,3,81.5,0.503324,3.629764,3.350717,0.965472,0.185223,0.388681
5415,575,2,1,5,0,7,0,3,1,2,4,1,15,3,5,56.5,0.224545,1.477378,4.511379,0.444233,0.182045,0.185054
5849,497,1,0,3,0,4,0,0,1,1,4,1,7,2,5,74.5,0.619266,3.761327,4.372406,12.572283,0.894511,0.492988
11425,1189,1,0,3,3,3,0,2,1,1,2,0,8,2,2,77.0,1.0,7.352298,6.906974,98.390597,0.52186,0.753154
7117,509,1,1,4,1,3,0,2,0,0,0,1,9,0,1,80.5,0.866829,9.695096,6.15481,40.967047,0.584228,0.766055
8505,645,2,0,1,0,0,0,0,1,0,3,0,1,1,3,91.5,0.996283,8.230453,6.810718,193.414574,0.652331,0.856657
13000,1470,1,1,11,1,8,1,3,1,3,5,1,23,4,6,37.0,0.161631,1.923077,2.598483,4.979617,0.196784,0.188569
2800,348,0,0,10,1,4,0,1,0,0,3,0,15,0,3,65.5,0.962873,6.428571,5.865239,55.721112,0.828663,0.674529
4610,521,3,1,5,0,2,0,1,0,0,1,0,8,0,1,82.5,0.882698,6.290672,5.712197,105.271878,0.532503,0.728232
12100,1599,2,2,13,2,6,1,3,0,2,6,1,23,2,7,39.5,0.65135,5.53719,5.341235,41.047902,0.283954,0.564415
7010,1197,3,1,13,2,3,0,4,2,1,5,3,20,3,8,42.0,0.090481,1.28388,2.760292,2.545892,0.322173,0.14945
10985,799,2,0,5,0,5,2,3,0,1,2,0,15,1,2,65.0,0.470266,4.369595,5.535,55.521181,0.936719,0.500956
12453,1081,5,2,6,6,11,2,4,0,3,3,2,23,3,5,40.5,0.65024,5.38023,4.440195,14.658418,0.133372,0.45515
9317,940,1,1,11,0,5,0,2,2,0,5,1,18,2,6,51.0,0.098828,2.790598,3.2487,7.225816,0.656124,0.248181
2200,300,0,0,3,1,0,0,0,0,1,0,0,3,1,0,92.0,0.199547,0.909091,3.527147,1.260426,0.102556,0.236092
3070,340,0,0,7,0,1,0,0,0,1,2,1,8,1,3,77.5,0.279025,1.302932,2.781511,1.012041,0.088742,0.265833
10889,1226,2,0,7,1,5,0,4,1,0,5,0,16,1,5,58.5,0.42139,4.683626,4.351354,23.911457,0.271138,0.469536
8447,1154,1,2,11,1,5,2,3,0,1,6,1,21,1,7,45.5,0.875011,6.629573,4.10223,19.483511,0.324829,0.569323
2200,300,3,0,0,0,1,0,0,1,0,0,0,1,1,0,96.0,0.113624,2.272727,3.480424,0.016646,0.126988,0.284194
4840,559,1,0,6,1,6,2,1,0,0,5,0,15,0,5,62.5,0.814863,6.818182,6.345446,144.713374,0.872279,0.659104
4771,628,2,0,8,1,7,3,1,1,0,0,1,19,1,1,58.5,0.197167,3.982394,3.651244,7.817554,0.380202,0.286859
11889,1729,3,5,29,6,20,3,4,2,3,10,1,56,5,11,0.0,0.945256,7.738245,5.621263,133.278003,0.649848,0.655026
5509,507,0,1,2,3,3,1,3,0,1,5,0,9,1,5,72.5,0.534652,4.538029,3.593257,11.546733,0.229663,0.44569
3469,410,2,0,2,0,1,1,0,0,0,0,0,4,0,0,92.0,0.026098,2.30614,2.710565,2.168477,0.470802,0.27171
10751,690,2,1,5,1,6,0,0,0,1,2,2,11,1,4,70.0,0.972878,8.09227,6.56466,94.688583,0.710747,0.83157
16117,1573,3,4,5,2,2,1,2,1,1,3,1,10,2,4,70.0,0.785176,4.157101,5.992818,71.660474,0.634455,0.569834
6112,461,3,2,7,1,0,0,0,1,0,1,0,7,1,1,82.5,0.329377,4.090314,4.323213,6.109416,0.197268,0.411222
2250,300,0,0,4,0,2,0,0,0,0,1,0,6,0,1,86.5,0.175369,2.222222,1.890087,0.982595,0.476059,0.207222
8798,874,2,0,11,0,3,1,0,3,1,5,0,15,4,5,54.5,0.182081,2.386906,3.72644,0.103779,0.294935,0.217693
7897,589,1,1,9,0,7,0,3,1,0,3,0,19,1,3,55.5,0.624199,3.165759,5.352413,13.872974,0.910167,0.542924
5075,852,2,2,2,2,4,0,2,1,3,0,1,8,4,1,74.5,0.339078,4.137931,3.974599,9.364266,0.44368,0.379182
3960,402,2,1,13,1,7,1,1,3,0,1,0,22,3,1,48.5,0.976157,6.060606,6.5828,96.223958,0.749089,0.69883
6690,420,0,0,4,0,2,1,1,0,1,1,1,8,1,2,79.0,0.8655,3.587444,4.805033,93.50409,0.652052,0.656304
9518,895,2,1,4,3,5,1,1,0,0,1,1,11,0,2,75.0,0.504362,2.416474,4.395739,69.147611,0.637173,0.490543
11000,1424,5,1,13,2,6,3,1,6,1,5,1,23,7,6,31.0,0.136768,0.909091,4.582017,0.55058,0.273865,0.176162
4709,678,2,0,4,0,3,1,3,0,1,6,0,11,1,6,67.0,0.712786,3.822468,5.678098,53.324954,0.362181,0.519267
15224,1726,1,4,7,2,4,1,3,0,1,3,1,15,1,4,62.0,0.788334,4.729375,5.141836,44.085375,0.115804,0.575253
11000,1500,7,2,22,7,11,3,4,2,5,5,2,40,7,7,0.0,0.057146,1.909091,3.475993,4.391571,0.331141,0.164334
2289,463,0,3,3,0,1,0,0,0,1,2,1,4,1,3,85.5,0.047603,0.873744,4.167392,1e-06,0.473113,0.239345
16864,1209,0,1,9,2,7,1,4,1,0,2,1,21,1,3,51.5,0.920551,6.344877,5.722242,60.592985,0.684031,0.743008
4513,436,0,0,1,1,1,0,0,0,1,0,0,2,1,0,94.0,0.688822,6.425881,4.933299,46.376424,0.169924,0.50753
2968,332,2,1,3,1,3,1,1,0,1,1,0,8,1,1,80.5,0.244407,4.716981,2.925005,0.00981,0.1355,0.26007
10414,1042,0,2,13,1,7,2,1,0,0,3,0,23,0,3,49.5,0.48663,5.185327,5.447161,35.751379,0.663933,0.551383
13465,945,1,0,2,0,1,0,0,1,1,2,0,3,2,2,87.0,0.938576,7.278128,6.508076,212.290848,0.724912,0.769306
12283,1077,1,2,5,2,4,0,3,0,3,5,0,12,3,5,62.5,0.630156,4.559147,4.515746,30.45566,0.048312,0.488787
7807,693,1,1,17,1,6,2,4,0,2,7,0,29,2,7,27.5,0.623364,5.764058,4.28768,30.821917,0.860992,0.513507
11000,1570,4,2,7,3,12,0,3,1,2,7,4,22,3,11,33.5,0.243149,2.090909,2.319201,6.535597,0.39171,0.247671
9519,940,1,1,15,2,10,1,1,1,4,3,1,27,5,4,30.0,0.502491,6.093077,5.006635,106.085549,0.996763,0.476632
6359,397,0,0,1,0,0,0,1,0,0,0,0,2,0,0,96.0,0.897639,6.76207,6.845562,192.123197,0.838106,0.766975
6592,688,1,1,5,2,1,0,0,0,1,1,0,6,1,1,84.5,0.529633,4.70267,4.409343,13.668641,0.164375,0.439071
7215,849,1,0,5,1,5,1,1,2,2,3,0,12,4,3,63.5,0.764987,5.544006,5.218554,24.954404,0.136411,0.511994
8785,670,2,0,5,0,1,1,1,0,0,3,1,8,0,4,78.0,0.977796,8.081958,6.143066,82.797341,0.677014,0.809767
8951,675,2,2,6,2,2,1,2,1,0,2,1,11,1,3,71.5,0.889516,6.814881,5.754587,219.538668,0.967581,0.6874
15000,1431,1,2,15,1,6,1,2,3,2,10,1,24,5,11,25.5,0.692836,4.066667,5.829539,58.715294,0.669823,0.544092
7949,1141,4,0,10,1,7,0,6,1,3,4,1,23,4,5,38.5,0.085756,2.138634,2.306793,2.568995,0.136273,0.232133
18000,1125,2,1,8,1,9,0,1,0,1,2,1,18,1,3,57.5,0.917632,6.277778,6.141451,149.793218,0.863717,0.764369
13000,2081,5,0,6,6,8,1,0,3,1,7,1,15,4,8,50.0,0.143691,1.923077,2.760925,2.005402,0.49639,0.167326
15809,1832,1,2,1,3,7,1,3,2,1,5,4,12,3,9,56.5,0.226421,4.427858,4.333091,16.64152,0.473775,0.433347
3974,402,1,1,6,0,3,0,0,0,2,0,1,9,2,1,76.5,0.277995,3.522899,3.242055,18.528633,0.993174,0.437663
2964,552,4,0,6,1,5,1,0,0,0,1,1,12,0,2,73.0,0.882352,8.434548,6.222276,100.276703,0.54386,0.70897
7917,1075,1,1,8,1,3,1,0,3,2,1,0,12,5,1,64.5,0.653182,4.041935,5.123078,14.225918,0.346651,0.446303
6000,758,2,1,17,1,6,0,2,0,0,7,1,25,0,8,38.0,0.853816,8.833333,5.338345,53.105824,0.822349,0.651284
17632,1102,2,1,9,3,5,1,1,1,1,6,1,16,2,7,53.5,1.0,7.769964,5.813849,548.315369,0.898329,0.719436
12906,903,2,3,5,2,5,0,3,0,1,3,0,13,1,3,67.5,0.412166,3.02185,4.94888,18.903739,0.933315,0.449885
4988,635,1,1,2,3,4,0,0,3,1,4,2,6,4,6,71.0,0.658392,4.410585,3.895409,4.751236,0.205889,0.466022
6195,733,1,2,1,1,2,1,1,2,0,2,1,5,2,3,81.5,0.61776,4.681195,4.513067,26.392179,0.326506,0.529074
11727,757,1,0,2,1,2,0,1,2,1,1,0,5,3,1,82.5,0.965695,7.589324,6.074102,348.513697,0.924642,0.802388
6668,749,1,0,5,2,2,1,3,4,1,4,0,11,5,4,62.0,0.12936,1.4997,2.82073,0.760083,0.005841,0.163053
3900,538,3,1,5,0,0,0,1,0,0,4,0,6,0,4,82.0,0.620547,5.128205,4.298461,0.668649,0.17932,0.495812
6870,580,1,1,6,2,7,0,3,3,3,2,0,16,6,2,53.0,0.450952,4.075691,5.887728,2.727028,0.9068,0.410975
10612,687,1,1,1,0,0,0,1,0,1,0,0,2,1,0,94.0,0.621344,8.198266,6.224587,63.963095,0.861137,0.663475
11702,864,3,1,4,1,2,2,3,0,0,2,0,11,0,2,75.0,0.894162,7.690993,5.189334,276.689595,0.973675,0.768284
9453,590,2,0,4,0,1,2,0,0,0,0,2,7,0,2,83.0,0.92607,11.953877,5.968431,487.344958,0.765839,0.755352
15000,1943,3,3,12,0,7,1,4,2,3,8,1,24,5,9,28.5,0.71829,4.133333,4.967038,15.340515,0.69941,0.510854
15088,1131,2,0,7,1,7,0,2,1,2,2,1,16,3,3,57.5,0.661692,5.302227,4.300744,31.955776,0.131886,0.459806
10208,671,0,1,0,0,4,1,4,1,1,1,1,9,2,2,75.0,0.907358,6.857367,6.443946,121.342161,0.744429,0.675829
10464,1313,3,3,5,2,8,2,5,1,1,2,2,20,2,4,50.0,0.799525,3.249235,4.021634,17.163867,0.241075,0.486199
4374,483,2,1,3,0,4,0,1,4,1,5,1,8,5,6,65.0,0.058583,2.286237,3.763793,0.635997,0.541786,0.260745
13547,952,1,1,6,1,4,0,3,0,0,3,0,13,0,3,69.5,1.0,8.119879,5.829822,235.821293,0.729016,0.742362
5212,330,1,1,3,0,2,0,1,0,1,1,0,6,1,1,84.5,0.899549,7.482732,6.437188,40.78927,0.809718,0.700388
8017,1020,1,1,2,1,1,1,3,1,0,2,1,7,1,3,79.5,0.498561,3.866783,4.843413,26.746487,0.44855,0.556845
14748,1338,1,2,15,0,6,1,4,1,2,3,0,26,3,3,37.5,0.628304,5.085435,3.97752,10.253228,0.154808,0.464279
10775,1307,3,0,3,1,2,1,3,2,0,0,1,9,2,1,76.5,0.914567,5.846868,4.980801,29.459621,0.343932,0.674076
6087,684,3,0,11,1,2,0,3,3,0,4,2,16,3,6,53.0,0.464168,3.61426,4.949721,9.741685,0.673435,0.519998
18000,1125,1,2,9,1,2,1,4,1,0,3,0,16,1,3,61.5,0.831396,7.944444,6.715692,509.821918,0.761491,0.72154
12603,1886,4,0,17,4,7,0,2,2,0,7,2,26,2,9,30.5,0.67495,4.602079,3.802773,15.150292,0.465412,0.433508
5627,743,2,2,13,1,7,0,1,0,0,8,0,21,0,8,46.0,0.139633,3.376577,3.708265,5.034979,0.644601,0.293655
7292,924,2,0,11,0,10,1,5,4,1,8,3,27,5,11,19.5,0.218027,1.097093,3.153611,0.09179,0.063572,0.131817
13174,1497,6,3,14,3,4,3,3,2,2,7,2,24,4,9,30.5,0.698524,6.983452,4.678057,61.059384,0.469029,0.604689
10018,847,0,1,9,3,4,0,4,0,2,2,0,17,2,2,59.0,0.236475,4.092633,3.324717,29.305307,0.865782,0.419713
7195,633,3,0,3,1,0,1,1,0,1,1,0,5,1,1,86.5,0.463206,5.281445,4.4745,12.261401,0.341614,0.480323
5684,702,0,0,4,2,2,0,1,0,2,6,0,7,2,6,73.0,0.208099,2.287122,3.238067,1.715182,0.280965,0.247711
8866,1007,2,0,10,2,8,1,3,4,1,4,2,22,5,6,37.0,0.158652,2.48139,3.764924,7.107647,0.102647,0.197943
3370,420,1,0,6,0,4,0,2,1,1,3,0,12,2,3,67.5,0.155606,2.967359,3.149982,1.40909,0.541705,0.302316
7674,1482,2,2,13,0,8,1,8,2,4,5,2,30,6,7,17.5,0.198759,3.518374,4.361621,14.020702,0.468814,0.288458
3702,584,1,0,5,0,6,1,2,2,0,1,1,14,2,2,65.0,0.134648,2.701243,2.741804,2.153777,0.399229,0.281596
3200,300,1,0,3,0,2,0,0,0,1,2,0,5,1,2,85.0,0.56427,6.875,5.360183,11.619941,0.96246,0.54993
3714,686,2,0,3,2,5,0,0,3,0,1,0,8,3,1,76.5,0.327402,2.423263,3.240241,1.123348,0.283562,0.265256
6823,915,0,2,3,2,2,0,1,1,1,2,0,6,2,2,81.0,0.497683,3.517514,5.003996,8.052287,0.594895,0.457997
5350,651,1,0,7,1,3,0,1,0,0,1,1,11,0,2,75.0,0.313164,4.859813,3.72904,3.951346,0.37502,0.402409
12092,899,1,0,5,0,3,0,1,0,0,0,1,9,0,1,80.5,0.900556,9.427721,6.183038,52.594453,0.66505,0.761014
2697,357,0,1,4,1,3,1,3,2,2,0,1,11,4,1,68.5,0.053406,2.224694,3.412501,0.384006,0.783345,0.240264
7561,582,0,0,3,0,3,1,1,0,0,0,0,8,0,0,84.0,0.785553,6.877397,5.975874,51.34058,0.680678,0.67856
7387,551,0,0,2,0,0,0,0,0,0,0,0,2,0,0,96.0,0.473185,5.685664,5.59934,26.738836,0.68428,0.660329
18000,1163,2,2,7,3,5,0,2,1,2,3,2,14,3,5,58.5,0.885218,8.388889,6.456787,306.658937,0.851002,0.697053
11949,1017,1,3,17,3,3,1,1,2,0,4,0,22,2,4,46.0,0.467657,4.602896,4.884977,24.662451,0.974235,0.597162
7143,1093,2,0,18,0,9,1,1,0,1,3,2,29,1,5,32.5,0.897989,7.839843,6.187668,72.125556,0.953068,0.656971
5998,837,1,2,4,2,7,0,1,1,0,3,2,12,1,5,66.5,0.166567,2.667556,2.346406,1.006759,0.202425,0.232536
9371,774,0,0,6,2,0,0,5,0,0,1,0,11,0,1,76.5,0.16845,4.055063,5.651946,31.567511,0.982222,0.491769
8903,980,1,1,8,0,5,2,1,1,1,3,1,16,2,4,58.0,0.263595,2.134112,3.418692,7.642584,0.737928,0.320966
3895,479,2,1,3,2,2,2,0,0,2,3,0,7,2,3,77.5,0.303588,2.053915,3.072736,0.50159,0.268524,0.298058
4733,893,1,0,9,1,1,2,2,2,0,4,1,14,2,5,60.5,0.123709,1.267695,2.801718,0.048734,0.507676,0.258927
2150,300,1,2,6,0,0,0,2,0,1,2,2,8,1,4,76.0,0.060281,1.860465,2.164839,1.05637,0.014059,0.174548
4931,670,3,0,9,2,2,3,1,1,1,0,0,15,2,0,66.0,0.300866,2.636382,3.369275,2.933162,0.124416,0.334138
11128,1309,2,1,15,3,10,1,4,3,3,5,0,30,6,5,20.5,0.971073,4.043853,5.603707,148.834059,0.386666,0.47042
9950,621,0,1,3,0,4,0,1,1,0,0,1,8,1,1,80.5,0.79945,7.638191,5.767804,287.004814,0.935874,0.713273
5389,336,1,0,2,1,0,0,1,0,0,0,0,3,0,0,94.0,0.685281,7.422527,5.45843,37.415567,0.989094,0.706656
8733,1159,2,0,3,1,6,1,1,0,0,4,2,11,0,6,69.0,0.459568,4.122295,4.550651,13.464233,0.189284,0.407754
14015,985,0,0,4,1,3,1,3,0,0,0,0,11,0,0,78.0,0.811337,5.565466,4.671437,70.978765,0.60832,0.711046
12755,1493,3,2,8,1,5,0,0,2,0,1,1,13,2,2,67.0,0.609435,5.801646,4.869905,18.741946,0.426301,0.621876
4357,534,0,1,2,1,2,0,0,0,2,2,0,4,2,2,85.0,0.381162,4.81983,5.127111,7.928664,0.251999,0.415823
1899,321,1,0,2,1,1,1,1,0,0,0,1,5,0,1,88.5,0.092886,3.159558,2.823364,3.727587,0.427823,0.295979
1500,300,0,0,1,0,1,0,1,0,0,1,1,3,0,2,91.0,0.117699,2.0,1.891298,1.306625,0.578662,0.246311
16500,1829,1,1,10,3,3,2,0,1,0,0,1,15,1,1,66.5,0.771161,4.969697,4.648594,23.218438,0.312742,0.593272
3926,502,2,1,6,2,3,0,0,0,0,4,1,9,0,5,74.5,0.718354,6.367804,5.635253,28.882282,0.316773,0.635459
11733,733,0,2,3,2,3,1,1,0,0,0,0,8,0,0,84.0,0.916528,6.221768,5.807383,223.480664,0.977103,0.791206
8063,732,3,3,5,0,5,0,1,2,1,8,0,11,3,8,60.0,0.500713,5.953119,5.399507,32.986874,0.902996,0.488972
5974,396,1,1,3,1,4,1,1,0,0,0,1,9,0,1,80.5,0.859186,7.197857,5.679162,54.691621,0.8973,0.751334
10168,1041,1,2,9,3,9,1,1,0,1,4,4,20,1,8,46.0,0.851694,5.70417,4.967771,25.049996,0.085353,0.502247
18000,1125,0,3,13,3,3,0,2,1,0,3,1,18,1,4,56.0,0.899564,7.388889,6.674447,134.872336,0.754921,0.728184
7487,1043,4,2,8,0,14,2,7,2,0,3,1,31,2,4,28.0,0.798453,7.078937,6.179698,162.620938,0.987733,0.674074
7597,784,1,3,6,1,5,1,5,2,0,1,2,17,2,3,57.5,0.3206,4.34382,3.96913,2.147156,0.475971,0.2622
8601,780,0,1,4,2,2,0,0,0,2,0,0,6,2,0,84.0,0.568979,4.766888,5.230519,12.585559,0.286667,0.521663
10351,1163,0,3,6,1,4,0,1,0,0,2,3,11,0,5,70.5,0.520715,3.574534,4.17273,5.258902,0.596874,0.441003
7649,1469,3,3,10,1,7,1,1,0,2,4,1,19,2,5,50.5,0.267059,2.222513,3.43267,7.006523,0.438724,0.225748
18000,1212,2,1,10,1,7,0,3,2,0,2,0,20,2,2,53.0,1.0,7.277778,7.246529,108.171189,0.974095,0.821541
10051,1492,3,5,8,0,8,2,1,1,3,3,0,19,4,3,49.5,0.088647,1.193911,2.840425,6.994141,0.368872,0.22137
3042,362,1,0,6,2,2,0,0,0,2,4,0,8,2,4,74.0,0.732479,5.588429,6.244703,20.469071,0.896948,0.626674
4683,337,0,1,1,1,2,1,1,0,0,1,0,5,0,1,88.5,0.449554,2.775998,4.887985,10.92607,0.806746,0.44064
8876,1404,1,3,6,3,6,2,3,0,0,7,3,17,0,10,51.0,0.048411,2.140604,2.321811,0.189475,0.387432,0.254584
6064,621,1,0,4,2,5,0,1,0,0,1,1,10,0,2,77.0,0.479426,4.122691,4.723878,30.13624,0.776678,0.555737
6180,748,1,2,2,0,5,1,4,1,0,5,1,12,1,6,65.0,0.030796,0.970874,1.813476,0.060749,0.363984,0.152942
12581,1168,1,1,7,0,3,2,0,1,1,3,0,12,2,3,67.5,0.868643,8.345918,5.657471,385.350452,0.672139,0.668286
2741,323,1,1,1,0,1,2,0,1,0,0,0,4,1,0,90.0,0.465472,3.648304,3.975922,7.628255,0.441598,0.443421
6708,689,1,0,4,0,1,0,0,0,1,0,0,5,1,0,88.0,0.292306,2.981515,3.393523,6.517127,0.580742,0.417498
6329,633,1,0,3,2,4,1,0,2,0,3,0,8,2,3,75.5,0.319332,2.370043,5.79536,5.459252,0.02835,0.402249
11726,1806,7,1,13,0,14,1,6,1,1,6,1,34,2,7,17.5,0.644604,6.054921,3.771019,24.396683,0.331985,0.479308
7656,701,0,3,3,0,2,1,1,0,0,3,2,7,0,5,78.5,0.518943,4.049112,4.525661,8.282396,0.059786,0.432106
6361,806,2,0,16,2,5,2,2,0,1,2,0,25,1,2,45.0,1.0,9.275271,5.963952,31.594132,0.569711,0.719477
5068,382,2,0,5,0,3,0,0,0,0,3,0,8,0,3,79.5,0.633339,3.94633,4.513124,14.506507,0.099994,0.425733
15000,1462,3,1,13,0,12,0,3,1,0,4,2,28,1,6,33.0,0.641262,4.8,4.309959,24.057447,0.308236,0.578953
3801,338,2,0,1,0,1,0,2,1,0,1,2,4,1,3,85.5,0.148476,2.367798,4.313936,0.801637,0.711676,0.255994
6223,951,0,1,8,1,5,0,3,1,0,1,0,16,1,1,64.5,0.40222,2.410413,3.502367,5.734311,0.415043,0.331207
5439,341,2,0,2,0,0,0,0,0,0,0,0,2,0,0,96.0,0.801485,9.928296,6.655308,151.685454,0.788305,0.814902
3217,320,2,0,2,0,3,0,1,0,2,3,0,6,2,3,79.5,0.07139,2.17594,2.752715,0.033703,0.366215,0.175847
7879,588,4,1,5,1,0,0,4,0,0,1,1,9,0,2,79.0,0.966606,5.457545,6.230734,76.416512,0.709189,0.733858
9651,1210,2,6,4,1,3,0,0,0,0,3,0,7,0,3,81.5,0.356293,4.869962,4.466106,11.89153,0.371733,0.415731
4500,300,0,1,1,0,1,1,1,1,0,0,0,4,1,0,90.0,0.988628,8.222222,7.211978,102.90762,0.852001,0.836715
8572,702,1,0,2,1,1,1,1,1,2,1,0,5,3,1,82.5,0.772865,6.066262,4.891136,40.837717,0.13349,0.559813
4894,648,2,0,4,1,3,3,0,1,0,4,0,10,1,4,72.0,0.097663,1.634655,2.997526,0.341043,0.315454,0.217721
3112,560,3,2,4,0,4,1,1,0,0,2,1,10,0,3,75.5,0.667396,9.318766,5.27402,37.424891,0.425882,0.652988
5809,887,3,1,4,4,4,1,3,1,1,4,2,12,2,6,63.0,0.379086,4.13152,4.211324,7.493868,0.322253,0.440103
4468,528,0,0,1,1,4,2,1,0,1,2,1,8,1,3,77.5,0.106438,2.461952,2.4416,3.002877,0.544538,0.308846
13008,885,2,1,0,0,3,0,0,0,1,0,0,3,1,0,92.0,0.868004,4.920049,6.277695,126.193055,0.784482,0.737673
2800,405,4,0,8,1,4,2,2,0,0,0,0,16,0,0,68.0,0.904003,10.0,5.880965,125.253741,0.793793,0.774788
13155,2069,5,1,15,1,6,1,3,2,1,7,0,25,3,7,33.5,0.69097,4.104903,3.927804,10.24926,0.219944,0.436594
6163,772,1,2,2,5,4,1,3,0,3,1,0,10,3,1,72.5,0.652521,5.354535,5.000879,19.765074,0.636457,0.557842
8475,971,0,0,6,0,2,0,2,0,0,1,0,10,0,1,78.5,0.977598,6.60767,5.059586,67.023167,0.34047,0.699407
2600,300,1,0,0,2,2,0,0,0,0,0,0,2,0,0,96.0,0.648603,6.153846,5.755803,45.022296,0.701059,0.595656
13775,1117,1,2,2,3,3,1,1,0,0,1,0,7,0,1,84.5,0.907873,7.477314,6.612527,181.045923,0.684501,0.795562
8732,988,1,2,9,0,2,0,2,1,0,3,0,13,1,3,67.5,0.60663,4.924416,4.748686,6.115013,0.372948,0.43851
3843,597,3,0,4,1,1,0,2,0,0,2,1,7,0,3,81.5,0.490824,3.903201,5.757246,7.709088,0.328569,0.504385
6891,1007,2,2,5,1,6,0,0,1,0,3,1,11,1,4,70.0,0.725254,4.933972,4.805324,12.848485,0.370968,0.475727
8359,1270,4,5,15,2,9,3,7,1,2,6,2,34,3,8,14.0,0.056362,1.794473,4.201766,1.60892,0.175277,0.166084
8780,695,1,0,2,0,2,0,3,0,0,0,2,7,0,2,83.0,0.757515,4.783599,5.455807,55.542643,0.721293,0.678235
14273,1839,4,2,11,2,9,1,1,2,1,8,0,22,3,8,38.0,0.619067,3.993554,5.265311,37.290804,0.49115,0.55609
5289,592,1,3,5,0,5,2,2,0,1,2,1,14,1,3,65.5,0.814362,7.184723,6.582505,162.094225,0.902675,0.71263
13239,1012,1,0,7,1,2,0,0,0,0,1,1,9,0,2,79.0,0.995226,7.251303,7.76813,374.230753,0.743619,0.787643
8382,690,0,0,8,1,2,4,2,2,0,4,1,16,2,5,56.5,0.796736,6.084467,5.040142,30.834411,0.02609,0.571731
11818,738,0,0,8,1,2,0,0,1,0,1,0,10,1,1,76.5,0.865563,7.784735,5.789469,102.338389,0.869783,0.681185
4579,316,0,1,3,0,4,1,0,0,0,0,0,8,0,0,84.0,0.975055,6.770037,6.360804,25.747914,0.893231,0.698015
4041,406,1,3,3,0,3,2,2,1,0,1,1,10,1,2,75.0,0.073889,2.227171,4.2278,4.369782,0.222904,0.225644
6977,670,2,1,0,1,3,0,0,0,0,1,0,3,0,1,92.5,0.822564,5.733123,6.923015,10.966933,0.601461,0.708019
15000,1558,3,2,10,3,11,1,1,3,3,5,0,23,6,5,34.5,0.611838,5.533333,3.820848,39.899558,0.077181,0.482868
3667,393,2,1,4,1,3,3,1,2,0,4,0,11,2,4,68.0,0.721342,5.726752,5.05056,13.894187,0.906707,0.486767
4156,554,0,1,4,1,1,1,1,0,0,0,1,7,0,1,84.5,0.333873,3.128008,3.441077,5.321434,0.554019,0.300303
1565,300,0,0,1,0,2,0,0,2,0,1,0,3,2,1,88.5,0.0,0.638978,5.677513,0.002094,0.035074,0.253281
10760,1399,1,4,2,1,6,0,2,2,3,1,0,10,5,1,68.5,0.308458,2.788104,4.60812,15.025952,0.572831,0.373695
3050,405,2,1,3,0,4,0,0,1,0,2,1,7,1,3,79.5,0.719002,6.229508,5.429349,34.342914,0.642751,0.547988
4720,442,1,2,1,0,4,0,0,0,0,3,0,5,0,3,85.5,0.400197,2.542373,4.818039,21.356641,0.888373,0.497557
10461,1117,0,0,8,2,1,0,1,2,0,2,2,10,2,4,70.0,0.610605,5.353217,4.221989,29.853239,0.571856,0.570852
18000,1125,1,0,5,1,4,0,2,2,0,0,1,11,2,1,72.5,0.751544,5.5,6.024783,37.207403,0.870981,0.670808
14000,1734,5,4,30,0,20,4,3,1,1,12,1,57,2,13,0.0,0.83798,7.0,6.38436,197.859006,0.803772,0.65439
9823,1211,3,5,10,3,7,1,3,0,4,7,2,21,4,9,36.5,0.734664,5.497302,4.6247,22.791006,0.133826,0.454891
7092,1005,1,1,14,1,14,1,3,0,1,4,1,32,1,5,26.5,0.802676,9.870276,6.102499,54.047375,0.752849,0.696833
2600,300,0,1,1,0,2,0,1,0,0,1,0,4,0,1,90.5,0.492556,4.230769,3.722121,0.357171,0.293032,0.426082
11072,1098,2,3,14,1,7,1,7,0,1,1,0,29,1,1,38.5,0.405658,4.606214,4.262039,14.166397,0.935008,0.442933
5672,397,0,1,3,0,0,0,1,0,0,2,0,4,0,2,89.0,0.983893,10.049365,6.861022,64.236415,0.81131,0.866972
2600,368,0,0,5,0,2,0,0,0,1,1,0,7,1,1,82.5,0.472303,5.0,4.304621,24.340926,0.514911,0.518909
3200,300,3,0,0,0,0,0,0,0,1,0,0,0,1,0,98.0,0.456733,5.9375,3.788662,6.212114,0.381579,0.457465
3447,452,1,0,6,0,6,0,2,0,0,3,0,14,0,3,67.5,0.006742,2.610966,3.426322,0.18408,0.693603,0.217135
8780,583,0,0,0,0,0,1,0,0,1,0,0,1,1,0,96.0,0.949315,9.681093,6.412075,357.666571,0.721475,0.865907
15000,1770,3,0,9,1,5,1,3,2,3,8,0,18,5,8,42.0,0.538906,4.6,4.618677,26.781501,0.176591,0.413021
10969,1655,9,2,15,4,7,1,4,3,1,5,0,27,4,5,30.5,0.205937,3.099644,3.166078,7.695187,0.372648,0.241558
12586,1308,5,2,3,1,6,0,1,2,0,3,1,10,2,4,70.0,0.602148,4.369935,5.109871,16.200338,0.414222,0.406899
16500,1831,1,1,14,4,7,1,1,0,2,2,1,23,2,3,45.5,0.740771,4.787879,4.884931,279.178321,0.683791,0.538508
6199,449,3,1,2,0,1,0,0,0,0,0,0,3,0,0,94.0,0.905298,5.646072,7.051003,19.166925,0.733113,0.722505
3977,306,2,1,7,0,5,0,1,0,1,2,1,13,1,3,67.5,0.178676,3.01735,3.68783,5.047713,0.813323,0.267655
2153,394,1,2,0,1,2,0,0,0,0,0,1,2,0,1,94.5,0.053004,2.322341,3.083342,0.000547,0.570622,0.243863
9479,1686,1,1,13,0,14,1,6,2,0,6,1,34,2,7,17.5,0.119444,2.004431,2.5534,4.808818,0.348707,0.197772
6390,399,1,0,4,0,1,0,0,1,0,1,0,5,1,1,86.5,0.997046,5.790297,6.994717,193.057296,0.981393,0.702144
14748,1904,6,3,11,1,5,2,5,2,0,7,3,23,2,10,35.0,0.245504,2.780038,3.583959,14.474482,0.398846,0.418768
2642,412,0,0,4,1,1,2,1,0,0,2,0,8,0,2,81.0,0.138688,2.649508,3.38704,2.062552,0.608788,0.286954
2600,300,0,1,1,0,1,0,2,0,1,1,0,4,1,1,88.5,0.772477,5.769231,5.922001,26.399948,0.61817,0.649518
3703,437,2,1,0,0,1,0,0,0,0,2,0,1,0,2,95.0,0.424883,3.780718,4.152488,8.190554,0.499805,0.491393
10295,1647,2,1,6,5,8,0,3,2,2,5,1,17,4,6,49.0,0.038242,1.06848,3.285404,0.36412,0.313312,0.162346
11396,789,0,1,4,4,0,0,0,2,0,4,1,4,2,5,80.5,0.954805,6.318006,7.159105,110.617867,0.558282,0.738274
7260,1248,1,2,8,1,7,3,2,3,3,6,0,20,6,6,39.0,0.06582,1.101928,3.319256,1.41289,0.460888,0.157542
2683,325,0,0,2,0,1,1,0,0,0,4,0,4,0,4,86.0,0.567723,4.845322,3.898027,16.060051,0.410234,0.447681
10806,1077,2,1,5,3,1,2,5,0,0,3,0,13,0,3,69.5,0.557147,4.441977,4.989569,25.790108,0.366016,0.543301
12339,771,1,0,3,2,3,0,2,1,1,3,1,8,2,4,74.0,0.994321,6.159332,5.769388,43.31113,0.575211,0.749009
10394,652,1,1,5,0,3,0,0,0,1,3,2,8,1,5,74.5,0.885818,6.542236,5.520743,221.769529,0.786575,0.724628
11455,1289,2,2,6,0,3,2,3,0,2,3,0,14,2,3,63.5,0.489083,4.277608,4.38279,27.783624,0.492099,0.405156
2584,300,0,0,2,1,2,0,0,1,0,0,0,4,1,0,90.0,0.074148,1.547988,3.940257,2.347909,0.789548,0.313763
7984,573,3,0,2,1,1,0,2,2,0,4,0,5,2,4,80.0,0.661802,5.761523,5.068625,28.961532,0.125269,0.491774
6791,712,1,3,8,1,2,3,3,1,0,4,1,16,1,5,58.5,0.184214,3.239582,2.105628,2.417999,0.226172,0.184272
9074,790,4,2,6,1,1,2,0,2,1,1,1,9,3,2,73.0,0.675554,5.510249,5.154898,14.791907,0.775358,0.64735
12444,1396,5,2,9,1,8,1,2,1,0,7,1,20,1,8,46.0,0.048816,1.92864,3.283258,6.188183,0.635686,0.269342
10568,1546,2,3,11,0,3,1,2,3,0,11,3,17,3,14,39.0,0.235917,3.595761,3.080008,13.323909,0.537391,0.338299
4080,550,0,0,6,0,3,0,3,2,0,6,0,12,2,6,63.0,0.322769,1.960784,2.816674,0.000407,0.047299,0.232309
5327,1084,3,3,8,2,7,0,3,0,4,4,1,18,4,5,48.5,1.0,9.198423,5.928984,56.674783,0.405103,0.749699
8341,1247,3,2,8,2,7,1,7,5,3,5,2,23,8,7,27.5,0.047798,1.318787,2.978726,0.007552,0.147975,0.174006
14062,1455,3,0,6,2,6,1,2,0,0,0,1,15,0,1,68.5,0.89404,8.178069,5.628975,229.029767,0.265228,0.634944
15000,1795,5,2,16,5,10,3,4,1,2,7,0,33,3,7,17.5,0.711821,5.933333,4.319249,23.471003,0.243515,0.470513
5416,649,1,2,10,2,3,1,3,1,1,7,0,17,2,7,51.5,0.113247,4.246677,4.119645,4.165971,0.684264,0.359161
5970,613,2,1,3,1,6,1,0,2,0,1,1,10,2,2,73.0,0.287146,3.015075,3.453178,5.009672,0.692808,0.402698
10175,804,2,0,7,2,3,2,5,1,1,4,1,17,2,5,54.5,0.53533,4.815725,4.878415,25.221302,0.226407,0.479541
11656,1138,3,2,4,3,8,2,2,2,2,3,2,16,4,5,52.5,0.191485,1.544269,4.697336,12.470904,0.953802,0.438124
4719,441,1,0,8,1,2,1,2,1,1,2,2,13,2,4,64.0,0.16828,1.695274,2.561908,0.02363,0.012745,0.136424
3110,357,1,0,4,0,1,1,1,1,2,3,0,7,3,3,75.5,0.543555,4.823151,4.768744,6.508327,0.098532,0.427741
11000,1340,3,2,18,0,5,4,3,0,3,11,0,30,3,11,17.5,0.112246,3.272727,3.87592,6.750852,0.660413,0.215422
13276,1424,1,1,4,3,6,2,3,1,1,2,1,15,2,3,61.5,0.414485,3.238927,4.198237,15.38277,0.471328,0.407003
6017,493,0,2,2,0,2,0,4,1,0,3,0,8,1,3,77.5,0.669342,4.653482,5.521901,8.578618,0.262079,0.431419
2924,572,1,2,8,3,6,0,0,0,0,0,0,14,0,0,72.0,0.822949,7.181943,6.023405,80.23024,0.381548,0.702955
13006,1797,4,2,8,4,11,2,1,3,2,4,1,22,5,5,38.5,0.535744,5.612794,4.748259,36.00188,0.18516,0.463587
2600,403,0,0,2,0,3,1,1,0,0,0,0,7,0,0,86.0,0.603503,2.692308,4.294034,15.399036,0.252746,0.474694
6340,841,1,1,8,1,10,0,1,3,0,4,1,19,3,5,48.5,0.875316,9.148265,6.331384,230.97339,0.769522,0.726749
3706,665,2,0,7,1,4,0,1,0,1,4,0,12,1,4,68.0,0.101677,1.618996,3.594669,1.866106,0.446856,0.24517
3949,379,0,4,6,1,2,0,1,0,1,0,0,9,1,0,80.0,0.356644,2.785515,2.658012,2.563875,0.239908,0.356921
12274,940,2,1,1,2,4,0,1,0,1,4,1,6,1,5,78.5,0.821239,8.717614,6.898175,147.002719,0.943265,0.807448
9928,1448,3,0,11,1,6,1,3,0,2,6,2,21,2,8,42.0,0.263638,2.820306,3.028627,8.40771,0.377586,0.255009
3870,567,1,2,2,1,9,2,0,3,4,3,1,13,7,4,54.0,0.104069,1.033592,2.282556,0.200019,0.004843,0.167756
15000,2107,1,2,7,0,5,0,5,5,2,9,1,17,7,10,37.0,0.631626,5.2,4.339776,31.897629,0.295352,0.443603
8336,737,1,1,8,1,6,1,2,0,0,0,2,17,0,2,63.0,0.124734,2.639155,3.302455,4.016977,0.806143,0.246223
4500,421,0,0,2,0,0,0,1,0,0,2,0,3,0,2,91.0,0.933029,10.0,5.697094,32.139648,0.57853,0.750464
12893,1569,1,4,12,1,1,2,0,0,1,4,1,15,1,5,60.5,0.811356,6.747848,5.136298,84.264543,0.262912,0.587609
18000,1125,3,2,4,3,6,1,5,2,0,1,1,16,2,2,61.0,0.986407,6.666667,6.422938,568.516107,0.628147,0.699218
4454,519,0,1,3,0,3,3,0,0,1,1,1,9,1,2,77.0,0.776426,6.511001,5.277879,25.374096,0.36471,0.591695
3834,532,1,1,6,1,5,0,0,1,0,1,3,11,1,4,70.0,0.818545,7.824726,3.551032,10.117869,0.238715,0.613235
5812,528,1,1,4,0,2,0,1,1,0,2,0,7,1,2,81.0,0.381769,3.785272,4.248099,19.089542,0.743948,0.449635
4500,300,0,1,3,1,0,1,1,0,0,2,0,5,0,2,87.0,0.977983,9.111111,6.389241,160.948114,0.834828,0.829895
8604,1135,2,3,7,1,5,0,3,1,0,3,0,15,1,3,63.5,0.56504,5.462576,4.48029,22.332103,0.362789,0.523793
11329,1108,2,1,6,1,9,0,0,0,0,2,0,15,0,2,67.0,0.997761,5.914026,5.542222,48.578863,0.501029,0.74743
5303,388,1,0,1,0,0,0,3,0,0,1,1,4,0,2,89.0,0.917879,5.28003,5.337083,30.873993,0.825816,0.667994
10328,1502,1,0,2,1,5,0,2,1,1,4,0,9,2,4,72.0,0.167905,2.033308,3.651247,4.753215,0.36871,0.307741
3987,550,0,0,5,1,0,0,1,0,0,3,0,6,0,3,83.5,0.556386,3.260597,4.76095,7.253341,0.545652,0.400459
4500,301,0,1,3,1,0,0,0,0,0,1,0,3,0,1,92.5,0.832198,10.222222,5.427416,179.393965,0.961695,0.774899
9587,599,0,0,3,0,0,0,1,0,0,2,0,4,0,2,89.0,0.882522,7.301554,5.66516,64.895923,0.617138,0.715438
6631,853,2,1,6,1,0,0,4,0,1,0,0,10,1,0,78.0,0.236707,1.809682,2.883997,0.360555,0.420021,0.244885
9376,910,1,0,3,0,0,0,1,1,0,0,0,4,1,0,90.0,0.698394,7.25256,5.30343,40.153987,0.323578,0.662533
11982,851,0,0,5,0,5,0,1,1,0,1,0,11,1,1,74.5,0.928799,6.927057,6.299167,83.315508,0.516081,0.664502
5363,628,3,1,15,1,4,1,0,2,0,2,0,20,2,2,53.0,1.0,9.136677,6.8688,147.28878,0.775468,0.822578
7039,613,0,2,3,2,5,0,0,0,0,2,0,8,0,2,81.0,0.079507,2.841313,2.469949,4.445996,0.578499,0.354459
6902,783,0,1,1,1,3,1,1,0,0,3,0,6,0,3,83.5,0.921373,6.664735,6.769208,56.93768,0.566,0.752814
3530,458,0,0,5,0,1,0,1,0,2,1,0,7,2,1,80.5,0.057779,1.133144,1.972775,0.00497,0.141946,0.193128
8964,626,2,1,3,0,5,0,3,2,0,5,1,11,2,6,65.0,0.537829,3.79295,5.760648,31.935514,0.882484,0.470029
11179,987,2,1,8,1,8,0,3,0,1,4,0,19,1,4,54.0,0.608486,4.025405,5.171771,18.613997,0.209129,0.42028
6382,1039,3,3,12,3,6,2,3,0,0,7,1,23,0,8,42.0,0.996788,9.558132,7.479716,304.309275,0.99386,0.775911
5343,443,0,1,3,1,1,1,0,0,0,3,1,5,0,4,84.0,0.563156,6.924949,5.6979,11.989553,0.706528,0.555551
2583,403,0,1,9,0,1,0,2,0,1,2,2,12,1,4,68.0,0.140022,3.097174,4.905505,5.797064,0.358874,0.349525
4835,744,1,0,5,0,4,1,1,0,1,3,0,11,1,3,71.5,0.076459,4.136505,2.976058,4.605599,0.423084,0.266823
7018,1335,4,0,15,1,9,2,5,2,0,2,1,31,2,3,29.5,0.93743,8.976917,5.801168,257.191004,0.894765,0.735382
13765,1336,4,3,4,3,11,3,3,1,2,6,0,21,3,6,43.0,0.740909,5.230657,4.442494,44.077101,0.397021,0.418256
7887,644,1,1,7,1,5,0,4,2,0,3,1,16,2,4,58.0,0.5705,5.959173,5.519694,34.752331,0.888902,0.625573
6884,910,1,3,13,5,4,0,3,2,1,7,1,20,3,8,42.0,0.06713,0.871586,2.665728,0.035214,0.064039,0.160208
14428,1053,1,1,2,0,2,0,1,0,0,1,0,5,0,1,88.5,1.0,8.45578,6.467435,540.886013,0.698213,0.824026
6112,699,3,0,7,3,6,2,0,1,0,2,0,15,1,2,65.0,0.105107,1.472513,2.821728,0.618716,0.428231,0.25337
3026,300,0,0,3,0,1,0,1,3,2,0,0,5,5,0,80.0,0.082647,2.643754,3.260648,0.207399,0.208959,0.250627
18000,1125,3,0,5,0,5,0,0,3,0,2,0,10,3,2,71.0,0.910616,8.055556,5.972019,125.632241,0.662995,0.69009
11120,1091,2,1,9,0,4,1,9,1,1,5,0,23,2,5,42.5,0.738894,5.395683,4.408724,14.738886,0.34884,0.418875
10463,806,1,0,6,1,1,1,1,0,0,3,1,9,0,4,76.0,0.855254,5.830068,6.497237,192.489412,0.479032,0.6508
6567,421,0,0,3,1,3,0,2,1,1,2,0,8,2,2,77.0,0.840804,7.004721,5.969715,121.437648,0.764198,0.705314
4682,300,1,2,2,1,0,1,1,1,2,2,0,4,3,2,83.0,0.94143,8.329774,5.854659,88.590421,0.839526,0.783652
6509,807,1,2,7,3,6,1,2,0,0,5,2,16,0,7,57.5,0.47936,4.455369,4.168171,6.72218,0.690094,0.407976
7613,846,3,4,10,2,5,0,4,0,1,7,2,19,1,9,46.5,0.510024,6.567713,4.149326,15.308957,0.389332,0.48686
3457,413,0,0,2,0,3,0,0,0,0,1,0,5,0,1,88.5,0.359205,4.917559,4.549905,4.462429,0.592179,0.534889
3149,421,1,0,5,0,2,0,0,0,0,0,0,7,0,0,86.0,0.57504,6.351223,4.213347,7.504689,0.269954,0.490304
4358,564,0,1,3,1,5,0,0,1,0,3,0,8,1,3,77.5,0.473051,3.900872,3.975499,2.202557,0.242022,0.466276
2800,300,0,2,5,0,5,0,3,1,1,4,0,13,2,4,64.0,0.811572,7.5,5.398445,34.253544,0.866712,0.6525
8523,913,3,1,3,0,3,0,1,0,0,2,1,7,0,3,81.5,0.708776,4.106535,5.057861,20.344414,0.285506,0.561866
5217,440,2,1,4,2,4,1,0,0,0,2,0,9,0,2,79.0,0.575728,4.025302,4.641053,19.785617,0.850544,0.523866
5431,508,1,0,3,0,0,1,3,0,0,1,1,7,0,2,83.0,0.436903,3.498435,4.451066,9.377679,0.694528,0.416271
9524,687,3,2,8,3,3,2,0,3,2,3,2,13,5,5,56.5,0.831571,6.299874,5.183361,35.612653,0.085737,0.591319
10336,769,1,0,3,3,3,2,1,1,1,2,0,9,2,2,75.0,0.619716,4.450464,3.963481,12.695669,0.049852,0.404877
15000,2424,5,3,16,2,11,0,6,2,4,6,1,33,6,7,11.5,0.425215,4.0,4.224552,16.540199,0.500228,0.423098
6305,696,0,0,6,3,1,0,0,1,1,1,0,7,2,1,80.5,0.602635,4.282316,5.234918,16.21818,0.313247,0.470985
11474,1161,6,1,15,3,7,3,2,2,1,4,4,27,3,8,28.0,0.243327,1.568764,2.805491,2.365665,0.225551,0.249559
4987,342,1,1,3,2,1,1,2,1,0,0,0,7,1,0,84.0,0.99331,7.41929,6.73868,150.654021,0.886239,0.885537
5787,386,0,1,3,1,2,1,0,0,0,0,1,6,0,1,86.5,0.981153,13.132884,6.524372,323.788798,0.921699,0.815108
1500,300,0,0,2,1,0,0,1,0,0,0,0,3,0,0,94.0,0.096015,0.666667,4.808186,0.004743,0.593726,0.3028
6739,591,2,1,8,0,7,1,2,1,1,6,0,18,2,6,51.0,0.39886,4.600089,3.320057,6.37567,0.946763,0.472598
3545,748,1,1,8,0,3,0,1,0,2,2,0,12,2,2,69.0,0.027859,4.513399,3.520185,5.528717,0.43905,0.287792
2800,428,1,2,4,1,5,0,2,1,0,0,1,11,1,1,74.5,1.0,12.142857,5.906145,128.196744,0.804875,0.829979
9573,1323,2,2,6,2,6,1,2,2,1,4,4,15,3,8,52.0,0.439614,2.611512,4.307351,9.264342,0.384276,0.402787
7049,726,1,1,10,2,8,0,2,1,5,3,0,20,6,3,43.5,0.098686,1.560505,2.744138,1.185817,0.501918,0.247495
2015,300,0,1,3,1,3,1,1,0,0,0,0,8,0,0,84.0,0.067636,1.985112,2.597379,0.197217,0.452244,0.215651
8305,1048,3,2,9,4,5,0,2,0,1,2,3,16,1,5,58.5,0.098684,2.649007,3.605918,2.776457,0.494319,0.272509
3837,376,1,0,4,0,1,0,0,0,0,0,0,5,0,0,90.0,0.946879,6.254887,4.39056,16.425175,0.267236,0.644893
4491,618,3,2,12,1,12,1,3,0,0,3,2,28,0,5,36.5,0.787059,7.793365,6.090856,144.112557,0.910125,0.698694
4818,531,0,0,4,0,0,0,0,0,0,0,0,4,0,0,92.0,0.974884,6.22665,5.666116,17.878716,0.298409,0.662045
8500,1227,4,2,10,2,9,1,6,2,0,4,0,26,2,4,38.0,0.350681,2.0,4.259228,4.419119,0.616959,0.404246
2764,322,0,1,1,0,2,1,1,0,0,0,0,5,0,0,90.0,0.095519,2.170767,3.437536,2.379706,0.732517,0.343811
17875,1398,0,3,9,0,4,0,3,0,1,2,0,16,1,2,63.0,0.896116,9.174825,6.318977,695.979886,0.817268,0.752868
7833,1085,2,2,6,1,5,0,1,2,0,1,0,12,2,1,70.5,0.060749,1.02132,2.035596,0.11813,0.244977,0.153198
6813,863,3,1,5,3,3,0,5,1,2,3,1,13,3,4,62.0,0.183668,2.348451,4.282566,4.862826,0.636854,0.392702
10315,1339,2,2,15,2,9,2,1,2,0,4,0,27,2,4,36.0,0.574623,4.84731,4.637524,40.150767,0.493417,0.479427
2800,349,2,0,4,0,6,2,1,0,0,2,0,13,0,2,71.0,0.734505,6.785714,5.749933,15.824832,0.808175,0.681543
2545,470,1,0,1,1,1,0,0,0,0,1,0,2,0,1,94.5,0.21424,2.357564,2.486694,2.652742,0.379682,0.304501
9768,967,0,0,2,0,0,1,0,0,0,1,0,3,0,1,92.5,0.777103,6.961507,5.596308,60.726936,0.264643,0.747469
11669,958,1,2,3,1,5,1,4,0,1,2,1,13,1,3,67.5,0.780656,5.39892,5.86337,41.219366,0.648312,0.670554
2212,300,0,1,6,1,2,0,1,1,1,0,1,9,2,1,76.5,0.154686,2.260398,3.087032,0.532257,0.749129,0.350601
12202,812,2,0,6,3,0,2,0,0,0,2,1,8,0,3,79.5,0.936333,6.146533,7.087366,145.161213,0.84975,0.701056
15000,2077,3,1,15,1,9,4,2,2,3,5,0,30,5,5,22.5,0.624255,4.4,4.517904,55.986582,0.263482,0.405346
10090,1380,3,1,9,4,4,0,2,2,0,7,1,15,2,8,54.0,0.170071,2.279485,2.9696,1.660647,0.343133,0.258062
7356,880,2,0,7,1,7,0,2,1,0,5,2,16,1,7,55.5,0.69056,6.253399,5.018908,28.918135,0.62371,0.633487
14175,1857,5,2,13,6,6,4,2,3,1,2,2,25,4,4,36.0,0.691963,4.444444,4.982531,210.475299,0.402664,0.437876
8649,747,2,0,7,0,4,0,0,1,0,1,0,11,1,1,74.5,0.947554,4.277951,5.940505,55.104087,0.428977,0.655575
5792,500,1,1,2,1,2,0,2,2,1,2,0,6,3,2,79.0,0.136303,2.589779,2.79567,3.677033,0.743602,0.363121
13000,1518,4,3,10,7,12,3,3,0,1,1,0,28,1,1,40.5,0.099354,3.307692,2.901159,9.983631,0.467646,0.275038
5607,502,1,0,0,0,2,0,2,0,0,1,0,4,0,1,90.5,0.907758,5.8855,6.507727,34.532068,0.439167,0.696496
6754,612,0,1,4,2,2,1,0,0,0,3,0,7,0,3,81.5,0.583923,4.441812,4.779549,9.129819,0.360603,0.462392
3200,300,2,0,0,1,3,0,0,0,0,1,0,3,0,1,92.5,0.429378,2.1875,3.988776,3.249272,0.31574,0.4186
5684,633,1,1,1,1,2,0,0,0,0,1,1,3,0,2,91.0,0.422646,4.398311,3.968106,5.937449,0.261968,0.47706
18000,1189,0,1,8,2,4,1,3,0,0,5,0,16,0,5,60.5,0.973153,6.833333,6.336075,542.667364,0.8103,0.750528
6406,714,1,1,7,0,6,1,2,0,4,1,1,16,4,2,57.0,0.343497,3.43428,2.764828,6.087936,0.074316,0.245037
10633,1567,4,1,9,1,5,2,2,2,0,8,3,18,2,11,43.5,0.768588,4.420201,4.086903,44.651443,0.263809,0.551641
5356,723,2,1,5,0,5,0,1,1,2,2,2,11,3,4,66.0,0.435739,4.294249,3.826762,3.981772,0.417613,0.380555
5074,654,2,0,4,0,3,0,3,0,1,1,0,10,1,1,76.5,0.887104,8.474576,5.976787,44.251621,0.577772,0.646654
6904,852,0,0,4,3,4,0,0,0,2,2,1,8,2,3,75.5,0.592959,4.924681,4.326759,6.932564,0.200223,0.497892
6957,1104,2,0,10,3,6,1,1,0,1,7,1,18,1,8,50.0,0.046862,1.006181,2.633299,0.495316,0.087481,0.183032
8465,792,1,1,7,1,2,0,3,2,0,1,0,12,2,1,70.5,0.603142,5.316007,4.057389,20.250532,0.197284,0.558718
8574,888,2,2,12,2,5,1,1,1,0,4,0,19,1,4,54.0,0.193228,2.79916,3.053304,10.723586,0.725903,0.303648
6815,425,2,0,2,1,3,0,1,0,0,1,0,6,0,1,86.5,0.703713,5.869406,5.295753,140.369103,0.94066,0.681405
9755,1058,2,0,1,0,1,0,0,0,1,0,0,2,1,0,94.0,0.74166,6.150692,4.804092,47.013576,0.273441,0.663075
7620,768,0,2,5,2,0,1,1,0,0,1,0,7,0,1,84.5,0.370664,2.755906,4.157835,4.664814,0.342145,0.40375
16500,1761,4,1,16,4,9,1,1,1,1,6,2,27,2,8,30.0,0.553534,4.242424,5.779214,21.772044,0.705481,0.584532
6261,719,0,0,10,1,15,0,1,0,0,4,2,26,0,6,39.0,0.927161,7.666507,5.554594,147.667363,0.995567,0.715278
3499,352,0,0,8,1,4,0,1,2,0,4,0,13,2,4,64.0,0.142014,3.429551,3.009228,1.097178,0.142679,0.251178
7821,992,1,1,5,1,4,0,0,0,0,2,1,9,0,3,77.5,0.58146,4.730853,5.398792,13.801926,0.347129,0.529646
12459,778,1,2,4,2,1,0,2,0,0,1,0,7,0,1,84.5,1.0,9.310539,7.341101,533.298949,0.818092,0.825819
9650,1397,4,1,9,1,7,0,2,1,4,5,1,18,5,6,45.0,0.797392,4.663212,4.596234,42.083685,0.597598,0.495988
2241,300,0,0,4,0,3,2,0,0,0,0,0,9,0,0,82.0,0.120559,2.231147,2.532637,1.350924,0.668029,0.272787
10205,637,1,2,4,1,2,0,2,0,1,0,0,8,1,0,82.0,0.892312,8.32925,5.871638,284.840884,0.658681,0.714225
11246,906,3,2,7,1,2,2,2,0,2,5,0,13,2,5,62.5,0.72468,7.02472,4.862893,59.209746,0.708263,0.521718
5765,751,2,3,6,1,2,2,4,1,0,2,0,14,1,2,67.0,0.070669,2.601908,2.679318,4.203226,0.636172,0.283787
8225,761,0,2,7,0,4,0,1,0,0,1,0,12,0,1,74.5,0.564586,4.863222,5.229424,33.279678,0.93199,0.575298
5765,795,1,1,5,0,5,3,3,2,0,5,0,16,2,5,56.5,0.596108,5.897658,5.849977,21.157178,0.502367,0.594245
5903,770,1,3,9,0,5,0,1,1,0,3,0,15,1,3,63.5,0.460652,3.388108,4.325554,15.958502,0.423182,0.418797
8249,1024,0,5,8,4,10,3,1,1,0,7,2,22,1,9,40.5,0.216043,1.212268,3.754334,0.05449,0.107366,0.128161
3210,324,1,0,6,2,4,0,2,1,3,2,0,12,4,2,65.0,0.166055,2.180685,1.607245,3.490459,0.024578,0.157574
8137,616,0,0,5,1,3,0,3,0,0,2,0,11,0,2,75.0,0.832022,6.882143,7.018357,133.793716,0.810319,0.676419
18000,1125,4,2,10,0,9,2,6,0,2,4,1,27,2,5,34.5,1.0,7.444444,7.181803,620.560129,0.876694,0.703611
2623,365,1,0,2,2,1,0,3,0,0,0,0,6,0,0,88.0,0.026703,2.287457,2.569048,0.687409,0.335191,0.229137
15000,1424,4,2,13,3,6,3,3,0,3,10,2,25,3,12,26.0,0.294262,4.733333,4.484891,43.037351,0.91152,0.429228
9130,1369,2,2,10,3,9,0,0,1,3,1,0,19,4,1,52.5,0.145241,5.58598,2.596746,4.675063,0.253071,0.283503
12467,1230,2,4,8,4,7,1,4,1,0,2,1,20,1,3,53.5,0.480087,2.245929,4.038502,6.741914,0.301887,0.406449
1953,305,1,0,2,0,1,0,0,0,0,2,1,3,0,3,89.5,0.07052,4.096262,3.076981,1.842359,0.440553,0.314787
18000,2037,1,2,5,2,3,0,1,0,0,1,0,9,0,1,80.5,0.581053,5.388889,5.312072,32.861501,0.519393,0.692125
4738,457,1,0,4,1,4,2,2,3,3,3,1,12,6,4,58.0,0.054814,1.477417,3.046831,0.094799,0.822534,0.295058
4185,358,0,0,8,0,1,0,3,0,0,3,1,12,0,4,70.0,0.314759,4.540024,4.97974,5.990419,0.918099,0.411967
10011,1007,4,2,12,1,6,2,0,1,1,2,0,20,2,2,53.0,0.494211,5.094396,4.868462,29.90232,0.995252,0.584409
1500,300,1,0,1,0,4,0,1,0,0,3,1,6,0,4,82.0,0.205102,1.333333,2.580913,0.065979,0.545949,0.274503
5302,622,1,0,11,1,3,2,0,0,0,0,0,16,0,0,68.0,0.07368,2.074689,4.273873,8.045453,0.568415,0.22369
7679,694,2,0,4,0,2,1,1,0,0,0,0,8,0,0,84.0,0.689991,3.516083,5.833512,36.012506,0.641125,0.65348
2322,301,0,1,1,0,0,0,2,0,0,1,0,3,0,1,92.5,0.060709,3.014643,3.20081,0.043991,0.507348,0.272868
9651,871,1,0,4,2,1,0,1,0,0,3,0,6,0,3,83.5,1.0,10.154388,7.524667,77.801679,0.625096,0.839718
6467,635,2,0,5,0,2,0,0,1,1,2,2,7,2,4,76.0,0.613998,3.711149,3.896349,10.403325,0.193172,0.49497
2742,300,3,0,3,0,3,0,1,2,0,1,0,7,2,1,80.5,0.160059,3.282276,4.711328,0.054815,0.679863,0.315166
11920,1595,6,5,23,0,19,4,7,1,0,8,4,53,1,12,0.0,0.838581,6.963087,5.65041,89.280094,0.887418,0.679441
18000,1155,2,2,14,0,4,3,3,2,3,1,0,24,5,1,40.5,1.0,8.111111,6.896018,251.841559,0.803408,0.817269
4514,305,0,1,4,2,1,0,0,0,0,0,1,5,0,1,88.5,0.872696,10.190518,7.378562,28.139037,0.998927,0.718565
9806,612,2,1,5,0,1,1,1,1,0,2,0,8,1,2,79.0,0.863435,6.32266,5.974726,232.752736,0.986072,0.707679
5800,842,1,4,9,2,2,1,2,3,0,3,0,14,3,3,61.5,0.583799,2.758621,4.725266,3.949772,0.357049,0.435797
7434,754,3,1,21,1,15,0,3,0,0,8,2,39,0,10,7.0,0.859882,9.954264,5.834865,315.192457,0.818701,0.671249
6919,581,2,1,4,1,4,0,2,0,1,1,0,10,1,1,76.5,0.114835,2.023414,3.235783,3.698069,0.72658,0.30083
4262,401,0,0,3,2,5,0,1,0,3,2,1,9,3,3,71.5,0.480249,6.100422,5.215962,11.244737,0.997354,0.489191
11000,1281,4,2,15,2,7,2,5,1,3,1,1,29,4,2,31.0,0.345392,1.727273,3.623516,6.498734,0.147565,0.257706
12131,1108,4,2,9,1,6,0,4,1,0,2,0,19,1,2,57.0,0.788837,7.583876,5.561053,44.785145,0.753086,0.649977
16500,1431,4,2,5,0,2,0,10,0,0,5,3,17,0,8,54.0,0.65665,4.242424,3.859562,20.495825,0.035566,0.513416
3592,646,4,0,3,2,9,1,3,0,0,2,0,16,0,2,65.0,0.08025,4.175947,3.5285,0.098491,0.320381,0.266484
17243,1179,6,2,5,4,2,1,3,0,0,4,1,11,0,5,70.5,0.739438,6.611379,5.277416,360.625189,0.786469,0.704039
17207,1276,1,1,4,1,4,1,5,0,2,0,2,14,2,2,65.0,1.0,7.20637,6.083072,80.934234,0.746187,0.759379
7790,885,2,1,4,0,11,1,3,1,2,0,1,19,3,1,54.5,0.493408,4.749679,4.151547,15.993363,0.096413,0.414604
13769,1416,2,2,17,6,16,3,6,2,4,7,1,42,6,8,0.0,0.807548,5.447019,4.670906,30.736271,0.23642,0.462113
6962,586,1,1,1,1,2,0,4,1,0,4,1,7,1,5,76.5,0.416832,4.021833,5.889153,25.106961,0.947796,0.45871
9592,870,3,1,8,3,5,0,1,2,0,2,0,14,2,2,65.0,0.645121,6.984987,4.799347,29.782862,0.654413,0.655746
8024,979,3,2,18,2,9,1,5,0,0,2,2,33,0,4,28.0,0.962409,8.225324,6.18365,255.643264,0.567291,0.651921
5390,702,1,1,4,3,1,0,0,0,0,2,0,5,0,2,87.0,0.035758,2.226345,2.601887,0.916657,0.490477,0.321173
8023,967,1,2,13,1,4,0,6,1,0,5,1,23,1,6,43.0,0.145916,2.617475,3.747561,0.471839,0.576731,0.272967
15000,1811,5,3,9,3,6,2,2,0,1,9,1,19,1,10,45.0,0.407843,4.466667,4.872153,22.98417,0.571921,0.425849
14398,899,2,1,8,0,2,0,2,0,0,0,0,12,0,0,76.0,0.990397,8.056675,6.797154,191.785943,0.966075,0.782248
2600,320,0,0,2,0,0,0,0,2,0,1,0,2,2,1,90.5,0.420119,5.384615,3.546198,16.790138,0.274775,0.461155
13678,854,0,1,3,0,3,0,3,0,0,0,0,9,0,0,82.0,0.869751,8.115222,6.299187,451.433983,0.920355,0.742377
12227,1073,3,2,3,0,8,1,1,2,1,3,2,13,3,5,60.5,0.448239,3.516807,3.676997,15.346163,0.274193,0.428992
7305,456,1,0,4,1,3,1,0,0,0,3,0,8,0,3,79.5,0.893989,8.487337,6.79218,285.664792,0.811568,0.715997
4843,577,0,0,3,0,4,0,2,0,0,2,0,9,0,2,79.0,0.789393,6.607475,5.917235,81.203511,0.347132,0.641908
7598,1097,1,2,7,2,4,1,2,1,2,2,2,14,3,4,60.0,0.680632,4.738089,4.267916,14.997009,0.294544,0.425096
5021,587,0,0,4,3,1,0,2,1,0,2,0,7,1,2,81.0,0.550654,4.381597,5.419864,13.218762,0.359389,0.611517
6174,617,0,1,6,0,2,2,0,2,0,1,0,10,2,1,74.5,0.656662,5.506965,5.475706,25.083622,0.180142,0.56371
10018,781,0,2,8,1,4,0,3,0,0,2,3,15,0,5,62.5,0.193867,1.796766,4.430426,13.839384,0.850918,0.480351
18000,1446,4,2,7,0,2,2,0,6,2,2,0,11,8,2,59.0,0.991491,8.833333,5.204087,143.85611,0.383566,0.673937
6571,845,2,1,3,1,9,1,1,1,2,3,0,14,3,3,61.5,0.410804,3.95678,3.138121,11.545104,0.340907,0.414791
6756,608,3,1,9,3,2,1,1,1,0,5,0,13,1,5,64.5,0.609656,3.996448,4.616431,23.885799,0.293782,0.441036
6300,912,0,1,5,2,8,1,0,0,1,3,0,14,1,3,65.5,0.616704,6.349206,4.826309,15.273054,0.371548,0.41665
8362,522,0,0,1,0,2,0,1,1,0,3,0,4,1,3,85.5,1.0,6.457785,6.732554,122.447553,0.683343,0.757886
13383,998,1,2,6,3,6,1,0,0,0,4,1,13,0,5,66.5,0.978304,8.219383,6.007267,91.301562,0.770206,0.790579
6525,411,2,0,4,1,2,1,0,0,0,3,0,7,0,3,81.5,0.71323,6.283525,5.503145,50.351258,0.699202,0.665251
3826,524,2,0,1,2,5,0,1,0,1,2,1,7,1,3,79.5,0.121937,2.352326,3.430335,12.551441,0.398483,0.302663
18000,1125,1,2,4,0,4,0,1,0,2,1,1,9,2,2,75.0,0.810636,5.222222,5.760559,187.107747,0.993259,0.74138
9169,843,2,0,4,1,5,0,2,0,1,3,2,11,1,5,68.5,0.392141,7.416294,4.112572,38.625192,0.707953,0.579472
6996,893,3,0,18,0,10,2,1,0,0,5,0,31,0,5,30.5,0.914438,11.149228,6.396208,354.02598,0.830802,0.787458
17296,1081,1,1,7,1,5,0,3,0,1,1,0,15,1,1,66.5,0.878915,9.192877,5.42094,228.838301,0.922948,0.754358
8459,1083,2,0,4,0,6,0,2,1,1,3,2,12,2,5,64.5,0.140046,3.191867,3.043851,2.235954,0.305551,0.299078
18000,1482,0,3,6,1,2,0,4,0,0,1,1,12,0,2,73.0,0.923416,5.944444,6.355894,72.053194,0.621815,0.713989
4910,601,2,4,7,0,5,2,1,0,1,3,1,15,1,4,62.0,0.95477,6.924644,6.752715,81.078775,0.719478,0.702318
2200,300,0,0,3,2,1,0,2,0,0,0,0,6,0,0,88.0,0.073406,0.909091,4.813513,0.011406,0.091178,0.312461
15061,1018,2,1,9,4,8,0,3,0,0,1,0,20,0,1,58.5,0.899874,6.772459,6.716427,223.694211,0.82869,0.733923
11000,1711,3,1,8,4,18,2,2,3,1,9,3,30,4,12,14.0,0.25012,1.272727,4.160836,1.119387,0.056057,0.140314
3293,590,0,1,9,1,4,0,2,1,1,3,0,15,2,3,61.5,0.005773,1.518372,3.584133,1.493067,0.448369,0.206514
18000,2029,1,0,6,1,2,1,2,2,0,0,0,11,2,0,74.0,0.828152,6.333333,5.253598,201.33255,0.539967,0.734787
15442,1160,2,1,13,2,9,1,2,2,1,2,1,25,3,3,39.5,0.565727,4.59785,4.495213,35.812645,0.847765,0.572731
2964,354,1,1,7,2,5,0,1,1,0,1,0,13,1,1,70.5,0.776861,5.735493,5.034835,16.042216,0.97248,0.676703
7596,948,0,2,6,3,1,0,1,1,1,2,0,8,2,2,77.0,0.070015,3.422854,2.552946,4.751834,0.391021,0.227228
11000,1602,3,2,15,5,6,2,2,2,0,1,0,25,2,1,44.5,0.114444,2.636364,3.605805,10.741383,0.393365,0.258777
6993,472,0,0,3,1,2,0,3,1,0,3,0,8,1,3,77.5,0.739806,6.149006,6.401046,70.201659,0.873988,0.705469
8226,895,2,3,8,0,4,0,4,0,1,3,1,16,1,4,60.0,0.192615,4.741065,4.4766,36.319316,0.964587,0.409621
6202,387,1,0,4,0,1,0,0,0,0,0,0,5,0,0,90.0,0.948751,6.772009,6.371424,58.373958,0.855158,0.767837
6502,732,0,0,3,0,3,1,0,2,0,3,0,7,2,3,77.5,0.50521,3.383574,4.857775,26.982883,0.638433,0.449914
16500,1499,1,4,12,2,10,0,3,0,1,6,2,25,1,8,36.0,0.636835,5.515152,5.02692,29.594863,0.202031,0.504428
15211,1598,1,2,2,0,3,0,1,0,0,3,2,6,0,5,80.5,1.0,5.653803,5.792163,106.871026,0.556683,0.705114
12274,1285,5,0,5,0,6,0,2,2,2,3,2,13,4,5,58.5,0.585919,4.888382,4.991616,36.535931,0.558343,0.556595
15000,1745,5,2,9,1,13,0,3,2,0,8,3,25,2,11,29.5,0.601296,3.0,3.870227,12.520782,0.178899,0.417998
3276,392,0,0,4,2,0,0,1,2,0,2,0,5,2,2,83.0,0.700418,3.663004,4.577132,8.408677,0.262916,0.410641
2200,300,1,1,3,0,2,0,0,0,0,0,0,5,0,0,90.0,0.041681,3.181818,3.205871,4.989274,0.574392,0.3296
5721,399,2,0,1,1,2,0,1,0,1,0,0,4,1,0,90.0,0.627769,6.467401,5.107828,13.527008,0.148586,0.640237
16500,1704,3,6,13,1,5,0,4,1,2,10,0,22,3,10,35.0,0.376201,4.363636,4.625663,25.472669,0.683619,0.46091
6484,605,2,1,4,2,3,0,3,1,1,5,0,10,2,5,68.5,0.503679,3.547193,5.084794,69.362786,0.667934,0.463704
9281,631,0,1,4,2,1,0,0,2,0,1,0,5,2,1,84.5,0.504021,4.848615,5.483777,38.403901,0.767197,0.578558
4035,379,0,0,4,0,4,0,2,0,1,0,0,10,1,0,78.0,0.416068,3.965304,3.638715,15.792514,0.668755,0.462945
13000,1103,2,1,9,2,3,1,5,1,2,6,0,18,3,6,49.0,0.055922,1.923077,2.944929,10.828339,0.072309,0.267757
8716,899,1,1,3,1,1,1,1,0,0,1,0,6,0,1,86.5,0.903498,8.26067,5.771572,59.128563,0.562862,0.734871
11147,1169,1,3,13,1,6,2,8,1,3,5,1,29,4,6,25.0,0.014352,1.704494,3.062822,1.264407,0.420737,0.16982
14707,1725,2,1,13,2,9,1,2,2,0,8,0,25,2,8,34.0,0.725619,5.031618,4.631417,41.827909,0.34291,0.491312
4793,300,2,0,2,1,1,0,0,1,0,0,1,3,1,1,90.5,0.839975,7.719591,5.389023,57.704103,0.707513,0.718279
3805,442,2,0,5,2,0,0,1,1,0,0,0,6,1,0,86.0,0.17475,2.628121,2.913652,0.043417,0.338635,0.198109
3121,480,0,0,1,1,2,0,1,1,0,2,0,4,1,2,87.0,0.471508,4.165332,4.805212,4.752982,0.276843,0.446223
4500,475,2,1,3,1,2,0,2,0,0,1,0,7,0,1,84.5,0.700337,6.888889,5.397006,29.98656,0.324104,0.669896
7303,630,0,1,9,2,3,0,3,1,0,0,1,15,1,1,66.5,0.597175,4.792551,4.355678,25.917859,0.065897,0.531658
5293,665,0,2,6,1,4,0,3,2,0,2,1,13,2,3,65.5,0.195732,4.534291,2.531749,10.232398,0.765104,0.393415
6432,426,2,1,1,0,3,0,1,0,0,0,1,5,0,1,88.5,0.851101,7.462687,4.836109,92.177445,0.572138,0.736221
12160,760,4,0,2,0,5,0,2,0,0,1,0,9,0,1,80.5,0.975528,8.799342,7.830134,559.607747,0.804265,0.892166
3336,360,0,1,0,0,4,0,0,0,0,0,1,4,0,1,90.5,0.21925,5.395683,4.325388,18.080613,0.982591,0.512082
8471,1073,2,3,9,0,9,1,1,0,1,1,0,20,1,1,56.5,0.557662,3.541495,5.289034,23.105095,0.694964,0.508956
3200,368,1,0,3,0,6,0,0,0,0,0,1,9,0,1,80.5,0.71274,4.6875,5.061287,1.266408,0.207591,0.473147
4038,331,1,1,4,0,3,1,1,0,1,0,0,9,1,0,80.0,0.406334,5.448242,4.567223,10.395286,0.922465,0.464652
14571,942,1,0,7,3,6,0,0,1,0,3,0,13,1,3,67.5,0.782316,8.784572,5.601494,319.349665,0.727684,0.674251
2600,300,0,0,2,0,2,1,1,1,0,0,1,6,1,1,84.5,0.52465,3.846154,4.670795,6.193657,0.360606,0.471797
11022,688,2,0,3,0,2,0,2,0,0,3,0,7,0,3,81.5,0.98132,8.619125,5.243602,264.874036,0.60251,0.680588
9539,1093,3,2,9,0,4,0,3,2,1,3,0,16,3,3,57.5,0.185455,1.677325,3.768171,2.802563,0.711381,0.278797
11888,1254,2,0,11,1,7,1,4,1,1,9,2,23,2,11,33.5,0.399208,3.953567,3.871075,8.539312,0.163376,0.409071
13997,874,1,1,9,1,3,0,1,0,0,2,1,13,0,3,69.5,1.0,7.072944,5.822002,346.587643,0.802254,0.764127
2995,441,0,1,7,1,0,1,0,1,1,1,0,8,2,1,78.5,0.668144,5.676127,3.99758,5.353924,0.311751,0.465465
5288,744,2,0,6,0,3,0,1,0,1,2,1,10,1,3,73.5,0.134536,2.836611,3.288437,0.08502,0.378351,0.254203
7279,744,1,1,9,2,5,2,3,0,0,1,0,19,0,1,60.5,0.494249,6.456931,4.54476,20.738317,0.652547,0.520011
11000,1406,5,3,15,3,10,2,6,0,1,4,0,33,1,4,26.0,0.419499,3.0,3.296617,7.843719,0.012529,0.294954
2769,352,1,0,4,2,3,0,1,0,3,3,0,8,3,3,73.5,0.234419,5.055977,2.989697,1.725343,0.107701,0.348042
11950,1074,2,0,7,0,2,0,2,1,2,2,2,11,3,4,66.0,0.433782,3.096234,4.935157,20.870231,0.672048,0.490783
6815,783,4,1,6,2,3,1,1,1,0,3,0,11,1,3,71.5,0.458238,4.84226,4.900471,6.120682,0.276109,0.447638
6854,1029,3,3,4,1,2,1,4,2,3,4,1,11,5,5,60.5,0.269734,3.501605,3.047074,9.49425,0.367214,0.273441
5578,651,2,1,13,1,11,0,2,0,0,4,1,26,0,5,40.5,0.908543,8.425959,6.263811,73.32374,0.787965,0.77999
6269,956,1,0,21,1,6,1,0,0,0,4,1,28,0,5,36.5,0.85544,8.932844,6.154663,198.806369,0.754549,0.781365
4011,513,0,1,9,1,2,0,1,3,0,2,1,12,3,3,65.5,0.046443,2.493144,3.210046,2.884055,0.250698,0.267497
4686,538,0,2,0,1,2,0,1,0,0,0,0,3,0,0,94.0,1.0,7.042254,5.573136,25.640317,0.253429,0.775371
8373,757,1,1,12,1,3,2,4,2,2,6,0,21,4,6,41.0,0.704153,5.852144,5.592526,66.530822,0.888233,0.541891
8457,733,0,2,3,1,3,0,3,1,1,1,0,9,2,1,76.5,0.986266,6.739979,6.283755,99.167022,0.665757,0.702512
7635,1352,4,1,5,2,5,0,1,1,2,6,1,11,3,7,61.5,0.153593,1.571709,2.856531,0.482513,0.202295,0.265868
7902,1205,4,2,21,0,16,3,5,2,0,7,0,45,2,7,0.0,0.814775,8.731967,6.550922,56.41034,0.721513,0.696663
4554,551,0,1,5,0,2,0,2,0,1,5,1,9,1,6,71.0,0.199896,3.952569,2.586016,3.275575,0.016369,0.215184
3185,418,1,0,9,1,4,2,2,0,2,1,2,17,2,3,57.5,0.868285,9.105181,7.447631,42.985289,0.950702,0.788461
8413,1622,6,1,11,1,8,2,3,2,0,4,0,24,2,4,42.0,1.0,9.74682,5.688237,299.828728,0.390104,0.76282
6046,598,1,2,11,0,8,1,1,3,3,2,1,21,6,3,41.5,0.496481,3.473371,4.001318,17.111626,0.006771,0.427455
15000,1295,0,0,8,0,9,4,4,1,1,9,2,25,2,11,29.5,0.303119,5.333333,4.605545,34.217286,0.927005,0.487387
2800,300,5,1,4,0,8,0,0,0,0,2,0,12,0,2,73.0,0.889437,11.785714,6.822926,54.516311,0.838876,0.751257
18000,1467,4,0,10,3,2,1,1,1,0,5,1,14,1,6,61.0,0.965836,8.333333,5.789082,281.033441,0.71718,0.83439
13468,1563,1,5,10,3,8,1,4,3,0,4,0,23,3,4,42.0,0.498718,4.529255,4.431254,15.922668,0.571109,0.47213
9939,1344,0,2,9,2,12,1,4,3,5,8,2,26,8,10,17.0,0.057739,0.603682,2.563888,0.027364,0.238389,0.112783
9678,658,0,1,4,1,5,2,2,0,0,3,0,13,0,3,69.5,0.780927,7.439554,6.399993,76.928414,0.695345,0.674214
3200,300,1,0,2,0,4,0,0,0,1,2,0,6,1,2,83.0,0.571232,4.375,5.628343,4.809266,0.910938,0.642344
5529,483,1,0,4,1,3,0,0,0,1,1,0,7,1,1,82.5,0.554303,2.712968,4.518713,3.102684,0.035355,0.407285
6582,846,2,0,3,3,8,0,1,1,1,3,1,12,2,4,66.0,0.551175,5.469462,3.99738,11.918376,0.37251,0.403229
2200,300,0,0,4,0,4,1,2,0,0,2,0,11,0,2,75.0,0.077208,5.0,2.593284,3.97761,0.777949,0.38936
11004,1138,1,0,2,0,0,0,2,2,0,2,0,4,2,2,85.0,0.926562,6.361323,6.190077,265.134454,0.531407,0.754613
16500,1368,2,4,12,2,10,0,3,2,3,4,1,25,5,5,32.5,0.88383,6.121212,5.749591,43.279276,0.058467,0.595934
11000,1659,6,2,12,2,9,0,4,3,2,5,2,25,5,7,29.5,0.056595,3.363636,2.734743,2.983594,0.197921,0.202979
3500,432,0,1,6,0,5,1,0,0,0,2,1,12,0,3,71.5,0.896855,4.857143,6.891255,62.477046,0.936329,0.689838
3140,486,2,0,5,2,3,0,1,0,1,5,1,9,1,6,71.0,0.214468,4.140127,2.795441,0.605727,0.697533,0.279809
8902,734,1,0,2,0,3,1,1,0,0,3,0,7,0,3,81.5,0.779108,5.167378,6.089699,26.724133,0.679835,0.713597
13236,1273,5,1,10,2,6,1,6,1,3,2,0,23,4,2,43.0,0.686601,4.533092,3.886064,15.355853,0.173614,0.432743
5016,317,2,0,3,0,3,0,1,0,0,0,0,7,0,0,86.0,1.0,7.177033,6.728568,147.253477,0.963497,0.800613
6762,456,0,0,4,0,1,2,0,0,0,4,0,7,0,4,80.0,0.972284,5.767524,6.779891,152.676791,0.475075,0.66235
10858,1852,8,1,18,2,13,4,5,3,4,8,2,40,7,10,0.0,0.436464,2.855038,4.18267,7.777051,0.29898,0.330799
7472,701,4,1,6,1,7,2,3,0,0,2,1,18,0,3,59.5,0.365618,4.148822,3.527571,18.392972,0.28552,0.463596
4453,530,1,0,5,1,5,2,1,0,0,0,0,13,0,0,74.0,0.105891,3.368516,2.928084,3.680434,0.492685,0.338759
1500,300,1,0,4,2,1,1,2,0,0,3,0,8,0,3,79.5,0.05758,2.666667,2.684498,1.531069,0.069545,0.199642
2963,305,0,1,5,0,3,2,0,1,1,1,1,10,2,2,73.0,0.17256,5.062437,3.552867,10.293738,0.776456,0.358245
3676,453,3,2,12,1,8,2,0,2,0,0,0,22,2,0,52.0,0.988388,9.793254,7.281148,87.313538,0.933063,0.834709
6097,537,1,2,4,0,3,0,0,0,0,0,1,7,0,1,84.5,0.901595,4.756438,5.887765,30.009827,0.421494,0.655269
3228,443,3,0,3,1,3,0,1,2,0,1,0,7,2,1,80.5,0.081549,1.858736,4.961259,5.2e-05,0.338055,0.307509
8315,822,1,2,15,2,7,1,3,1,0,3,1,26,1,4,40.0,0.528797,5.652435,4.03603,32.710324,0.745492,0.458937
8087,1300,5,3,10,4,11,0,3,3,1,3,1,24,4,4,38.0,0.203434,2.844071,2.800676,6.802402,0.358153,0.253465
1500,300,1,1,3,1,2,1,0,1,0,1,0,6,1,1,84.5,0.312166,2.0,2.760135,3.886565,0.352467,0.363373
13850,2062,4,1,13,3,6,2,7,3,1,5,1,28,4,6,27.0,0.595163,5.848375,4.93037,41.137251,0.521788,0.567783
2800,325,0,1,8,2,6,0,0,0,0,3,0,14,0,3,67.5,0.908734,8.928571,6.944914,118.284966,0.859823,0.76755
1500,300,1,1,3,0,1,0,0,2,0,2,0,4,2,2,85.0,0.067087,4.0,3.65835,0.771799,0.145889,0.30593
10758,1170,4,0,6,2,5,0,1,1,1,5,1,12,2,6,63.0,0.569438,3.160439,3.642258,13.886585,0.385066,0.440138
13000,1268,7,1,12,6,6,0,6,4,1,1,1,24,5,2,39.0,0.25097,2.0,3.64233,7.10857,0.210199,0.226372
6828,790,1,0,7,1,3,2,1,3,0,3,1,13,3,4,62.0,0.356335,4.540129,3.707154,12.117643,0.686712,0.418503
3906,445,0,1,10,1,5,0,0,2,1,2,0,15,3,2,61.0,0.977017,8.448541,6.153592,140.590307,0.95252,0.822227
16150,1092,0,0,12,1,3,1,4,0,2,4,0,20,2,4,50.0,0.221183,2.352941,4.255663,21.704587,0.914759,0.440783
8748,1035,0,3,9,1,4,1,2,0,2,4,0,16,2,4,58.0,0.021601,2.057613,2.078613,5.89144,0.219826,0.242369
15572,992,1,0,4,1,8,2,2,0,2,3,0,16,2,3,59.5,0.855167,5.779604,6.630476,377.343371,0.978991,0.742438
15000,1546,1,3,18,5,9,1,10,3,2,14,2,38,5,16,0.0,0.413262,4.6,5.350991,36.842056,0.88264,0.422896
5446,690,0,1,6,0,6,1,0,2,0,4,0,13,2,4,64.0,0.825806,3.488799,5.008245,20.52806,0.233676,0.444269
4978,563,1,0,6,0,4,1,0,1,0,0,0,11,1,0,76.0,0.66047,5.022097,4.274937,22.281264,0.410475,0.542766
14000,1693,3,5,26,3,20,2,5,2,3,15,2,53,5,17,0.0,1.0,6.642857,6.079396,373.802475,0.843083,0.7221
14311,894,3,0,5,0,1,2,4,0,0,2,0,12,0,2,73.0,0.921078,8.804416,6.413677,478.665612,0.882013,0.841465
3329,300,0,1,3,1,1,0,1,0,1,1,0,5,1,1,86.5,0.447741,3.905077,4.180642,0.719582,0.088279,0.4055
9795,796,2,1,8,2,6,1,3,0,2,2,1,18,2,3,55.5,0.32015,4.594181,4.583598,44.013784,0.962346,0.508338
12869,920,1,1,4,1,0,2,0,0,1,2,0,6,1,2,83.0,0.743771,6.682726,6.669886,100.944466,0.844327,0.701206
7772,485,0,1,4,0,1,2,0,0,1,1,0,7,1,1,82.5,1.0,7.076686,6.062507,88.222403,0.670999,0.79015
4624,410,0,0,2,0,2,1,0,0,1,0,1,5,1,1,86.5,0.386542,3.892734,3.273578,7.96453,0.747287,0.393543
8276,1060,0,0,4,2,2,2,1,1,0,4,0,9,1,4,74.0,0.507958,4.229096,4.526378,9.618926,0.475932,0.438641
8116,856,3,2,8,1,7,2,1,0,1,2,2,18,1,4,56.0,0.022162,1.108921,2.192056,1.04959,0.064006,0.162437
2200,300,0,0,4,1,2,0,1,1,0,0,0,7,1,0,84.0,0.131945,3.181818,3.7466,1.128636,0.618734,0.373709
11910,747,0,3,5,0,1,1,0,0,2,1,0,7,2,1,80.5,1.0,8.648195,6.343829,421.958523,0.766244,0.789365
10632,1346,3,1,5,3,6,1,0,0,1,3,1,12,1,4,68.0,0.80355,5.267118,5.947519,40.516106,0.229551,0.50077
10932,1296,5,0,10,0,4,3,4,2,2,7,2,21,4,9,36.5,0.56717,3.293085,5.256618,24.288902,0.410541,0.450257
3079,300,1,2,0,0,2,1,2,0,1,1,1,5,1,2,85.0,0.156476,2.598246,4.428721,0.7511,0.082488,0.25295
4763,967,4,0,11,1,6,2,3,0,0,2,0,22,0,2,53.0,0.91563,8.817972,6.43089,105.766614,0.617409,0.768272
8638,555,0,1,5,2,3,0,4,0,1,0,0,12,1,0,74.0,0.852857,7.52489,5.747255,103.457827,0.814681,0.66255
2072,384,1,0,1,0,3,0,1,0,0,2,1,5,0,3,85.5,0.212337,3.378378,2.648518,2.513132,0.65571,0.365576
15366,960,0,1,4,3,3,1,0,0,0,1,0,8,0,1,82.5,0.805199,7.418977,6.299626,131.939907,0.796967,0.77558
5469,416,0,0,1,1,3,0,1,0,2,0,0,5,2,0,86.0,1.0,9.325288,5.638107,193.707792,0.663667,0.713718
3759,645,0,1,3,0,1,0,1,1,1,6,0,5,2,6,77.0,0.198802,2.92631,4.552824,4.653569,0.373566,0.304978
18000,1125,0,1,8,1,5,0,1,2,0,2,1,14,2,3,63.5,0.974892,6.444444,6.630701,449.110551,0.902623,0.770915
7687,931,2,2,6,0,5,0,2,1,0,4,0,13,1,4,66.0,0.499274,3.512424,4.796948,6.785095,0.254132,0.419329
8493,1050,2,1,4,1,5,1,0,0,2,2,1,10,2,3,71.5,0.735873,6.358177,5.603573,54.306882,0.577477,0.553398
2374,326,1,1,2,1,1,0,2,0,0,2,2,5,0,4,84.0,0.120099,2.10615,3.505398,0.341613,0.089821,0.295953
3112,434,0,1,2,1,2,0,2,1,1,4,1,6,2,5,76.5,0.085362,3.534704,3.551317,0.109433,0.417623,0.331132
7049,993,2,2,8,4,6,1,2,3,2,5,2,17,5,7,45.5,0.035932,2.41169,2.672514,6.475305,0.410587,0.226516
11388,1302,1,1,7,2,3,0,3,1,0,6,0,13,1,6,63.0,0.838185,4.829645,5.181758,45.369166,0.397497,0.620318
5699,482,1,0,2,0,3,0,0,0,0,3,0,5,0,3,85.5,0.70524,5.439551,5.759105,25.334183,0.681075,0.625198
12431,776,1,1,6,1,2,0,0,0,0,1,1,8,0,2,81.0,0.916913,9.33151,5.100298,50.748583,0.628503,0.727203
14759,1706,2,1,22,4,17,0,9,0,5,5,1,48,5,6,0.0,0.725733,6.978793,4.697143,48.959378,0.110111,0.416492
2245,369,0,2,3,0,2,1,1,1,1,0,0,7,2,0,82.0,0.151924,1.336303,2.143782,0.656186,0.485435,0.236329
7546,471,1,0,4,1,2,0,1,0,0,2,0,7,0,2,83.0,0.920337,6.493506,6.208527,181.24622,0.749819,0.768136
8255,888,0,2,2,0,1,0,1,0,0,0,2,4,0,2,89.0,0.764298,4.845548,4.145557,26.305077,0.225097,0.621216
14371,1803,6,1,13,1,13,2,2,2,3,8,1,30,5,9,16.5,0.559136,5.01009,4.637785,30.751456,0.329352,0.53391
4740,596,0,1,3,1,2,1,1,1,1,2,0,7,2,2,79.0,0.224945,5.063291,3.799809,13.593905,0.521664,0.37456
9005,938,3,0,4,0,3,0,1,1,0,2,0,8,1,2,79.0,0.977291,9.106052,6.154402,56.29369,0.516512,0.806229
6137,660,1,1,3,0,2,0,0,0,0,0,0,5,0,0,90.0,0.428196,4.56249,5.568996,10.675086,0.356435,0.573496
8019,705,1,1,1,1,2,0,0,0,0,0,0,3,0,0,94.0,0.961927,8.355157,6.092791,62.518979,0.594516,0.811813
8426,1000,1,1,2,1,4,2,0,5,0,0,0,8,5,0,74.0,0.596947,3.560408,5.394094,7.105035,0.375123,0.489821
2915,338,1,0,2,1,1,1,0,3,0,0,3,4,3,3,81.5,0.092511,1.372213,3.034835,0.00074,0.000532,0.234346
8526,842,1,1,7,1,5,2,3,0,0,2,2,17,0,4,60.0,0.191172,2.463054,3.910015,0.675773,0.292284,0.236587
4818,398,1,0,2,0,3,1,2,1,0,2,0,8,1,2,79.0,0.139266,2.07555,2.977112,2.530143,0.519469,0.302552
7716,1107,0,1,8,1,6,1,1,1,1,5,1,16,2,6,55.0,0.657204,5.832037,5.9579,34.801961,0.359649,0.534722
5122,811,0,1,6,1,2,1,2,2,0,5,0,11,2,5,66.5,0.153433,1.171417,2.638949,0.000111,0.435377,0.242602
2200,300,0,0,2,1,1,0,1,1,0,3,0,4,1,3,85.5,0.149057,0.454545,6.643073,9e-06,0.164727,0.28573
3384,300,0,1,2,0,2,2,2,1,0,2,0,8,1,2,79.0,0.564704,3.250591,4.850827,11.627859,0.767491,0.562584
6586,814,2,4,13,3,4,0,3,0,1,2,0,20,1,2,55.0,0.234501,0.151837,1.212846,6.1e-05,0.066414,0.137124
14568,1206,3,5,8,1,5,0,3,3,0,1,0,16,3,1,60.5,0.688462,5.834706,4.51511,22.838887,0.033028,0.455112
18000,1125,3,3,7,1,7,0,3,1,0,1,2,17,1,3,59.5,0.974114,7.555556,7.444283,137.574791,0.774834,0.765534
5011,357,0,0,4,0,1,0,3,0,0,1,2,8,0,3,79.5,0.335782,3.192975,5.292018,7.967939,0.858707,0.404389
3750,300,1,0,1,0,1,0,1,1,0,0,2,3,1,2,89.0,0.080922,3.733333,3.111996,1.476645,0.82454,0.365885
11220,701,0,5,2,0,3,0,1,1,1,1,1,6,2,2,81.0,1.0,7.397504,6.973812,416.488567,0.985898,0.812985
10390,950,0,0,6,1,4,1,1,2,1,5,2,12,3,7,59.5,0.462851,4.331088,4.067578,20.256195,0.154434,0.437693
12474,933,0,1,14,3,2,2,2,4,0,4,1,20,4,5,44.5,0.360826,4.729838,3.699529,46.017139,0.985841,0.435544
4948,702,3,1,3,0,3,0,0,0,0,6,0,6,0,6,79.0,0.136366,3.031528,3.052303,1.715112,0.428322,0.296925
3200,300,0,0,3,0,1,1,1,0,1,0,1,6,1,1,84.5,0.496055,6.25,4.378497,13.654837,0.936316,0.59003
11668,1340,2,2,6,0,10,2,4,3,3,5,1,22,6,6,35.0,0.098491,1.799794,2.287282,4.381548,0.503172,0.228698
2921,397,0,0,1,1,1,1,0,0,0,0,0,3,0,0,94.0,0.115039,1.027046,2.31195,0.005044,0.337198,0.201896
5013,559,3,0,8,1,7,0,2,1,2,4,2,17,3,6,51.0,0.068159,1.795332,2.728267,0.92588,0.682384,0.173397
12463,1703,2,3,8,2,11,0,4,3,1,8,0,23,4,8,34.0,0.212796,2.24665,3.526523,7.729645,0.448736,0.303827
5746,660,0,0,6,1,2,0,4,2,1,1,0,12,3,1,68.5,0.708957,6.78733,4.605306,12.431843,0.365617,0.529767
7971,926,2,1,4,3,4,1,2,1,0,2,1,11,1,3,71.5,0.493334,4.767281,4.778196,16.513523,0.491396,0.501431
10513,800,0,0,4,2,1,0,3,1,1,3,0,8,2,3,75.5,0.890308,7.229145,6.475383,258.675347,0.674872,0.673003
9467,726,3,1,10,1,2,2,1,0,1,1,0,15,1,1,66.5,0.706355,6.126545,6.082736,49.668115,0.971976,0.69619
18000,1147,0,1,5,0,2,1,2,0,1,3,0,10,1,3,73.5,0.93853,8.166667,6.286908,589.353495,0.98374,0.82665
2308,538,0,0,0,0,3,1,0,0,0,1,0,4,0,1,90.5,0.091134,3.89948,1.762262,0.880304,0.52098,0.292045
3446,574,1,2,7,2,5,1,1,1,1,0,0,14,2,0,68.0,0.10888,2.321532,3.834828,2.782972,0.478782,0.282359
6113,749,1,0,5,3,3,0,2,1,2,2,0,10,3,2,71.0,0.198706,2.617373,2.5196,7.109911,0.435168,0.34943
7386,873,2,3,9,1,9,1,0,1,2,2,1,19,3,3,51.5,0.728669,4.19713,5.235491,16.654021,0.647176,0.565549
7107,839,0,3,5,3,7,0,3,1,2,5,3,15,3,8,52.0,0.072863,2.673421,3.523699,4.26953,0.676346,0.325068
5664,838,4,1,8,0,6,4,6,1,2,1,0,24,3,1,44.5,0.117722,2.118644,3.326395,5.853822,0.132648,0.179439
2200,300,2,1,3,1,1,0,2,0,0,0,0,6,0,0,88.0,0.11827,4.090909,3.058459,1.782721,0.576313,0.301124
11462,1315,1,2,8,1,5,1,3,0,1,2,0,17,1,2,61.0,0.68529,4.187751,4.854816,24.412985,0.434136,0.567014
11000,1315,8,1,16,0,6,1,3,1,2,5,2,26,3,7,31.5,0.151297,3.181818,3.722496,9.478915,0.789194,0.312296
5397,726,1,2,9,2,2,2,0,0,0,1,1,13,0,2,71.0,0.590997,4.817491,4.878622,15.748137,0.381149,0.463657
8297,1047,1,1,5,2,4,0,2,2,0,0,0,11,2,0,74.0,0.590897,3.856816,5.007844,8.648501,0.307502,0.480642
5327,713,0,1,8,0,7,0,3,0,1,3,2,18,1,5,54.5,0.286879,2.252675,2.870157,6.367515,0.169807,0.253456
9166,1606,4,1,13,3,4,1,0,2,0,3,1,18,2,4,54.0,0.563963,4.473053,4.230105,70.148428,0.326981,0.446151
10462,1374,2,2,7,2,2,2,0,0,2,6,1,11,2,7,63.5,0.567789,4.970369,4.008891,28.476715,0.366466,0.494768
3405,413,0,0,0,0,3,1,2,1,0,1,0,6,1,1,84.5,0.277679,4.405286,3.559832,7.614476,0.340831,0.44468
10310,760,2,0,4,0,2,0,1,1,0,0,1,7,1,1,82.5,1.0,8.438409,7.311363,437.636412,0.717824,0.811527
3038,300,0,1,1,0,0,0,0,1,0,1,0,1,1,1,94.5,0.062982,0.987492,3.213008,0.465991,0.0929,0.205483
5739,665,2,1,12,4,9,1,3,1,1,4,1,25,2,5,38.5,0.946754,9.235058,6.528443,193.739052,0.947527,0.756942
3528,590,1,0,7,0,7,0,1,0,1,3,0,15,1,3,63.5,0.151727,1.417234,1.643999,1.67673,0.273757,0.218393
8123,1031,1,4,9,3,2,1,4,2,0,6,2,16,2,8,52.0,0.180387,2.21593,2.383808,7.926889,0.024116,0.208108
8811,615,3,0,1,1,4,0,1,0,1,1,0,6,1,1,84.5,0.957566,7.604131,7.200855,148.737927,0.96524,0.78766
7767,597,0,1,6,2,3,0,1,0,0,2,0,10,0,2,77.0,0.997029,7.85374,5.912158,248.516145,0.55583,0.771656
4781,453,0,0,5,2,3,1,2,1,0,1,0,11,1,1,74.5,0.357851,2.928258,4.141175,11.232335,0.282295,0.383246
7842,490,0,1,3,0,1,1,1,1,0,3,1,6,1,4,80.0,1.0,6.248406,6.398925,199.760701,0.997603,0.722134
4664,617,0,2,6,0,9,0,2,1,0,3,1,17,1,4,58.0,0.857045,7.28988,6.205447,139.726582,0.955196,0.670577
7378,671,5,2,6,0,9,1,0,1,1,0,0,16,2,0,64.0,0.03731,1.219843,3.180901,1.426686,0.288771,0.242097
6440,807,1,0,1,4,4,0,0,0,0,0,0,5,0,0,90.0,0.51873,5.745342,4.38136,12.998048,0.207756,0.483312
3200,300,1,1,1,0,2,0,1,0,1,0,0,4,1,0,90.0,0.445418,5.625,5.282622,11.702698,0.776335,0.592725
6075,702,2,2,4,0,9,0,1,1,0,3,0,14,1,3,65.5,0.505356,4.609053,5.851578,47.9709,0.62579,0.52281
4500,387,1,1,2,0,0,0,0,0,0,1,0,2,0,1,94.5,0.9082,8.0,5.004181,39.264129,0.599703,0.742524
6502,848,1,0,5,0,2,3,0,0,1,7,2,10,1,9,64.5,0.373384,3.844971,3.895123,8.953104,0.630617,0.38233
2600,398,2,1,1,0,3,0,2,0,0,2,0,6,0,2,85.0,0.722054,6.153846,5.47703,16.040704,0.570693,0.56583
9012,1000,3,0,5,4,6,0,1,3,3,2,1,12,6,3,59.5,0.72382,6.102974,5.830739,50.662687,0.602905,0.593285
5816,607,1,0,6,2,3,2,1,2,2,3,1,12,4,4,62.0,0.020603,1.719395,2.165995,0.582882,0.765136,0.217055
4877,304,1,1,2,0,2,0,0,1,0,1,0,4,1,1,88.5,0.965268,5.126102,5.481968,36.75296,0.58497,0.727627
16410,1025,1,3,4,1,4,1,5,0,1,4,0,14,1,4,64.0,0.608169,4.509445,5.584478,102.977726,0.791399,0.643216
3110,436,2,0,5,0,2,0,0,1,1,3,1,7,2,4,76.0,0.177965,0.643087,3.006144,0.271339,0.691315,0.231769
7169,591,2,4,5,0,4,0,2,1,2,2,0,11,3,2,69.0,0.673669,6.974473,4.43715,11.352799,0.052667,0.58646
6469,404,1,1,5,1,1,1,0,0,0,1,0,7,0,1,84.5,0.829519,5.719586,6.052363,21.773662,0.924211,0.690077
7248,850,1,0,6,2,5,0,2,2,0,4,0,13,2,4,64.0,0.579958,4.690949,4.74159,23.612024,0.178294,0.40776
3200,300,1,0,4,0,0,0,1,1,0,0,0,5,1,0,88.0,0.581279,3.125,4.834956,3.494226,0.793481,0.621832
13713,1352,1,1,4,2,4,0,2,2,0,1,0,10,2,1,74.5,0.998606,8.677897,6.525781,201.805333,0.622689,0.777946
3089,491,0,2,3,1,4,1,0,0,0,2,1,8,0,3,79.5,0.142175,3.237294,2.79185,2.088718,0.377265,0.25084
3141,475,1,0,4,2,2,1,0,1,1,1,2,7,2,3,77.5,0.05775,2.22859,2.95156,2.079825,0.209366,0.196802
9155,820,1,2,6,1,6,1,1,1,1,1,0,14,2,1,66.5,0.692491,5.789186,5.980523,35.262966,0.697215,0.634114
4982,707,0,1,2,1,3,0,1,0,0,1,0,6,0,1,86.5,0.115491,2.408671,2.56727,1.32642,0.297394,0.267745
10534,838,3,0,4,0,0,0,1,1,0,4,1,5,1,5,80.5,0.56392,6.075565,6.016278,122.456806,0.669036,0.623665
4178,491,0,0,2,1,3,0,0,0,1,1,1,5,1,2,85.0,0.63341,3.111537,4.917307,8.906046,0.236196,0.545705
8295,1110,1,2,7,2,7,0,0,2,0,6,3,14,2,9,54.5,0.242901,3.134418,3.454838,4.806036,0.160268,0.212915
9664,852,4,1,6,0,4,0,1,0,2,4,1,11,2,5,66.5,0.728515,3.104305,5.075781,17.762694,0.041429,0.539433
2600,300,0,0,6,0,3,2,1,0,1,2,0,12,1,2,71.0,0.537284,4.230769,4.91877,8.435902,0.90194,0.44411
9996,1048,2,3,6,1,7,1,1,3,1,8,0,15,4,8,50.0,0.625444,5.602241,4.496346,18.318652,0.084998,0.441735
10589,1682,3,5,10,1,9,0,3,1,2,1,3,22,3,4,44.0,0.059651,1.98319,2.238804,3.128908,0.197909,0.193561
9650,1149,2,3,16,2,13,0,4,0,3,3,3,33,3,6,19.0,0.828888,10.362694,5.644491,134.180681,0.951178,0.759802
2600,300,0,0,2,1,2,0,0,0,1,4,0,4,1,4,84.0,0.407484,5.769231,5.231646,34.842242,0.971756,0.499426
2685,332,2,0,7,0,4,0,0,2,0,2,0,11,2,2,71.0,0.272529,1.489758,4.399185,0.257957,0.662459,0.263741
10535,666,1,1,6,1,1,0,0,0,2,0,0,7,2,0,82.0,0.885497,5.980066,6.866049,103.258975,0.80149,0.709312
18000,1125,4,1,5,2,3,0,1,1,0,2,1,9,1,3,75.5,1.0,7.166667,5.400998,109.0442,0.883233,0.798711
12595,835,0,0,4,4,4,1,2,1,0,1,0,11,1,1,74.5,0.884433,9.210004,5.789442,99.888483,0.720806,0.670722
17395,1116,2,1,5,4,4,3,5,0,1,2,1,17,1,3,59.5,0.823065,7.760851,5.628275,233.686029,0.93685,0.714497
7935,495,0,0,3,0,0,0,1,0,0,1,0,4,0,1,90.5,0.999986,8.065532,6.867292,185.18069,0.86149,0.903239
9883,1213,2,0,8,0,2,0,1,1,1,4,0,11,2,4,68.0,0.494622,3.541435,4.129454,24.09346,0.567048,0.47016
13515,1690,3,2,30,5,17,5,6,2,0,7,4,58,2,11,0.0,0.662703,6.659267,5.420366,223.149456,0.927354,0.656101
9966,1491,2,1,10,2,10,1,1,0,3,5,0,22,3,5,42.5,0.478242,5.017058,5.917824,23.10597,0.25921,0.432965
5696,443,1,0,5,0,1,1,0,1,1,0,0,7,2,0,82.0,0.238109,4.389045,4.755248,23.680503,0.974951,0.513937
1924,300,0,0,2,1,1,0,0,0,0,3,0,3,0,3,89.5,0.282239,4.158004,4.335517,0.578641,0.255455,0.379395
13000,1121,4,1,15,1,2,1,4,3,0,3,0,22,3,3,45.5,0.011829,0.692308,2.369297,0.004638,0.039371,0.172716
13576,1176,3,1,10,1,4,1,6,0,1,1,2,21,1,3,51.5,0.948045,6.18739,5.708019,81.787319,0.465266,0.675135
10526,1169,1,2,9,1,4,2,2,4,0,2,3,17,4,5,50.5,0.683987,6.935208,4.660812,23.644835,0.577139,0.522385
15000,1498,4,2,12,5,17,2,7,3,3,9,2,38,6,11,0.0,0.639635,4.666667,5.085043,42.880137,0.067672,0.457047
7561,1045,0,1,5,3,6,1,4,0,1,3,1,16,1,4,60.0,0.050682,3.174183,2.703417,3.267532,0.148138,0.17337
2800,391,1,0,12,0,3,1,0,0,2,1,0,16,2,1,62.5,0.809287,8.571429,6.186128,29.906776,0.746524,0.694235
11828,1212,2,1,4,1,2,3,1,1,2,1,1,10,3,2,71.0,0.445291,3.466351,4.997079,18.448945,0.215048,0.460184
5303,546,2,1,5,1,4,2,2,3,0,2,0,13,3,2,65.0,0.221052,3.582878,2.530506,1.985797,0.764057,0.218434
6126,794,2,1,12,0,3,2,0,1,0,2,3,17,1,5,56.5,0.525828,6.366308,4.760158,14.937627,0.35657,0.483751
10592,1138,2,5,8,5,5,2,6,1,0,4,4,21,1,8,44.0,0.021415,1.321752,3.86894,0.826748,0.577844,0.254021
6178,386,1,0,3,1,1,0,0,0,0,1,1,4,0,2,89.0,0.876125,7.445775,6.01604,164.97884,0.905743,0.758685
6666,943,1,1,7,2,3,1,2,1,2,2,0,13,3,2,65.0,0.144173,1.950195,2.856115,0.326512,0.485406,0.232392
17561,1861,5,0,4,1,3,0,4,0,1,2,0,11,1,2,73.0,0.726573,7.17499,4.836557,55.475899,0.528802,0.670815
7049,497,1,1,3,2,2,0,1,1,1,3,0,6,2,3,79.5,0.550693,3.830331,4.562624,26.815948,0.802563,0.535372
10206,1722,5,3,11,2,11,2,1,0,0,4,2,25,0,6,41.0,0.26077,1.371742,2.583011,0.036441,0.212723,0.168867
3560,312,0,1,4,1,0,0,1,1,1,1,1,5,2,2,83.0,0.173102,2.247191,3.716855,0.217143,0.18629,0.250668
5803,503,0,1,7,0,2,0,1,1,1,1,0,10,2,1,74.5,0.104057,2.929519,3.608143,8.308031,0.498484,0.326031
4500,300,0,1,1,0,4,0,2,0,0,0,0,7,0,0,86.0,0.818431,6.444444,5.19276,25.72377,0.738574,0.661441
9875,617,0,1,7,0,1,0,1,2,0,1,0,9,2,1,76.5,0.901201,9.012658,6.337398,156.65456,0.801795,0.722586
4088,515,0,0,4,1,3,0,1,0,0,1,0,8,0,1,82.5,0.440079,5.626223,4.354061,24.91233,0.433189,0.551704
4500,439,2,0,0,0,2,0,1,0,0,2,0,3,0,2,91.0,1.0,4.666667,6.327412,23.852661,0.527051,0.703959
8324,801,0,1,5,2,2,2,3,1,0,2,0,12,1,2,71.0,0.247285,3.003364,4.462696,8.79291,0.920534,0.478613
6083,846,3,1,7,4,3,0,2,1,0,1,0,12,1,1,72.5,0.166225,2.301496,3.829022,0.018181,0.186562,0.284387
15000,1382,2,1,19,6,13,4,2,1,2,9,3,38,3,12,0.0,0.637616,4.933333,4.143173,80.996857,0.903214,0.446169
5787,593,3,0,0,0,2,1,1,0,0,0,0,4,0,0,92.0,0.828123,9.158459,6.904657,31.519526,0.520858,0.774768
1966,300,0,1,3,1,2,0,0,0,3,1,0,5,3,1,82.5,0.118327,0.508647,1.0,0.571353,0.15889,0.157411
5731,796,3,0,7,0,6,2,2,1,1,6,1,17,2,7,51.5,0.267859,2.268365,1.861991,0.367193,0.061643,0.157603
13000,1594,8,3,9,4,8,1,5,1,1,10,2,23,2,12,32.0,0.185202,3.0,3.782607,10.956195,0.418476,0.327436
6490,633,6,1,5,1,2,0,3,1,1,3,0,10,2,3,71.5,0.129536,3.389831,3.087442,7.341893,0.827507,0.30955
6433,799,1,2,3,2,4,1,1,1,1,4,1,9,2,5,70.5,0.562136,3.419866,3.364795,13.468713,0.399718,0.426359
16009,1855,3,2,4,4,3,0,0,1,2,3,4,7,3,7,69.5,0.787658,6.246486,4.426431,57.710249,0.523911,0.675965
7351,1007,2,0,9,3,5,0,2,4,1,6,4,16,5,10,43.0,0.39299,2.448646,2.999397,1.648601,0.492998,0.254926
10980,686,1,1,5,0,2,0,2,0,0,1,0,9,0,1,80.5,0.997548,9.107468,7.579783,495.62945,0.833269,0.896157
11182,698,1,0,4,1,3,0,6,0,0,1,0,13,0,1,72.5,0.861648,5.902343,5.507188,149.878252,0.863085,0.692257
14566,910,2,1,1,1,0,0,2,0,0,1,1,3,0,2,91.0,0.731462,6.041466,5.849773,331.39789,0.957983,0.68639
6657,1389,1,2,15,1,7,3,7,1,2,3,1,32,3,4,24.0,0.320605,1.802614,3.500732,4.206723,0.279602,0.18877
6150,574,3,0,4,1,1,1,3,0,0,4,0,9,0,4,76.0,0.285955,3.089431,3.96734,4.052606,0.620551,0.402854
4665,592,3,2,2,0,2,0,0,1,1,0,1,4,2,1,86.5,0.362422,5.144695,4.124747,2.934948,0.671763,0.544516
3334,384,0,0,6,0,2,1,3,1,1,1,0,12,2,1,70.5,0.117866,2.39952,2.987322,0.032313,0.539568,0.294374
9566,996,1,0,8,0,5,0,1,0,1,2,2,14,1,4,64.0,0.282699,3.554255,4.001373,10.745265,0.582412,0.418238
8793,747,0,0,12,2,11,1,0,0,0,4,0,24,0,4,46.0,0.364237,3.184351,4.489803,19.30608,0.927279,0.414568
8582,634,1,0,4,2,3,1,1,0,0,3,1,9,0,4,76.0,0.378703,4.078303,4.485366,40.114294,0.709794,0.409794
4269,474,0,0,2,0,4,0,4,0,0,4,0,10,0,4,74.0,0.245739,3.982197,2.983577,4.220168,0.808941,0.403984
7289,768,2,1,6,2,3,0,3,0,0,3,0,12,0,3,71.5,0.383247,4.115791,3.711735,13.878567,0.30658,0.409315
8862,805,1,0,4,0,3,0,0,0,1,4,2,7,1,6,75.0,0.629418,4.062288,5.057676,18.469734,0.024076,0.545192
7319,510,1,0,3,1,0,0,1,0,1,2,1,4,1,3,85.5,0.874326,7.241426,6.975553,83.015338,0.747587,0.716271
12895,1061,5,0,9,4,2,1,3,0,1,1,1,15,1,2,65.0,0.526494,6.824351,4.507304,29.167805,0.884843,0.572262
2600,332,1,0,7,0,1,0,0,0,0,0,0,8,0,0,84.0,0.448753,3.076923,5.486715,5.964916,0.502027,0.426428
7178,493,2,1,2,0,6,0,2,1,0,3,0,10,1,3,73.5,0.957996,7.801616,6.481681,90.471629,0.507251,0.738112
3607,494,0,0,6,1,3,0,2,0,0,0,0,11,0,0,78.0,0.831868,8.039922,5.127155,18.95425,0.77564,0.710978
10174,1242,0,0,11,1,7,2,3,1,1,2,1,23,2,3,45.5,0.617041,3.93159,4.841032,29.995588,0.483493,0.476548
9362,593,0,0,5,0,2,0,0,0,0,0,1,7,0,1,84.5,0.770537,8.224738,5.715213,92.216677,0.811036,0.743936
7520,752,1,2,6,2,1,0,0,0,1,1,0,7,1,1,82.5,0.298607,3.723404,3.92147,4.128123,0.760209,0.418248
9651,1180,0,0,14,1,10,3,3,2,1,4,2,30,3,6,25.0,0.013302,1.761475,2.834626,1.083586,0.052899,0.155591
2600,300,0,1,1,1,5,1,0,0,0,2,0,7,0,2,83.0,0.523453,3.461538,4.148287,0.033075,0.791443,0.417218
5255,439,3,0,0,1,4,0,3,0,2,0,1,7,2,1,80.5,0.713674,5.137964,5.391869,49.695872,0.984663,0.559471
10623,1231,3,0,10,2,11,0,2,1,2,6,1,23,3,7,37.5,0.389615,2.63579,4.855173,24.160559,0.601885,0.46156
13000,1317,4,1,5,3,5,2,4,1,0,3,2,16,1,5,58.5,0.035848,0.846154,3.95654,2.407904,0.008295,0.150983
6205,907,1,2,10,1,4,0,1,2,1,2,1,15,3,3,59.5,0.843589,5.801773,6.121904,113.608634,0.59582,0.541557
7657,1122,2,0,9,1,8,1,2,1,2,5,0,20,3,5,46.5,0.146581,1.697793,3.787523,0.721357,0.47095,0.286533
4217,470,0,1,5,0,1,2,0,2,0,1,3,8,2,4,74.0,0.210174,3.319896,3.035193,6.811059,0.500183,0.33025
14836,1366,5,3,11,4,6,1,4,0,0,2,2,22,0,4,50.0,0.588551,6.201132,4.646958,16.532384,0.403179,0.54343
16500,1418,3,4,9,3,12,2,8,3,1,3,0,31,4,3,25.5,0.582912,5.151515,4.999387,65.189791,0.928022,0.521035
4805,536,1,1,4,1,0,0,0,2,0,1,0,4,2,1,86.5,0.529122,8.532778,3.233748,7.010528,0.32341,0.518509
16500,1465,0,3,3,1,9,0,1,2,0,2,2,13,2,4,64.0,0.697839,7.515152,4.782316,39.837335,0.335549,0.604676
3349,364,1,1,1,0,2,0,3,1,0,0,0,6,1,0,86.0,0.433928,6.867722,4.836759,17.988596,0.672254,0.529626
2200,300,0,0,4,0,3,0,0,0,0,0,1,7,0,1,84.5,0.160984,2.272727,3.552376,2.774072,0.009333,0.230351
2800,546,2,1,2,0,3,1,1,1,2,1,0,7,3,1,78.5,0.912607,10.0,6.35218,68.005054,0.400102,0.783166
15000,1865,1,0,6,4,4,1,1,0,3,4,0,12,3,4,64.0,0.492243,5.333333,4.642246,31.654699,0.595932,0.465068
2800,356,0,0,4,2,5,0,2,1,0,0,1,11,1,1,74.5,0.969788,7.5,6.202255,66.048503,0.939645,0.7356
10117,824,2,0,4,0,5,0,1,0,0,2,0,10,0,2,77.0,0.996755,6.424829,6.249979,100.414273,0.363916,0.708396
7111,770,3,3,10,1,4,1,5,1,2,5,1,20,3,6,45.0,0.42261,5.906342,3.610561,17.835372,0.513887,0.368809
6507,406,0,1,2,1,2,1,0,0,0,2,1,5,0,3,85.5,0.837222,5.686184,6.802905,86.583676,0.624089,0.725039
4484,700,0,1,5,0,2,0,0,2,0,1,0,7,2,1,80.5,0.369069,7.136485,4.123892,17.639463,0.387892,0.507559
14402,1985,1,1,16,1,7,0,4,1,1,4,5,27,2,9,28.5,0.574532,6.596306,4.068238,32.974025,0.502581,0.479986
6769,572,0,0,2,1,5,1,3,1,0,0,1,11,1,1,74.5,0.399565,2.511449,4.352073,8.192637,0.130045,0.419676
12004,1173,4,2,17,3,11,4,3,3,2,7,5,35,5,12,2.0,0.577486,4.581806,5.430836,20.329456,0.887201,0.554787
11172,982,2,0,14,3,6,0,3,1,1,5,0,23,2,5,42.5,0.576214,5.19155,4.154063,18.158382,0.249619,0.404325
16500,1869,5,2,17,2,12,0,4,1,1,5,0,33,2,5,22.5,0.762539,4.545455,4.959506,47.297856,0.171176,0.426496
15090,1620,5,1,10,2,5,1,1,0,1,5,1,17,1,6,55.0,0.645467,4.837641,4.424299,29.691964,0.396399,0.51557
4500,300,1,0,1,0,1,0,0,0,0,0,0,2,0,0,96.0,1.0,6.666667,6.326016,163.756426,0.774951,0.73755
8621,989,2,1,4,0,3,3,1,3,0,3,0,11,3,3,67.5,0.430758,3.943858,4.183378,10.978174,0.165746,0.406527
10201,816,0,1,9,2,4,0,3,3,0,7,0,16,3,7,51.5,0.440051,5.293599,3.994305,29.896544,0.932751,0.496534
2302,300,0,0,4,0,3,1,0,1,0,0,0,8,1,0,82.0,0.065561,1.737619,2.515269,0.187261,0.247083,0.248472
9084,737,3,1,7,0,5,0,2,2,1,6,2,14,3,8,54.0,0.285292,4.623514,5.034972,38.598304,0.990615,0.493939
10785,958,1,1,6,4,5,0,1,0,0,3,0,12,0,3,71.5,0.695246,6.305053,5.685319,69.578968,0.825569,0.644299
7571,519,1,0,4,0,1,0,0,0,0,2,0,5,0,2,87.0,0.851657,8.321226,6.117422,59.423115,0.878504,0.658109
2259,327,0,2,4,0,2,1,1,2,2,3,0,8,4,3,71.5,0.028297,4.426737,3.145295,0.011957,0.145009,0.256998
15000,1823,3,1,14,4,13,2,1,2,1,9,3,30,3,12,16.0,0.877658,5.533333,5.126304,56.016806,0.365653,0.592174
16500,1426,3,0,8,5,6,1,0,2,1,4,1,15,3,5,56.5,0.722235,3.757576,4.696957,20.4845,0.03212,0.487671
4862,650,0,1,5,1,4,1,0,1,1,3,1,10,2,4,70.0,0.083779,2.46812,2.638848,1.424895,0.667486,0.311312
9066,1352,2,0,10,0,3,1,3,0,2,4,2,17,2,6,53.0,0.326189,6.066623,4.434902,36.764753,0.549066,0.587906
2200,300,0,1,1,0,6,0,1,0,2,2,0,8,2,2,77.0,0.046828,4.545455,2.591384,0.071364,0.455576,0.261533
9915,1222,1,0,3,2,2,0,2,0,0,6,0,7,0,6,77.0,0.717973,6.051437,4.357344,22.136295,0.293983,0.574256
9236,577,0,1,2,0,5,0,0,1,1,0,1,7,2,1,80.5,1.0,10.285838,6.502898,395.35775,0.921312,0.882075
4126,518,0,0,2,1,3,1,2,0,2,0,0,8,2,0,80.0,0.830209,5.332041,4.865295,6.575079,0.29703,0.602094
5070,530,1,0,9,2,5,0,2,1,1,4,1,16,2,5,56.5,0.133138,2.95858,2.39649,2.264984,0.526813,0.241269
4154,620,1,0,4,0,1,0,3,0,2,1,0,8,2,1,78.5,0.646461,6.018296,3.741894,16.799381,0.346926,0.440967
4796,375,3,0,4,1,1,0,0,0,1,0,0,5,1,0,88.0,0.749228,4.170142,5.323487,5.114642,0.073948,0.507961
10798,946,1,2,7,2,1,0,1,2,1,0,1,9,3,1,74.5,0.475978,3.42656,3.945797,15.574443,0.065185,0.456026
12918,1543,6,3,10,1,6,0,4,0,0,7,2,20,0,9,46.5,0.60585,3.4061,4.922882,20.059698,0.407013,0.473412
11526,967,2,2,8,2,3,0,3,1,1,4,1,14,2,5,60.5,0.844336,7.02759,6.026373,84.299912,0.7652,0.712084
4734,300,1,0,3,0,1,0,0,0,1,0,0,4,1,0,90.0,0.749856,6.759611,5.686087,106.128872,0.949665,0.678781
10977,980,2,0,13,0,8,3,2,1,3,0,3,26,4,3,35.5,0.328546,3.188485,3.333726,3.840896,0.091445,0.239349
14715,1620,0,2,9,1,7,2,2,1,0,0,0,20,1,0,58.0,0.428657,4.553177,3.839702,16.186419,0.354676,0.492204
15000,1472,5,4,21,1,7,1,3,4,0,8,5,32,4,13,8.5,0.707084,4.0,5.96116,44.489588,0.101696,0.45584
3815,396,1,0,5,4,5,0,1,1,1,4,0,11,2,4,68.0,0.551504,7.601573,5.459939,31.093716,0.986912,0.606016
15000,1402,5,4,11,0,4,5,4,3,0,8,5,24,3,13,26.5,0.619597,5.866667,5.749822,106.23081,0.894424,0.567331
3709,446,1,2,5,1,2,1,1,1,1,4,0,9,2,4,72.0,0.035313,1.617687,2.291734,0.364374,0.000171,0.201229
6021,463,1,0,6,0,4,0,0,0,0,1,0,10,0,1,78.5,0.579214,5.812988,3.932801,25.279503,0.163417,0.539957
6971,691,0,0,2,2,1,0,2,0,1,1,0,5,1,1,86.5,0.984127,8.750538,6.77308,38.567843,0.383466,0.777812
8114,743,1,3,6,1,10,1,2,3,0,7,0,19,3,7,45.5,0.140801,2.095144,3.181319,1.899175,0.03379,0.24864
8564,1039,1,0,5,1,5,1,0,3,1,2,1,11,4,3,65.5,0.14935,1.517982,3.031086,1.401069,0.328616,0.224715
13000,1207,3,0,16,3,9,4,2,0,1,5,2,31,1,7,25.5,0.165562,2.461538,3.392038,7.028065,0.771489,0.300433
7308,983,0,1,6,2,3,1,3,2,1,5,1,13,3,6,59.0,0.831362,5.062945,4.836387,28.459393,0.314887,0.591443
8081,861,3,1,9,1,6,3,0,0,2,3,1,18,2,4,54.0,0.247392,3.959906,3.965629,5.048316,0.813548,0.340589
4868,736,1,3,4,0,5,0,4,0,3,5,1,13,3,6,59.0,0.163333,3.081348,4.152476,7.394984,0.56748,0.299545
2372,300,2,0,3,2,1,0,0,1,0,0,0,4,1,0,90.0,0.252367,3.372681,2.908548,0.319434,0.40441,0.336075
3573,439,1,2,3,2,2,0,0,2,0,1,1,5,2,2,83.0,0.101483,1.119507,1.259096,0.251879,0.243873,0.158523
7782,1091,1,1,11,1,4,1,4,3,0,5,2,20,3,7,43.5,0.331673,2.056027,3.899893,10.874111,0.432231,0.277219
11008,875,0,1,3,3,6,1,2,1,0,1,0,12,1,1,72.5,0.670766,4.81468,4.106011,21.904417,0.002584,0.443504
5880,1007,1,2,6,3,3,0,1,1,1,3,0,10,2,3,71.5,0.592698,4.081633,3.358455,9.031805,0.239323,0.425479
8565,802,3,1,10,3,5,1,2,2,0,2,1,18,2,3,55.5,0.233223,3.385873,2.828054,4.728421,0.567265,0.288331
7622,1035,3,0,10,4,8,1,2,3,0,7,2,21,3,9,38.5,0.793544,8.134348,5.207206,32.957958,0.317402,0.602897
14156,1567,7,1,9,1,13,1,3,2,2,2,0,26,4,2,37.0,0.513076,3.320147,5.349652,49.062034,0.401756,0.418072
9610,604,0,2,7,0,3,3,0,1,0,3,0,13,1,3,67.5,0.927674,8.116545,6.771338,102.937509,0.879039,0.751278
16500,1828,0,2,10,2,3,0,2,1,1,0,1,15,2,1,64.5,0.497962,4.242424,4.162417,36.497355,0.569865,0.434395
3200,442,1,0,4,1,2,0,0,0,1,0,0,6,1,0,86.0,0.590774,3.125,3.288177,0.266857,0.223934,0.408471
5070,316,0,0,4,0,0,0,0,0,0,0,0,4,0,0,92.0,0.822432,5.719921,5.554387,20.004363,0.665867,0.660744
14564,944,1,3,6,1,2,1,3,2,4,3,3,12,6,6,55.0,0.930535,6.042296,6.522776,375.770338,0.82722,0.676999
7614,761,2,1,7,3,4,0,2,0,1,2,1,13,1,3,67.5,0.784046,5.384817,4.642643,10.122997,0.028294,0.513731
18000,1236,2,3,14,1,5,1,2,1,0,3,0,22,1,3,49.5,1.0,7.055556,6.449799,124.097103,0.646405,0.70786
9724,1001,0,1,10,3,3,0,0,2,0,0,0,13,2,0,70.0,0.713056,5.656109,4.456123,22.827497,0.291368,0.618792
4500,300,1,0,1,0,0,0,0,0,0,2,1,1,0,3,93.5,0.94854,7.555556,5.918464,130.40735,0.991635,0.804662
8898,758,1,0,3,0,0,0,2,1,0,0,1,5,1,1,86.5,0.52597,3.933468,4.569013,14.759395,0.038097,0.453316
7349,843,0,1,5,1,6,1,0,1,1,3,1,12,2,4,66.0,0.675467,5.715063,4.317475,19.176358,0.47958,0.529567
8454,601,5,0,4,3,2,0,1,2,0,3,1,7,2,4,76.0,0.540057,4.494914,4.192559,94.658532,0.988329,0.472875
7129,1040,3,2,16,2,11,3,1,0,1,8,1,31,1,9,22.5,0.912299,8.135783,5.956644,43.607264,0.60788,0.662785
9830,614,0,1,0,0,3,0,1,2,1,3,0,4,3,3,81.5,0.850578,6.408952,6.547291,106.443257,0.894815,0.750439
7570,522,0,0,4,0,1,0,0,0,0,1,0,5,0,1,88.5,0.819321,7.793923,5.108377,58.850901,0.679385,0.708167
7881,620,2,1,10,2,4,2,1,3,0,7,2,17,3,9,46.5,0.507627,5.202385,4.886756,43.58699,0.995657,0.547154
3705,612,2,0,9,1,6,0,0,0,1,5,0,15,1,5,60.5,0.871574,7.287449,6.130848,135.783997,0.885305,0.665865
5666,817,3,2,6,1,8,2,4,2,1,7,2,20,3,9,40.5,0.091048,2.470879,3.319664,0.656577,0.55221,0.205671
16500,2420,3,2,10,8,8,1,6,0,2,7,1,25,2,8,34.0,0.611266,4.545455,5.113564,54.187224,0.317238,0.434441
4500,393,1,0,0,0,1,0,0,1,0,0,1,1,1,1,94.5,0.841331,6.888889,6.330255,30.809381,0.433132,0.712885
7189,637,0,0,5,1,6,1,1,1,0,6,0,13,1,6,63.0,0.483257,3.616637,4.356107,12.924893,0.028915,0.481041
5050,432,0,1,1,1,2,2,1,0,0,0,0,6,0,0,88.0,0.822647,4.950495,4.719056,18.868815,0.076609,0.552926
7619,1188,1,1,5,2,2,0,4,0,0,2,0,11,0,2,75.0,0.049154,2.362515,2.860431,3.179195,0.197213,0.265944
2700,363,0,1,3,0,4,0,2,0,0,0,0,9,0,0,82.0,0.187701,2.592593,3.481427,0.474785,0.321449,0.34436
9168,699,3,1,7,1,2,0,1,0,1,4,0,10,1,4,72.0,0.904552,8.180628,6.628949,129.650744,0.732035,0.789126
2800,332,1,1,8,0,4,1,1,0,1,2,0,14,1,2,67.0,0.901887,6.071429,6.983346,65.702194,0.992955,0.678824
10053,1130,1,2,12,2,9,1,3,1,2,6,1,25,3,7,33.5,0.619245,5.371531,4.980879,29.948658,0.645201,0.450709
6748,687,4,2,9,1,7,0,1,1,2,2,2,17,3,4,54.0,0.262234,2.667457,3.640108,10.928767,0.57666,0.334087
8644,1205,0,1,7,1,6,1,1,3,2,1,1,15,5,2,57.0,0.209977,2.89218,3.157456,8.370698,0.539053,0.34375
9158,1051,2,1,6,1,2,0,2,1,1,1,0,10,2,1,74.5,0.783374,6.224066,4.539432,50.863015,0.481898,0.626664
3615,496,0,1,9,0,4,0,4,2,1,2,1,17,3,3,55.5,0.095902,3.319502,3.364359,1.366687,0.113342,0.28876
4172,523,3,0,6,0,3,0,0,1,0,1,0,9,1,1,78.5,0.087154,1.198466,3.200463,2.5e-05,0.479221,0.278944
5262,595,0,0,5,0,4,0,0,0,0,3,0,9,0,3,77.5,0.067277,1.900418,2.74617,0.662829,0.041812,0.194435
6433,430,1,0,3,1,0,1,0,1,0,0,0,4,1,0,90.0,0.713838,5.285248,6.036064,39.382073,0.856171,0.672741
6218,1047,3,1,7,4,1,1,1,1,0,4,1,10,1,5,70.5,0.161414,1.929881,2.250555,0.304748,0.254748,0.272335
9371,732,0,1,7,1,4,1,2,3,0,5,2,14,3,7,55.5,0.350838,3.628215,5.248461,21.792288,0.939845,0.429143
11391,929,2,0,10,2,5,1,1,0,2,4,0,17,2,4,56.0,0.626911,4.126064,5.027217,24.861146,0.129884,0.557016
10113,1430,0,3,16,2,6,0,4,4,1,6,0,26,5,6,29.0,0.129287,1.681005,3.223252,4.794814,0.084045,0.201234
16500,1278,3,2,8,1,3,2,1,0,0,3,0,14,0,3,67.5,0.747773,4.909091,4.406552,36.006747,0.067662,0.471393
10443,884,3,2,5,0,3,1,1,2,0,1,0,10,2,1,74.5,0.66763,7.181844,5.776135,158.494205,0.746299,0.66233
4598,321,0,1,2,1,1,0,0,0,0,0,0,3,0,0,94.0,0.873113,5.437147,7.141014,111.949713,0.744127,0.721046
5318,575,3,1,4,0,5,1,1,0,0,1,0,11,0,1,76.5,0.418519,3.00865,4.565423,10.519392,0.498228,0.50531
1500,300,0,0,0,0,1,0,0,2,0,2,0,1,2,2,91.0,0.176748,0.666667,1.0,0.0002,0.115052,0.182553
2723,444,1,0,5,4,2,2,1,1,0,1,0,10,1,1,76.5,0.187984,2.203452,3.213734,2.697488,0.217543,0.242487
4796,551,1,0,8,0,7,1,3,0,3,2,2,19,3,4,50.0,0.340107,3.544621,3.19898,12.049151,0.546734,0.345843
2600,373,0,0,4,0,0,0,0,1,0,0,0,4,1,0,90.0,0.432028,5.384615,5.153959,7.457512,0.565376,0.489665
5079,468,2,1,6,2,2,0,2,0,4,2,0,10,4,2,69.0,0.309443,1.772002,2.793953,0.405421,0.045691,0.243359
2800,382,0,1,8,0,5,1,0,0,1,2,0,14,1,2,67.0,1.0,9.285714,6.728429,120.579071,0.760319,0.876516
5725,971,0,0,9,1,6,1,3,0,1,3,0,19,1,3,55.5,0.060334,2.270742,2.79353,0.801693,0.626681,0.254349
3746,553,1,0,3,2,5,0,1,1,1,1,0,9,2,1,76.5,0.300243,2.669514,3.01869,1.623515,0.284231,0.349364
10354,763,0,2,1,0,3,1,3,1,0,2,0,8,1,2,79.0,0.910939,8.209388,7.016983,183.502991,0.763141,0.79583
4937,611,1,2,6,2,5,0,1,0,1,2,0,12,1,2,71.0,0.099354,1.620417,2.981655,7.679933,0.443576,0.278695
4504,560,0,0,4,0,1,1,1,2,1,6,3,7,3,9,66.5,0.356223,3.996448,5.520046,0.575266,0.342424,0.337386
14000,2165,10,3,30,4,19,3,7,1,0,6,1,59,1,7,0.0,0.80121,7.5,6.035226,236.647693,0.988682,0.696213
3979,497,2,0,9,2,4,0,0,0,0,1,0,13,0,1,72.5,0.328181,5.026389,4.403944,2.250948,0.404404,0.453149
15000,1243,3,2,14,4,12,1,0,1,0,10,1,27,1,11,27.5,0.497783,5.733333,4.991627,58.676925,0.881088,0.555429
15724,1892,1,1,4,2,7,0,5,1,2,2,0,16,3,2,59.0,0.348855,2.861867,3.913431,14.178212,0.327417,0.433362
8523,532,2,0,2,0,1,0,1,1,2,0,0,4,3,0,86.0,0.867138,5.51449,6.342468,39.988637,0.837076,0.683025
5616,855,5,1,6,0,7,1,1,0,1,1,1,15,1,2,65.0,0.427541,5.876068,5.136636,20.473879,0.56156,0.488103
3159,392,1,0,8,2,1,0,2,1,1,1,2,11,2,3,69.5,0.440411,6.014562,4.003812,2.093819,0.320251,0.421105
5283,330,1,0,4,1,2,0,1,0,1,2,0,7,1,2,81.0,0.802829,10.789324,5.752822,197.45256,0.931844,0.758757
7124,890,4,3,11,1,2,0,1,0,1,0,1,14,1,1,68.5,0.562547,4.91297,5.310274,17.878577,0.220199,0.417913
5728,586,2,0,7,2,3,0,0,2,0,2,0,10,2,2,73.0,0.057472,2.444134,3.671779,9.825855,0.644991,0.331503
8201,772,3,2,11,1,5,0,3,2,0,6,1,19,2,7,47.5,0.081736,3.65809,2.893274,8.109878,0.818722,0.339658
3348,414,1,1,4,0,4,1,3,1,1,0,1,12,2,1,70.5,0.021049,1.792115,4.030635,0.555496,0.793633,0.244266
4500,309,0,0,1,0,0,0,0,0,1,0,0,1,1,0,96.0,0.812411,7.111111,6.943139,132.526815,0.719176,0.708716
4587,317,0,1,3,0,2,0,0,0,2,2,1,5,2,3,81.5,0.32334,2.834096,4.276493,9.606757,0.96722,0.415029
6982,671,0,3,4,0,3,1,4,1,0,2,0,12,1,2,71.0,0.140896,1.432254,2.143538,0.997012,0.046687,0.144216
3893,540,0,0,6,0,2,0,1,1,3,2,0,9,4,2,71.0,0.118715,1.027485,3.24162,0.141549,0.297609,0.163381
4500,344,2,0,3,0,0,0,0,1,0,1,0,3,1,1,90.5,0.884505,5.333333,5.648491,63.128337,0.669108,0.65646
3386,372,1,0,7,0,4,1,2,2,1,3,0,14,3,3,61.5,0.042911,1.181335,3.441674,0.001241,0.034829,0.142286
17821,1241,4,2,5,1,4,1,2,1,2,5,0,12,3,5,62.5,0.783369,6.396947,5.298693,134.759101,0.730685,0.764644
6130,580,2,1,6,0,3,0,1,2,0,1,1,10,2,2,73.0,0.759522,5.709625,4.77782,16.36307,0.368439,0.569456
9667,735,5,0,7,2,1,0,2,1,1,3,0,10,2,3,71.5,0.338374,3.827454,4.501748,15.648766,0.964216,0.433641
13568,1748,3,1,9,1,4,3,2,0,3,6,1,18,3,7,47.5,0.350384,3.537736,4.648353,25.23077,0.361281,0.425106
18000,1287,4,0,10,0,8,1,2,0,0,5,2,21,0,7,47.5,0.771914,5.0,6.362961,183.891066,0.972688,0.670341
7194,849,1,1,8,2,6,1,7,3,1,3,0,22,4,3,43.5,0.102935,1.807061,2.472165,1.147923,0.580007,0.240294
6298,897,5,2,13,2,7,1,5,0,0,4,2,26,0,6,39.0,0.694056,8.41537,6.020918,104.574665,0.845592,0.6536
2800,509,3,0,10,1,7,0,0,0,0,1,1,17,0,2,63.0,0.839147,6.428571,6.170343,76.77681,0.78898,0.669994
3596,373,1,0,1,1,2,0,1,0,0,0,0,4,0,0,92.0,0.543949,5.005562,4.015622,4.999586,0.379499,0.453036
2916,464,0,0,6,2,3,0,1,0,0,2,0,10,0,2,77.0,0.089165,2.400549,2.569686,0.111916,0.599081,0.293
9058,1170,2,1,2,2,2,1,3,2,0,5,0,8,2,5,72.5,0.169739,3.422389,3.337427,15.501492,0.576963,0.376525
6759,861,3,2,10,2,4,2,3,3,1,1,0,19,4,1,52.5,0.05519,2.071312,2.783073,3.119534,0.699358,0.260706
10265,1130,2,0,5,2,10,1,3,2,1,3,0,19,3,3,51.5,0.521317,2.825134,4.545405,5.69659,0.311823,0.404158
6118,860,1,3,12,3,9,1,0,1,2,3,0,22,3,3,45.5,0.872014,8.49951,7.433562,204.462566,0.902147,0.68003
7142,1174,6,0,7,1,2,2,3,2,1,5,1,14,3,6,57.0,0.298,3.50042,3.483028,8.437052,0.568149,0.342058
7067,756,2,1,13,0,12,0,5,0,1,4,0,30,1,4,32.0,0.991131,7.358143,5.724729,21.586372,0.594176,0.701025
7164,1035,2,1,7,3,10,3,4,1,1,7,1,24,2,8,36.0,0.061127,1.535455,2.398002,0.145952,0.524211,0.206331
4024,328,0,1,2,0,4,0,2,0,1,2,0,8,1,2,79.0,0.382442,4.473161,4.387937,8.62044,0.876282,0.464776
4615,338,2,1,2,1,4,0,1,0,0,0,0,7,0,0,86.0,1.0,5.633803,6.665765,48.37658,0.743672,0.758861
4500,300,0,1,2,0,2,0,0,0,0,0,1,4,0,1,90.5,0.867537,6.222222,5.579898,32.43579,0.722255,0.725623
3659,355,0,1,6,1,4,1,0,3,0,1,1,11,3,2,69.0,0.62607,4.919377,5.024293,5.813193,0.153793,0.455294
4068,462,1,1,6,1,1,0,0,1,1,1,0,7,2,1,80.5,0.700082,3.687316,6.804517,14.275658,0.338171,0.477974
6774,740,3,2,8,2,9,1,4,4,3,3,1,22,7,4,36.0,0.177075,2.657219,3.232985,3.021809,0.809134,0.256233
2200,348,0,1,3,0,1,1,1,0,0,1,0,6,0,1,86.5,0.06791,0.909091,3.437244,1.126699,0.492641,0.238256
10202,860,1,0,3,2,1,0,3,2,0,1,1,7,2,2,79.0,0.569643,5.58714,5.148434,14.275759,0.635487,0.530183
18000,1180,2,1,4,2,2,1,4,1,0,1,2,11,1,3,71.5,0.995739,9.555556,6.704952,752.287822,0.951923,0.801484
2559,300,0,0,1,0,3,0,0,0,0,0,0,4,0,0,92.0,0.256109,3.907776,2.334177,0.45916,0.064776,0.266457
6308,496,0,2,6,0,0,0,1,1,0,2,1,7,1,3,79.5,0.083472,4.597337,3.914301,11.152606,0.805585,0.447494
3315,391,2,2,8,0,7,0,0,0,1,1,0,15,1,1,66.5,0.947834,7.843137,5.974164,98.83654,0.813512,0.703629
6121,602,1,0,0,0,4,0,0,3,2,2,1,4,5,3,77.5,0.189863,3.594184,2.878834,3.506776,0.709722,0.334676
4721,673,1,0,6,0,4,3,4,0,0,3,1,17,0,4,60.0,0.938763,7.201864,5.945281,27.038859,0.789058,0.707346
10602,1547,0,1,9,3,4,0,3,2,0,1,0,16,2,1,62.5,0.469488,4.716091,4.742142,24.335887,0.28686,0.564898
5880,584,1,1,4,1,4,0,3,1,0,1,0,11,1,1,74.5,0.197315,1.360544,3.462906,2.380477,0.346341,0.203135
14170,934,2,1,4,0,0,0,0,1,0,2,1,4,1,3,85.5,0.913105,6.280875,6.11054,371.12274,0.802901,0.656531
12642,1724,3,1,14,3,3,2,3,2,1,8,0,22,3,8,38.0,0.622444,4.666983,3.847794,25.105808,0.379294,0.439348
5511,688,0,1,3,0,2,1,2,0,2,1,0,8,2,1,78.5,0.74722,4.536382,4.871357,15.103839,0.503197,0.437549
18000,1729,6,0,6,2,3,4,1,3,0,6,2,14,3,8,54.0,0.965358,8.5,7.200615,145.703731,0.598707,0.775995
9090,1206,3,2,8,1,4,1,5,2,0,3,0,18,2,3,55.5,0.263813,2.20022,3.82737,2.573814,0.276901,0.204609
4482,637,1,1,9,2,1,0,0,0,0,2,0,10,0,2,77.0,0.121646,2.454261,2.320163,0.534825,0.201201,0.283099
9748,646,1,0,10,0,10,0,3,2,1,5,1,23,3,6,39.0,0.363189,3.693065,4.441251,11.560752,0.907121,0.420226
2600,300,1,0,3,0,2,0,1,2,0,1,0,6,2,1,82.5,0.239814,3.846154,3.322094,3.438514,0.984059,0.426506
5253,634,2,2,2,0,2,0,1,1,0,1,1,5,1,2,85.0,0.62032,3.807348,5.532393,40.235946,0.508455,0.512983
18000,1125,5,1,9,2,4,1,1,2,0,1,1,15,2,2,63.0,0.91279,8.0,6.405456,607.54689,0.889076,0.798651
6888,934,1,1,4,1,3,5,2,0,2,2,0,14,2,2,65.0,0.094336,3.484321,3.442849,5.25911,0.638967,0.224845
4780,460,0,1,2,0,2,0,0,0,0,0,0,4,0,0,92.0,0.916265,7.112971,4.950883,29.167388,0.570765,0.652662
14971,1575,3,1,11,0,6,0,4,1,1,2,2,21,2,4,48.0,0.681516,5.076481,5.012698,53.373555,0.636772,0.552456
14306,1568,1,1,10,0,6,3,2,1,1,5,0,21,2,5,46.5,0.551393,5.382357,4.512622,14.458254,0.387872,0.434403
1500,300,0,1,2,0,3,0,1,2,1,0,0,6,3,0,82.0,0.059651,1.333333,2.896542,1.290414,0.368262,0.262649
10924,727,0,2,6,3,4,1,5,2,1,5,2,16,3,7,51.5,0.548111,5.126327,5.906694,65.899113,0.9431,0.488347
5044,362,2,0,2,0,4,0,2,0,1,4,0,8,1,4,76.0,0.368828,4.758128,3.940917,22.597252,0.855907,0.473704
4957,518,1,0,1,0,2,1,0,1,0,2,0,4,1,2,87.0,0.865652,5.648578,4.746453,16.711741,0.543907,0.670871
18000,1255,6,1,9,2,10,0,3,1,0,4,0,22,1,4,48.0,0.918861,7.611111,5.837984,154.634882,0.676595,0.697248
12001,750,4,1,1,2,2,0,1,0,0,1,0,4,0,1,90.5,0.728256,5.499542,5.793307,61.530619,0.979749,0.672302
1729,300,0,0,3,0,1,1,1,0,1,1,0,6,1,1,84.5,0.07841,1.735107,3.623353,0.212186,0.381434,0.246296
5880,435,0,1,2,0,3,1,2,0,1,2,0,8,1,2,79.0,0.932049,7.312925,6.234642,22.227542,0.516731,0.740767
18000,1314,2,0,3,0,4,1,0,1,0,1,0,8,1,1,80.5,0.639248,5.555556,5.453042,69.1524,0.690103,0.667082
11629,747,2,0,5,2,4,1,1,1,0,2,0,11,1,2,73.0,0.96149,7.739273,6.781231,245.275204,0.919517,0.760979
11609,881,0,0,11,2,4,2,4,0,0,2,0,21,0,2,55.0,0.59551,5.599104,3.947569,24.623945,0.697898,0.512942
4140,378,1,2,1,1,1,1,1,0,0,0,0,4,0,0,92.0,0.638951,3.864734,4.954639,11.970496,0.201655,0.500422
12536,1358,2,1,9,3,6,0,0,1,0,5,1,15,1,6,59.0,0.570418,6.541161,3.883391,31.534999,0.315979,0.523091
7267,885,0,1,4,0,5,0,3,1,0,0,0,12,1,0,74.0,0.69037,3.027384,4.56368,37.594027,0.242772,0.608826
9380,1104,1,1,8,1,7,0,2,2,0,3,0,17,2,3,57.5,0.745398,5.117271,5.375154,15.095774,0.300462,0.57601
4057,590,2,0,8,1,0,3,4,1,2,0,0,15,3,0,64.0,0.152688,1.725413,2.63432,2.890283,0.19992,0.185656
6017,422,0,2,4,0,1,0,0,0,0,1,0,5,0,1,88.5,0.859362,4.985873,6.178601,27.307874,0.739083,0.73402
6201,604,1,1,6,2,3,0,2,2,1,1,1,11,3,2,69.0,0.061337,2.741493,2.181008,1.466884,0.017256,0.185349
9168,573,0,1,4,1,1,1,0,0,1,2,2,6,1,4,80.0,0.898738,6.326353,5.857364,150.064687,0.92768,0.769235
6593,731,2,1,4,0,2,1,2,0,0,0,0,9,0,0,82.0,0.189085,4.095253,2.642896,4.301977,0.137765,0.317757
12798,814,0,3,7,0,4,0,3,3,2,4,0,14,5,4,56.0,0.477171,4.297546,4.762534,50.377837,0.927257,0.437261
2346,389,0,0,1,0,1,1,0,0,0,0,1,3,0,1,92.5,0.2305,0.852515,4.527888,5.6e-05,0.483961,0.332453
6477,819,2,0,7,5,6,0,1,0,0,7,1,14,0,8,60.0,0.105221,2.933457,2.558177,3.099432,0.505154,0.297413
4500,300,1,0,6,1,2,0,0,0,0,4,0,8,0,4,78.0,0.77511,8.888889,6.550104,73.481752,0.787681,0.72238
10435,1241,1,5,14,1,10,1,6,3,1,3,0,31,4,3,25.5,0.308309,1.820795,3.531825,2.934316,0.049956,0.162543
5084,563,1,0,5,0,3,0,0,0,0,1,0,8,0,1,82.5,0.493252,3.93391,4.217517,13.145306,0.576801,0.43056
11000,2274,1,3,20,4,10,1,1,3,0,4,1,32,3,5,22.5,0.214812,1.454545,3.618024,0.751564,0.462049,0.221233
5700,459,2,0,2,0,2,1,1,1,1,1,2,6,2,3,79.5,0.567866,5.263158,4.009739,12.10761,0.23697,0.463386
14913,1494,5,3,14,6,11,0,1,1,3,11,1,26,4,12,22.0,0.199077,3.017502,3.973445,20.849282,0.880344,0.403559
13063,1038,1,0,3,1,3,1,3,1,1,1,3,10,2,4,70.0,0.832922,5.741407,5.470856,62.057064,0.657377,0.667862
10941,762,1,2,14,1,5,0,4,0,0,4,0,23,0,4,48.0,0.646508,5.758157,5.112808,174.28275,0.951748,0.505141
6728,736,1,1,4,2,1,0,1,0,0,3,0,6,0,3,83.5,0.360171,5.499405,4.446963,11.895278,0.574521,0.432512
3480,306,0,0,2,0,1,0,2,0,0,1,0,5,0,1,88.5,0.58378,5.45977,4.266435,5.025971,0.371703,0.455628
2200,300,1,0,5,1,2,0,0,2,1,0,0,7,3,0,80.0,0.049411,1.818182,3.387517,0.011907,0.507452,0.305115
11900,880,0,0,5,0,2,1,2,0,1,2,0,10,1,2,75.0,0.892709,5.966387,5.532383,124.910448,0.539214,0.654143
4500,300,1,1,3,0,2,1,1,0,1,0,0,7,1,0,84.0,0.921955,5.777778,6.38796,58.100905,0.943973,0.683373
10587,834,2,0,2,0,1,2,1,0,1,3,1,6,1,4,80.0,0.562784,4.533862,5.797718,43.891032,0.734205,0.629349
4184,390,1,1,6,0,3,1,1,1,1,1,0,11,2,1,72.5,0.090643,1.67304,2.763406,0.003032,0.686188,0.336802
6943,826,0,1,5,1,6,2,2,2,0,3,0,15,2,3,61.5,0.673809,3.888809,4.26539,17.766789,0.180532,0.446897
12067,1357,2,2,10,0,1,2,2,4,1,2,0,15,5,2,57.0,0.418099,5.303721,4.484785,20.454791,0.674604,0.429901
7579,1069,3,0,5,0,7,1,2,0,1,5,0,15,1,5,60.5,0.593731,5.277741,4.536374,23.452142,0.389776,0.535662
4088,317,0,1,2,1,1,0,0,0,0,3,1,3,0,4,88.0,0.319891,5.381605,5.831429,29.154804,0.800989,0.56869
7324,457,1,0,5,0,3,0,0,0,0,0,0,8,0,0,84.0,0.793365,5.324959,5.532988,119.213067,0.996476,0.652569
7363,1201,2,4,9,2,5,1,1,1,1,7,2,16,2,9,50.5,0.056201,0.814885,2.512953,1.15982,0.544192,0.203393
15367,1719,3,3,13,1,3,0,2,2,0,6,1,18,2,7,49.5,0.838265,5.726557,4.575613,88.748336,0.388523,0.589567
5376,380,0,2,2,1,4,1,1,0,0,0,0,8,0,0,84.0,0.990054,5.022321,6.200957,66.238659,0.632746,0.657047
6839,481,1,0,1,0,1,0,1,0,0,3,0,3,0,3,89.5,0.973292,6.141249,6.295764,55.329073,0.561298,0.665879
8376,840,0,1,3,0,4,1,1,0,0,2,0,9,0,2,79.0,0.91149,6.685769,6.174055,252.738446,0.555,0.693805
5518,516,0,0,4,1,3,0,0,0,0,5,0,7,0,5,78.5,0.579629,3.805727,4.531586,53.630557,0.969707,0.563392
2600,364,0,1,5,0,2,0,1,0,0,0,1,8,0,1,82.5,0.329344,4.230769,4.689804,17.66671,0.409267,0.420951
3390,582,2,1,10,1,7,0,0,0,0,4,0,17,0,4,60.0,0.959296,8.259587,5.826408,97.984608,0.67034,0.740316
13816,1420,4,3,13,2,8,3,3,3,0,7,0,27,3,7,29.5,0.79643,4.415171,5.36123,43.458059,0.19299,0.596359
12413,1261,3,0,12,3,6,1,3,2,1,1,1,22,3,2,47.0,0.741647,5.880931,5.170826,27.701421,0.637381,0.635245
5121,809,2,2,11,1,1,1,2,1,1,2,1,15,2,3,61.5,0.161022,2.538567,2.677985,2.962838,0.515744,0.172876
6978,436,0,0,4,0,3,0,0,0,0,1,1,7,0,2,83.0,0.73286,4.299226,5.435723,42.709541,0.696175,0.659738
8158,568,0,1,1,1,5,0,2,0,1,1,0,8,1,1,80.5,0.930755,8.335376,5.405679,246.433271,0.695219,0.688279
15361,973,0,1,5,2,1,1,1,0,1,6,0,8,1,6,73.0,0.857047,6.444893,5.327201,86.080222,0.889177,0.705257
5831,869,1,1,15,1,7,1,4,2,2,6,2,27,4,8,26.0,0.074865,1.371977,3.996252,0.146495,0.550315,0.212649
16500,1815,1,1,14,7,10,0,3,0,1,3,2,27,1,5,36.5,0.722694,5.272727,5.251443,65.126897,0.444582,0.607305
10018,1221,1,0,12,0,5,2,4,0,1,1,0,23,1,1,50.5,0.150308,0.399281,2.696347,0.002673,0.205322,0.143557
8778,1079,0,4,7,3,6,1,6,0,1,1,1,20,1,2,55.0,0.047839,2.164502,2.68425,0.82223,0.67932,0.23189
15163,1320,1,1,6,1,6,3,2,2,1,1,0,17,3,1,58.5,0.194632,4.418651,4.33042,21.39415,0.725512,0.43194
4203,390,0,0,4,0,5,0,2,0,0,1,0,11,0,1,76.5,0.710739,6.423983,4.661045,18.564258,0.052491,0.571341
4789,300,3,0,1,0,1,0,0,0,0,1,1,2,0,2,93.0,0.794956,9.814157,5.359032,38.430014,0.7667,0.703398
4501,596,1,2,14,0,6,1,3,1,1,4,0,24,2,4,42.0,0.889808,9.553433,6.517132,176.397023,0.739686,0.710884
13678,1128,4,4,13,1,5,0,2,2,1,3,1,20,3,4,48.0,0.330125,3.289955,4.260058,28.880642,0.891945,0.473155
2600,377,1,2,3,0,0,0,1,0,0,1,0,4,0,1,90.5,0.714736,3.461538,5.222587,4.446575,0.174726,0.49987
11831,1261,3,0,4,4,4,1,0,2,2,0,0,9,4,0,74.0,0.923641,6.085707,6.010576,72.354331,0.537262,0.696001
9518,594,2,3,1,0,2,0,0,0,0,1,0,3,0,1,92.5,0.783501,6.829166,5.993625,79.365397,0.802616,0.750289
11428,718,1,0,4,0,6,0,0,0,0,0,0,10,0,0,80.0,0.854939,8.312916,5.787224,134.760503,0.874964,0.698981
11413,1507,1,1,8,1,8,4,2,1,1,6,1,22,2,7,41.5,0.463669,5.169544,3.769088,25.784554,0.620701,0.468673
6486,571,0,0,2,0,3,0,0,0,0,0,0,5,0,0,90.0,0.870099,6.012951,6.279978,141.722688,0.666633,0.737138
6956,720,2,4,9,3,3,0,2,3,1,4,1,14,4,5,56.5,0.225448,2.012651,2.356457,1.34124,0.552707,0.266889
16500,1279,2,1,6,4,8,1,2,1,1,6,0,17,2,6,53.0,0.589047,4.30303,5.26418,25.899988,0.940609,0.496792
5731,991,2,1,5,2,8,2,3,1,2,3,1,18,3,4,52.0,0.644435,4.885709,5.219318,5.583622,0.196789,0.41837
2800,363,0,0,3,1,13,0,2,0,0,3,0,18,0,3,59.5,0.902756,8.214286,5.84245,35.329972,0.928421,0.744141
8050,1486,2,2,8,2,12,2,2,0,0,6,2,24,0,8,40.0,0.803244,7.204969,5.948953,70.282727,0.634541,0.696592
3425,312,0,1,2,0,3,0,1,0,1,0,0,6,1,0,86.0,0.171281,0.875912,2.232054,0.021132,0.200399,0.178842
3379,319,0,1,2,0,2,0,1,0,2,1,0,5,2,1,84.5,0.559468,5.622965,4.682535,7.18141,0.322334,0.496978
12879,808,2,1,6,0,2,0,1,0,0,0,0,9,0,0,82.0,0.885894,5.901079,4.743945,169.733023,0.713661,0.671897
16500,1761,4,0,10,1,3,2,2,2,0,4,1,17,2,5,54.5,0.637881,4.424242,3.993818,23.671856,0.368906,0.496077
12344,1094,3,2,7,2,3,0,3,1,0,7,1,13,1,8,60.0,0.446842,3.96954,3.991678,11.902062,0.171129,0.446175
1755,300,0,2,3,2,3,0,1,0,0,0,1,7,0,1,84.5,0.10345,3.988604,3.177411,1.287507,0.696696,0.297607
10499,1730,1,0,8,3,6,2,6,4,2,6,1,22,6,7,33.5,0.699637,4.857605,5.021114,38.750788,0.507896,0.447191
8490,806,2,1,6,0,7,0,3,1,1,1,0,16,2,1,62.5,0.752559,5.300353,5.2332,40.773714,0.015892,0.59544
10719,684,1,1,9,2,3,1,1,0,0,2,2,14,0,4,66.0,0.738141,7.183506,5.206315,55.270198,0.891752,0.666488
9576,610,1,0,4,0,3,0,0,0,2,2,1,7,2,3,77.5,0.905493,7.101086,6.527955,299.415223,0.733674,0.716908
16018,1347,3,1,4,0,5,2,1,0,1,4,0,12,1,4,68.0,0.74203,6.430266,5.111386,88.31317,0.603759,0.656082
7205,1450,1,6,16,3,12,0,4,3,1,3,2,32,4,5,20.5,0.138511,1.526718,2.967046,7.72003,0.548771,0.227084
5143,455,0,2,3,0,5,0,1,0,1,3,0,9,1,3,75.5,0.329124,3.888781,3.943853,9.992167,0.829107,0.319607
15912,1161,4,2,9,1,12,2,2,3,0,2,2,25,3,4,38.0,0.974713,9.301156,6.409432,166.516567,0.953377,0.800703
4608,300,0,0,3,1,1,0,0,1,0,1,0,4,1,1,88.5,0.78847,6.510417,5.826692,141.099219,0.734758,0.662072
9088,856,4,2,19,1,9,0,4,1,1,4,2,32,2,6,23.0,0.6736,4.951585,5.47476,23.75016,0.343564,0.479702
7235,757,3,4,7,0,0,0,1,0,1,1,1,8,1,2,79.0,0.40998,3.455425,4.820707,20.132671,0.221489,0.461441
12080,1586,5,2,13,3,7,2,2,1,1,3,1,24,2,4,42.0,0.547743,4.635762,4.963216,36.019559,0.696099,0.464759
8812,1414,6,1,8,0,6,1,0,0,1,4,0,15,1,4,62.0,0.061711,2.610077,2.669274,0.885816,0.530286,0.237061
5793,486,0,1,2,0,3,1,0,0,0,0,0,6,0,0,88.0,1.0,5.869152,6.131298,62.464453,0.44671,0.774838
11626,1483,3,0,3,1,6,5,2,1,0,6,0,16,1,6,57.0,0.542572,4.214691,4.234584,13.461423,0.261585,0.453765
2200,300,0,1,2,1,1,0,1,1,0,0,0,4,1,0,90.0,0.096316,1.818182,3.243128,0.052169,0.419928,0.280863
3212,445,0,2,3,0,2,0,3,0,0,0,1,8,0,1,82.5,0.29609,4.358655,4.769788,11.412206,0.444875,0.440863
6481,761,0,0,12,3,6,0,1,1,0,0,0,19,1,0,60.0,0.064044,1.388675,3.759114,0.359237,0.415463,0.189102
3736,557,2,0,8,3,4,0,0,0,0,0,0,12,0,0,76.0,0.86986,7.494647,7.188977,75.072059,0.679134,0.65198
14345,1011,1,2,7,2,2,2,3,1,0,2,1,14,1,3,65.5,0.837863,7.110491,5.950705,188.250419,0.717414,0.727246
2783,300,1,0,1,1,2,0,2,0,1,2,0,5,1,2,85.0,0.391886,1.796622,4.298744,2.083747,0.732871,0.409875
9157,615,1,0,4,2,4,0,3,0,0,1,0,11,0,1,76.5,0.773778,8.190455,5.968049,295.697031,0.788537,0.752049
6261,736,1,0,0,1,3,0,1,0,1,2,0,4,1,2,87.0,0.813567,3.673535,6.096265,38.884264,0.493088,0.609737
16087,1043,0,1,6,0,1,2,1,0,3,3,0,10,3,3,69.5,0.796221,8.889165,6.448582,172.479801,0.667559,0.725281
18000,1179,3,1,6,2,1,2,2,1,2,3,1,11,3,4,66.0,0.891551,7.722222,5.731017,236.365841,0.905622,0.735907
5509,547,1,1,4,0,1,2,0,0,0,1,1,7,0,2,83.0,0.323797,4.901071,3.761264,12.133628,0.681546,0.444311
8965,945,2,1,2,2,1,1,1,1,1,1,0,5,2,1,84.5,0.428816,3.123257,3.915816,17.121208,0.287973,0.428656
5930,605,1,1,4,0,2,0,1,0,0,2,1,7,0,3,81.5,0.846969,6.913997,6.179059,24.556605,0.620478,0.661656
11000,1146,2,1,13,3,5,1,5,2,2,5,0,24,4,5,36.5,0.112613,2.727273,3.679755,5.755798,0.777734,0.2988
5482,490,0,1,2,2,3,1,1,2,1,3,1,7,3,4,74.0,0.683021,3.648304,3.160139,3.793487,0.007891,0.409447
2684,380,3,1,3,1,0,0,1,0,0,0,0,4,0,0,92.0,0.136356,0.745156,3.276339,3.5e-05,0.275232,0.2776
16908,1063,2,0,5,2,3,0,0,0,0,0,0,8,0,0,84.0,0.923609,8.339248,6.385754,183.951875,0.572258,0.851526
3464,349,0,1,3,0,2,0,0,0,0,1,0,5,0,1,88.5,0.668787,3.464203,4.700215,11.876315,0.607343,0.590663
10932,1171,2,1,8,2,2,2,1,1,1,3,1,13,2,4,64.0,0.639583,5.031101,4.735822,40.553648,0.380468,0.467471
2917,311,0,0,5,1,3,0,2,1,1,2,0,10,2,2,73.0,0.089006,3.085362,3.489863,2.28582,0.715813,0.316732
8505,531,3,0,4,0,5,0,1,0,0,2,1,10,0,3,75.5,0.42538,5.291005,5.113534,33.543419,0.969798,0.545345
7094,639,1,1,6,1,2,3,0,0,0,2,0,11,0,2,75.0,0.720824,4.228926,4.85956,36.998812,0.98703,0.601902
15252,1331,4,2,8,2,8,2,1,2,4,6,0,19,6,6,41.0,0.630043,4.720692,4.234088,25.211437,0.18655,0.455821
5010,470,1,0,9,0,5,0,1,2,0,1,0,15,2,1,64.5,0.623874,2.195609,4.243573,5.455493,0.185602,0.423952
8147,857,0,2,6,2,6,0,1,0,0,3,0,13,0,3,69.5,0.4,4.418804,3.569924,17.76558,0.044345,0.483808
9820,1316,4,1,11,3,4,5,3,3,0,3,1,23,3,4,42.0,0.783633,6.008147,4.911864,73.607316,0.523832,0.569553
4500,355,0,0,1,0,2,0,1,0,0,0,0,4,0,0,92.0,0.933091,9.555556,6.308767,51.14488,0.464837,0.780984
2600,429,1,1,6,0,1,0,0,1,0,2,1,7,1,3,79.5,0.460616,3.076923,3.524716,8.116649,0.445111,0.407563
4188,479,2,0,2,1,2,2,1,1,0,1,1,7,1,2,81.0,0.236096,3.104107,3.001643,1.346589,0.287003,0.293035
7258,762,3,1,3,0,4,0,1,0,0,1,1,8,0,2,81.0,0.28377,3.995591,5.066161,13.238798,0.855943,0.448197
10684,1476,4,3,11,4,13,4,8,0,2,6,1,36,2,7,13.5,0.070366,2.807937,2.59534,6.183576,0.571422,0.19876
15000,1436,2,4,21,2,10,2,4,1,0,7,0,37,1,7,13.5,0.586261,7.066667,5.084471,103.33922,0.855718,0.506782
3448,500,2,0,8,1,2,1,1,3,0,1,1,12,3,2,67.0,0.067046,2.610209,3.38807,2.270588,0.438948,0.180974
2820,507,0,0,11,1,3,0,1,0,0,0,0,15,0,0,70.0,0.739961,4.255319,4.459829,37.292102,0.911038,0.65965
8330,681,0,2,9,1,3,0,1,0,2,1,1,13,2,2,67.0,0.352933,6.482593,4.334025,58.013383,0.999932,0.548538
11868,1573,3,1,8,1,5,1,3,2,3,3,0,17,5,3,51.5,0.601071,2.780586,4.064073,20.708625,0.247916,0.440288
4500,471,1,1,2,1,0,1,0,0,0,3,0,3,0,3,89.5,0.948676,9.555556,5.317792,29.9877,0.305796,0.77899
11092,988,2,1,6,4,4,0,1,1,1,4,2,11,2,6,65.0,0.273407,4.147133,4.301005,29.047746,0.777826,0.406668
5992,677,1,3,2,0,2,1,3,4,0,1,0,8,4,1,74.5,0.204902,1.668892,3.665225,2.53267,0.165596,0.209341
6729,616,3,0,2,1,5,0,4,0,1,0,0,11,1,0,76.0,0.467071,5.052757,4.016655,12.541059,0.875397,0.486605
8210,648,0,0,4,1,2,0,2,0,0,4,1,8,0,5,76.5,0.8222,6.942753,6.154582,117.659428,0.705672,0.692224
12614,1314,2,2,3,1,2,0,1,1,0,1,1,6,1,2,83.0,0.996397,6.659267,5.472319,92.142306,0.504999,0.750744
5750,359,0,0,3,0,2,1,1,0,0,0,0,7,0,0,86.0,0.985251,8.695652,6.328894,249.623541,0.794845,0.817868
7944,625,1,0,0,3,2,0,2,0,0,0,0,4,0,0,92.0,0.903034,6.797583,6.281701,108.815492,0.638863,0.818185
13000,1874,3,4,9,3,7,0,5,1,4,5,1,21,5,6,39.0,0.282503,3.384615,4.509646,32.17834,0.60608,0.389341
2200,300,1,0,3,2,2,0,2,0,0,1,0,7,0,1,84.5,0.083272,0.454545,6.644032,0.0,0.140647,0.220867
9606,734,1,1,5,0,3,1,1,0,1,1,0,10,1,1,76.5,0.481892,3.123048,3.82858,11.208217,0.055256,0.447714
13737,1299,0,1,3,1,1,0,2,1,0,2,0,6,1,2,83.0,0.869161,7.352406,6.747026,125.578112,0.509156,0.724335
7266,480,4,1,7,0,3,0,1,0,0,0,2,11,0,2,75.0,0.349653,4.816956,3.686475,28.156016,0.910408,0.484395
18000,1308,3,3,11,3,4,1,2,0,0,4,0,18,0,4,58.0,0.995787,5.444444,6.198904,106.095232,0.718444,0.678817
11000,1875,1,2,18,1,5,2,7,1,0,8,2,32,1,10,19.0,0.283363,2.363636,3.510218,2.373804,0.533986,0.261786
12660,980,0,2,6,2,4,1,1,0,2,2,0,12,2,2,69.0,0.95966,6.319115,5.835196,113.949094,0.783458,0.726633
14652,1300,6,1,10,3,4,3,0,1,1,4,2,17,2,6,53.0,0.545952,5.118755,5.215205,43.599266,0.694392,0.583635
3541,414,1,0,6,1,3,0,0,0,0,0,2,9,0,2,79.0,0.149278,1.976843,3.591931,1.815893,0.402577,0.337086
7453,643,0,0,4,1,3,1,0,0,0,1,0,8,0,1,82.5,0.863116,7.513753,5.882645,198.782059,0.618855,0.684147
9668,1187,1,3,22,1,5,1,2,0,2,1,1,30,2,2,33.0,0.82828,6.723211,5.932291,327.65224,0.940159,0.653144
16500,1816,3,2,7,1,2,1,3,0,0,1,0,13,0,1,72.5,0.60291,6.121212,3.689825,69.446745,0.412085,0.541391
6643,498,1,1,8,2,3,2,1,1,2,1,1,14,3,2,63.0,0.355826,4.666566,4.032459,19.305983,0.918537,0.523094
1985,343,0,0,1,0,1,0,1,0,0,2,0,3,0,2,91.0,0.151411,3.526448,3.951847,2.117538,0.433676,0.324682
3648,326,0,2,5,3,2,0,1,3,0,3,0,8,3,3,73.5,0.551494,4.111842,4.857661,20.96692,0.044716,0.44299
16500,1556,4,3,12,2,5,3,3,2,2,1,2,23,4,3,41.5,0.783118,4.30303,5.307685,31.410989,0.614757,0.549673
7171,808,3,1,6,1,7,0,1,2,2,3,1,14,4,4,58.0,0.046079,1.255055,3.156761,0.263263,0.237185,0.264618
4033,497,1,1,3,0,2,0,2,0,0,2,0,7,0,2,83.0,0.769405,4.463179,5.429792,18.133482,0.27337,0.500471
2867,381,1,1,4,0,1,0,1,1,0,1,1,6,1,2,83.0,0.438086,5.929543,4.817967,10.33782,0.558837,0.46701
2200,339,0,1,5,2,2,0,2,0,0,0,2,9,0,2,79.0,0.12557,1.363636,2.165665,0.732542,0.393174,0.229064
4500,300,1,1,1,0,2,0,0,0,0,0,0,3,0,0,94.0,0.596237,9.777778,5.668692,66.407718,0.923232,0.756369
4500,323,0,0,2,0,2,0,1,0,0,2,0,5,0,2,87.0,0.910811,7.111111,6.729768,79.3837,0.780278,0.77468
10304,1088,3,2,11,0,11,0,1,3,0,3,3,23,3,6,39.0,0.706317,5.628882,5.989461,49.716075,0.697476,0.543133
8215,1213,3,4,23,1,19,2,3,1,0,10,2,47,1,12,0.0,0.842131,9.616555,6.593481,385.221179,0.97027,0.686707
7960,977,0,1,3,1,3,1,4,1,3,0,2,11,4,2,67.0,0.196533,3.894472,3.144205,3.883702,0.327953,0.314731
12733,795,0,1,3,0,3,0,2,0,1,5,0,8,1,5,74.5,0.987402,7.382392,6.275877,268.759048,0.950885,0.699663
4701,732,2,1,10,2,6,1,1,1,0,3,0,18,1,3,57.5,0.133355,2.552648,3.516961,5.292176,0.568002,0.30796
7072,794,1,2,9,1,3,0,1,2,1,1,0,13,3,1,66.5,0.746155,4.807692,6.058592,52.887855,0.525666,0.556323
11026,1261,0,1,9,1,2,1,3,1,0,2,0,15,1,2,65.0,0.710017,6.257936,5.264619,44.529202,0.273164,0.586562
4512,495,0,1,10,1,3,0,1,1,1,3,0,14,2,3,63.5,0.095908,2.881206,3.801576,4.969364,0.513794,0.321503
14101,1512,2,2,5,3,9,1,0,5,0,6,1,15,5,7,49.5,0.466549,3.900433,4.452825,74.164217,0.635563,0.507288
5045,716,2,0,9,0,3,0,0,0,0,3,0,12,0,3,71.5,0.155385,3.766105,3.917134,12.447681,0.6238,0.342814
8936,767,1,0,4,0,4,0,0,0,0,2,0,8,0,2,81.0,0.580291,4.588183,4.708123,1.957278,0.336378,0.534107
4994,735,0,2,5,1,7,0,0,0,0,4,1,12,0,5,68.5,0.635857,3.804565,4.737339,14.909231,0.251118,0.484779
7621,1147,0,2,10,2,3,1,3,1,0,2,0,17,1,2,61.0,0.799398,5.773521,5.224807,8.086967,0.279691,0.518162
9854,630,1,1,2,2,2,0,0,0,0,1,0,4,0,1,90.5,1.0,7.814086,6.249416,295.551546,0.941683,0.734898
5459,479,3,2,5,0,5,0,1,1,2,2,2,11,3,4,66.0,0.644307,5.495512,4.811899,80.47674,0.973751,0.568023
7521,574,0,0,4,1,6,0,1,0,0,0,0,11,0,0,78.0,0.916658,8.376546,6.586523,260.353451,0.716384,0.699211
5956,836,2,2,4,0,4,0,1,1,0,2,2,9,1,4,74.0,0.487501,5.036938,4.296062,9.261631,0.293839,0.440456
11565,1134,2,0,4,0,6,1,1,0,0,4,0,12,0,4,70.0,0.631392,7.003891,3.647438,21.84801,0.181545,0.543788
1860,304,0,0,2,0,1,0,1,1,0,0,0,4,1,0,90.0,0.205694,1.612903,3.606724,0.070726,0.544199,0.322238
4651,373,1,1,2,0,0,0,1,0,1,0,1,3,1,1,90.5,0.468829,4.730166,4.121271,8.236391,0.831512,0.439684
5923,839,2,1,8,4,6,0,1,1,0,0,2,15,1,2,65.0,0.006701,2.870167,2.924902,1.124076,0.377388,0.219281
4578,404,0,1,1,0,2,0,1,1,0,0,0,4,1,0,90.0,0.926449,5.242464,6.118018,12.335372,0.135362,0.609801
4402,340,1,2,2,2,4,0,2,2,1,2,0,8,3,2,75.0,0.405323,4.08905,3.717982,15.991305,0.842358,0.414004
4529,300,1,1,2,0,3,0,0,0,0,1,0,5,0,1,88.5,0.990837,9.052771,6.19532,27.163501,0.487146,0.785172
13554,1070,1,3,8,4,5,3,1,1,1,7,0,17,2,7,51.5,0.756656,5.976096,4.060606,48.102632,0.10307,0.594408
5921,653,1,0,4,1,2,1,0,1,0,1,0,7,1,1,82.5,0.447853,3.377808,3.555409,18.704432,0.211563,0.405173
3200,325,1,1,3,1,2,0,1,0,0,1,1,6,0,2,85.0,0.456569,5.9375,4.48613,23.069087,0.708075,0.538222
9828,1700,3,2,15,5,7,2,5,3,0,3,2,29,3,5,28.5,0.376531,3.663004,3.385278,7.429648,0.273602,0.319419
7647,477,2,0,5,1,1,0,1,1,1,4,0,7,2,4,76.0,0.841711,8.892376,5.66129,101.850672,0.997159,0.739252
10805,1435,3,1,5,2,10,2,1,0,0,0,2,18,0,2,61.0,0.167297,2.869042,4.231581,20.953352,0.24231,0.361614
11416,1165,3,2,6,1,4,1,2,0,0,0,0,13,0,0,74.0,0.818098,7.270498,5.684856,127.248337,0.609676,0.679306
7271,544,3,0,3,1,2,0,3,0,0,2,0,8,0,2,81.0,1.0,7.014166,6.690301,73.507254,0.906014,0.847435
9870,726,3,1,4,1,4,1,2,3,2,1,2,11,5,3,63.5,0.399842,3.343465,4.823262,15.912507,0.915945,0.455734
3403,439,0,1,4,2,4,0,0,2,0,5,1,8,2,6,71.0,0.281644,3.5263,2.324805,0.218508,0.001847,0.182063
16500,2006,3,4,10,3,7,1,6,1,0,3,0,24,1,3,45.5,0.775579,4.909091,5.892061,56.084363,0.243187,0.487561
7034,856,0,0,3,0,4,1,2,0,1,2,0,10,1,2,75.0,0.616554,5.260165,5.286428,14.501496,0.403843,0.443586
6782,1221,1,1,12,0,5,1,6,2,0,4,0,24,2,4,42.0,0.24571,2.211737,3.007121,2.652075,0.403516,0.224741
8302,1509,3,1,10,2,14,3,0,3,2,5,3,27,5,8,24.0,0.131939,1.084076,2.814175,0.775706,0.552089,0.204739
7940,783,0,0,2,1,2,0,1,0,0,1,0,5,0,1,88.5,0.63866,4.156171,4.294083,20.745099,0.283062,0.482776
3200,300,2,0,4,0,5,1,0,0,0,2,0,10,0,2,77.0,0.237955,4.0625,5.368033,7.419405,0.956228,0.466023
10669,1228,2,1,0,2,6,0,1,1,0,1,0,7,1,1,82.5,0.961675,9.841597,6.362771,238.883594,0.50541,0.811715
5248,391,0,0,2,0,0,1,1,0,1,1,1,4,1,2,87.0,0.486877,6.478659,5.420147,24.12197,0.96179,0.64774
2600,339,0,0,0,1,0,1,1,0,0,2,0,2,0,2,93.0,0.496815,2.692308,4.300219,10.978486,0.40475,0.505541
13791,2103,1,2,10,2,8,1,4,0,0,4,2,23,0,6,45.0,0.422514,4.495686,3.917753,21.770726,0.439687,0.421191
4631,563,0,0,8,0,4,2,1,0,0,4,1,15,0,5,62.5,0.979098,7.773699,6.78982,164.886594,0.779543,0.717903
3085,495,1,2,4,1,2,0,1,0,0,4,0,7,0,4,80.0,0.310617,5.186386,4.344075,4.438311,0.495774,0.406182
13958,872,0,2,2,0,4,1,0,0,0,0,1,7,0,1,84.5,0.962888,5.874767,5.981031,89.526551,0.85859,0.683411
5254,379,2,1,3,1,2,0,1,1,0,1,0,6,1,1,84.5,0.47394,4.377617,4.248875,39.358339,0.699491,0.536178
2125,306,1,0,1,0,3,0,1,0,0,2,1,5,0,3,85.5,0.041593,0.941176,2.888818,0.0,0.113122,0.202673
5812,973,5,2,6,1,7,0,1,2,4,6,1,14,6,7,49.5,0.173068,2.064694,2.655067,2.066486,0.473284,0.25796
5590,1129,0,3,6,1,6,1,2,2,1,2,0,15,3,2,61.0,0.107124,2.862254,1.965737,1.510758,0.344612,0.232005
16798,1387,4,7,7,2,3,1,2,1,0,4,0,13,1,4,66.0,0.986018,6.250744,6.737271,170.252177,0.642668,0.78491
2600,300,1,1,2,1,4,2,1,1,2,2,0,9,3,2,73.0,0.695809,3.846154,4.864863,2.953371,0.03875,0.41847
5670,1002,2,1,8,0,3,5,1,1,0,3,0,17,1,3,59.5,0.247935,4.938272,3.913042,13.476275,0.490396,0.370668
5412,484,0,1,3,0,1,0,1,0,0,1,0,5,0,1,88.5,0.882239,5.728012,5.661101,84.350523,0.595377,0.661048
6439,940,1,1,4,1,4,1,2,1,1,4,0,11,2,4,68.0,0.461523,4.193198,4.317724,23.560473,0.350663,0.491678
7517,580,1,0,6,1,5,1,0,0,0,1,0,12,0,1,74.5,0.923562,7.183717,7.215734,151.099806,0.789166,0.748449
16500,1321,2,1,11,1,7,0,5,1,0,6,1,23,1,7,41.5,0.525688,4.0,5.529803,18.947906,0.071733,0.427222
12830,1365,1,1,4,0,3,0,1,0,0,4,3,8,0,7,73.5,0.74798,5.222136,5.381943,95.886469,0.560423,0.704302
6989,757,1,0,8,2,3,0,4,1,0,2,0,15,1,2,65.0,0.044905,1.860066,2.091089,1.775515,0.676214,0.237774
9695,1225,4,1,9,0,5,1,5,1,0,5,2,20,1,7,47.5,0.130098,1.753481,2.954462,3.911255,0.183215,0.227322
7721,548,0,0,1,0,2,0,0,0,1,1,0,3,1,1,90.5,0.839466,5.569227,6.318184,143.872712,0.717089,0.704962
4656,493,1,1,5,1,7,1,3,1,0,1,0,16,1,1,64.5,0.369084,3.865979,5.515033,14.157922,0.76407,0.45494
9342,741,0,2,4,2,2,1,1,0,0,2,0,8,0,2,81.0,0.736015,5.994434,5.347811,46.963051,0.682814,0.732395
6206,659,2,0,12,1,2,0,2,2,1,3,2,16,3,5,54.5,0.6249,5.478569,3.72958,27.834101,0.702262,0.502409
5463,810,5,0,6,1,6,1,1,0,0,2,0,14,0,2,69.0,0.707364,4.210141,4.840623,6.152595,0.323166,0.425335
8239,693,2,1,6,0,3,1,0,0,0,3,0,10,0,3,75.5,0.550378,2.548853,5.043262,16.70966,0.076477,0.454917
5961,721,2,3,6,3,13,0,3,3,0,1,0,22,3,1,48.5,0.156636,1.677571,3.693698,4.118202,0.800839,0.222948
2731,382,0,0,2,0,1,0,0,1,1,2,0,3,2,2,87.0,0.274318,2.92933,3.736291,0.803171,0.539248,0.354823
6482,670,3,0,4,0,2,0,0,0,0,3,0,6,0,3,83.5,0.555719,4.936748,3.666572,13.315834,0.144553,0.500809
15037,1218,2,3,15,3,5,1,1,0,1,3,4,22,1,7,43.5,0.771382,6.184744,5.460204,200.822964,0.275591,0.458209
12365,898,1,2,2,3,0,0,3,0,0,4,0,5,0,4,84.0,0.6998,5.337647,5.106608,35.835831,0.962998,0.704693
12149,1901,2,0,13,2,10,0,3,4,1,6,1,26,5,7,27.5,0.596944,6.008725,4.374618,22.635671,0.35273,0.481269
11000,1415,3,2,14,3,14,0,5,1,1,5,2,33,2,7,19.5,0.09155,1.090909,4.11509,3.347543,0.284825,0.213337
12229,1345,2,1,9,1,2,2,2,1,0,2,0,15,1,2,65.0,0.455553,3.679778,5.024725,36.256912,0.563909,0.432313
5765,625,1,0,4,0,3,0,1,0,0,1,0,8,0,1,82.5,0.690508,4.163053,5.899854,18.028568,0.339586,0.539675
7283,852,3,0,13,2,6,1,3,0,2,7,0,23,2,7,39.5,0.088691,2.334203,2.822544,10.634072,0.084862,0.207502
11658,1067,2,1,14,1,4,3,4,0,1,3,2,25,1,5,40.5,0.27076,5.232458,4.224704,27.486798,0.673923,0.558506
6557,442,2,1,6,2,2,0,0,1,0,0,0,8,1,0,82.0,0.765558,8.387982,5.196275,195.708226,0.983762,0.747761
10841,1063,2,3,7,1,6,2,3,0,2,4,1,18,2,5,52.5,0.371403,3.874181,4.81939,24.161862,0.681641,0.501717
10650,837,0,2,3,0,3,1,0,1,0,1,0,7,1,1,82.5,0.685721,4.225352,5.794722,28.473993,0.73026,0.675851
15005,937,3,1,3,3,4,1,2,1,0,4,0,10,1,4,72.0,0.890237,7.93069,6.401064,128.665539,0.940121,0.767555
10759,1307,1,1,10,1,6,2,3,1,2,6,1,21,3,7,41.5,0.665251,3.996654,4.26551,59.396057,0.316425,0.542011
6293,889,4,3,18,0,7,2,3,0,1,3,0,30,1,3,33.5,0.969931,8.26315,5.938429,224.376984,0.931478,0.758508
5147,375,0,0,1,0,0,0,0,0,0,0,0,1,0,0,98.0,0.979588,10.491548,6.745549,223.630109,0.701961,0.852365
7322,934,1,2,10,1,8,0,2,0,0,2,0,20,0,2,57.0,0.349822,6.692161,4.766306,147.577015,0.462928,0.466215
5853,766,0,2,4,0,4,1,2,1,1,0,1,11,2,1,72.5,0.07929,1.025115,2.77895,0.286239,0.542074,0.171648
8151,979,1,1,6,1,4,1,2,0,1,2,0,13,1,2,69.0,0.313422,5.766164,3.683396,13.855841,0.389765,0.539799
6943,778,0,1,4,0,2,0,0,0,1,4,0,6,1,4,80.0,0.284383,3.744779,4.055357,39.09751,0.644579,0.447275
3200,365,0,0,0,0,0,2,1,1,0,0,0,3,1,0,92.0,0.422735,5.625,3.922191,16.857512,0.377264,0.533839
2387,321,2,0,3,1,3,0,0,0,0,2,0,6,0,2,85.0,0.249356,3.351487,3.125639,0.187413,0.274437,0.330218
4159,385,0,0,2,0,0,2,3,2,0,5,0,7,2,5,74.5,0.785088,5.770618,6.200035,34.295296,0.686709,0.577348
4502,508,0,0,3,1,3,0,0,0,0,0,0,6,0,0,88.0,0.591578,3.998223,5.113724,10.315568,0.300124,0.441587
6572,549,0,0,1,0,2,0,0,1,0,2,1,3,1,3,87.5,0.871909,8.064516,5.445273,52.935939,0.430179,0.724426
18000,1186,2,1,6,0,2,2,0,0,0,1,0,10,0,1,78.5,0.870639,8.0,7.108164,103.862677,0.739203,0.817662
4168,558,2,1,7,2,6,0,3,1,1,4,0,16,2,4,58.0,0.900615,9.117083,5.610374,133.144545,0.758664,0.70707
4508,631,1,0,4,2,6,2,1,0,1,5,0,13,1,5,64.5,0.079077,1.330967,2.084606,0.454169,0.505164,0.225087
13039,1649,1,0,12,3,8,1,5,4,1,5,1,26,5,6,29.0,0.472871,3.527878,4.357531,17.075107,0.421602,0.440372
8904,1020,2,2,1,0,0,0,1,2,0,0,0,2,2,0,92.0,0.933896,6.626235,5.625378,30.324051,0.285886,0.656157
7382,517,1,2,5,0,2,1,1,0,1,1,0,9,1,1,78.5,0.743897,6.231374,5.304959,46.14328,0.141461,0.587042
5214,612,2,3,9,1,7,2,4,1,0,3,1,22,1,4,48.0,0.166276,2.87687,2.383978,0.953737,0.311291,0.264129
10236,1361,5,0,5,5,6,0,2,2,1,6,1,13,3,7,57.5,0.035027,1.270027,2.324666,0.537032,0.461539,0.186468
2611,300,1,1,5,1,2,0,1,0,0,0,0,8,0,0,84.0,0.555033,4.978935,4.758769,9.967306,0.652034,0.473407
14582,1473,0,1,5,3,6,0,2,1,3,5,2,13,4,7,55.5,0.34349,4.594706,3.964881,15.164481,0.570653,0.415163
10404,1025,0,2,13,1,8,1,6,1,1,7,0,28,2,7,29.5,0.262816,4.036909,4.383647,26.412092,0.720547,0.453424
11425,837,3,2,7,1,5,1,2,1,0,2,0,15,1,2,65.0,0.927349,6.739606,5.333158,280.647713,0.963261,0.743789
10397,1137,2,0,5,3,4,0,0,1,3,2,2,9,4,4,68.0,0.655041,4.23199,4.158268,22.958342,0.39326,0.55342
5166,532,1,0,5,0,1,1,0,0,1,2,0,7,1,2,81.0,0.27936,2.9036,3.499269,8.269503,0.151827,0.32236
6191,882,3,2,9,0,4,2,2,4,1,4,2,17,5,6,47.0,0.043509,0.646099,1.818924,0.813469,0.328402,0.172159
7823,755,1,1,8,1,6,0,2,4,0,1,0,16,4,1,58.5,0.094217,3.067877,3.443914,12.628998,0.527547,0.335535
8540,956,1,1,9,1,3,1,2,3,0,4,0,15,3,4,58.0,0.521341,5.035129,3.446889,12.055567,0.344993,0.515499
16460,1028,1,0,3,0,1,0,1,0,1,1,0,5,1,1,86.5,0.661776,6.075334,5.459013,120.256756,0.930802,0.662567
2890,436,0,1,3,0,2,0,2,1,0,2,1,7,1,3,79.5,0.033803,1.384083,3.304135,7.85451,0.448063,0.267521
6488,1234,3,4,15,1,12,0,3,0,1,4,0,30,1,4,32.0,1.0,9.864365,6.054243,67.281279,0.592191,0.770265
7565,830,2,0,3,0,1,0,2,1,0,0,0,6,1,0,86.0,0.621785,3.965631,4.669347,36.49724,0.376383,0.440389
6820,719,2,1,5,0,4,1,2,0,2,3,2,12,2,5,64.5,0.306691,4.398827,4.018626,18.856015,0.388778,0.429319
6267,560,0,0,3,2,1,0,1,2,0,2,0,5,2,2,83.0,0.435412,4.627413,5.215797,9.915675,0.70762,0.451421
14373,1153,7,3,19,1,10,5,2,2,0,6,2,36,2,8,12.0,0.740474,6.331316,5.084249,173.627744,0.898589,0.605183
12727,1285,3,0,1,1,2,1,1,0,0,3,2,5,0,5,82.5,0.969504,8.32875,5.420185,70.103154,0.505533,0.784987
2800,332,3,0,5,2,6,0,2,0,1,2,1,13,1,3,67.5,0.820087,7.5,5.338132,22.345687,0.634414,0.684528
16500,2277,2,1,7,3,7,0,4,0,0,4,0,18,0,4,58.0,0.715454,6.424242,4.870151,50.072892,0.566932,0.520854
10594,1714,3,2,14,1,10,1,2,1,2,3,1,27,3,4,34.0,0.197743,2.737399,3.794367,13.72927,0.364418,0.313164
7952,974,3,1,4,3,5,2,1,1,1,1,1,12,2,2,69.0,0.879148,4.652918,5.279357,23.73902,0.375132,0.587847
4958,861,2,5,6,2,2,1,3,1,2,2,2,12,3,4,64.0,0.139509,2.420331,4.102098,6.966457,0.56354,0.36775
5118,796,0,1,5,4,4,1,2,2,0,2,0,12,2,2,69.0,0.571554,3.516999,4.919951,4.246528,0.599219,0.413047
15133,1619,5,2,11,1,7,0,1,2,0,5,2,19,2,7,47.5,0.885221,4.625653,6.004396,28.485152,0.391455,0.505151
6790,463,0,1,3,0,2,1,0,0,0,1,0,6,0,1,86.5,0.916829,10.014728,6.736694,108.657783,0.781151,0.827574
3815,750,1,1,4,1,2,0,3,0,0,1,0,9,0,1,80.5,0.067162,1.310616,4.180463,0.363271,0.511546,0.249853
4784,616,0,1,11,0,9,1,3,2,2,4,0,24,4,4,38.0,0.909279,7.943144,4.940947,23.213213,0.358589,0.652678
9780,959,0,0,1,0,2,0,2,0,0,2,0,5,0,2,87.0,0.958804,6.543967,5.849554,71.377404,0.542441,0.688796
3200,300,0,0,2,1,1,0,0,0,0,0,0,3,0,0,94.0,0.631614,5.3125,4.320651,10.015308,0.255742,0.468794
10267,804,2,0,3,3,5,3,1,0,2,4,1,12,2,5,64.5,0.319881,3.798578,4.261693,28.264237,0.888984,0.41614
8058,1052,2,0,4,1,5,2,2,2,0,2,1,13,2,3,65.5,0.461439,3.971209,4.328933,18.019273,0.350512,0.404214
5853,889,1,0,6,0,2,0,5,2,1,4,0,13,3,4,62.0,0.166875,2.221083,3.634913,8.133425,0.230382,0.209042
1500,300,1,0,7,0,3,2,2,0,0,0,0,14,0,0,72.0,0.252575,2.666667,3.221076,0.120392,0.778424,0.341452
11000,2067,5,3,17,4,9,3,4,1,3,7,1,33,4,8,14.0,0.016865,2.090909,2.544639,5.177037,0.480423,0.197811
7965,763,1,0,2,2,2,0,1,0,0,1,1,5,0,2,87.0,0.982865,6.528562,6.436209,33.838985,0.285961,0.727355
6939,473,0,1,3,1,4,0,0,0,1,0,0,7,1,0,84.0,0.794934,5.764519,6.430669,32.015569,0.758297,0.702809
18000,1516,0,1,8,1,3,1,2,0,2,0,2,14,2,2,65.0,0.798465,7.944444,5.49618,275.180288,0.643199,0.714961
8453,661,2,0,1,0,4,2,0,0,0,2,0,7,0,2,83.0,0.939811,6.388265,6.98885,68.848259,0.845724,0.731075
4886,621,0,2,6,0,2,0,2,3,1,4,0,10,4,4,66.0,0.694394,6.958657,4.289947,18.421633,0.202971,0.645346
9158,1294,2,0,2,0,7,2,0,4,0,4,2,11,4,6,61.0,0.069985,2.183883,3.547136,4.831241,0.66389,0.333575
17298,1081,5,0,7,3,3,0,4,0,0,2,0,14,0,2,69.0,1.0,6.243496,6.160956,109.880541,0.686834,0.691488
12591,1209,2,3,3,3,4,0,2,0,0,2,0,9,0,2,79.0,0.608007,5.797792,5.117695,33.147804,0.706078,0.657619
6699,679,3,1,4,0,2,0,1,1,0,2,1,7,1,3,79.5,0.094685,1.642036,3.296751,2.731368,0.437235,0.179916
3218,300,1,0,2,1,2,0,1,1,0,0,0,5,1,0,88.0,0.691037,4.972032,5.25558,1.584375,0.065259,0.467525
11450,920,1,3,6,0,0,1,1,1,1,0,0,8,2,0,80.0,0.800049,6.462882,6.320239,38.290433,0.671771,0.722267
13272,1268,2,0,6,1,2,1,3,2,1,3,1,12,3,4,64.0,1.0,6.555154,6.466387,92.543267,0.604875,0.719481
18000,1209,3,0,10,1,6,1,4,0,1,1,1,21,1,2,53.0,0.991738,8.388889,6.686783,669.886406,0.841642,0.731299
5641,938,0,1,9,1,5,0,1,0,2,2,2,15,2,4,60.0,0.768471,6.736394,5.726722,147.618186,0.831818,0.684744
9048,1078,2,1,7,1,6,2,1,1,0,2,0,16,1,2,63.0,0.539986,5.30504,4.303728,38.627842,0.300751,0.452045
13000,1494,2,4,5,5,6,2,2,1,4,9,0,15,5,9,46.5,0.014913,0.846154,2.739158,0.718068,0.252505,0.164305
16500,1778,5,1,4,1,4,3,0,1,0,2,0,11,1,2,73.0,0.672849,3.818182,5.028138,60.097442,0.316393,0.459251
1553,300,0,0,3,1,0,0,0,1,0,0,0,3,1,0,92.0,0.146412,5.15132,1.683884,0.689892,0.089432,0.286995
14728,1597,2,0,6,0,3,1,2,1,0,0,1,12,1,1,72.5,0.99447,8.690929,6.834088,233.177915,0.52879,0.783423
7103,647,2,1,10,1,2,1,1,0,0,1,0,14,0,1,70.5,0.275531,3.660425,4.214047,9.585,0.981069,0.400914
15000,2308,2,2,17,6,14,2,5,0,0,6,3,38,0,9,10.5,0.315837,2.8,4.397945,20.538815,0.546079,0.408294
5902,628,0,0,5,0,4,1,2,2,0,2,2,12,2,4,66.0,0.827966,3.219248,5.811088,5.342757,0.178169,0.508969
14052,1486,2,1,9,1,10,1,3,1,1,4,5,23,2,9,36.5,0.523975,4.625676,4.167581,86.797832,0.945736,0.467659
12046,1125,3,1,4,1,2,0,2,1,2,1,1,8,3,2,75.0,0.677665,6.807239,6.136302,82.785631,0.607165,0.665081
8268,1072,1,3,11,1,4,0,1,2,0,7,1,16,2,8,52.0,0.532193,4.596033,4.61545,13.889545,0.401744,0.439869
9207,590,0,0,1,1,2,1,1,1,0,2,0,5,1,2,85.0,0.795396,5.322038,6.47166,152.133063,0.889603,0.695095
2104,300,0,0,2,1,4,0,1,0,1,1,1,7,1,2,81.0,0.121871,1.425856,1.196375,0.029755,0.0602,0.172324
8760,627,1,0,8,1,4,2,2,2,0,2,0,16,2,2,61.0,0.494065,4.109589,4.319459,21.194948,0.938277,0.435304
10098,673,2,1,3,1,5,0,0,0,2,0,0,8,2,0,80.0,0.766789,6.634977,6.637679,52.328124,0.569597,0.681162
5991,699,3,2,5,0,5,1,3,2,0,2,3,14,2,5,60.5,0.491676,6.342848,4.994765,23.145424,0.862221,0.468331
7078,1140,2,6,15,0,4,1,2,3,1,5,0,22,4,5,40.5,0.05542,1.554111,3.191959,5.902771,0.696519,0.252258
13951,1120,2,0,10,1,2,0,0,1,0,4,5,12,1,9,60.5,0.271778,3.583972,4.346247,28.554824,0.91997,0.494744
8248,802,0,2,6,0,6,1,2,0,1,2,3,15,1,5,60.5,0.086583,1.333657,3.052659,4.190583,0.106921,0.247891
12638,1247,1,0,2,0,4,2,1,0,1,0,1,9,1,1,78.5,0.747521,6.250989,5.658649,107.19356,0.601392,0.706378
9433,1332,4,0,9,0,5,0,2,2,1,6,0,16,3,6,53.0,0.350669,4.982508,3.712055,16.040549,0.357296,0.464353
18000,1459,3,0,7,1,4,1,5,2,0,2,2,17,2,4,56.0,0.888755,5.388889,4.628596,103.896456,0.570264,0.657355
13529,1953,2,3,6,0,5,5,5,1,1,5,3,21,2,8,42.0,0.770354,5.469732,4.517117,34.608519,0.514379,0.52503
3392,362,3,1,7,1,4,0,1,0,3,3,1,12,3,4,64.0,0.157143,1.768868,5.168869,5.519336,0.506945,0.22868
7561,871,0,1,4,3,2,0,2,0,1,4,0,8,1,4,76.0,0.098124,1.058061,2.945614,1.113904,0.635754,0.231903
4303,496,1,0,7,4,1,0,1,0,0,3,0,9,0,3,77.5,0.335995,5.577504,4.885123,24.926772,0.538675,0.551538
13521,1021,2,2,9,0,6,1,3,0,2,2,1,19,2,3,53.5,0.65527,3.697951,3.953736,20.894578,0.05665,0.436819
3224,496,0,0,3,2,1,0,1,1,0,1,0,5,1,1,86.5,0.0,1.861042,2.45673,0.009395,0.426156,0.250145
12646,839,3,0,10,2,2,2,0,0,0,2,1,14,0,3,67.5,0.891425,7.907639,6.537407,439.055574,0.930479,0.839557
4500,300,0,2,1,1,2,0,0,0,0,1,0,3,0,1,92.5,0.951366,6.666667,6.099137,132.821714,0.845118,0.724099
18000,1134,1,0,6,2,1,0,1,0,1,3,1,8,1,4,76.0,0.891878,7.0,6.583629,145.485694,0.822429,0.675874
8316,771,1,2,7,4,6,1,2,0,0,2,0,16,0,2,65.0,0.291965,4.689755,5.017317,35.861648,0.962139,0.496472
2800,379,0,0,1,1,7,0,2,0,1,2,0,10,1,2,75.0,0.847657,14.642857,5.722763,151.669223,0.78811,0.7576
3200,334,1,0,4,1,1,0,0,0,0,2,0,5,0,2,87.0,0.498235,5.625,4.486417,22.086849,0.641211,0.491722
6725,808,2,3,8,1,6,0,4,0,1,2,2,18,1,4,56.0,0.14787,2.527881,3.393579,8.765851,0.793591,0.28238
6252,1068,3,0,13,3,5,3,2,1,3,5,1,23,4,6,37.0,0.088597,3.518874,2.411225,3.0857,0.225485,0.185676
6656,1058,0,2,14,4,6,1,3,1,0,2,0,24,1,2,47.0,0.104685,1.802885,3.909102,0.60805,0.44324,0.250583
13673,1261,1,3,7,0,4,1,2,2,1,4,0,14,3,4,60.0,0.622216,3.949389,5.143859,12.325706,0.23912,0.410326
9473,793,3,0,5,1,2,1,4,0,1,2,1,12,1,3,69.5,0.878568,8.022802,6.190528,20.735434,0.457981,0.679875
16500,1675,3,1,7,0,2,1,4,1,1,2,0,14,2,2,65.0,0.679254,6.060606,5.542669,56.05237,0.412306,0.622191
8976,1102,0,1,13,1,5,0,0,0,0,2,1,18,0,3,59.5,0.425454,3.676471,4.03464,2.831048,0.572028,0.454474
6027,449,2,2,4,1,1,1,2,1,1,2,0,8,2,2,77.0,0.531817,5.309441,5.177481,32.05853,0.973595,0.535176
10977,775,4,0,1,0,4,1,4,0,0,4,0,10,0,4,74.0,0.879117,7.470165,5.985601,352.60771,0.940835,0.744296
4500,314,0,1,2,0,1,0,0,0,0,0,0,3,0,0,94.0,0.92634,7.333333,6.108119,130.042834,0.436093,0.715415
10014,1108,1,5,3,1,7,1,1,0,0,7,0,12,0,7,65.5,0.448745,4.293988,4.755359,57.477828,0.589799,0.482984
13867,866,1,0,8,1,3,0,1,0,1,2,0,12,1,2,71.0,0.708114,7.283479,5.736876,179.694838,0.858717,0.680724
3200,300,0,0,1,0,2,0,1,0,1,2,0,4,1,2,87.0,0.540968,4.375,4.316888,13.041902,0.890906,0.47738
6164,385,3,0,4,0,0,0,0,0,0,0,0,4,0,0,92.0,0.987069,6.489293,5.499416,86.198015,0.900869,0.769652
7886,855,1,1,12,1,3,1,1,1,1,2,0,17,2,2,59.0,0.743492,6.847578,5.428076,22.631862,0.364742,0.649075
8077,943,0,0,3,2,3,0,0,0,1,3,0,6,1,3,81.5,0.916481,7.552309,5.288479,28.179527,0.307762,0.741117
3818,442,1,1,5,2,4,2,2,0,1,3,1,13,1,4,66.0,0.726397,4.71451,5.938331,4.680227,0.714319,0.470791
6167,756,1,0,5,0,5,0,0,1,2,4,1,10,3,5,66.5,0.400468,5.026755,3.906796,12.61433,0.431306,0.414424
2202,300,1,0,0,1,4,1,1,0,1,1,1,6,1,2,83.0,0.121371,1.81653,2.726365,0.004265,0.169143,0.187871
6922,707,0,0,3,0,2,2,0,1,2,1,0,7,3,1,78.5,0.605417,7.223346,4.501289,51.911507,0.626539,0.581549
3291,397,2,0,2,2,4,2,1,2,0,0,0,9,2,0,78.0,0.528155,1.215436,3.958108,1.713341,0.210876,0.327347
4308,526,2,1,5,0,1,1,1,1,0,6,0,8,1,6,73.0,0.149814,1.85701,3.634865,1.052204,0.660317,0.244514
4685,409,1,0,3,0,0,0,0,1,0,0,0,3,1,0,92.0,0.753523,6.830309,4.318109,16.205459,0.279337,0.571556
4859,326,0,1,4,1,0,0,2,1,1,0,0,6,2,0,84.0,0.985712,9.261165,6.133231,76.825145,0.967922,0.841842
18000,1188,0,2,6,2,0,0,1,0,0,2,1,7,0,3,81.5,0.851109,7.277778,6.044372,501.644096,0.949173,0.782175
18000,1641,4,3,8,3,5,1,2,0,2,3,1,16,2,4,58.0,1.0,7.777778,6.641949,240.604304,0.622321,0.682885
10498,1157,2,3,7,0,4,0,4,0,1,3,1,15,1,4,62.0,0.322202,3.524481,4.098581,15.819562,0.336214,0.419098
12402,795,0,1,9,1,5,2,2,1,1,3,0,18,2,3,55.5,0.877012,5.886147,6.735983,214.81489,0.705395,0.653165
8976,873,1,0,9,3,5,0,2,2,2,7,0,16,4,7,49.5,0.28774,2.339572,3.109998,9.151431,0.777139,0.265828
3200,434,1,0,5,1,2,0,1,0,0,2,0,8,0,2,81.0,0.697082,3.75,4.045616,5.712009,0.429101,0.526899
5392,347,1,0,1,1,2,0,0,0,1,0,0,3,1,0,92.0,0.738731,4.636499,6.303985,35.704883,0.586527,0.666458
10619,1162,3,3,6,0,7,1,5,0,0,3,2,19,0,5,54.5,0.110862,3.295979,3.34132,4.478176,0.759624,0.264664
7008,665,0,0,1,2,1,0,2,0,0,0,1,4,0,1,90.5,0.761123,7.848174,5.561684,45.69723,0.531085,0.691751
3747,570,3,0,3,2,2,1,0,0,1,2,0,6,1,2,83.0,0.215158,2.935682,3.378967,2.229709,0.288398,0.418089
12127,1013,1,4,17,2,7,1,3,2,0,8,0,28,2,8,28.0,0.697464,4.782716,4.642791,57.075623,0.89703,0.505343
10926,1088,4,2,14,1,8,2,1,3,2,0,1,25,5,1,38.5,0.22023,1.738971,2.607744,0.988199,0.319997,0.245708
5837,364,0,1,5,0,1,1,2,1,0,0,0,9,1,0,80.0,0.941003,7.70944,6.384328,55.866396,0.898658,0.750154
9472,639,0,0,3,0,3,0,0,0,0,0,1,6,0,1,86.5,0.87166,5.595439,6.264208,201.963974,0.790596,0.714744
4319,663,4,0,8,3,11,0,1,1,1,2,0,20,2,2,53.0,0.919143,5.788377,5.359902,75.495315,0.977343,0.690893
4188,634,0,2,4,3,4,0,3,1,0,4,3,11,1,7,65.5,0.73238,4.297994,4.212715,29.888641,0.249114,0.530925
2800,349,0,0,4,1,3,1,0,0,1,2,0,8,1,2,79.0,0.756738,8.928571,5.842386,109.065128,0.913293,0.672339
10001,1354,3,2,15,2,8,5,8,4,1,7,5,36,5,12,0.0,0.260201,3.19968,4.105495,4.38765,0.65865,0.245364
5006,599,0,0,9,0,7,1,1,1,0,2,2,18,1,4,56.0,0.871088,10.387535,5.778245,218.395255,0.793196,0.696555
3426,409,0,1,7,1,1,2,0,0,0,1,1,10,0,2,77.0,0.196229,1.459428,4.073451,3.3e-05,0.197619,0.234012
2763,326,0,0,2,3,1,1,0,0,1,2,1,4,1,3,85.5,0.332688,5.066956,2.443398,3.127024,0.595732,0.377608
3652,300,1,0,4,3,1,0,0,1,0,1,0,5,1,1,86.5,0.490079,4.107338,4.43256,8.252149,0.953541,0.446016
6252,617,1,1,2,1,0,1,0,0,0,0,2,3,0,2,91.0,0.785152,6.078055,4.878814,24.628056,0.41295,0.590682
6037,678,2,4,14,0,8,3,3,2,1,3,3,28,3,6,29.0,0.072636,1.490807,3.174979,0.826924,0.771942,0.232734
14891,985,1,0,9,2,3,0,3,1,0,6,0,15,1,6,59.0,0.937819,8.394332,5.909471,126.667693,0.737288,0.713811
3200,300,1,1,4,1,2,0,0,1,0,1,0,6,1,1,84.5,0.645094,5.9375,4.672993,22.887049,0.714322,0.549949
10647,865,2,0,3,1,1,0,2,0,1,2,0,6,1,2,83.0,0.57501,5.259698,5.305665,26.89122,0.692743,0.675955
13000,1376,5,1,15,1,5,0,3,0,1,6,3,23,1,9,38.5,0.195973,2.769231,3.408852,5.82538,0.57158,0.26975
10974,1061,6,1,5,5,6,1,6,2,0,1,0,18,2,1,58.5,0.516542,4.191726,4.873733,9.533206,0.080789,0.410298
9330,1376,3,1,11,6,5,0,4,1,0,2,3,20,1,5,50.5,0.109027,2.143623,2.312854,0.720636,0.279055,0.201401
6434,430,0,0,2,1,2,1,1,0,0,3,0,6,0,3,83.5,0.974199,6.527821,6.666417,169.372101,0.871796,0.795336
13962,1019,3,0,5,4,9,0,6,1,0,3,1,20,1,4,52.0,0.900429,7.878527,5.701194,383.094612,0.5671,0.734676
2600,316,4,1,5,0,2,1,1,0,0,2,1,9,0,3,77.5,0.571758,6.538462,4.073592,8.497398,0.470373,0.512551
5630,569,2,2,5,2,1,3,0,3,0,4,1,9,3,5,68.5,0.451504,3.374778,3.880564,2.039552,0.540646,0.374432
7438,595,6,1,5,0,3,0,0,0,2,1,0,8,2,1,78.5,0.4119,4.302232,4.236408,17.907727,0.820516,0.556858
3677,370,1,0,3,0,3,2,2,0,0,2,2,10,0,4,74.0,0.445359,4.623334,5.129894,5.545648,0.396818,0.422306
8645,1141,5,3,13,3,15,6,2,1,0,2,1,36,1,3,21.5,0.819084,8.791209,6.169894,126.204544,0.933535,0.660175
8606,1143,1,1,8,1,4,3,4,4,1,2,1,19,5,3,47.5,0.048234,2.672554,2.493036,4.661311,0.56045,0.235384
6492,405,1,0,3,1,1,0,1,0,1,1,0,5,1,1,86.5,1.0,8.934073,7.17532,183.451608,0.997992,0.860666
15210,950,0,3,9,0,4,1,2,0,0,3,1,16,0,4,62.0,0.763762,5.982906,6.084196,68.820389,0.797195,0.694319
7568,1030,2,0,12,1,6,0,1,2,0,7,5,19,2,12,40.0,0.084383,2.114165,3.509014,0.743423,0.769502,0.222369
1525,300,0,1,0,0,1,0,0,0,0,1,0,1,0,1,96.5,0.168296,2.622951,3.117221,0.419867,0.547946,0.293421
10216,1854,2,5,12,3,9,0,3,1,3,7,2,24,4,9,30.5,0.348914,3.132341,5.009165,21.783174,0.560087,0.283603
6100,755,2,2,8,3,8,1,2,0,3,4,1,19,3,5,48.5,0.290291,1.967213,4.048769,0.980471,0.249314,0.240608
10132,1152,2,2,5,0,5,2,3,3,0,4,1,15,3,5,56.5,0.373096,3.947888,4.844521,25.552612,0.658887,0.465075
5905,829,2,3,10,1,4,0,0,2,0,1,1,14,2,2,65.0,0.133818,1.354784,2.516749,3.602606,0.15782,0.171774
9941,1253,2,4,21,3,6,0,4,5,0,7,1,31,5,8,16.0,8.6e-05,1.005935,3.223015,0.1368,0.027618,0.084198
4883,319,1,2,3,1,2,0,1,0,0,0,0,6,0,0,88.0,0.863192,6.143764,6.772897,28.90165,0.931485,0.825133
10558,1388,3,2,12,0,7,3,3,0,1,5,0,25,1,5,40.5,0.606391,4.262171,4.296342,10.627121,0.474057,0.400571
7808,488,1,0,1,0,2,0,0,0,0,1,0,3,0,1,92.5,0.75365,4.994877,4.824261,46.891233,0.581968,0.67618
3200,319,2,0,1,0,3,0,1,1,0,0,0,5,1,0,88.0,0.676179,4.375,3.058808,1.534872,0.058967,0.408793
8111,589,1,1,5,2,3,0,0,0,1,4,0,8,1,4,76.0,0.602738,5.301442,5.072546,20.87726,0.698162,0.495756
5582,379,1,0,6,2,1,0,3,0,0,2,0,10,0,2,77.0,0.677271,4.478681,4.758768,3.946535,0.129676,0.427767
12568,1238,5,2,4,1,4,1,3,5,0,4,1,12,5,5,58.5,0.151682,1.989179,3.012184,2.288386,0.637491,0.319997
3947,432,2,1,3,0,2,1,2,3,1,1,1,8,4,2,73.0,0.533469,3.800355,4.144308,11.050924,0.329482,0.529808
5350,652,3,2,6,2,3,4,4,0,0,5,1,17,0,6,57.0,0.305192,2.803738,2.843,0.727577,0.663046,0.259337
12180,1939,2,2,18,2,2,1,10,2,2,8,3,31,4,11,13.5,0.324412,2.298851,3.707606,9.959011,0.436554,0.279504
8428,1123,1,1,12,2,10,4,2,1,0,4,1,28,1,5,34.5,0.835882,6.76317,5.751364,213.790775,0.791454,0.666722
2800,412,1,3,6,0,6,0,2,1,0,3,1,14,1,4,64.0,0.943542,11.428571,6.013851,93.745117,0.976913,0.661313
10961,1290,2,0,2,1,2,0,0,1,3,3,0,4,4,3,79.5,0.864883,4.926558,5.81023,28.662128,0.410302,0.638419
10459,1196,4,0,8,1,3,1,1,2,0,4,1,13,2,5,62.5,0.73614,3.155177,5.329603,26.566365,0.227292,0.413578
6717,915,3,1,18,2,7,2,3,1,1,2,0,30,2,2,33.0,1.0,7.890427,6.089386,193.954251,0.549204,0.685876
4118,799,1,0,14,1,7,0,0,0,2,1,1,21,2,2,51.0,0.715515,7.527926,6.596456,54.464238,0.578057,0.650289
5604,377,0,0,7,3,1,1,1,0,0,2,0,10,0,2,77.0,0.624985,6.959315,5.470004,59.348937,0.966213,0.608211
9038,812,1,2,3,2,0,0,0,0,0,0,0,3,0,0,94.0,1.0,9.847311,6.175709,105.768862,0.519796,0.840209
5747,384,2,0,2,0,3,0,0,2,0,1,0,5,2,1,84.5,0.902133,6.438142,5.661709,53.341944,0.594904,0.744082
2600,352,0,0,1,2,2,0,0,0,1,1,0,3,1,1,90.5,0.288157,5.0,4.683701,3.922389,0.393447,0.423519
2678,375,0,1,3,0,0,0,1,1,1,1,0,4,2,1,86.5,0.250642,2.987304,3.558732,6.312627,0.42919,0.328773
7979,750,1,1,3,1,2,0,2,1,0,3,0,7,1,3,79.5,0.97348,7.018423,5.848379,87.898118,0.534925,0.702047
7764,1138,5,1,7,2,7,0,1,1,1,2,1,15,2,3,61.5,0.054559,0.515198,2.027439,0.073905,0.43975,0.153337
13785,1190,2,2,21,4,7,2,2,3,3,8,1,32,6,9,10.5,0.65292,5.005441,5.254777,50.282068,0.679077,0.529258
3805,650,4,1,5,3,6,4,2,0,0,4,2,17,0,6,57.0,0.136493,1.839685,3.334845,1.247863,0.402814,0.192189
2801,407,2,0,6,0,2,1,1,1,0,0,0,10,1,0,78.0,0.115854,2.856123,3.069497,4.956182,0.424427,0.312411
4500,306,0,0,2,0,1,0,0,0,1,0,0,3,1,0,92.0,0.942416,10.444444,5.827735,121.626784,0.646558,0.771311
7211,636,2,2,6,2,0,1,3,1,0,3,0,10,1,3,73.5,0.106092,4.437665,3.754229,24.479858,0.997517,0.466651
4500,538,1,0,1,1,1,0,1,1,0,1,0,3,1,1,90.5,0.858419,6.888889,5.733207,41.480197,0.283999,0.679802
11648,1081,3,1,1,4,6,1,3,2,1,4,1,11,3,5,64.5,0.373996,4.292582,4.731455,30.293318,0.721752,0.408694
4408,505,0,1,3,2,2,0,0,2,0,1,0,5,2,1,84.5,0.078128,1.814882,2.500555,0.000251,0.369073,0.234706
11567,943,1,1,4,1,3,0,1,0,0,3,0,8,0,3,79.5,1.0,4.668453,6.043019,86.368775,0.431585,0.689206
9471,848,2,1,7,0,3,0,1,1,1,1,0,11,2,1,72.5,0.739708,5.912786,3.743031,36.640421,0.106525,0.524019
12788,982,4,0,4,0,4,2,3,1,1,2,0,13,2,2,67.0,0.637127,4.222709,5.053362,35.379344,0.261367,0.555187
12263,889,3,1,3,3,2,2,0,2,0,1,0,7,2,1,80.5,0.953078,8.154611,6.775893,478.727074,0.799735,0.803893
3200,390,2,2,3,0,2,0,0,0,1,1,0,5,1,1,86.5,0.50384,5.9375,4.085721,4.571121,0.255494,0.446982
7049,867,1,0,7,1,4,2,2,6,2,11,0,15,8,11,37.5,0.073835,2.837282,3.230252,1.043935,0.731807,0.218477
8317,852,3,1,11,0,7,1,3,3,0,2,1,22,3,3,45.5,0.461004,3.366599,4.392386,4.662802,0.860329,0.400442
9583,738,1,2,12,1,6,0,2,1,1,5,0,20,2,5,48.5,0.269498,4.695816,4.251919,24.103109,0.886327,0.410001
8907,1217,3,1,13,1,7,2,2,2,1,0,0,24,3,0,46.0,0.530499,4.266307,3.750694,9.250642,0.35669,0.442704
8127,1051,2,0,6,4,9,2,4,0,2,1,0,21,2,1,52.5,0.407542,3.076166,4.078564,58.396526,0.671251,0.471095
11854,759,0,1,5,2,3,0,0,0,0,5,1,8,0,6,75.0,0.911879,6.580057,7.346289,55.967357,0.984554,0.787241
8613,716,1,0,4,0,5,1,2,1,1,3,0,12,2,3,67.5,0.625861,3.715314,4.115205,22.059294,0.050896,0.520474
12762,1428,4,1,3,1,4,0,1,0,0,3,0,8,0,3,79.5,0.800155,8.384266,6.034129,46.698717,0.274207,0.738707
6506,734,0,1,4,0,3,0,1,0,0,2,1,8,0,3,79.5,0.455036,4.457424,4.536409,13.151548,0.398281,0.423918
8444,1130,3,1,6,2,8,3,6,2,2,7,1,23,4,8,34.0,0.222042,2.486973,3.793128,6.329003,0.259862,0.340313
11306,758,2,0,4,2,5,0,4,1,0,5,1,13,1,6,63.0,0.901684,8.314169,5.67046,90.338494,0.95936,0.704192
7986,1118,3,3,9,3,7,0,4,2,2,2,0,20,4,2,49.0,0.599567,4.507889,4.408081,43.094426,0.207382,0.42082
11673,1516,2,2,4,2,5,1,3,0,6,7,1,13,6,8,50.0,0.591906,4.112053,4.10378,22.306957,0.27213,0.462453
10745,923,2,1,6,1,4,0,4,1,0,4,0,14,1,4,64.0,0.528126,3.722662,4.474202,19.369471,0.390366,0.523297
7111,618,2,1,6,2,6,0,2,1,0,2,0,14,1,2,67.0,0.43703,5.906342,4.799499,35.395922,0.854162,0.452893
8394,716,2,0,4,1,5,1,2,1,1,3,1,12,2,4,66.0,0.486846,4.527043,4.120509,16.00092,0.071362,0.402691
16599,1037,3,1,7,1,6,1,1,0,1,1,1,15,1,2,65.0,0.858485,7.47033,6.869313,150.400363,0.926908,0.767948
6998,928,0,0,6,3,3,1,2,1,1,3,1,12,2,4,66.0,0.569345,3.000857,4.067575,10.674154,0.417452,0.443348
4093,474,1,1,3,1,0,0,1,0,0,0,0,4,0,0,92.0,0.498541,3.909113,5.202591,5.839444,0.248323,0.430701
4717,661,0,0,2,3,4,0,0,0,0,1,0,6,0,1,86.5,0.015414,1.483994,2.766606,0.628537,0.42698,0.237333
5978,795,2,1,7,2,4,0,3,1,0,3,5,14,1,8,58.0,0.563545,5.185681,4.800758,14.119979,0.410977,0.45696
7721,1152,1,1,6,2,6,2,4,0,3,7,0,18,3,7,47.5,0.278449,3.626473,4.464846,12.114048,0.501611,0.388264
9676,622,0,0,3,0,3,1,3,1,0,2,1,10,1,3,73.5,0.996797,7.751137,6.949595,389.757856,0.924562,0.77578
7942,689,0,1,3,0,3,1,1,0,0,3,1,8,0,4,78.0,0.695991,5.162428,4.821453,14.770905,0.016372,0.484453
11223,1083,2,1,7,0,0,2,1,1,1,2,3,10,2,5,68.5,0.768579,4.366034,4.973854,30.035859,0.3105,0.520085
1945,300,0,1,2,2,0,0,1,1,0,1,2,3,1,3,87.5,0.178079,4.113111,4.379858,2.203709,0.806731,0.395186
10661,701,3,0,6,1,9,1,2,0,1,2,0,18,1,2,59.0,0.89902,6.378389,6.14183,46.961382,0.740579,0.709993
5504,653,1,1,6,1,2,1,2,0,1,0,0,11,1,0,76.0,0.114616,2.543605,3.582665,4.227908,0.457433,0.323542
6741,995,2,2,14,1,3,0,2,3,0,7,0,19,3,7,45.5,0.030568,1.186768,2.1154,0.675744,0.339169,0.183677
13000,1851,1,2,15,2,8,1,2,2,1,3,1,26,3,4,36.0,0.146697,3.0,3.094829,7.973941,0.549369,0.281855
9233,1184,1,1,8,3,3,0,4,0,2,2,1,15,2,3,61.5,0.082868,2.815986,2.105013,12.364351,0.58354,0.238073
16500,1943,2,3,7,0,4,3,2,5,2,6,0,16,7,6,45.0,0.46442,4.484848,4.503901,28.80874,0.533219,0.472435
8532,1047,1,1,8,1,2,1,4,1,1,2,1,15,2,3,61.5,0.719435,6.563526,3.810106,18.077992,0.177192,0.510577
7452,818,1,1,6,2,2,0,1,0,0,4,1,9,0,5,74.5,0.68103,4.96511,5.198018,15.29071,0.20755,0.523603
7120,445,2,0,2,1,4,0,0,0,1,1,0,6,1,1,84.5,0.774412,5.898876,6.649772,181.62877,0.990307,0.702483
14577,1005,2,2,7,2,5,0,2,1,0,3,0,14,1,3,65.5,0.930417,7.065926,6.765973,424.884852,0.632156,0.677772
11423,828,2,1,8,1,3,2,1,1,1,1,0,14,2,1,66.5,1.0,5.865359,6.446346,102.905602,0.972219,0.659645
4842,667,1,0,6,1,7,1,1,0,0,4,0,15,0,4,64.0,0.182018,1.65221,3.766388,5.782523,0.294166,0.210899
18000,1236,2,1,12,0,5,0,2,1,1,3,2,19,2,5,50.5,0.93324,8.5,7.036368,207.678545,0.852506,0.815947
2800,420,2,0,6,0,4,0,1,1,1,1,1,11,2,2,71.0,0.80393,7.5,6.368338,14.797422,0.614447,0.723854
2800,361,0,1,5,0,2,1,1,0,0,3,2,9,0,5,74.5,0.682836,8.214286,6.175791,49.866196,0.767492,0.709655
18000,1125,2,0,5,1,2,0,1,0,1,2,1,8,1,3,77.5,1.0,6.888889,6.159327,182.389235,0.753389,0.727517
8706,1197,1,2,12,1,8,1,2,4,1,4,0,23,5,4,38.0,0.338404,2.182403,4.241971,2.34654,0.484559,0.298696
12862,1084,1,1,13,2,6,0,2,4,1,5,3,21,5,8,36.0,0.031296,2.021459,2.890143,3.283877,0.023139,0.221991
14241,1739,0,1,4,2,2,0,1,0,3,3,0,7,3,3,75.5,0.379831,4.774946,3.307514,9.290184,0.305976,0.440137
9406,689,1,2,3,1,4,1,2,1,0,0,0,10,1,0,78.0,0.928893,5.741016,6.126641,63.615601,0.596243,0.708708
5145,641,5,0,9,0,8,0,5,0,0,1,0,22,0,1,54.5,0.044879,2.137998,1.966501,5.127881,0.564416,0.289557
8090,505,1,0,2,0,1,0,0,0,0,0,0,3,0,0,94.0,0.77438,7.169345,6.710326,68.016125,0.727015,0.774089
4345,489,0,0,4,0,1,1,0,0,0,2,1,6,0,3,83.5,0.480115,3.682394,4.049378,2.448039,0.193959,0.401324
16500,1069,3,3,6,1,1,0,6,0,0,9,1,13,0,10,59.0,0.419045,6.181818,5.039202,194.887336,0.83076,0.558179
10471,1090,1,0,5,2,0,0,0,2,1,3,1,5,3,4,78.0,0.20277,1.337026,2.502602,0.007109,0.11202,0.265998
9270,700,1,0,5,1,2,1,1,0,0,2,1,9,0,3,77.5,0.86342,5.825243,5.509048,66.879439,0.842063,0.687773
11017,701,3,1,3,2,2,1,1,0,1,1,0,7,1,1,82.5,0.388863,4.447672,4.144781,13.246727,0.930398,0.403876
13000,1270,0,1,7,0,8,2,0,1,0,8,3,17,1,11,47.5,0.075183,2.0,3.057949,0.979882,0.301928,0.185374
10364,672,2,2,6,1,5,0,0,1,0,2,0,11,1,2,73.0,1.0,7.526052,5.931558,314.109401,0.657515,0.714971
3692,428,1,1,3,1,1,0,0,0,2,5,0,4,2,5,80.5,0.010408,1.083424,3.67829,0.008788,0.542225,0.166801
9421,752,3,0,6,0,9,0,2,1,0,4,0,17,1,4,58.0,0.414981,5.201146,4.251588,30.249459,0.861262,0.507515
15050,940,1,1,9,0,5,2,1,1,0,7,0,17,1,7,53.5,0.724699,8.903654,5.925669,128.883289,0.978931,0.652852
7011,811,1,1,10,2,5,1,1,2,2,2,0,17,4,2,55.0,0.933105,8.415347,5.356549,69.248622,0.362496,0.640989
11829,739,0,1,1,4,6,0,1,1,0,3,1,8,1,4,76.0,0.602354,5.748584,5.017423,63.032984,0.980583,0.580615
7041,878,0,0,8,2,4,0,2,1,3,3,2,14,4,5,56.5,0.731377,6.249112,4.181707,14.8049,0.419787,0.522408
10923,1157,2,1,8,0,3,1,1,1,1,2,0,13,2,2,67.0,0.726093,6.683146,4.988901,37.669972,0.349409,0.574448
3200,331,0,0,3,0,2,0,0,0,0,0,0,5,0,0,90.0,0.661251,3.75,4.123844,7.427277,0.412618,0.463033
16500,2320,8,2,5,4,10,1,0,3,2,7,2,16,5,9,44.5,0.457594,4.727273,4.400285,22.486967,0.59248,0.446071
11840,1152,1,1,8,2,5,1,2,1,2,4,2,16,3,6,53.0,0.434292,6.418919,4.365872,40.865117,0.791217,0.488802
5462,893,2,0,9,1,6,1,4,1,1,3,1,20,2,4,50.0,0.308796,2.746247,3.551312,1.809628,0.257718,0.289118
18000,1250,1,0,2,3,2,0,1,0,2,4,0,5,2,4,80.0,1.0,9.333333,5.672928,159.4514,0.722192,0.758429
9303,1238,1,1,6,1,3,0,4,0,1,2,3,13,1,5,64.5,0.664987,6.449532,4.8689,57.688916,0.383296,0.598264
5827,863,3,0,4,2,7,2,3,1,2,2,2,16,3,4,56.0,0.0,3.603913,3.022055,1.173958,0.310255,0.205135
11942,929,1,1,1,0,1,1,0,1,1,1,0,3,2,1,88.5,0.755757,5.861665,5.579094,54.601401,0.480357,0.681672
4189,520,0,1,3,1,2,0,0,0,0,1,1,5,0,2,87.0,0.509881,5.490571,5.215863,28.201249,0.572765,0.612858
8549,1102,1,1,6,3,7,0,4,1,1,5,1,17,2,6,53.0,0.571208,5.146801,3.749045,22.700976,0.271198,0.470517
4027,601,0,1,2,1,5,1,1,3,1,1,1,9,4,2,71.0,0.122849,1.241619,3.129738,3.126785,0.34802,0.247543
6291,412,0,2,0,0,4,0,1,0,0,1,0,5,0,1,88.5,0.967874,8.583691,6.792854,59.690866,0.840641,0.808171
15656,1108,4,3,9,1,7,1,1,1,0,2,1,18,1,3,57.5,0.914473,5.556975,6.383651,349.949332,0.933766,0.715277
4009,498,0,1,6,1,3,1,1,0,0,4,1,11,0,5,70.5,0.279652,2.993265,2.94401,1.161906,0.142168,0.217437
4500,376,0,1,1,0,1,1,0,0,1,0,0,3,1,0,92.0,0.585335,7.333333,5.969276,50.301862,0.673919,0.662007
9896,882,0,0,5,1,4,0,0,2,2,9,0,9,4,9,60.5,0.031716,1.717866,2.193882,3.185731,0.103651,0.180184
4622,723,2,1,10,2,6,0,4,1,3,2,0,20,4,2,49.0,0.130012,1.298139,3.962432,0.022852,0.109471,0.18719
4705,300,0,0,1,0,4,0,0,0,0,0,0,5,0,0,90.0,0.965724,6.588735,6.61777,50.650503,0.728112,0.725877
2800,341,0,1,4,1,7,0,0,0,1,4,0,11,1,4,70.0,0.889098,10.0,6.378107,140.979905,0.85562,0.714427
4918,432,2,0,2,1,3,2,0,0,1,0,0,7,1,0,84.0,0.417787,6.303375,4.659276,23.852883,0.901697,0.586007
13197,1370,1,0,11,2,11,1,4,0,4,6,0,27,4,6,29.0,0.429878,4.394938,4.741554,26.114195,0.723518,0.476359
3569,300,0,0,6,1,1,0,0,0,0,0,0,7,0,0,86.0,0.359923,3.082096,5.073939,2.876932,0.934125,0.436331
2828,360,1,3,3,0,3,0,1,0,0,3,0,7,0,3,81.5,0.679421,9.90099,4.642109,21.093894,0.885553,0.691927
4418,505,0,0,1,0,8,1,1,0,0,1,0,11,0,1,76.5,0.764748,6.337709,4.265109,4.039398,0.195767,0.511119
2800,394,1,0,6,1,5,1,2,2,0,0,0,14,2,0,68.0,0.827718,6.428571,5.558908,40.99919,0.844767,0.685282
5602,763,0,1,5,1,2,1,3,0,2,2,0,11,2,2,71.0,0.53813,4.998215,3.958983,5.821278,0.325277,0.439256
3367,400,2,3,10,0,1,2,1,1,0,4,0,14,1,4,64.0,0.047984,1.485001,2.534718,0.543696,0.107453,0.182906
3370,635,1,2,0,0,4,0,2,0,2,0,1,6,2,1,82.5,0.329905,3.857567,2.388649,1.631782,0.178459,0.302886
9015,652,3,0,4,1,2,0,2,0,1,1,0,8,1,1,80.5,0.91777,8.54132,5.719653,283.128518,0.576394,0.682963
4508,306,1,1,4,0,0,0,0,0,1,1,0,4,1,1,88.5,0.864693,5.102041,6.672836,23.424207,0.827631,0.750911
6694,664,0,0,6,2,5,0,2,0,0,2,1,13,0,3,69.5,0.663659,6.124888,4.887292,24.654129,0.101887,0.613394
6826,673,2,0,5,0,6,0,3,1,3,1,1,14,4,2,61.0,0.233754,1.464987,4.047781,1.925015,0.517193,0.256675
3164,497,0,0,3,1,1,0,2,0,0,0,0,6,0,0,88.0,0.402621,3.476612,3.426705,4.959185,0.536838,0.266422
9741,615,0,2,5,0,0,1,0,0,0,2,0,6,0,2,85.0,0.978947,10.265886,4.806056,134.613703,0.910933,0.806138
10022,681,0,0,5,1,2,0,0,0,0,0,0,7,0,0,86.0,0.840565,4.989024,5.61195,37.724872,0.615649,0.653775
7026,704,0,0,4,2,5,0,3,0,0,1,1,12,0,2,73.0,0.357196,4.981497,4.081003,16.616092,0.40805,0.485008
7683,1004,3,1,1,1,4,1,4,1,0,1,0,10,1,1,76.5,0.390373,4.295197,4.53998,100.161521,0.62429,0.461178
7103,1120,1,2,13,0,3,0,2,1,2,0,2,18,3,2,55.0,0.614287,4.78671,4.885014,25.934951,0.5198,0.466229
9157,1303,3,1,9,0,9,1,0,3,0,6,3,19,3,9,42.5,0.185853,3.05777,4.101404,10.852953,0.482035,0.308182
3613,407,0,0,2,1,1,0,1,0,0,2,1,4,0,3,87.5,0.131339,2.214226,2.511523,1.273736,0.154893,0.225063
1746,300,1,2,1,0,0,0,0,1,1,3,0,1,2,3,89.5,0.279732,1.718213,4.051346,0.640562,0.492846,0.27523
7617,1243,3,3,16,1,4,1,6,0,2,4,1,27,2,5,34.5,0.37718,3.150847,4.340573,2.847989,0.494669,0.279786
5659,442,1,0,2,0,4,1,1,0,1,0,1,8,1,1,80.5,0.454978,4.417742,4.193689,12.060496,0.926635,0.481811
11025,1801,4,2,15,1,14,3,5,1,1,6,0,37,2,6,13.0,0.909047,7.256236,5.922308,96.283546,0.736766,0.695644
3633,456,0,2,2,0,3,0,2,0,1,3,1,7,1,4,78.0,0.751858,6.606111,3.63101,7.067502,0.389038,0.513113
9788,1014,3,0,4,3,6,0,5,1,3,2,1,15,4,3,57.5,0.116184,2.24765,4.146867,10.89349,0.644353,0.378586
10378,694,1,2,7,1,0,0,0,1,1,5,0,7,2,5,74.5,0.895197,4.817884,6.442137,65.194377,0.968515,0.68157
5998,845,0,0,2,3,3,0,1,1,1,2,1,6,2,3,79.5,0.396162,3.167723,4.161556,10.726767,0.274658,0.420207
9430,973,2,1,4,1,4,1,0,0,1,0,1,9,1,1,78.5,0.279902,3.393425,4.325326,7.993518,0.410712,0.308328
5441,634,4,2,5,1,6,2,1,2,2,3,0,14,4,3,59.5,0.466358,5.329903,4.905346,6.902921,0.647333,0.411586
9144,748,2,2,4,3,7,0,3,1,0,4,0,14,1,4,64.0,0.814442,5.139983,4.508666,36.876731,0.084503,0.598353
3966,593,2,0,3,1,1,1,2,0,0,7,2,7,0,9,72.5,0.819141,8.572869,5.872316,29.256084,0.399075,0.577832
4548,505,2,1,4,0,2,1,0,1,0,4,0,7,1,4,78.0,0.162666,2.198769,2.451295,1.897228,0.298816,0.316199
18000,1125,2,1,8,1,5,0,0,1,1,1,0,13,2,1,68.5,0.988904,8.166667,6.221198,604.026247,0.769702,0.820855
8490,664,0,0,5,2,7,1,0,2,0,3,0,13,2,3,65.5,0.279045,3.297998,3.720096,2.767873,0.882316,0.415378
6790,585,1,2,2,2,4,2,1,1,0,6,0,9,1,6,71.0,0.422788,3.976436,4.074336,13.649143,0.171954,0.454871
5068,564,1,1,5,1,2,1,5,0,1,2,0,13,1,2,69.0,0.013228,2.170481,2.373285,1.016948,0.103222,0.209569
11150,696,2,0,7,0,5,0,2,1,0,2,0,14,1,2,67.0,0.637739,5.022422,5.448383,133.121599,0.993567,0.532026
4354,779,5,2,8,2,6,0,0,3,0,3,1,14,3,4,60.0,0.800692,7.349564,5.240626,67.158299,0.47742,0.681768
6313,533,0,0,2,0,1,0,2,0,0,0,1,5,0,1,88.5,0.792583,6.969745,5.691203,36.670178,0.745366,0.724866
4941,782,2,2,13,0,8,1,5,1,2,1,0,27,3,1,38.5,0.045332,0.809553,4.351915,5.608038,0.442007,0.227305
8558,1144,4,2,12,2,10,0,0,0,1,3,1,22,1,4,48.0,0.7338,5.375088,4.396888,15.964025,0.390063,0.47406
5165,773,1,2,4,2,4,2,2,0,1,3,0,12,1,3,69.5,0.338896,2.129719,4.206379,0.02417,0.116195,0.264667
10078,629,1,1,5,0,2,0,2,0,1,1,0,9,1,1,78.5,0.836016,6.846597,6.204459,148.748728,0.83241,0.696924
10276,855,1,1,5,2,5,1,3,1,1,2,1,14,2,3,63.5,0.656436,4.671078,5.590616,15.657378,0.651577,0.546604
7514,1167,3,0,8,1,3,1,3,3,0,4,0,15,3,4,58.0,0.198492,2.794783,3.025665,5.698098,0.342335,0.247257
6585,543,0,1,2,1,1,0,2,2,0,0,1,5,2,1,84.5,0.419718,3.037206,3.395884,1.045162,0.650966,0.414353
12789,983,4,1,11,1,4,0,2,0,0,5,0,17,0,5,58.5,0.523921,3.831418,4.790537,116.550623,0.959637,0.444457
7767,1005,3,4,13,4,6,0,3,1,0,4,0,22,1,4,48.0,0.62206,4.506244,5.887539,64.457107,0.934071,0.516277
9151,616,0,0,3,3,6,0,1,0,1,1,0,10,1,1,76.5,0.723948,7.321604,6.174828,121.660851,0.834382,0.662762
2790,301,0,1,2,0,4,2,3,1,1,0,1,11,2,1,72.5,0.111322,0.716846,1.833368,6.4e-05,0.198029,0.1761
10646,747,0,2,6,1,2,1,0,1,0,5,1,9,1,6,71.0,0.911084,6.387376,5.862148,32.229905,0.785572,0.711572
3481,531,0,3,5,3,2,1,3,1,0,4,1,11,1,5,68.5,0.12722,2.010916,3.448738,2.417501,0.315066,0.28513
7972,903,2,2,3,2,1,0,2,2,0,2,0,6,2,2,81.0,0.620523,5.519318,4.409255,44.059996,0.223034,0.610889
12116,1550,3,1,6,1,6,2,2,1,2,1,3,16,3,4,56.0,0.652464,4.704523,4.637962,54.755237,0.347266,0.495832
2600,300,1,0,0,0,2,1,1,0,0,0,0,4,0,0,92.0,0.745866,4.230769,5.864762,34.819986,0.779469,0.612673
2810,300,0,0,3,0,0,0,4,0,0,2,0,7,0,2,83.0,0.404624,4.270463,5.503564,2.195472,0.984747,0.462277
16500,1496,5,0,4,2,8,1,0,0,0,3,0,13,0,3,69.5,0.633258,4.484848,4.130938,56.119919,0.039026,0.494548
7055,918,4,2,16,2,11,2,1,2,1,6,2,30,3,8,22.0,0.247636,2.409639,4.593779,4.512526,0.518638,0.202672
18000,1234,2,3,2,2,3,1,0,1,0,2,1,6,1,3,81.5,0.983577,6.722222,6.28122,503.640443,0.642439,0.72373
14481,905,1,1,0,0,2,0,3,1,2,0,1,5,3,1,82.5,0.711135,8.839169,6.128732,275.007676,0.871916,0.653132
5497,645,3,0,9,1,8,1,3,1,5,1,0,21,6,1,44.5,0.056882,1.455339,2.629584,4.051011,0.474428,0.181427
7486,981,2,4,11,4,9,3,0,1,0,3,0,23,1,3,47.5,0.851036,6.545552,5.47099,162.326908,0.611871,0.661697
6393,1372,3,1,7,2,7,1,1,1,2,2,1,16,3,3,57.5,0.087299,0.312842,3.766717,0.000322,0.282121,0.261539
5334,698,1,2,5,1,3,1,3,1,0,3,0,12,1,3,69.5,0.190703,1.499813,2.597393,0.672658,0.080135,0.223175
15463,2059,3,2,12,4,5,0,3,3,1,6,5,20,4,11,35.5,0.329361,3.556878,3.994011,17.312343,0.450114,0.414658
3446,333,0,0,3,1,1,1,0,0,0,2,0,5,0,2,87.0,0.127113,4.643064,2.801286,6.644938,0.2631,0.388493
12942,1521,4,0,4,1,5,0,4,1,2,4,0,13,3,4,62.0,0.480772,4.713336,3.341941,13.122354,0.169422,0.517547
3898,695,0,0,1,0,4,0,4,1,0,4,0,9,1,4,74.0,0.645641,4.617753,4.624323,11.338357,0.297292,0.474329
15382,1287,4,0,4,0,5,0,3,1,0,0,0,12,1,0,74.0,0.836076,6.82616,5.481409,66.033835,0.579697,0.662977
9089,568,1,2,4,0,1,0,1,0,0,0,1,6,0,1,86.5,0.863937,7.81164,6.1415,205.944404,0.938882,0.78232
8212,1171,3,3,12,2,10,2,2,0,0,2,0,26,0,2,45.0,0.268391,1.948368,2.777117,1.036756,0.410987,0.207239
5614,729,1,0,4,2,3,0,0,1,1,5,3,7,2,8,70.0,0.113537,1.603135,3.42173,0.760801,0.509122,0.250829
4411,655,0,0,1,0,2,0,0,1,1,2,1,3,2,3,85.5,0.710971,3.854001,3.745242,7.664151,0.323899,0.424673
4593,602,1,2,10,2,3,0,3,1,1,5,0,16,2,5,56.5,0.120848,2.394949,3.415234,0.145275,0.778881,0.261852
6432,611,1,2,5,1,0,1,0,0,0,1,0,6,0,1,86.5,0.558758,6.218905,5.180172,8.667038,0.350031,0.59165
6067,806,3,1,3,2,5,1,4,1,0,3,2,13,1,5,64.5,0.152908,3.461348,2.908077,1.9374,0.572917,0.291265
9266,619,0,2,2,0,4,0,0,1,0,0,1,6,1,1,84.5,0.767681,7.014893,5.75053,43.510919,0.734051,0.705476
8106,1197,0,0,16,0,3,3,1,1,1,5,2,23,2,7,39.5,0.898839,5.304713,4.709808,17.068373,0.385428,0.612371
7897,711,2,2,8,2,5,1,3,0,0,6,0,17,0,6,57.0,0.792834,5.951627,5.591365,116.660064,0.948053,0.624234
4622,300,0,0,1,0,0,0,0,0,0,1,0,1,0,1,96.5,0.950331,7.139766,6.362218,102.900584,0.721523,0.80022
3616,818,0,1,4,2,1,2,3,0,1,1,1,10,1,2,75.0,0.016296,1.935841,4.112107,1.471432,0.537194,0.279944
6161,941,4,2,13,4,8,0,4,0,1,3,1,25,1,4,42.0,0.258764,3.246226,3.314018,3.187729,0.252523,0.252962
17004,1278,3,1,10,0,5,2,4,1,1,1,0,21,2,1,52.5,0.937186,8.409786,6.285435,235.240766,0.70673,0.716049
14530,1836,4,2,13,2,10,1,9,2,0,3,3,33,2,6,21.0,0.582304,4.748796,5.149022,28.635341,0.255135,0.490621
4416,473,2,1,5,2,1,0,0,0,0,0,0,6,0,0,88.0,0.633918,5.661232,5.492766,20.004118,0.410131,0.598309
2361,300,0,2,4,0,6,2,1,0,0,2,0,13,0,2,71.0,0.104479,1.270648,1.999556,7e-06,0.134433,0.204982
7488,1175,0,2,10,1,4,2,3,2,2,2,0,19,4,2,51.0,0.309238,2.804487,3.691848,3.688741,0.456505,0.270034
6839,573,0,1,0,0,1,0,2,0,0,1,0,3,0,1,92.5,0.967695,6.433689,6.296597,122.261528,0.605878,0.662398
5955,460,2,0,4,0,6,2,0,1,0,4,0,12,1,4,68.0,0.474389,5.877414,4.995199,32.351573,0.906301,0.647839
5287,661,0,0,1,2,1,0,2,1,1,0,0,4,2,0,88.0,0.363976,1.702289,4.71221,6.333115,0.218646,0.405685
9472,858,2,2,13,1,5,1,4,3,3,4,0,23,6,4,36.0,0.087007,1.689189,2.335627,1.900461,0.804614,0.250803
2200,300,0,0,6,0,1,1,1,0,0,0,0,9,0,0,82.0,0.047507,0.909091,2.469791,0.130871,0.256202,0.1577
8993,728,4,2,8,2,6,1,4,3,2,5,0,19,5,5,44.5,0.125113,1.779162,4.092628,0.965086,0.55467,0.188721
18000,1610,0,3,6,4,12,0,2,0,0,6,1,20,0,7,49.5,0.884349,7.5,6.079645,178.54778,0.584479,0.701027
6306,394,0,1,4,0,2,0,2,0,1,1,0,8,1,1,80.5,0.950085,6.818903,7.115402,203.165313,0.968719,0.744072
7055,889,4,1,9,1,7,0,1,1,4,1,2,17,5,3,51.5,0.245468,4.961021,4.515619,9.51514,0.405806,0.40052
13000,1429,2,4,6,0,8,2,2,2,3,1,2,18,5,3,49.5,0.248447,1.461538,3.363929,6.021876,0.068803,0.24647
11652,1040,4,2,16,1,11,2,5,1,0,9,1,34,1,10,15.0,0.83374,6.608308,5.563045,56.529043,0.844372,0.600246
9837,915,3,0,8,3,4,1,2,0,0,6,0,15,0,6,61.0,0.756356,4.879536,3.98038,24.209251,0.22949,0.493768
4344,577,0,1,4,1,4,0,2,3,1,1,1,10,4,2,69.0,0.578009,4.373849,4.739531,15.893939,0.396445,0.460264
12785,1560,0,1,9,2,8,0,2,2,4,4,1,19,6,5,42.5,0.643608,5.86625,5.040888,37.783819,0.380293,0.576374
10149,679,0,1,6,0,2,0,0,1,0,2,0,8,1,2,79.0,0.945115,6.798699,5.769909,18.421009,0.518605,0.681491
9187,790,0,0,6,2,4,1,2,0,1,3,0,13,1,3,67.5,0.580586,4.353978,3.815878,13.676262,0.07274,0.500196
6182,555,1,1,4,1,1,1,1,0,2,0,0,7,2,0,82.0,0.906958,7.279198,5.435892,118.122373,0.568397,0.675496
1500,300,0,0,1,0,2,0,0,0,1,0,0,3,1,0,92.0,0.11939,2.666667,2.152706,2.591714,0.339037,0.261088
4998,764,2,1,7,2,8,1,4,4,2,4,1,20,6,5,40.5,0.029817,1.40056,4.548876,2.108716,0.422892,0.231281
2200,300,0,0,2,1,1,1,0,0,0,0,0,4,0,0,92.0,0.106678,2.272727,3.097835,0.68362,0.334291,0.242703
16593,1037,4,1,6,1,6,0,0,1,0,3,2,12,1,5,66.5,0.902395,5.604773,5.897322,275.413994,0.853055,0.680145
1500,300,0,0,1,0,1,0,0,1,1,2,1,2,2,3,87.5,0.184251,2.666667,3.960165,0.051929,0.558934,0.294822
4500,501,1,1,3,1,0,1,0,0,0,0,0,4,0,0,92.0,0.96424,7.333333,6.107971,29.108599,0.552881,0.763746
5836,849,1,2,7,1,5,1,3,0,1,8,1,16,1,9,52.5,0.0,0.3427,1.656824,7e-05,0.003044,0.128723
11273,704,2,0,9,0,2,2,2,1,0,1,0,15,1,1,66.5,1.0,5.499867,6.797161,318.903653,0.898186,0.697095
3568,325,2,0,1,0,3,0,0,0,0,1,1,4,0,2,89.0,0.526046,5.605381,5.106804,12.736669,0.084474,0.474889
3877,456,0,1,5,0,0,1,1,0,1,1,0,7,1,1,82.5,0.81443,4.900696,5.353156,5.779111,0.37269,0.420664
8637,792,4,1,5,2,4,1,2,1,0,3,1,12,1,4,68.0,0.74125,4.052333,4.458853,13.811105,0.02639,0.451928
15000,1436,4,1,12,3,7,1,6,5,2,11,1,26,7,12,16.0,0.369471,3.933333,4.520712,54.685973,0.884201,0.42998
2437,300,1,0,2,0,4,0,1,0,0,0,0,7,0,0,86.0,0.152051,2.462043,4.35363,0.289946,0.74899,0.284272
2200,300,0,1,3,0,0,1,0,0,1,0,1,4,1,1,88.5,0.135668,2.272727,3.280398,1.015519,0.55025,0.361425
5211,575,2,1,6,0,6,2,4,1,1,2,1,18,2,3,55.5,0.243492,1.343312,4.434701,1.354735,0.728672,0.272233
6349,436,1,0,2,0,2,0,3,0,0,3,0,7,0,3,81.5,0.927078,9.292802,5.955328,82.845169,0.785889,0.811565
11092,796,3,1,3,3,5,0,1,1,0,2,0,9,1,2,77.0,0.443207,2.975117,4.053566,27.439046,0.209228,0.412525
4061,438,4,0,9,0,3,0,5,0,2,0,2,17,2,2,59.0,0.740816,4.432406,6.082598,5.911346,0.247436,0.44678
10549,1038,2,2,8,1,5,1,2,1,0,3,1,16,1,4,60.0,0.736253,7.014883,5.982727,38.957846,0.666753,0.606386
5322,754,1,1,11,3,3,1,2,5,1,3,2,17,6,5,46.5,0.142872,0.563698,3.29096,0.045712,0.249934,0.165189
5298,665,1,0,8,1,5,1,4,1,1,4,1,18,2,5,52.5,0.135142,1.510004,3.614029,1.746826,0.312981,0.222745
5570,619,0,0,2,0,2,0,2,0,1,1,1,6,1,2,83.0,0.805288,4.48833,6.088982,15.779247,0.331793,0.539786
18000,1586,0,3,2,0,3,0,0,1,1,2,0,5,2,2,83.0,0.94607,6.333333,6.475935,259.822343,0.620501,0.744865
8358,1081,1,0,11,0,4,0,1,3,0,4,1,16,3,5,54.5,0.744493,6.34123,5.04487,52.405163,0.351099,0.541182
4500,327,0,0,0,1,2,0,0,0,0,1,0,2,0,1,94.5,0.687202,6.444444,5.44303,34.233942,0.991998,0.748497
12207,991,2,0,4,0,5,3,3,1,0,3,1,15,1,4,62.0,0.574967,3.93217,5.284255,52.040861,0.888888,0.611665
9437,599,2,2,7,1,4,0,0,0,0,2,1,11,0,3,73.5,0.951486,7.947441,6.768722,122.56727,0.979222,0.742061
15000,1451,2,1,12,3,6,0,5,0,0,5,0,23,0,5,46.5,0.451771,3.666667,4.863364,23.035304,0.089521,0.427171
7225,814,1,2,5,1,5,1,1,1,1,4,1,12,2,5,64.5,0.554662,5.813149,4.541368,26.869491,0.40338,0.41737
8151,597,1,1,7,1,2,0,4,1,1,3,1,13,2,4,64.0,0.509707,3.68053,4.824837,22.211914,0.951631,0.466005
10816,1614,2,1,10,1,11,1,1,0,3,10,1,23,3,11,31.5,0.574889,4.715237,3.581834,20.711016,0.482653,0.433046
12934,1653,3,0,11,4,18,3,4,6,0,5,0,36,6,5,8.5,0.474367,3.247255,4.830801,18.07416,0.727001,0.412114
9922,627,0,1,3,2,4,1,0,0,0,1,0,8,0,1,82.5,0.662106,6.147954,4.974013,136.527852,0.780615,0.661742
11030,747,3,0,5,0,2,0,3,3,0,0,0,10,3,0,74.0,0.968377,11.604714,6.693325,346.973227,0.987536,0.81537
7072,1034,1,0,8,0,4,1,2,0,0,2,0,15,0,2,67.0,0.448513,4.524887,3.857128,11.990739,0.439112,0.401385
7841,1229,4,1,5,1,11,1,5,1,4,3,2,22,5,5,38.5,0.080347,1.913021,2.724093,0.459794,0.394009,0.213043
15621,1029,3,3,5,1,3,3,0,0,1,6,1,11,1,7,65.5,0.7644,6.273606,6.620159,87.651702,0.632423,0.674064
6287,651,0,0,4,2,1,0,0,0,0,0,0,5,0,0,90.0,0.937158,9.861619,5.668958,61.530208,0.354637,0.78279
16500,1824,2,3,14,2,2,2,4,0,0,5,1,22,0,6,47.0,0.740487,3.090909,5.043996,23.441519,0.155037,0.553511
3200,347,0,0,3,0,4,0,1,0,1,0,0,8,1,0,82.0,0.65057,3.125,5.702092,9.176814,0.223767,0.43261
10846,994,4,1,6,1,7,1,4,1,1,7,0,18,2,7,49.5,0.151014,1.751798,3.713005,5.498458,0.055488,0.263079
4500,300,2,0,4,0,1,0,1,0,0,4,0,6,0,4,82.0,0.860926,6.0,5.803734,37.402447,0.954881,0.701638
18000,1138,1,0,4,0,3,0,0,1,1,4,0,7,2,4,76.0,0.940514,5.5,5.415189,108.739447,0.775411,0.686152
9464,1411,0,1,5,0,2,1,1,0,1,4,0,9,1,4,74.0,0.619695,5.600169,4.980759,109.360003,0.55542,0.477566
4441,332,1,0,8,0,1,0,0,0,0,1,0,9,0,1,80.5,0.780643,4.053141,4.898385,1.279606,0.013098,0.421211
9213,762,1,1,5,3,6,0,0,0,0,3,0,11,0,3,73.5,0.461094,1.736676,4.603029,8.001683,0.134628,0.401149
9275,617,2,0,2,1,1,0,0,0,0,0,0,3,0,0,94.0,0.848179,7.978437,6.306605,288.571909,0.952148,0.738469
6618,854,2,0,5,1,1,0,3,2,0,0,1,9,2,1,76.5,0.614947,3.022061,4.291077,5.827982,0.2912,0.439374
4056,410,1,3,5,1,1,1,1,0,0,1,1,8,0,2,81.0,0.12042,0.986193,3.486251,0.264743,0.513905,0.290842
18000,1125,0,4,7,1,6,0,1,1,0,3,0,14,1,3,65.5,0.957052,5.833333,5.922125,428.748734,0.921032,0.731211
5209,697,0,0,5,1,4,0,0,0,0,7,2,9,0,9,68.5,0.339258,5.951238,3.787228,13.967827,0.280067,0.441669
9342,784,3,3,3,0,1,0,2,1,0,2,1,6,1,3,81.5,0.391177,5.138086,5.054936,38.104824,0.960623,0.463119
5781,803,4,2,7,0,7,0,5,1,2,2,0,19,3,2,53.0,0.227554,3.459609,2.968286,2.254102,0.182057,0.233559
6158,387,0,0,2,0,4,0,1,0,1,2,1,7,1,3,79.5,0.820332,7.957129,6.81032,49.182329,0.957615,0.761361
4774,340,2,0,6,1,0,0,0,0,0,5,5,6,0,10,73.0,0.651892,4.608295,4.685228,10.216295,0.822427,0.447704
3301,428,0,0,7,1,4,1,0,0,0,3,0,12,0,3,71.5,0.137121,1.817631,2.459956,1.37136,0.817413,0.234585
7706,483,1,1,4,3,3,0,1,0,1,2,1,8,1,3,77.5,0.894155,7.656372,6.73327,164.498023,0.90437,0.743372
6499,406,0,1,2,0,1,0,0,0,0,0,0,3,0,0,94.0,0.830342,3.846746,6.165908,105.919601,0.672997,0.713391
8183,911,2,2,8,2,5,0,1,1,2,4,1,14,3,5,58.5,0.055431,2.688501,1.965071,1.898872,0.217776,0.118779
8726,753,0,0,3,0,5,1,6,1,1,2,0,15,2,2,63.0,0.808182,5.271602,4.42098,138.786494,0.161226,0.514822
16500,1797,5,1,12,4,7,1,1,1,0,6,0,21,1,6,47.0,0.51467,4.606061,4.291122,29.249408,0.266935,0.427234
4324,479,2,1,2,0,2,1,3,2,1,4,0,8,3,4,72.0,0.633245,5.319149,4.457362,50.665777,0.278865,0.463171
8774,548,0,0,5,0,2,0,0,1,2,1,0,7,3,1,78.5,0.815524,5.812628,6.448085,108.467195,0.792427,0.667588
14698,1398,2,2,8,1,9,1,2,6,0,3,0,20,6,3,43.5,0.533487,4.218261,4.898837,26.948261,0.727994,0.565953
5191,783,2,3,8,0,3,0,2,1,1,0,0,13,2,0,70.0,0.590489,4.816028,5.292385,23.272765,0.606322,0.549122
3367,469,2,0,8,2,5,1,1,0,0,2,1,15,0,3,65.5,0.018605,2.673003,1.820436,2.503329,0.243167,0.208033
4635,419,1,1,5,0,2,0,3,2,1,1,1,10,3,2,71.0,0.159393,2.804746,2.828428,8.449019,0.048216,0.237866
2363,306,0,1,4,1,2,0,1,3,0,1,0,7,3,1,78.5,0.120183,1.692763,3.855051,0.026091,0.41852,0.193954
11058,870,2,1,12,0,8,0,2,0,1,4,2,22,1,6,45.0,0.487643,5.606801,5.139657,76.207527,0.918533,0.515979
6189,625,2,1,4,1,7,0,2,0,1,2,0,13,1,2,69.0,0.033251,0.969462,4.595385,0.075931,0.039153,0.186408
16500,1382,1,2,6,2,3,1,2,1,2,4,0,12,3,4,64.0,0.582478,4.424242,4.223275,31.438949,0.227967,0.470014
16500,2088,1,0,7,1,6,1,1,1,1,5,2,15,2,7,55.5,0.577154,3.69697,3.860617,19.134988,0.479358,0.508188
11000,1340,7,5,18,8,13,4,5,1,4,8,4,40,5,12,0.0,0.020056,0.454545,2.264105,0.709644,0.260386,0.091645
9302,1057,2,0,2,0,6,1,0,0,1,0,0,9,1,0,80.0,0.821413,6.450226,4.26568,18.101365,0.366794,0.61919
13000,2079,4,4,9,1,6,1,5,1,0,3,0,21,1,3,51.5,0.16513,2.769231,3.281166,4.657719,0.302288,0.247295
11232,879,1,1,7,0,1,1,1,0,0,1,0,10,0,1,78.5,0.870419,6.232194,5.657661,66.292453,0.68648,0.701782
5288,540,0,0,5,0,4,2,2,0,1,3,0,13,1,3,67.5,0.110116,3.214826,2.984774,0.373319,0.564221,0.310863
4116,532,1,0,6,2,6,1,4,3,0,3,0,17,3,3,55.5,0.235685,3.158406,2.632207,2.317763,0.827239,0.282932
4674,414,0,0,7,0,4,1,4,1,0,2,1,16,1,3,61.5,0.65247,4.065041,4.923864,27.160603,0.890424,0.54956
8797,752,1,4,8,0,5,0,5,0,0,2,2,18,0,4,58.0,0.178362,3.182903,4.127987,7.044867,0.567479,0.297346
5373,889,2,0,11,1,7,1,4,1,0,3,0,23,1,3,47.5,0.798667,7.444631,6.057333,87.507752,0.735376,0.671021
4918,817,2,3,6,0,9,0,3,0,2,2,0,18,2,2,57.0,0.158975,2.440016,2.316728,0.619828,0.424341,0.259455
5787,361,0,1,2,0,1,1,0,1,0,1,0,4,1,1,88.5,0.823115,6.566442,6.065658,39.489549,0.802847,0.727345
6764,1075,2,3,9,2,3,0,3,2,2,1,1,15,4,2,59.0,0.114104,3.991721,2.431773,2.616366,0.200437,0.244561
11905,949,2,1,5,1,4,1,0,0,3,1,0,10,3,1,72.5,0.956091,9.743805,7.528496,572.355316,0.703019,0.873946
13905,1723,4,4,12,6,6,4,3,0,0,5,0,25,0,5,42.5,0.761784,6.688242,5.077712,42.574529,0.601859,0.646122
9940,913,4,1,12,1,14,1,2,2,2,5,2,29,4,7,23.5,0.179847,4.024145,4.089367,11.029042,0.783484,0.352047
4479,738,1,0,8,1,7,3,1,1,1,5,1,19,2,6,49.0,0.063267,1.562849,3.406473,0.086069,0.321037,0.204697
10485,1398,4,0,26,4,10,2,4,1,1,6,1,42,2,7,1.5,0.960507,7.057701,6.69752,156.027559,0.882401,0.685359
12671,1709,2,5,28,5,20,3,1,2,1,7,3,52,3,10,0.0,0.73638,6.787152,6.007188,354.415509,0.952602,0.671922
16146,1009,3,1,7,3,4,2,0,1,1,2,0,13,2,2,67.0,0.952612,8.05153,6.193932,169.512085,0.880768,0.753331
8468,572,1,1,3,0,4,0,0,1,0,3,1,7,1,4,78.0,0.942197,8.384506,5.893188,61.50935,0.555283,0.698087
5896,644,0,2,6,1,2,1,0,0,0,2,0,9,0,2,79.0,0.637276,5.936228,3.342811,21.417785,0.39101,0.42849
6320,672,1,0,3,0,1,0,0,0,0,0,0,4,0,0,92.0,0.770757,4.272152,6.160677,22.541409,0.354198,0.598597
8281,1092,3,2,6,2,9,0,5,4,2,3,2,20,6,5,40.5,0.114277,2.898201,3.831471,7.311723,0.551427,0.211023
2315,340,2,1,2,0,1,0,2,0,1,0,0,5,1,0,88.0,0.149669,2.591793,2.81514,0.090747,0.301295,0.32555
13197,1027,3,1,6,1,1,3,1,0,0,1,0,11,0,1,76.5,0.784905,7.57748,4.897798,53.130903,0.273485,0.63578
5400,747,1,1,10,2,11,1,3,0,1,1,0,25,1,1,46.5,0.834892,7.777778,6.075938,166.815722,0.751257,0.743254
4474,575,0,1,6,2,4,1,3,1,0,4,0,14,1,4,64.0,0.092995,1.117568,3.361669,4.6e-05,0.131398,0.245631
9107,569,1,0,3,0,0,1,0,0,1,0,0,4,1,0,90.0,0.806912,8.125618,6.813141,323.139681,0.96036,0.793759
12111,1045,0,1,10,0,8,0,4,0,1,6,1,22,1,7,43.5,0.238901,2.394517,2.972737,8.647905,0.742041,0.260687
14116,882,2,1,8,0,2,3,1,1,0,1,0,14,1,1,68.5,0.855852,5.171437,6.507204,43.987583,0.83136,0.686482
3890,677,1,1,7,0,2,1,0,1,1,2,1,10,2,3,71.5,0.185538,2.570694,2.885694,0.758034,0.212811,0.222846
7499,517,1,2,5,1,5,0,0,0,0,0,0,10,0,0,80.0,0.789595,8.001067,6.33751,42.464684,0.914575,0.749834
4200,529,0,0,6,2,6,1,0,2,0,2,1,13,2,3,65.5,0.344668,2.142857,5.013177,7.119702,0.722501,0.302183
2060,342,0,3,4,1,4,1,1,2,0,1,0,10,2,1,74.5,0.214818,2.912621,3.801789,5.361739,0.518721,0.343863
6739,818,0,2,3,1,1,2,1,0,1,0,2,7,1,2,81.0,0.147286,2.967799,3.254873,6.642156,0.568983,0.328332
7100,1154,3,0,9,1,3,0,2,1,0,7,1,14,1,8,58.0,0.455595,3.521127,3.540973,7.277883,0.433202,0.370394
6815,592,2,1,5,2,6,3,2,1,4,2,1,16,5,3,53.5,0.51621,5.13573,4.726319,26.135808,0.872649,0.493651
9035,1260,4,2,8,4,6,0,1,4,0,5,1,15,4,6,53.0,0.230545,3.652463,2.919445,13.316518,0.484727,0.282441
3078,412,0,1,10,1,5,1,3,0,2,4,1,19,2,5,50.5,1.0,9.421702,5.262602,73.270447,0.59906,0.726903
16500,1467,2,3,11,3,11,1,3,0,1,1,0,26,1,1,44.5,0.540566,5.636364,4.642418,20.237456,0.139982,0.434861
9756,1027,2,2,18,1,7,1,1,1,0,3,2,27,1,5,36.5,0.567523,4.100041,4.681298,10.642546,0.667618,0.429899
3396,344,0,0,2,0,4,0,0,0,0,0,0,6,0,0,88.0,0.712464,3.533569,6.178086,7.960514,0.661145,0.593904
5478,646,4,1,3,2,2,2,1,0,1,3,1,8,1,4,76.0,0.099737,2.555677,3.227324,1.482224,0.629905,0.291781
14145,884,0,3,8,0,1,0,2,1,1,2,2,11,2,4,68.0,0.949287,5.655709,6.742575,168.20227,0.870452,0.716951
5432,415,2,1,11,1,1,1,3,0,2,3,0,16,2,3,59.5,0.162201,3.497791,2.700647,13.95318,0.871383,0.41145
2650,354,4,0,4,0,2,1,1,0,0,3,0,8,0,3,79.5,0.039864,1.132075,2.354999,0.086145,0.554321,0.205605
5747,539,2,1,2,0,4,1,1,0,2,3,1,8,2,4,74.0,0.120401,2.436054,3.553843,0.28293,0.457564,0.233997
16500,1450,2,1,9,1,7,0,1,0,1,1,1,17,1,2,61.0,0.689259,5.818182,5.690636,98.278704,0.961498,0.634567
11367,828,2,0,3,1,4,0,2,2,0,1,0,9,2,1,76.5,0.840217,6.334125,5.296561,260.5108,0.721775,0.746148
8101,506,2,2,1,0,6,1,1,2,0,1,0,9,2,1,76.5,0.762702,7.406493,6.101367,93.496059,0.940833,0.678863
8813,1409,3,0,5,3,4,1,6,1,0,3,0,16,1,3,61.5,0.06922,1.021219,2.413368,0.00795,0.279796,0.185574
1500,300,0,0,2,0,1,0,1,2,0,1,0,4,2,1,86.5,0.332409,4.0,2.321826,1.015638,0.086816,0.3898
6710,419,0,0,4,1,1,0,3,1,0,0,0,8,1,0,82.0,0.929333,5.067064,6.232539,147.210167,0.969851,0.680091
9550,1238,1,0,4,0,4,1,1,1,2,2,1,10,3,3,69.5,0.821741,6.910995,5.400058,42.203662,0.344807,0.618743
12336,1151,2,2,3,2,8,2,3,1,1,6,1,16,2,7,53.5,0.543245,4.863813,5.892515,45.647139,0.963461,0.498765
2600,300,1,0,1,1,0,1,1,0,0,0,1,3,0,1,92.5,0.688369,7.307692,3.827453,11.229415,0.691603,0.566906
11792,737,0,2,3,2,7,2,1,2,0,2,0,13,2,2,67.0,0.761731,6.699457,5.994124,93.093928,0.91547,0.671809
9918,1227,1,0,9,2,4,0,2,2,2,5,1,15,4,6,53.0,0.599178,3.226457,4.657031,18.159054,0.260507,0.493901
10097,1132,1,1,5,0,4,0,1,0,0,0,1,10,0,1,78.5,0.898831,7.725067,6.530752,36.354831,0.510567,0.771402
8737,1116,3,4,3,1,3,2,2,0,0,0,0,10,0,0,80.0,0.548656,4.578231,3.248383,5.043156,0.280529,0.437025
13601,1929,4,3,30,2,18,2,4,1,2,10,1,54,3,11,0.0,0.791679,5.661348,5.767027,164.805609,0.787585,0.689515
5193,658,1,0,12,2,13,0,3,1,1,5,1,28,2,6,31.0,0.814403,7.51011,6.678265,160.171699,0.974118,0.683774
5690,680,1,0,5,0,2,0,1,0,0,0,0,8,0,0,84.0,0.568114,4.217926,4.417138,13.110378,0.362257,0.446989
9070,1046,0,0,3,5,5,1,2,1,1,1,0,11,2,1,72.5,0.821135,5.84344,4.981538,74.292344,0.206726,0.589063
7762,734,2,1,4,3,4,0,2,2,0,1,1,10,2,2,73.0,0.170421,2.447823,3.587444,6.509824,0.093852,0.24313
3704,471,0,2,4,0,0,0,1,1,0,1,0,5,1,1,86.5,0.120501,2.429806,2.617502,0.061876,0.434294,0.266988
8824,773,4,0,2,0,2,0,2,0,1,0,0,6,1,0,86.0,0.911802,4.759746,6.639483,32.149399,0.361952,0.687273
6216,805,1,3,5,2,7,0,0,1,0,2,1,12,1,3,69.5,0.571551,4.343629,5.14731,96.100532,0.686682,0.491518
4132,569,0,0,7,1,5,1,3,1,1,1,0,16,2,1,62.5,0.104759,2.420136,4.091925,1.306219,0.374109,0.233605
14533,908,1,2,10,0,2,1,1,0,1,7,1,14,1,8,58.0,0.810931,6.123994,6.075659,110.375872,0.77821,0.668857
13434,1689,1,1,20,2,10,1,4,0,0,4,0,35,0,4,24.0,0.450602,5.136222,4.235263,22.105532,0.583048,0.447955
2996,482,3,1,6,1,4,0,1,2,1,5,2,11,3,7,61.5,0.124791,1.001335,3.697679,0.040305,0.420185,0.239718
13338,855,4,3,5,0,3,0,1,0,2,0,0,9,2,0,78.0,0.909091,9.896536,6.290504,497.611908,0.881268,0.789963
7939,805,2,0,1,0,2,1,2,1,0,1,0,6,1,1,84.5,0.948336,8.061469,5.846229,67.156822,0.539829,0.752423
5470,687,0,0,4,0,5,1,1,1,0,1,3,11,1,4,70.0,0.150629,1.279707,1.712814,1.221614,0.370102,0.168938
4632,430,0,1,3,0,1,0,1,0,1,1,0,5,1,1,86.5,0.208693,3.022453,2.77872,4.055686,0.124844,0.237374
6441,609,2,1,9,0,2,0,1,2,2,4,2,12,4,6,59.0,0.445283,5.899705,4.343322,20.826992,0.818173,0.523713
13895,1649,1,1,10,1,3,1,3,1,1,4,0,17,2,4,56.0,0.836595,4.74991,5.506285,38.007927,0.499216,0.598525
8441,527,0,0,4,0,2,0,0,1,0,2,0,6,1,2,83.0,0.943979,7.226632,5.351709,57.748135,0.698015,0.764409
9911,957,3,1,8,2,6,2,3,0,3,1,0,19,3,1,54.5,0.795348,5.54939,4.617167,32.290199,0.421498,0.539878
3264,315,2,2,4,1,1,1,1,2,1,3,0,7,3,3,75.5,0.061545,3.982843,3.658173,9.265088,0.829419,0.381927
8864,652,1,0,1,0,6,1,1,3,0,1,2,9,3,3,71.5,0.766611,6.31769,5.091387,59.474654,0.043639,0.599173
4935,694,1,3,14,0,8,2,3,2,1,3,0,27,3,3,35.5,0.824982,8.510638,5.655768,70.937201,0.870131,0.688289
9385,1222,0,0,8,0,4,1,2,1,0,3,1,15,1,4,62.0,0.037613,2.13106,2.771194,1.421703,0.300832,0.250739
7062,441,0,2,3,0,1,0,1,0,1,0,0,5,1,0,88.0,0.891997,6.372133,5.269961,41.473353,0.786914,0.724315
10042,1016,0,2,2,1,2,0,1,2,0,0,0,5,2,0,86.0,0.670853,4.979088,4.248103,25.832798,0.423178,0.49665
2200,300,0,0,2,0,2,0,0,0,0,2,0,4,0,2,89.0,0.125709,1.818182,2.787921,0.50651,0.18832,0.321888
13724,1042,5,1,5,1,2,0,4,1,0,2,1,11,1,3,71.5,0.733366,4.080443,4.586622,22.68462,0.018349,0.491551
6169,845,1,0,0,2,5,0,6,0,0,2,0,11,0,2,75.0,0.607935,5.673529,5.872696,26.415884,0.439238,0.543994
15247,1743,1,2,6,2,9,0,3,4,0,6,1,18,4,7,45.5,0.61479,7.017774,4.731818,76.506606,0.607159,0.510956
2204,300,1,0,1,0,4,0,1,0,0,1,1,6,0,2,85.0,0.125157,1.361162,4.390506,1.952584,0.368027,0.302407
5273,427,2,0,2,0,1,0,2,0,0,0,0,5,0,0,90.0,0.726809,6.258297,6.239772,88.928969,0.791127,0.553945
8870,1042,2,4,4,0,2,1,4,1,3,4,1,11,4,5,62.5,0.527472,4.847802,5.385375,83.995758,0.693962,0.435676
16412,1415,2,4,8,2,4,1,4,1,2,0,1,17,3,1,58.5,0.588713,5.240068,4.744659,99.851205,0.693628,0.472943
6850,1295,2,1,9,4,3,1,2,0,3,2,0,15,3,2,61.0,0.376743,2.481752,3.212148,10.210437,0.328584,0.292213
15000,2625,0,1,20,8,14,1,7,4,1,8,3,42,5,11,0.0,0.782226,7.4,5.049197,54.622021,0.491239,0.588404
10528,1020,4,4,12,4,8,1,2,1,0,5,0,23,1,5,44.5,0.1406,3.609422,3.861717,5.979812,0.277197,0.293087
6277,622,1,0,3,0,5,0,1,2,0,3,0,9,2,3,73.5,0.133865,2.389677,3.299362,10.309135,0.366799,0.268158
14000,2174,6,5,28,2,20,1,8,0,5,10,1,57,5,11,0.0,0.88747,10.5,6.210679,604.667807,0.953624,0.741316
10793,1143,5,1,8,0,9,0,3,1,1,3,2,20,2,5,48.5,0.544556,4.354674,3.997442,15.759287,0.080885,0.436028
2138,336,1,0,2,0,1,0,3,0,0,3,2,6,0,5,80.5,0.046269,1.870907,1.926984,0.109337,0.151231,0.266783
12871,840,0,1,7,2,3,3,2,2,0,3,1,15,2,4,60.0,0.943024,8.002486,6.02303,189.456432,0.698836,0.691892
7621,552,1,1,6,2,8,0,2,0,0,3,0,16,0,3,63.5,0.63841,4.461357,5.121446,11.9989,0.985226,0.545222
9515,1367,2,0,13,1,9,1,2,2,2,9,2,25,4,11,25.5,0.253815,1.156069,3.151863,5.302201,0.316552,0.167917
11140,826,2,2,13,1,7,0,2,2,1,0,0,22,3,0,50.0,0.516929,5.29623,4.878801,76.056537,0.897859,0.540315
2949,369,0,1,7,2,3,1,0,1,0,1,1,11,1,2,73.0,0.565004,4.747372,3.549356,1.731675,0.350088,0.477262
11000,1583,3,1,15,9,10,0,7,1,3,7,1,32,4,8,16.0,0.10572,2.181818,3.95777,7.315728,0.524495,0.306828
3437,342,1,1,2,0,3,1,0,0,1,3,1,6,1,4,80.0,0.577903,4.946174,5.984131,27.03933,0.579433,0.585814
9641,975,0,1,3,0,3,2,1,0,0,3,1,9,0,4,76.0,0.424629,2.593092,4.485462,11.424932,0.521985,0.44286
18000,1885,1,1,6,0,3,1,2,1,1,4,0,12,2,4,66.0,0.834121,7.444444,5.294413,76.871239,0.66714,0.659556
11000,1291,2,1,10,6,5,2,6,3,3,5,4,23,6,9,28.5,0.267375,4.090909,3.072215,12.840739,0.283773,0.286779
5477,695,1,1,5,4,6,0,2,0,2,6,0,13,2,6,61.0,0.235966,4.199379,2.947659,1.605923,0.706194,0.318453
4569,678,0,2,11,2,5,1,0,2,0,3,2,17,2,5,54.5,0.920964,7.003721,6.196327,126.740626,0.563613,0.669492
5803,644,1,0,4,0,2,2,1,0,0,2,0,9,0,2,79.0,0.583099,5.686714,5.631516,26.697343,0.57227,0.558465
16500,2018,3,5,8,2,7,5,5,2,0,5,1,25,2,6,37.0,0.474197,3.212121,5.321984,13.507469,0.570657,0.438053
4253,472,2,2,1,0,2,0,1,0,1,3,0,4,1,3,85.5,0.755212,7.524101,4.836339,7.413811,0.603201,0.59365
7961,600,1,1,1,1,1,0,1,0,0,1,0,3,0,1,92.5,0.728352,5.652556,4.980223,10.428599,0.093411,0.560859
3764,466,1,0,12,0,5,1,1,0,1,1,1,19,1,2,57.0,1.0,8.767269,5.622011,120.06864,0.846551,0.774986
7570,501,0,1,1,1,0,0,1,0,1,3,1,2,1,4,88.0,0.909542,7.133421,6.207213,92.414578,0.847628,0.738233
11480,1051,1,1,7,1,3,0,3,0,1,0,0,13,1,0,72.0,0.934843,7.317073,5.417225,83.968905,0.507834,0.757936
3154,385,2,0,3,1,2,0,2,1,0,0,0,7,1,0,84.0,0.196791,1.902346,5.027314,0.006029,0.779187,0.31608
2201,300,0,2,4,1,1,0,1,0,0,0,0,6,0,0,88.0,0.484146,4.08905,2.273222,0.83641,0.604424,0.346771
10281,645,0,2,7,1,2,2,0,1,0,2,1,11,1,3,71.5,0.828867,7.489544,6.839517,321.822116,0.934135,0.708224
6841,1117,3,0,20,3,13,1,4,0,0,4,1,38,0,5,16.5,0.863867,7.016518,5.654437,197.209077,0.784677,0.655461
5506,665,0,0,4,0,2,1,2,1,0,2,2,9,1,4,74.0,0.707053,5.266981,4.529509,11.45862,0.399637,0.49704
9100,965,1,0,6,1,6,1,0,2,1,4,1,13,3,5,60.5,0.148078,2.087912,3.815713,14.626681,0.494072,0.262845
16111,1727,0,2,3,2,4,2,3,0,1,2,2,12,1,4,68.0,0.479286,4.779343,3.794177,12.237498,0.209605,0.448236
14207,1186,4,1,8,1,10,1,4,2,3,9,1,23,5,10,29.0,0.229246,5.560639,5.002967,92.447429,0.941096,0.519552
4500,300,0,1,2,0,0,0,1,0,0,1,0,3,0,1,92.5,0.871474,9.111111,6.6775,85.431571,0.84034,0.772164
8914,1128,2,0,5,3,7,0,3,0,3,3,0,15,3,3,59.5,0.828746,4.487323,4.339511,13.769694,0.297531,0.406354
15452,1500,0,0,4,0,4,1,2,1,2,2,1,11,3,3,67.5,0.841156,8.348434,6.048092,69.992645,0.528306,0.717344
3077,300,0,1,3,0,1,1,1,2,0,0,1,6,2,1,82.5,0.097643,4.549886,4.11868,4.617656,0.493967,0.372877
2815,315,1,1,2,1,1,0,0,1,1,3,0,3,2,3,85.5,0.049885,2.131439,3.759368,4.31148,0.576367,0.318716
10537,1169,3,2,4,1,4,4,5,0,0,5,1,17,0,6,57.0,0.695333,5.314606,4.21955,33.410205,0.272762,0.4627
7180,536,0,0,5,0,3,0,0,0,0,2,1,8,0,3,79.5,0.630069,6.545961,6.208627,63.043942,0.936807,0.631698
8133,564,2,0,3,1,3,0,3,0,0,3,1,9,0,4,76.0,0.491968,5.901881,5.406169,48.264116,0.865593,0.577054
6501,773,3,2,8,0,2,2,2,0,2,4,0,14,2,4,62.0,0.073788,2.46116,2.813214,4.409806,0.455047,0.249006
12561,1645,6,3,28,2,20,1,4,3,4,10,1,53,7,11,0.0,0.789844,7.483481,5.906602,76.136578,0.865566,0.673385
8525,745,4,0,1,0,3,0,4,0,0,3,0,8,0,3,79.5,0.712956,3.98827,4.333969,35.375314,0.258101,0.441698
10307,1096,1,0,10,2,9,2,2,1,2,6,1,23,3,7,37.5,0.335998,1.552343,3.477087,4.841294,0.052753,0.210748
7927,982,2,2,9,0,8,2,4,5,1,6,4,23,6,10,27.0,0.37307,2.27072,2.894289,13.067709,0.015151,0.217225
11240,1665,1,1,4,1,9,3,6,0,1,6,3,22,1,9,40.5,0.10044,2.046263,4.030032,0.978694,0.552113,0.28213
2600,310,0,0,4,1,0,1,0,0,1,1,0,5,1,1,86.5,0.437807,4.230769,5.65634,4.47639,0.52847,0.45842
9409,1315,4,3,18,3,9,5,5,1,0,7,0,37,1,7,13.5,0.858938,10.202997,5.378945,362.815121,0.975835,0.658419
3931,338,0,0,3,1,3,0,0,0,1,3,0,6,1,3,81.5,0.046887,3.561435,3.678219,2.859184,0.768225,0.298467
5722,445,1,0,3,1,2,0,2,0,0,1,0,7,0,1,84.5,0.539537,4.893394,5.40506,17.972817,0.255662,0.555924
11647,1422,1,4,9,0,5,1,5,0,0,2,0,20,0,2,57.0,0.56993,4.207092,4.38583,16.509098,0.422466,0.455446
9151,571,1,0,2,1,0,0,1,1,1,2,0,3,2,2,87.0,0.969794,5.354606,5.619604,81.432584,0.703725,0.667241
3399,599,2,0,4,1,0,0,1,2,0,0,0,5,2,0,86.0,0.647933,5.589879,4.071877,10.368565,0.294495,0.555774
4518,624,3,2,5,1,1,1,1,1,2,2,0,8,3,2,75.0,0.426333,3.54139,4.482125,2.249014,0.455386,0.384913
6603,717,0,0,6,0,5,0,2,1,0,4,1,13,1,5,64.5,0.046095,1.514463,2.4339,0.733497,0.022742,0.190773
12462,945,2,1,5,1,6,0,2,1,0,0,0,13,1,0,72.0,0.932527,6.981223,6.789674,135.392656,0.730026,0.714508
4813,526,0,2,5,1,3,3,2,0,1,0,1,13,1,1,70.5,0.233833,2.908789,2.908974,3.575262,0.72183,0.251769
3200,300,1,0,1,1,0,0,1,0,0,2,0,2,0,2,93.0,0.731197,4.375,5.690947,3.221056,0.141565,0.519322
9329,583,0,0,5,0,4,0,2,0,0,1,0,11,0,1,76.5,0.925158,6.217172,6.0805,59.594036,0.809349,0.678337
4500,430,0,0,2,1,1,0,2,0,0,1,0,5,0,1,88.5,0.972201,9.555556,6.032186,85.637099,0.646745,0.782023
4587,351,1,0,6,1,1,0,2,0,0,2,0,9,0,2,79.0,0.306061,4.142141,4.254591,0.916997,0.697773,0.402304
7060,1004,1,2,6,0,5,1,1,1,0,4,0,13,1,4,66.0,0.069597,2.124646,2.806928,2.550829,0.374842,0.232736
5970,521,2,1,6,3,2,0,1,1,0,2,1,9,1,3,75.5,0.619423,4.690117,6.232238,17.149703,0.73377,0.516277
2800,311,0,0,5,0,2,1,1,1,0,2,0,9,1,2,77.0,0.651827,8.928571,4.963072,23.15575,0.875948,0.668341
9486,942,2,1,5,1,3,0,3,0,0,0,0,11,0,0,78.0,0.991433,7.06304,6.941314,82.811162,0.563223,0.757019
15000,1979,5,0,13,6,10,3,9,3,1,9,2,35,4,11,5.5,0.675284,4.8,5.2775,36.636609,0.358366,0.486311
1519,300,0,1,5,0,1,1,0,1,0,0,0,7,1,0,84.0,0.083681,4.608295,4.184385,4.789085,0.759921,0.330517
5954,902,2,2,9,1,7,0,2,0,0,5,0,18,0,5,56.5,0.786783,7.725899,5.911001,163.110118,0.81919,0.69996
8307,673,2,1,5,0,3,0,1,0,0,3,0,9,0,3,77.5,0.63458,5.417118,4.004311,8.971653,0.067555,0.549462
5814,815,9,2,11,0,6,2,1,2,0,5,0,20,2,5,48.5,0.064045,0.859993,2.548269,0.004114,0.013464,0.108283
16500,1500,1,2,8,0,6,2,1,1,1,4,0,17,2,4,56.0,0.705108,4.848485,3.939975,23.321975,0.185025,0.506798
7889,780,2,0,2,1,5,2,0,1,0,3,0,9,1,3,75.5,0.824747,4.690075,5.323292,54.806503,0.346014,0.67114
5674,754,1,1,10,1,5,1,4,1,0,3,1,20,1,4,52.0,0.102548,2.291153,3.481012,4.822077,0.331832,0.239673
7536,526,1,1,2,4,3,0,1,0,0,1,0,6,0,1,86.5,0.736384,6.63482,6.168396,126.767126,0.95778,0.704946
4500,304,1,1,1,0,1,0,1,1,0,1,0,3,1,1,90.5,1.0,10.0,6.393085,136.045154,0.830982,0.856939
12203,894,2,3,7,5,10,1,3,2,1,3,0,21,3,3,47.5,0.423934,5.736294,4.090635,181.304286,0.991121,0.501841
7489,485,0,1,0,0,3,0,4,0,0,1,0,7,0,1,84.5,0.962956,10.148217,6.617353,336.205749,0.882874,0.871033
6967,698,1,0,7,2,3,2,0,1,0,5,0,12,1,5,66.5,0.72717,4.449548,4.741618,15.721228,0.24945,0.448281
3855,421,0,0,1,1,2,0,1,2,0,1,0,4,2,1,86.5,0.577652,5.706874,5.042527,42.764627,0.602459,0.509673
6403,1179,6,2,10,2,9,3,1,1,0,4,0,23,1,4,46.0,0.073484,2.030298,3.166762,4.827202,0.511244,0.158239
11588,1705,5,1,13,1,8,0,1,1,1,7,2,22,2,9,38.5,0.699653,5.868139,4.632657,52.882201,0.367121,0.540666
8664,560,1,0,4,0,4,0,0,0,1,2,0,8,1,2,79.0,0.983023,9.11819,6.856149,206.663422,0.835184,0.837271
12317,1491,0,3,11,1,9,2,1,1,3,2,1,23,4,3,41.5,0.028101,2.273281,2.451452,9.002413,0.288716,0.140493
6659,1043,1,0,8,4,6,0,5,3,1,3,0,19,4,3,49.5,0.193392,1.201382,3.69803,1.818809,0.428555,0.207108
12745,864,0,0,4,4,5,0,3,0,1,1,0,12,1,1,72.5,0.555515,6.904668,4.587954,164.941447,0.966772,0.698737
10719,684,1,0,3,0,1,2,1,0,0,1,2,7,0,3,81.5,0.820207,5.410953,5.696434,84.439468,0.803067,0.692175
16500,1082,2,2,10,1,7,1,2,2,1,2,0,20,3,2,51.0,0.594149,5.575758,6.049247,61.644693,0.985486,0.498063
8618,538,2,0,5,0,1,0,1,0,0,1,0,7,0,1,84.5,0.819449,4.873521,6.157318,21.939903,0.924284,0.701427
16500,1500,2,3,18,2,4,1,9,0,1,5,2,32,1,7,23.5,0.523419,3.757576,3.896387,30.498958,0.191352,0.402179
9049,853,1,1,9,4,5,2,3,2,3,5,3,19,5,8,40.0,0.758648,6.520057,4.432199,19.075959,0.045825,0.512852
3295,474,3,1,5,1,3,0,2,0,0,1,0,10,0,1,78.5,0.921988,6.069803,4.901559,42.718603,0.795041,0.705646
13633,1406,1,2,7,2,4,2,3,1,1,6,0,16,2,6,55.0,0.456375,5.354654,4.438494,39.36502,0.558323,0.475872
10740,671,2,0,7,3,2,0,0,1,0,4,1,9,1,5,72.5,0.73239,4.562384,6.232227,56.514653,0.818574,0.67799
9663,1415,4,4,11,3,6,0,1,2,1,2,0,18,3,2,55.0,0.172915,2.794163,3.207172,13.852304,0.30954,0.312623
12244,879,1,3,7,3,9,1,4,1,0,4,1,21,1,5,48.5,0.910638,8.820647,6.519025,133.32214,0.598813,0.678104
7422,1290,2,7,10,1,9,3,2,2,2,6,1,24,4,7,33.5,0.160372,1.077877,3.506424,1.784234,0.288977,0.161533
2600,300,0,0,3,0,2,2,1,0,0,3,1,8,0,4,78.0,0.405622,5.384615,4.079753,4.64554,0.811381,0.424897
6823,689,0,1,4,1,1,0,2,0,0,0,0,7,0,0,86.0,0.976809,10.699106,5.69565,260.456155,0.604485,0.882116
10017,1408,1,1,7,2,12,2,3,0,1,5,1,24,1,6,41.0,0.298663,1.896775,3.426208,3.785343,0.047889,0.2433
10843,712,1,1,3,1,3,0,1,0,0,3,0,7,0,3,81.5,0.721554,8.484737,5.452505,69.599255,0.999521,0.733214
16313,1076,2,0,8,1,4,1,2,1,0,3,0,15,1,3,63.5,1.0,8.091706,6.622321,573.801485,0.942553,0.780629
6923,583,1,1,1,0,2,0,1,2,0,3,0,4,2,3,83.5,0.802457,6.355626,5.404131,10.539871,0.451912,0.688533
5711,702,0,2,3,0,3,0,2,3,3,3,0,8,6,3,67.5,0.484488,3.326913,4.842904,10.512784,0.329384,0.411006
13171,940,3,2,7,1,6,1,2,1,2,4,3,16,3,7,51.5,0.186411,4.85916,4.40817,26.728849,0.835361,0.487298
9316,582,3,1,0,1,1,0,0,0,1,0,0,1,1,0,96.0,1.0,7.943323,6.549344,174.033181,0.999068,0.833173
13336,1209,2,1,11,5,4,2,2,2,1,6,2,19,3,8,44.0,0.310807,4.4991,3.541778,14.771421,0.703032,0.449803
1500,300,0,0,3,3,3,1,0,0,0,0,0,7,0,0,86.0,0.132869,2.0,3.411472,0.394185,0.192056,0.270486
7347,1010,3,0,7,5,3,0,0,1,0,2,0,10,1,2,75.0,0.417778,3.266639,4.513949,11.169267,0.333621,0.427348
4561,477,0,1,3,1,6,2,2,0,0,3,1,13,0,4,68.0,0.205244,1.096251,3.636449,0.0169,0.062785,0.230853
2112,300,0,1,1,1,4,0,1,2,0,2,0,6,2,2,81.0,0.048223,2.367424,2.514218,1.219743,0.797202,0.330803
5435,810,2,0,7,0,3,3,4,3,1,4,1,17,4,5,50.5,0.180413,3.679853,2.337531,1.189451,0.369855,0.263542
4791,603,1,2,7,0,4,1,2,0,0,3,1,14,0,4,66.0,0.101386,3.339595,3.365034,10.135154,0.709077,0.350675
4179,342,0,1,2,1,1,1,1,3,0,1,0,5,3,1,82.5,0.083302,0.717875,3.2651,0.001521,0.709732,0.284172
4437,584,2,0,11,0,8,0,2,0,0,4,0,21,0,4,52.0,0.765968,10.81812,5.82262,176.421564,0.930055,0.712953
7589,1147,4,1,16,1,10,2,2,1,1,1,1,30,2,2,33.0,0.892789,10.936882,5.916913,278.340575,0.999876,0.71496
14632,1632,4,1,7,1,9,1,2,0,1,11,0,19,1,11,43.5,0.548979,6.902679,4.791842,28.965221,0.58029,0.570006
5702,539,1,0,5,0,1,0,0,0,0,2,1,6,0,3,83.5,0.225529,2.455279,5.058946,12.286849,0.610475,0.414992
6712,531,0,1,3,0,4,2,1,1,0,2,1,10,1,3,73.5,0.721486,4.469607,5.38872,23.126693,0.22733,0.501238
11186,788,1,0,3,0,4,2,2,0,0,4,0,11,0,4,72.0,1.0,8.671554,6.745942,187.663231,0.959659,0.779576
2406,330,2,0,3,2,0,0,2,1,0,3,1,5,1,4,82.0,0.112476,2.078138,3.729096,0.988945,0.682256,0.285906
6482,614,0,1,7,1,5,0,0,0,0,2,0,12,0,2,73.0,0.089904,3.856834,3.508376,7.054347,0.8495,0.438401
8246,1339,3,0,11,1,3,0,3,1,1,3,1,17,2,4,56.0,0.040254,0.970167,3.517416,4.527596,0.287565,0.222829
6430,528,0,1,0,0,1,0,1,1,0,0,0,2,1,0,94.0,1.0,6.065319,7.016523,75.358263,0.445522,0.715902
13963,952,1,0,6,3,4,2,1,0,0,0,1,13,0,1,72.5,0.920974,5.872663,5.885669,62.944001,0.674033,0.677652
6445,402,1,0,3,1,2,0,1,0,1,2,0,6,1,2,83.0,0.94856,8.06827,6.713846,196.229808,0.780651,0.733949
2800,354,1,0,11,0,4,1,2,0,0,2,1,18,0,3,59.5,0.815756,7.857143,5.66302,42.544214,0.698338,0.650614
9565,1013,2,2,9,1,3,2,1,1,1,4,1,15,2,5,58.5,0.05184,2.300052,2.885372,0.744264,0.005146,0.1394
10126,1632,4,4,12,5,13,1,2,2,2,14,1,28,4,15,13.5,0.205307,0.987557,2.543401,0.009284,0.1596,0.153981
10705,980,2,3,4,3,1,1,0,1,1,3,1,6,2,4,78.0,0.667886,5.137786,4.787598,23.973526,0.139912,0.592858
10557,729,1,0,3,1,1,0,0,0,1,0,0,4,1,0,90.0,1.0,5.778157,5.960416,61.569959,0.546078,0.723878
16815,1050,0,1,5,3,2,1,0,2,0,4,1,8,2,5,72.5,0.832791,6.482307,5.774937,95.831436,0.746279,0.666527
13000,1701,3,3,8,0,5,0,5,1,3,7,2,18,4,9,42.5,0.021273,1.538462,2.761804,0.488264,0.204896,0.204648
9070,577,0,0,2,0,3,0,0,1,2,2,0,5,3,2,81.0,0.878724,5.292172,7.141679,212.316809,0.923168,0.747153
4217,631,3,1,7,2,3,1,2,2,0,4,0,13,2,4,64.0,0.043708,0.948542,3.090338,5.458314,0.390938,0.194598
18000,1125,2,0,2,1,3,1,2,2,3,1,0,8,5,1,72.5,0.872642,6.111111,7.124172,159.312364,0.991197,0.752687
9075,759,3,1,3,0,1,1,1,1,1,1,0,6,2,1,82.5,0.958997,7.713499,6.264126,114.998164,0.743843,0.783524
10652,665,1,0,3,2,5,0,1,0,0,2,1,9,0,3,77.5,1.0,6.665415,6.482519,194.349071,0.820607,0.736443
13222,885,3,0,4,1,4,2,2,1,0,1,1,12,1,2,71.0,0.847302,7.790047,6.177972,115.897378,0.946854,0.683635
6570,676,1,1,6,4,2,3,2,2,2,4,1,13,4,5,58.5,0.821629,5.479452,5.139092,115.05967,0.732976,0.575032
9712,607,0,1,5,0,4,0,1,0,0,0,1,10,0,1,78.5,0.88737,6.48682,6.562035,168.493679,0.801781,0.740477
15235,1431,1,0,5,0,2,1,3,0,0,3,0,11,0,3,73.5,0.987902,6.760748,6.144981,117.039461,0.522055,0.722121
4051,645,0,1,5,0,1,1,0,3,0,2,0,7,3,2,77.0,0.538923,5.183905,4.623973,9.246292,0.322133,0.48622
3536,355,0,0,4,1,3,0,0,0,0,0,1,7,0,1,84.5,0.376787,4.807692,3.24581,4.49404,0.195504,0.421746
9246,881,1,0,2,0,2,0,2,0,2,1,0,6,2,1,82.5,0.898057,6.164828,6.152942,122.021142,0.59013,0.65097
7290,1383,2,1,8,0,4,0,3,1,1,2,3,15,2,5,58.5,0.726897,6.310014,5.308098,19.694232,0.257882,0.583275
5338,484,0,1,4,0,1,1,1,1,2,0,0,7,3,0,80.0,0.043524,3.372049,1.906397,1.591551,0.046153,0.284545
12837,1382,1,3,7,4,4,3,2,1,2,1,1,16,3,2,59.0,0.820443,9.347978,4.785179,34.712808,0.394699,0.63355
15143,1995,2,1,6,4,4,0,2,0,0,5,2,12,0,7,65.5,0.356235,3.764115,4.527535,25.729283,0.527158,0.419815
4921,395,0,0,4,0,2,0,1,0,0,3,0,7,0,3,81.5,0.65555,3.657793,4.866933,7.45144,0.654405,0.414909
6876,429,0,0,0,0,0,0,1,0,0,1,0,1,0,1,96.5,0.806432,4.217568,5.795415,43.076115,0.93674,0.661683
6941,960,2,2,10,4,2,1,4,2,3,5,4,17,5,9,42.5,0.547658,4.89843,5.362222,22.185006,0.642303,0.509888
16500,1093,5,2,7,3,6,0,4,4,2,3,0,17,6,3,49.5,0.328254,3.333333,4.264193,38.555809,0.938385,0.452087
8023,664,3,1,11,1,1,0,2,0,0,1,0,14,0,1,70.5,0.542547,6.107441,5.277553,41.52123,0.840689,0.531941
9359,833,3,4,3,2,2,0,3,0,0,3,0,8,0,3,79.5,0.558598,3.526018,2.94056,3.563089,0.056459,0.406178
10561,1642,2,2,9,4,6,0,2,1,1,3,0,17,2,3,57.5,0.446896,4.071584,4.63596,32.706193,0.53346,0.514958
11956,747,2,1,6,1,4,0,4,2,0,0,0,14,2,0,68.0,0.998184,6.774841,6.816175,333.793935,0.992438,0.82348
4500,328,0,0,0,1,2,1,1,0,0,0,0,4,0,0,92.0,0.781045,8.666667,5.858564,134.961215,0.789215,0.690026
2926,380,0,0,10,0,2,1,3,1,0,3,0,16,1,3,61.5,0.895393,7.177033,6.455216,90.935878,0.866639,0.672976
5515,646,2,2,12,3,8,2,3,1,0,4,0,25,1,4,42.0,0.860501,7.43427,6.184105,154.713692,0.880263,0.656366
15585,1051,5,0,9,1,1,0,4,1,0,4,0,14,1,4,64.0,0.856034,8.020533,6.35225,526.375282,0.917288,0.753417
5369,335,1,0,3,0,1,0,1,0,0,0,1,5,0,1,88.5,1.0,5.028869,5.983482,29.543585,0.780652,0.753677
2600,320,0,0,2,0,2,0,0,0,0,0,0,4,0,0,92.0,0.684309,3.076923,5.173301,1.945028,0.620581,0.492162
8038,876,0,0,6,0,4,0,2,1,0,2,2,12,1,4,68.0,0.572676,5.349589,5.040429,25.263572,0.592916,0.479556
7014,1075,1,1,5,1,10,1,2,1,1,1,0,18,2,1,58.5,0.103889,2.994012,3.152283,6.712104,0.40043,0.263522
9606,921,2,1,11,2,2,2,2,3,2,2,0,17,5,2,53.0,0.584262,5.725588,4.542274,79.294677,0.93811,0.600113
8890,555,1,3,7,2,3,2,0,0,0,0,1,12,0,1,74.5,0.925693,6.074241,6.518298,244.024439,0.928168,0.663869
4679,672,0,1,5,1,5,0,1,1,1,0,0,11,2,0,74.0,0.755024,5.343022,6.277264,13.070093,0.504136,0.496682
3200,300,0,1,2,0,0,0,0,0,0,1,0,2,0,1,94.5,0.573354,3.4375,6.181147,43.591356,0.96178,0.518997
18000,1125,0,1,9,0,5,1,1,0,1,3,1,16,1,4,60.0,0.808629,6.777778,5.201575,165.57824,0.894916,0.701201
5130,556,2,0,9,1,2,0,0,1,0,1,1,11,1,2,73.0,0.203015,2.923977,4.918002,3.733278,0.644589,0.349333
7678,1292,1,3,8,2,4,2,1,3,1,6,1,15,4,7,51.5,0.114034,1.823392,4.435096,10.295383,0.513516,0.220862
3028,502,0,1,3,0,4,0,1,0,1,4,0,8,1,4,76.0,0.279366,4.953765,4.668976,19.329581,0.541978,0.403381
5330,337,0,2,2,1,3,0,3,1,0,0,0,8,1,0,82.0,0.912841,5.440901,6.251982,122.97261,0.819413,0.677003
9815,1599,4,1,15,5,2,2,2,0,0,5,1,21,0,6,49.0,0.433176,4.381049,4.04974,18.250749,0.508566,0.470636
10913,1059,2,2,9,0,9,2,4,4,1,3,0,24,5,3,37.5,0.675339,5.314762,5.486712,49.389361,0.684116,0.483512
9592,777,1,2,0,0,2,0,2,1,0,4,0,4,1,4,84.0,0.949865,6.359466,6.482469,170.499677,0.777754,0.716925
13656,1384,5,1,16,3,5,1,3,3,2,7,2,25,5,9,26.5,0.239171,4.759813,4.930745,44.20556,0.717877,0.475509
2600,341,0,0,5,0,2,1,1,1,3,0,2,9,4,2,71.0,0.477108,5.0,4.930822,0.422734,0.395371,0.433646
6199,621,1,0,3,1,4,1,2,0,1,3,0,10,1,3,73.5,0.297075,2.581061,3.468644,1.803329,0.176484,0.330494
9605,974,3,1,19,2,5,0,3,0,0,9,2,27,0,11,29.5,0.507342,4.580947,4.540484,57.417693,0.687359,0.48704
14000,1753,3,2,30,1,10,4,3,3,0,9,1,47,3,10,0.0,0.937337,9.571429,6.463245,574.107526,0.749185,0.710565
2856,426,0,1,3,0,2,1,0,0,0,1,0,6,0,1,86.5,0.065227,1.7507,3.177446,1.012901,0.459902,0.282265
18000,1740,2,0,6,2,4,0,1,0,0,2,0,11,0,2,75.0,0.858752,5.388889,6.52717,151.730018,0.541901,0.656585
2800,550,2,1,9,0,5,0,1,1,0,2,1,15,1,3,63.5,0.850617,7.857143,6.278478,113.06761,0.399279,0.66446
3200,311,1,2,0,0,1,0,0,0,0,1,0,1,0,1,96.5,0.507643,3.75,4.745817,3.859245,0.356844,0.457093
15000,1732,2,4,8,6,6,0,2,3,2,4,0,16,5,4,52.0,0.73706,6.933333,5.612547,106.322022,0.674087,0.601033
15869,1111,1,2,8,0,9,0,4,2,0,2,2,21,2,4,48.0,0.948765,9.263344,6.377813,246.353699,0.835793,0.782839
2994,375,3,2,1,1,1,1,1,0,0,1,0,4,0,1,90.5,0.162843,2.672011,3.479851,1.844648,0.672792,0.349281
4569,691,3,2,10,2,9,0,0,0,0,0,1,19,0,1,60.5,0.953737,9.41125,6.785113,172.937975,0.566757,0.740032
11286,1347,2,3,3,1,6,0,1,1,0,1,0,10,1,1,76.5,0.185789,2.658161,4.283553,14.269808,0.58529,0.357337
14791,1520,1,2,7,2,8,2,4,1,2,5,1,21,3,6,43.0,0.65801,4.394564,4.251935,27.129326,0.43299,0.445971
3493,344,0,1,7,1,2,0,0,2,2,3,0,9,4,3,69.5,0.647359,3.149155,3.866035,10.443728,0.155591,0.410179
5142,321,1,0,1,0,2,0,0,1,0,0,0,3,1,0,92.0,1.0,9.91832,7.088111,211.145894,0.704754,0.879156
12384,1508,0,1,6,2,1,0,0,1,1,3,0,7,2,3,77.5,0.82652,5.410207,6.036357,51.156939,0.501028,0.765948
6827,662,2,1,7,2,5,1,3,0,1,3,2,16,1,5,58.5,0.161109,3.222499,2.290823,2.415026,0.745912,0.307016
11684,1237,0,0,5,1,4,1,1,0,0,2,0,11,0,2,75.0,0.995521,5.563163,5.675544,48.142424,0.294817,0.712298
11369,774,2,2,5,1,2,1,1,2,0,5,0,9,2,5,70.5,0.873878,8.531973,7.122433,345.909927,0.969832,0.776169
9646,916,2,1,3,2,2,2,3,0,1,1,0,10,1,1,76.5,1.0,5.909185,6.17118,233.621925,0.505492,0.728019
8508,674,0,1,1,2,2,0,2,1,0,1,0,5,1,1,86.5,0.894711,6.58204,5.980028,86.741873,0.393615,0.751299
3200,317,1,1,3,1,1,0,1,0,0,1,0,5,0,1,88.5,0.576211,3.4375,4.2797,12.937838,0.012875,0.459424
14494,905,0,1,2,0,2,0,0,2,1,5,0,4,3,5,78.5,0.984082,6.761419,6.617112,380.528903,0.780693,0.780782
7363,880,1,1,6,1,3,0,1,2,0,1,0,10,2,1,74.5,0.40076,3.802798,4.582658,18.809006,0.428241,0.452777
3461,353,1,1,3,2,2,2,1,1,1,0,0,8,2,0,80.0,0.063562,1.733603,2.031016,0.32749,0.156133,0.179255
6061,892,3,1,7,3,5,2,3,0,1,4,0,17,1,4,58.0,0.159303,2.30985,3.770444,1.934135,0.416884,0.291623
4557,300,1,1,2,0,0,0,1,0,0,0,0,3,0,0,94.0,0.980551,10.09436,6.178198,179.428273,0.850774,0.840616
5025,564,1,2,5,4,2,0,2,2,3,3,0,9,5,3,67.5,0.0759,1.393035,2.32729,0.21829,0.011221,0.191572
18000,1599,1,1,6,2,4,0,0,0,1,1,0,10,1,1,76.5,0.876573,7.333333,5.735883,91.118182,0.521801,0.740347
3960,452,2,2,9,0,4,0,1,1,0,4,0,14,1,4,64.0,0.762739,6.565657,7.159326,44.528534,0.953635,0.778853
6806,522,0,0,5,0,8,1,3,2,1,3,0,17,3,3,55.5,0.354499,6.317955,3.839859,18.221128,0.921881,0.49615
10063,1074,4,1,5,2,3,1,1,1,1,0,0,10,2,0,76.0,0.835657,4.769949,4.230439,33.704613,0.412341,0.610521
10270,702,1,0,2,2,3,0,1,2,1,3,3,6,3,6,73.0,0.559975,6.037001,4.895742,67.361149,0.900143,0.497712
10923,1537,2,3,5,1,7,2,3,2,1,3,2,17,3,5,52.5,0.907748,7.049345,5.240735,112.751617,0.583561,0.643314
13747,1417,1,4,5,1,7,0,0,2,1,1,0,12,3,1,68.5,1.0,8.219975,6.111065,193.820619,0.539337,0.779671
4953,370,0,1,3,0,1,0,0,0,0,0,0,4,0,0,92.0,0.922264,8.883505,6.02145,51.235613,0.850111,0.768168
2204,300,1,0,2,1,1,0,0,0,1,1,2,3,1,3,87.5,0.243342,3.629764,3.513007,2.896563,0.73907,0.363003
6047,962,4,2,5,2,7,0,3,1,2,2,0,15,3,2,61.0,0.357505,4.630395,4.133438,13.963174,0.562779,0.412734
5634,431,0,1,2,0,1,0,1,0,0,0,0,4,0,0,92.0,0.828682,9.052183,6.170298,101.323826,0.61386,0.740783
3424,682,1,0,6,1,3,0,5,0,1,3,1,14,1,4,64.0,0.995595,8.761682,5.502887,116.868853,0.547922,0.719879
4892,642,0,0,5,1,3,1,2,0,0,2,0,11,0,2,75.0,0.525664,4.088307,4.138962,1.058177,0.341439,0.419424
11345,1318,3,0,10,0,1,0,3,0,3,5,2,14,3,7,55.5,0.119715,0.528867,3.407913,2.020083,0.000589,0.188742
5660,565,2,3,8,0,5,1,2,2,1,4,2,16,3,6,53.0,0.095195,0.0,0.0,0.0,0.029628,0.127176
6191,989,2,1,8,0,10,2,3,2,0,2,2,23,2,4,44.0,0.070957,1.938298,2.896941,0.42039,0.374791,0.178038
8662,799,1,2,3,2,4,0,2,0,1,4,2,9,1,6,71.0,0.884126,6.926807,4.78589,60.861495,0.06028,0.627197
6126,655,0,0,7,3,7,0,3,2,1,2,2,17,3,4,54.0,0.59868,5.713353,4.749465,10.835375,0.685348,0.419274
10255,721,3,0,5,1,1,1,0,0,0,3,0,7,0,3,81.5,0.91472,8.971234,6.251128,239.578399,0.840475,0.735606
5271,584,2,1,5,1,2,0,1,0,2,3,0,8,2,3,75.5,0.390002,5.312085,3.765401,69.726299,0.966253,0.55657
7196,692,2,0,8,0,7,0,1,1,0,4,0,16,1,4,60.0,0.451761,4.030017,3.934402,13.76026,0.815034,0.453257
11000,1282,3,3,10,2,12,4,8,2,1,9,1,34,3,10,11.0,0.101928,1.636364,3.421068,4.102869,0.132003,0.110514
3977,313,2,1,6,0,1,0,0,1,0,0,0,7,1,0,84.0,0.667501,6.537591,5.301374,19.447965,0.705155,0.566408
10099,693,2,0,5,0,5,0,2,0,1,1,1,12,1,2,71.0,0.85192,5.446084,6.146863,57.326253,0.742352,0.674986
12608,1407,0,0,5,0,5,2,0,3,1,4,2,12,4,6,59.0,0.748734,5.948604,4.129737,17.924037,0.406763,0.554637
6533,595,1,1,7,1,4,0,2,0,2,1,0,13,2,1,68.5,0.313774,2.602174,3.836226,3.766338,0.051833,0.29055
7148,932,1,0,9,2,4,0,2,1,1,6,0,15,2,6,57.0,0.491622,4.476777,4.311223,21.873634,0.440833,0.434909
9159,844,0,1,5,0,2,0,1,0,0,3,2,8,0,5,76.5,0.489968,5.349929,4.730822,9.912789,0.34449,0.476235
2407,300,0,0,0,1,0,0,0,0,0,0,1,0,0,1,98.5,0.168064,1.66182,1.860177,0.365956,0.085554,0.211699
4045,462,1,1,5,0,2,0,1,0,0,3,0,8,0,3,79.5,0.505744,5.191595,4.900641,19.942971,0.664449,0.478576
3064,348,2,2,2,2,3,0,2,2,0,2,1,7,2,3,77.5,0.016833,2.284595,2.51364,0.849228,0.272455,0.21912
4793,346,0,3,3,0,0,0,1,0,0,2,0,4,0,2,89.0,0.988921,6.676403,6.850305,148.526762,0.947377,0.735595
16500,2083,4,5,14,4,4,2,6,1,0,7,0,26,1,7,35.5,0.615929,5.272727,5.069021,46.95094,0.58759,0.515496
6957,768,0,2,8,1,3,0,0,2,0,4,0,11,2,4,68.0,0.255581,3.162283,3.455201,11.775774,0.692008,0.329064
6051,592,1,0,4,2,0,1,2,0,0,2,1,7,0,3,81.5,0.157953,2.313667,3.249874,5.816171,0.445436,0.22658
9327,799,0,0,8,6,4,3,2,1,0,1,0,17,1,1,62.5,0.20126,2.251528,3.307918,4.500684,0.561071,0.245209
7095,1023,2,2,15,1,10,0,4,0,4,2,2,29,4,4,28.0,0.044242,2.396054,2.864096,1.125423,0.353485,0.178976
7282,754,1,0,9,1,3,2,0,2,1,3,0,14,3,3,61.5,0.121344,1.647899,3.346717,7.016328,0.466485,0.205507
10512,1284,4,2,10,3,10,1,5,0,1,2,2,26,1,4,40.0,0.552271,3.710046,4.344556,20.03073,0.159403,0.427768
2555,323,0,1,5,0,2,0,0,0,1,3,2,7,1,5,76.5,8.5e-05,3.522505,2.555982,0.925828,0.803979,0.315697
4498,487,1,0,9,2,2,3,0,2,0,0,1,14,2,1,66.5,0.203345,2.890173,3.924721,1.076877,0.003711,0.273856
5175,501,1,2,3,1,5,0,0,0,0,2,0,8,0,2,81.0,0.745738,7.342995,5.273481,29.495474,0.383116,0.564893
6563,777,2,0,6,0,0,1,0,0,0,1,0,7,0,1,84.5,0.515271,4.418711,4.41595,15.00815,0.40392,0.466497
2845,399,0,1,6,2,2,0,3,2,1,2,1,11,3,3,67.5,0.220527,3.514938,4.821836,8.218707,0.69693,0.324009
2800,354,2,0,3,1,6,0,3,0,0,0,0,12,0,0,76.0,0.889645,10.0,6.576839,123.487113,0.893452,0.809401
5304,600,2,2,5,0,8,1,2,2,0,6,0,16,2,6,55.0,0.036891,1.696833,3.298255,0.904488,0.050359,0.221854
8779,959,6,2,9,1,6,0,4,2,1,4,2,19,3,6,47.0,0.214448,2.392072,2.795545,5.212752,0.384233,0.261053
3392,586,1,0,4,2,1,0,2,1,1,3,1,7,2,4,76.0,0.098895,4.42217,2.395062,0.036272,0.200303,0.287101
14260,933,1,0,8,2,3,1,4,2,0,1,0,16,2,1,62.5,0.654669,5.119215,5.594278,137.181204,0.993389,0.654495
11139,864,2,1,6,0,3,1,1,1,3,2,2,11,4,4,64.0,0.415168,3.680761,4.471842,27.555159,0.955424,0.519785
6299,696,2,1,5,1,4,1,0,1,0,1,0,10,1,1,76.5,0.482188,4.44515,5.891581,17.829889,0.21167,0.450007
8063,819,1,4,5,3,4,1,1,1,2,2,1,11,3,3,67.5,0.349825,3.472653,4.275811,19.413498,0.13355,0.40487
11804,1196,1,1,5,1,2,0,1,0,0,0,0,8,0,0,84.0,0.986775,9.149441,6.616732,236.893915,0.538604,0.80368
7170,456,1,0,3,2,1,1,0,0,0,2,0,5,0,2,87.0,1.0,8.228731,6.548735,62.105911,0.899937,0.809889
5153,514,3,2,5,1,4,2,0,0,1,4,0,11,1,4,70.0,0.430074,4.657481,4.146911,14.867638,0.903288,0.451148
4654,396,0,1,1,0,3,0,1,1,1,3,0,5,2,3,81.5,0.375463,4.727116,4.292827,12.947913,0.795588,0.516228
8855,670,1,2,2,2,1,1,0,0,0,3,0,4,0,3,87.5,0.748037,5.081875,5.424202,69.654598,0.821276,0.717702
3920,468,2,1,10,0,8,1,1,1,0,2,0,20,1,2,55.0,0.868401,9.183673,6.913029,154.45494,0.885631,0.707188
16500,1748,5,2,9,1,6,0,7,2,1,5,2,22,3,7,39.5,0.709638,6.060606,4.905606,27.445255,0.283258,0.437838
10465,829,3,0,10,2,7,0,2,1,0,5,2,19,1,7,49.5,0.159557,3.726708,3.378195,8.041384,0.812256,0.277565
8033,761,2,3,4,7,3,1,4,0,1,4,0,12,1,4,68.0,0.735891,5.850865,5.234233,44.744031,0.969479,0.649196
11259,1275,3,2,10,4,7,2,1,0,0,5,0,20,0,5,52.5,0.112566,2.309264,2.218059,7.016076,0.080028,0.275384
13818,863,1,3,3,1,5,1,1,0,0,5,0,10,0,5,72.5,0.722114,8.322478,5.844263,425.256753,0.819507,0.657065
4525,300,1,1,6,0,2,1,0,1,0,1,1,9,1,2,77.0,0.441928,4.861878,4.549771,16.059472,0.904348,0.426043
5631,440,4,2,2,2,4,0,1,0,3,2,0,7,3,2,77.0,0.341514,6.038004,4.340348,13.928288,0.657192,0.48789
8862,858,2,1,7,2,8,1,1,1,1,0,0,17,2,0,62.0,0.76266,3.836606,5.238427,25.051032,0.174439,0.441466
6535,670,1,0,7,0,4,2,2,1,1,4,0,15,2,4,60.0,0.559532,6.885998,4.622527,29.323326,0.685224,0.622703
10297,1676,4,3,9,3,9,4,2,4,3,4,2,24,7,6,29.0,0.040403,0.971157,2.651308,1.048371,0.295625,0.162728
3458,510,2,0,4,0,3,0,3,1,1,1,1,10,2,2,73.0,0.066735,1.445922,3.085864,2.967686,0.409808,0.285716
9062,1059,3,1,6,3,5,0,4,3,2,3,1,15,5,4,54.0,0.079442,1.986316,4.377626,16.955997,0.655592,0.325953
6462,776,3,1,3,1,2,2,1,0,1,1,0,8,1,1,80.5,0.801429,6.190034,5.104933,36.671043,0.267471,0.567216
3555,386,3,1,0,1,1,1,1,0,1,0,0,3,1,0,92.0,0.703834,3.938115,4.604527,28.826808,0.673531,0.642302
11000,1749,4,1,20,5,10,5,3,0,0,5,1,38,0,6,15.0,0.380255,3.727273,3.906672,7.094722,0.648761,0.297814
6762,976,2,2,6,2,2,0,1,2,1,3,1,9,3,4,70.0,0.045425,2.218279,3.798502,0.357466,0.264216,0.220047
12107,1115,2,1,5,0,3,1,6,4,2,5,1,15,6,6,49.0,0.469817,6.02957,5.302903,39.708888,0.904488,0.510237
9014,1130,0,1,7,0,6,0,7,2,3,1,0,20,5,1,48.5,0.179155,3.328156,2.573653,1.837183,0.407534,0.23644
9237,609,0,1,7,1,2,2,1,1,2,3,0,12,3,3,65.5,0.860129,6.928656,6.426795,243.143746,0.862626,0.683877
9443,931,0,2,4,0,1,1,2,1,1,4,1,8,2,5,72.5,0.668198,3.600551,5.055193,3.555079,0.452783,0.494544
10265,650,0,1,4,3,2,1,2,0,2,3,0,9,2,3,73.5,0.927128,5.942523,5.00319,185.941372,0.659967,0.704225
10898,1533,1,1,6,0,12,0,0,1,0,1,1,18,1,2,59.0,0.455952,3.945678,4.055159,14.061062,0.440309,0.402109
4500,300,1,0,5,0,1,0,1,0,0,0,1,7,0,1,84.5,0.895552,8.0,5.545146,41.150443,0.6056,0.759394
2800,387,4,1,5,0,5,0,2,0,0,3,1,12,0,4,70.0,0.713664,7.5,5.335279,76.729941,0.801419,0.660873
6100,962,4,0,10,1,5,0,3,1,0,1,1,18,1,2,59.0,0.850132,6.885246,4.952322,45.602456,0.343838,0.581839
3687,454,0,2,6,1,6,0,0,1,2,5,2,12,3,7,59.5,0.038967,2.983455,3.46643,8.988028,0.105082,0.217016
11749,734,0,0,4,2,4,0,0,1,0,2,0,8,1,2,79.0,0.829006,8.341135,6.416872,418.275546,0.883727,0.776813
7638,734,0,1,5,0,3,4,0,0,2,1,0,12,2,1,70.5,0.237001,2.225714,2.978768,3.83129,0.672382,0.327897
8651,1115,4,4,6,1,7,3,7,2,0,5,1,23,2,6,41.0,0.204575,2.196278,2.930287,4.5226,0.413238,0.272343
10022,1144,2,2,7,2,3,1,2,4,3,0,1,13,7,1,58.5,0.693706,3.791658,5.025975,33.513069,0.221532,0.459502
5778,822,0,1,4,1,2,1,2,3,0,3,0,9,3,3,71.5,0.190282,2.942195,4.21738,7.173193,0.487347,0.376476
4766,768,4,0,8,1,6,0,3,1,0,3,0,17,1,3,59.5,0.908935,9.022241,5.972415,60.927921,0.715491,0.682157
11722,978,2,1,13,0,7,1,0,2,0,3,1,21,2,4,48.0,0.531282,3.156458,4.825887,15.840599,0.199803,0.453881
13580,1741,2,0,13,0,2,0,2,1,1,4,0,17,2,4,56.0,1.0,7.511046,6.182523,208.499128,0.258325,0.697133
5626,501,2,1,0,0,3,0,2,0,0,1,0,5,0,1,88.5,0.785366,4.799147,5.358232,14.741542,0.041484,0.565294
5537,781,2,3,10,1,3,1,4,3,0,3,1,18,3,4,52.0,0.051664,0.722413,2.12235,0.394656,0.43429,0.138845
9315,652,2,1,3,1,1,0,1,1,0,1,1,5,1,2,85.0,0.640689,6.655931,5.289248,52.559776,0.946532,0.66206
6159,990,1,2,16,0,12,0,2,2,1,12,0,30,3,12,16.0,1.0,7.793473,5.664537,164.490329,0.744254,0.664575
15777,986,0,1,6,0,2,0,1,2,0,9,2,9,2,11,61.5,0.987668,6.655258,6.087264,452.897085,0.915737,0.714592
6956,899,5,4,11,1,5,0,3,1,1,4,1,19,2,5,50.5,0.002961,2.443933,2.894003,1.708351,0.450145,0.238201
2265,300,1,0,1,1,4,0,1,0,1,1,0,6,1,1,84.5,0.079085,1.324503,2.266854,1.277933,0.20809,0.180823
14462,1142,2,0,4,1,5,0,1,1,1,3,0,10,2,3,71.5,0.721003,6.638086,5.430059,45.319889,0.659895,0.687034
8439,1144,2,1,5,1,7,1,3,0,1,1,0,16,1,1,64.5,0.346711,3.673421,3.965832,15.016728,0.523688,0.469387
12455,1502,2,2,19,7,14,0,5,3,0,3,1,38,3,4,12.0,0.529386,4.496186,3.848159,21.431588,0.697847,0.405563
15000,2339,4,1,6,3,7,1,4,2,2,5,2,18,4,7,45.5,0.855203,5.2,4.998036,57.918857,0.421659,0.627941
13526,1816,4,1,11,1,5,3,5,0,1,3,1,24,1,4,44.0,0.525964,4.583765,4.287341,35.620482,0.306828,0.482512
14705,1267,0,0,11,4,14,3,4,0,0,1,0,32,0,1,34.5,0.635115,4.692282,4.590592,24.477864,0.0709,0.545897
5745,594,2,1,2,1,0,0,2,1,0,1,2,4,1,3,85.5,0.542353,2.959095,4.324208,13.955269,0.348949,0.45823
7920,855,1,1,1,2,4,1,1,1,0,0,0,7,1,0,84.0,1.0,5.808081,6.760409,48.431674,0.544265,0.67504
14000,1787,9,1,28,2,18,1,10,2,2,4,0,57,4,4,0.0,0.812067,8.214286,5.621975,160.800242,0.755086,0.659338
3449,516,2,0,3,4,5,1,2,2,0,3,0,11,2,3,69.5,0.079866,1.159756,1.879703,0.02076,0.733903,0.223298
8584,536,0,0,5,1,2,1,3,0,0,3,0,11,0,3,73.5,0.956902,9.086673,6.738705,332.329741,0.964306,0.831366
5932,632,2,3,7,1,3,0,0,3,2,6,0,10,5,6,61.0,0.047219,3.202967,3.30398,3.945644,0.240874,0.209963
2722,300,0,0,0,0,0,0,1,0,1,2,1,1,1,3,91.5,0.368742,2.939015,2.939289,0.006012,0.14896,0.20476
5504,624,1,1,8,0,5,0,0,0,1,5,1,13,1,6,63.0,0.027136,1.090116,2.529117,0.362873,0.073091,0.126319
9615,711,1,0,5,1,2,0,0,1,0,1,0,7,1,1,82.5,0.922967,9.048362,6.993666,389.443191,0.820197,0.820366
5460,341,0,2,3,1,2,2,1,0,0,1,0,8,0,1,82.5,0.795874,4.945055,6.828716,58.291914,0.858353,0.6645
4800,592,1,0,4,2,3,0,0,2,2,3,0,7,4,3,73.5,0.440827,4.583333,3.81151,6.57618,0.386244,0.419056
10493,1112,1,1,7,1,9,0,2,0,1,2,1,18,1,3,57.5,0.526129,4.09797,4.094452,14.079262,0.402794,0.478468
7085,748,0,0,7,0,1,1,1,0,0,3,1,10,0,4,74.0,0.319115,2.822865,4.752057,23.837761,0.462892,0.416317
6048,619,1,2,6,1,1,2,2,0,1,1,1,11,1,2,73.0,0.657025,5.952381,4.807978,20.321447,0.170261,0.541591
8314,1319,0,2,7,1,8,3,7,2,3,3,4,25,5,7,29.5,0.572696,3.84893,4.355773,13.317635,0.232987,0.444034
9240,599,2,0,5,2,1,1,0,2,0,0,0,7,2,0,82.0,0.479967,5.08658,5.121029,26.4611,0.913299,0.513437
9935,1299,1,0,1,0,4,3,2,0,0,0,1,10,0,1,78.5,0.716956,4.126824,3.632633,12.686946,0.312636,0.518701
1500,300,1,0,3,0,2,1,0,0,0,0,0,6,0,0,88.0,0.11075,3.333333,3.167687,1.473177,0.457967,0.267549
6412,672,0,1,6,1,0,0,1,0,1,0,0,7,1,0,84.0,0.775499,8.109794,5.879727,39.481819,0.579815,0.767083
2800,340,3,0,8,0,4,1,0,1,1,1,0,13,2,1,68.5,0.744937,7.142857,5.54747,52.731727,0.859734,0.679058
3764,458,2,1,3,2,4,0,3,2,0,1,0,10,2,1,74.5,0.101809,2.656748,2.877418,0.887176,0.188335,0.188459
13927,870,0,2,5,2,0,0,1,1,0,2,0,6,1,2,83.0,0.854002,5.098011,6.812391,57.74263,0.842614,0.766083
8587,949,5,2,11,1,8,2,3,2,1,2,3,24,3,5,38.5,0.240488,2.445557,3.760797,7.523985,0.52079,0.282461
11626,904,1,1,5,0,3,0,1,0,0,2,0,9,0,2,79.0,0.860953,4.386719,5.089301,31.361599,0.017082,0.615297
18000,1396,3,0,6,2,4,2,5,0,3,3,0,17,3,3,55.5,0.905977,6.611111,5.353885,205.074618,0.849928,0.677952
15343,1455,2,2,9,1,4,2,2,0,0,4,0,17,0,4,60.0,0.920844,7.821156,6.430578,67.018961,0.52861,0.703729
5424,798,3,0,5,2,5,0,0,1,3,5,0,10,4,5,64.5,0.196808,1.106195,3.824143,1.923903,0.295743,0.216678
6812,679,1,0,9,0,7,3,7,1,1,8,0,26,2,8,32.0,0.787917,7.339988,5.958827,131.123348,0.952549,0.706879
7814,771,0,2,3,0,2,0,0,0,0,2,1,5,0,3,85.5,0.902744,6.654722,5.91242,89.979183,0.376255,0.73931
13584,861,2,3,6,2,6,0,5,0,0,1,0,17,0,1,64.5,0.98338,7.287986,6.836289,421.406496,0.658678,0.711637
18000,1299,1,1,11,0,2,0,1,1,1,3,0,14,2,3,63.5,0.917305,8.388889,6.339248,176.801399,0.820609,0.733071
3200,300,0,1,2,0,2,0,0,0,0,1,0,4,0,1,90.5,0.786494,6.25,4.338125,18.636091,0.288487,0.563154
12479,1500,1,0,6,0,7,0,6,3,1,3,2,19,4,5,46.5,0.803679,4.167001,5.641164,22.873288,0.268985,0.499146
11339,1045,2,3,7,1,12,0,2,0,0,4,0,21,0,4,52.0,0.386589,4.233178,4.58551,14.513555,0.692711,0.44381
4500,325,1,0,2,1,1,0,2,0,0,2,0,5,0,2,87.0,0.925188,4.666667,7.157675,71.914602,0.931229,0.66863
6806,787,2,2,2,0,0,2,1,0,0,1,0,5,0,1,88.5,0.311996,3.5263,4.487199,5.77991,0.614305,0.411383
7754,1121,5,0,6,1,6,1,1,4,3,2,1,14,7,3,53.5,0.072089,1.80552,3.434727,1.863642,0.258562,0.183044
5591,679,2,3,8,0,2,0,0,0,0,2,0,10,0,2,77.0,0.527039,3.756036,5.202958,4.429726,0.554814,0.447835
9392,1802,3,1,11,6,6,2,1,3,3,3,0,20,6,3,43.5,0.216622,2.342419,3.707441,0.416876,0.436113,0.223522
9073,872,0,0,8,0,7,2,1,1,2,0,1,18,3,1,56.5,0.46585,5.731291,3.620164,25.00242,0.270209,0.537662
11440,1117,0,1,4,1,1,0,1,1,2,3,1,6,3,4,76.0,0.851355,5.332168,5.960012,56.346177,0.320157,0.659142
18000,1768,2,2,8,2,4,0,1,0,0,3,0,13,0,3,69.5,0.91203,5.722222,5.258146,274.840305,0.379066,0.654915
18000,1125,2,3,4,3,4,2,0,0,0,3,0,10,0,3,75.5,0.899852,8.555556,5.727396,241.175322,0.679572,0.871008
16500,1247,2,1,10,3,3,1,0,0,0,3,1,14,0,4,66.0,1.0,7.333333,5.890707,445.109996,0.695025,0.773632
10966,1259,1,4,6,2,6,3,1,1,2,6,1,16,3,7,51.5,0.849499,5.927412,4.520814,42.467394,0.167822,0.542259
1710,300,0,1,3,0,1,0,0,2,0,1,0,4,2,1,86.5,0.182513,0.584795,1.761085,0.000265,0.221006,0.24967
10596,1513,2,1,30,4,12,2,2,2,0,6,2,46,2,8,0.0,0.865778,8.493771,5.572888,303.31221,0.742771,0.666562
14106,1080,1,1,3,1,5,1,0,0,1,2,0,9,1,2,77.0,0.958961,7.443641,6.118366,171.925559,0.705166,0.708057
3200,360,0,1,0,0,0,0,0,0,1,1,0,0,1,1,96.5,0.669132,6.5625,5.325498,7.845776,0.315697,0.493278
5502,962,3,1,6,2,6,0,0,1,2,3,0,12,3,3,65.5,0.929224,8.7241,5.594309,190.954728,0.445545,0.710197
6950,1125,1,1,12,7,8,0,1,1,1,2,1,21,2,3,49.5,0.498804,4.172662,3.579663,26.480803,0.44366,0.469984
16500,1534,1,1,6,2,12,1,4,1,1,6,1,23,2,7,39.5,0.44589,4.242424,4.912597,26.878902,0.679573,0.513611
10024,1383,9,1,6,4,8,1,3,1,0,2,1,18,1,3,57.5,0.260118,1.396648,4.453357,1.165406,0.305512,0.259139
8238,1208,4,2,9,3,7,0,4,1,2,7,1,20,3,8,42.0,0.139024,2.670551,2.846182,4.8606,0.609855,0.218503
6491,723,2,0,4,1,4,0,1,3,2,2,0,9,5,2,69.0,0.194386,3.697427,3.091893,10.242975,0.410663,0.388746
8022,912,1,2,20,3,15,1,1,3,4,6,2,37,7,8,0.0,0.083741,3.739716,3.142644,10.040931,0.74962,0.265656
7484,467,2,0,2,2,2,0,1,0,0,2,0,5,0,2,87.0,0.88799,5.611972,5.367776,53.066445,0.926009,0.66424
13888,1569,2,2,19,1,13,1,1,0,1,3,2,34,1,5,22.5,0.602698,5.832373,4.432759,78.690629,0.66745,0.545908
3226,303,3,0,3,2,3,1,0,0,0,2,0,7,0,2,83.0,0.507295,5.579665,4.023679,5.52214,0.999663,0.468028
11494,1427,2,0,5,2,6,1,0,1,2,4,1,12,3,5,62.5,0.20743,4.350096,3.774181,19.402776,0.408248,0.459648
7137,846,2,1,3,4,2,3,0,1,3,8,2,8,4,10,61.0,0.384139,4.203447,3.715533,14.273611,0.684233,0.450915
15000,2293,2,3,12,2,20,1,6,4,2,6,3,39,6,9,0.0,0.726821,6.266667,4.682913,58.678997,0.220505,0.429781
12190,1461,4,0,5,0,3,1,1,0,1,2,0,10,1,2,75.0,0.659184,4.429861,4.008874,46.387301,0.333937,0.457472
2721,414,0,1,6,0,6,0,1,2,1,2,0,13,3,2,65.0,0.086904,3.675119,2.12933,3.469858,0.695991,0.27745
3200,352,1,0,1,1,3,2,0,1,0,0,0,6,1,0,86.0,0.293943,4.375,4.798549,4.195392,0.579713,0.427417
6419,401,1,0,2,0,1,0,0,0,0,3,0,3,0,3,89.5,0.762741,8.568313,6.50809,121.099999,0.900648,0.770399
4694,845,1,0,5,0,3,1,0,4,0,0,1,9,4,1,72.5,0.125067,1.491265,4.7777,1.2817,0.665225,0.280338
9260,1435,6,3,12,2,3,1,2,0,2,4,0,18,2,4,54.0,0.426835,2.915767,3.503559,6.968014,0.654477,0.362432
4360,305,0,1,5,0,4,0,0,0,1,1,1,9,1,2,77.0,0.5487,5.275229,4.816157,11.814858,0.922939,0.462961
16179,1011,1,0,9,2,3,1,0,1,0,0,2,13,1,2,69.0,0.807922,7.417022,6.055718,111.753953,0.730637,0.720902
5520,655,2,2,5,1,6,0,2,1,2,4,0,13,3,4,62.0,0.201224,1.992754,1.859889,0.071805,0.060685,0.211183
16500,1778,2,0,13,1,4,2,1,1,0,4,4,20,1,8,46.0,0.381578,3.818182,3.958379,16.481488,0.356786,0.402889
2800,503,1,1,9,1,6,0,2,0,0,1,0,17,0,1,64.5,0.753848,6.785714,5.73238,66.728415,0.861587,0.6923
18000,1216,3,2,6,0,3,0,1,1,1,1,0,10,2,1,74.5,1.0,6.222222,6.942517,485.417014,0.938757,0.750782
13512,1453,3,1,7,2,2,2,3,0,0,2,0,14,0,2,69.0,0.830073,4.958555,5.576592,62.422833,0.363136,0.587618
5258,727,0,1,4,0,2,0,2,2,0,2,2,8,2,4,74.0,0.419902,5.325219,3.894018,8.969149,0.48053,0.419898
13393,1685,0,0,8,4,6,1,8,0,2,3,1,23,2,4,44.0,0.350977,3.359964,3.279127,54.357983,0.376764,0.435204
11000,1643,3,6,12,2,9,2,3,2,2,8,1,26,4,9,26.5,0.040149,1.545455,3.334634,4.338799,0.524592,0.200514
5625,712,2,1,3,1,0,0,4,0,0,4,0,7,0,4,80.0,0.141176,2.844444,2.849831,2.864248,0.340637,0.391528
11298,715,1,1,6,0,3,1,0,1,1,1,0,10,2,1,74.5,0.823971,6.461321,6.306872,58.545258,0.871757,0.739242
5317,892,2,0,9,2,4,0,2,1,2,4,0,15,3,4,58.0,0.063899,1.88076,1.877034,1.521876,0.453462,0.1366
3200,328,0,0,1,0,0,0,0,0,0,2,0,1,0,2,95.0,0.623918,4.6875,4.3663,7.310385,0.208831,0.61198
5802,910,2,2,9,3,6,1,3,0,0,5,1,19,0,6,53.0,0.852108,8.273009,6.530365,235.756876,0.746671,0.698437
13564,982,1,1,3,1,3,1,1,0,0,2,1,8,0,3,79.5,0.526687,3.833677,4.107911,21.409019,0.029387,0.477923
4825,429,3,0,2,1,6,2,1,1,1,0,2,11,2,2,71.0,0.084454,1.658031,1.994007,1.786989,0.570555,0.203705
2600,401,2,0,4,0,2,0,0,0,0,0,0,6,0,0,88.0,0.812952,6.923077,6.015723,56.805565,0.489767,0.6437
3196,499,0,1,11,0,4,0,0,1,0,3,0,15,1,3,63.5,0.916308,11.26408,6.610038,164.446841,0.68453,0.758312
3806,416,1,1,10,3,3,0,0,0,1,1,1,13,1,2,69.0,0.049003,3.941146,3.144429,1.833005,0.775161,0.273714
7246,778,0,2,14,0,4,1,0,2,2,3,1,19,4,4,48.0,0.734896,5.520287,5.692104,16.596307,0.835575,0.572712
9832,878,2,2,4,1,4,0,1,1,0,6,2,9,1,8,68.0,0.119052,2.135883,3.268913,6.201579,0.064682,0.253187
3200,300,0,0,1,1,0,0,0,2,0,1,0,1,2,1,92.5,0.789804,3.75,5.534231,56.985214,0.966221,0.586689
14201,1709,5,2,7,1,4,1,2,0,0,7,0,14,0,7,61.5,0.446636,2.746285,5.170585,19.483271,0.403464,0.432175
14523,1726,0,2,5,0,1,1,2,0,2,2,0,9,2,2,75.0,0.649176,3.855953,3.725039,34.981741,0.525512,0.451296
6212,512,1,0,6,2,1,0,1,0,0,1,0,8,0,1,82.5,0.870876,4.990341,4.560448,26.641613,0.120145,0.568856
7150,1110,0,1,7,2,4,0,2,2,1,3,1,13,3,4,62.0,0.62325,6.293706,5.0532,27.857616,0.387089,0.488811
7770,872,3,1,8,0,4,1,1,0,1,5,2,14,1,7,59.5,0.467989,5.276705,3.469162,36.561864,0.679561,0.502099
5745,697,1,0,5,0,5,2,2,2,0,0,0,14,2,0,68.0,0.204785,3.481288,4.397219,8.374141,0.539794,0.352697
5731,554,0,0,6,0,4,0,2,0,0,1,0,12,0,1,74.5,0.641812,5.583668,6.253724,20.973067,0.388077,0.472271
6131,1262,1,1,7,2,9,0,2,3,1,2,0,18,4,2,53.0,0.253231,1.957266,3.047731,1.723259,0.254324,0.265464
5752,511,1,1,5,1,3,0,1,1,0,0,0,9,1,0,80.0,0.058021,3.303199,2.826006,5.416702,0.541795,0.335278
6601,743,2,2,4,2,4,3,3,2,1,4,0,14,3,4,60.0,0.161282,1.666414,2.273634,1.239482,0.120053,0.139896
11808,1144,2,3,2,2,2,0,1,0,0,1,2,5,0,3,85.5,0.862024,5.081301,6.379281,72.302195,0.592734,0.699875
8243,933,1,0,5,2,4,1,2,0,0,2,0,12,0,2,73.0,0.87831,5.095232,5.224252,58.647605,0.229056,0.544756
4249,565,2,2,8,1,9,0,5,0,0,1,1,22,0,2,53.0,0.8945,8.943281,5.513057,98.083573,0.846539,0.796072
4413,470,0,0,5,0,3,0,1,0,0,1,0,9,0,1,80.5,0.637178,3.399048,4.815895,13.611095,0.30888,0.433155
10106,673,1,0,6,1,2,0,1,1,0,0,1,9,1,1,78.5,0.845001,9.499307,6.524143,390.241992,0.909644,0.804372
11998,1274,4,1,6,1,2,1,1,0,0,2,0,10,0,2,77.0,0.93171,7.334556,7.390254,153.792048,0.544255,0.773072
3200,311,1,0,2,1,2,1,0,0,0,2,0,5,0,2,87.0,0.374407,2.1875,4.700138,0.939452,0.705769,0.422236
6474,706,1,0,6,0,3,1,1,1,0,3,1,11,1,4,70.0,0.356684,1.699104,4.224853,1.678838,0.106617,0.223797
4946,897,4,0,8,3,2,1,2,0,0,7,2,13,0,9,60.5,0.101817,3.639304,3.561413,3.189074,0.336259,0.216739
5594,523,3,0,4,1,3,0,5,0,0,1,0,12,0,1,74.5,0.080133,1.430104,2.996513,0.257939,0.069611,0.206056
5132,585,1,1,4,0,2,0,2,3,1,3,1,8,4,4,70.0,0.06433,0.974279,3.146694,3e-06,0.122362,0.148139
1578,302,1,1,3,0,3,0,0,0,0,1,0,6,0,1,86.5,0.095176,0.0,0.0,0.0,0.199781,0.141869
13384,1060,1,2,8,2,3,1,0,0,0,5,0,12,0,5,68.5,1.0,6.724447,6.173465,100.082745,0.653766,0.783337
5474,669,3,0,0,1,3,0,0,2,0,1,0,3,2,1,88.5,0.488415,5.11509,3.842217,19.102943,0.234247,0.415027
1813,300,1,0,4,0,1,1,1,1,2,3,0,7,3,3,75.5,0.29821,5.51572,3.659148,7.395947,0.53311,0.396285
9862,1119,1,0,9,0,5,0,4,3,0,5,0,18,3,5,50.5,0.328169,3.751774,4.106819,16.123116,0.501241,0.438902
6256,426,2,3,5,0,5,0,1,0,0,1,0,11,0,1,76.5,0.67689,5.754476,5.545336,36.896221,0.97462,0.592843
12225,1468,5,4,14,6,11,2,4,0,1,6,1,31,1,7,25.5,0.289221,2.290389,2.889949,2.320456,0.386361,0.309811
7280,687,3,1,3,1,2,1,2,0,1,4,1,8,1,5,74.5,0.039291,2.60989,2.753918,0.742021,0.157525,0.291981
4454,484,0,1,3,0,1,0,0,1,0,4,0,4,1,4,84.0,0.724924,5.837449,4.613166,20.889852,0.179104,0.568662
9746,1246,4,4,20,3,11,2,1,1,1,5,1,34,2,6,19.0,0.086511,2.257336,2.295608,1.160037,0.481085,0.171722
3894,374,0,1,1,1,3,1,0,2,1,3,0,5,3,3,79.5,0.145424,2.054443,3.405573,3.731278,0.568589,0.29521
5921,600,1,0,2,2,5,0,1,1,1,1,0,8,2,1,78.5,1.0,8.275629,6.576284,77.837757,0.584193,0.755371
8738,1118,3,1,9,0,5,2,2,2,1,0,2,18,3,2,55.0,0.752957,4.806592,4.667894,36.806689,0.102609,0.540651
9040,838,2,0,2,1,2,1,2,3,1,1,1,7,4,2,75.0,1.0,6.19469,5.926031,32.692669,0.345477,0.767663
7531,626,0,2,8,1,4,1,1,2,2,2,1,14,4,3,59.5,0.671185,5.31138,5.852436,19.109692,0.081995,0.582625
4003,368,0,2,2,0,2,1,2,0,0,0,3,7,0,3,81.5,0.181448,1.998501,3.745515,1.595965,0.480805,0.258295
14095,1662,1,2,7,2,3,0,5,0,1,6,1,15,1,7,57.5,0.599083,6.101454,5.151394,37.442674,0.364835,0.497745
11702,1191,5,2,13,7,5,2,4,1,0,4,0,24,1,4,44.0,0.165153,2.050931,2.822508,0.438674,0.102607,0.227024
5976,420,0,0,3,0,1,1,1,2,0,1,0,6,2,1,82.5,1.0,8.366801,7.570191,256.418909,0.825364,0.770612
12803,1122,3,0,2,4,5,1,2,1,1,4,0,10,2,4,70.0,0.942392,8.435523,6.93224,108.51463,0.637889,0.803518
12217,1739,2,2,26,1,8,3,9,0,1,7,0,46,1,7,0.0,0.96568,7.77605,6.270336,359.855349,0.970249,0.684974
10609,680,0,0,7,1,4,1,1,0,0,2,0,13,0,2,71.0,0.956196,9.802997,6.312685,90.826559,0.964137,0.834686
4534,663,3,3,5,1,4,0,2,0,0,2,0,11,0,2,75.0,0.804446,5.293339,5.846301,18.987692,0.492172,0.518233
7780,1046,2,0,8,2,7,1,6,2,0,2,0,22,2,2,49.0,0.721984,3.984576,5.245858,16.087953,0.413706,0.459682
16500,1747,4,1,12,3,9,6,4,2,1,5,0,31,3,5,24.5,0.837252,6.424242,5.40316,79.250315,0.393184,0.58096
7727,482,0,0,4,1,2,0,0,0,0,0,0,6,0,0,88.0,0.954023,9.835641,6.263501,103.671459,0.571458,0.737518
7479,894,3,3,7,0,4,0,1,0,0,3,1,12,0,4,70.0,0.20467,2.005616,3.116082,0.618531,0.232817,0.229843
7458,727,2,2,9,1,5,2,3,2,2,4,0,19,4,4,48.0,0.165716,0.536337,2.053943,8e-06,0.025093,0.121494
9800,740,1,0,2,0,2,0,0,1,0,0,0,4,1,0,90.0,0.724806,5.0,5.902855,50.51022,0.676401,0.758515
12177,1105,2,2,1,2,8,0,3,0,0,1,0,12,0,1,74.5,0.883898,7.719471,5.397019,110.883689,0.637894,0.714431
14178,998,1,1,4,0,2,0,2,1,1,0,0,8,2,0,80.0,0.95942,8.463817,6.151206,200.123825,0.762483,0.792378
6551,572,0,1,1,0,1,0,0,0,1,3,0,2,1,3,89.5,0.973345,8.090368,6.134813,51.764058,0.401274,0.734731
4461,442,0,0,6,0,1,0,3,0,0,2,0,10,0,2,77.0,0.479528,6.500785,4.418551,24.753084,0.257938,0.511853
6338,649,1,0,9,0,2,1,2,0,0,0,0,14,0,0,72.0,0.635774,2.682234,4.797201,6.882346,0.134147,0.460565
15000,1702,1,4,8,3,11,2,2,3,3,2,3,23,6,5,34.5,0.638038,5.8,4.660689,31.664472,0.412158,0.474313
4500,300,1,0,0,0,1,0,1,1,0,2,0,2,1,2,91.0,0.998931,7.777778,6.86442,148.942712,0.860022,0.803536
7659,1282,2,3,6,3,4,0,3,1,1,3,1,13,2,4,64.0,0.174356,2.350176,3.158919,3.938788,0.45394,0.205902
3887,532,0,0,3,0,7,0,3,1,0,3,0,13,1,3,67.5,0.172712,1.286339,2.686459,3.199304,0.428811,0.233988
16500,1837,4,3,16,5,12,0,4,1,2,4,1,32,3,5,22.5,0.740837,5.575758,5.007665,88.860118,0.513337,0.45548
7662,1076,2,2,5,2,5,0,0,4,4,6,2,10,8,8,52.0,0.164959,0.9136,3.62572,0.29751,0.396311,0.237058
4500,408,0,0,1,0,1,0,0,0,0,0,0,2,0,0,96.0,0.89659,7.555556,5.602805,74.215558,0.371745,0.736786
9063,1361,2,0,17,1,7,0,2,1,2,4,0,26,3,4,36.0,0.49678,3.53084,4.83068,8.365315,0.468842,0.488245
8821,582,3,1,4,1,0,0,3,0,0,2,0,7,0,2,83.0,0.964187,7.368779,6.377856,286.839731,0.637716,0.762181
4521,300,0,0,1,1,1,0,0,0,2,1,0,2,2,1,90.5,0.986126,9.06879,6.317267,61.296003,0.696775,0.815753
9618,601,1,0,1,1,3,0,0,0,1,1,0,4,1,1,88.5,0.730156,7.693907,5.462849,85.604417,0.877612,0.735692
3955,515,1,4,6,2,8,1,3,1,0,2,1,18,1,3,57.5,0.80981,7.332491,5.815637,21.891151,0.934862,0.668572
4887,589,1,0,5,0,1,0,0,2,2,0,1,6,4,1,78.5,0.595823,5.934111,4.909963,26.70784,0.467544,0.510091
14274,1421,4,0,12,0,1,0,1,0,0,2,1,14,0,3,67.5,0.91226,6.655457,6.946083,90.878294,0.309893,0.686382
10799,831,1,0,4,0,0,2,1,0,0,2,0,7,0,2,83.0,1.0,6.389481,6.581115,59.037399,0.666819,0.795853
11543,896,3,2,6,3,5,0,3,1,1,6,1,14,2,7,57.5,0.537671,3.032141,4.023548,38.868203,0.817966,0.414892
4729,300,0,1,1,0,1,0,0,0,0,0,0,2,0,0,96.0,0.976523,7.189681,7.262592,47.438627,0.62029,0.79543
18000,1740,3,4,4,1,3,0,1,0,1,4,1,8,1,5,74.5,1.0,7.111111,7.366257,187.973745,0.603473,0.855521
8623,554,1,0,4,2,5,1,1,0,0,2,0,11,0,2,75.0,0.592118,7.306042,5.029247,30.896084,0.993356,0.642728
11438,1301,1,2,5,1,2,0,3,0,1,2,1,10,1,3,73.5,0.662257,5.245672,5.248051,38.184261,0.229053,0.435119
6205,1183,3,2,8,1,3,0,2,1,0,6,0,13,1,6,63.0,0.075224,2.900886,3.067149,3.527494,0.240449,0.219097
2277,353,0,0,2,1,2,0,1,0,0,0,0,5,0,0,90.0,0.117432,3.513395,1.817729,0.275675,0.233712,0.198607
7107,1015,2,2,3,5,6,0,1,0,1,3,1,10,1,4,72.0,0.639223,5.346841,4.553871,12.531008,0.271098,0.425424
7134,904,0,1,1,0,5,1,1,1,0,3,1,8,1,4,76.0,0.707945,6.588169,4.700034,45.721043,0.345422,0.562808
5509,356,2,0,4,0,2,1,1,0,0,1,0,8,0,1,82.5,0.936015,8.531494,5.679938,53.602957,0.789674,0.789168
3534,383,3,1,5,0,4,0,1,0,0,2,0,10,0,2,77.0,0.75112,7.074137,6.554021,27.958995,0.318069,0.643586
8104,950,1,1,5,2,4,0,3,1,2,6,0,12,3,6,61.0,0.408412,4.565647,4.209993,18.271244,0.263677,0.491575
7803,678,1,0,6,1,4,1,2,0,0,0,0,13,0,0,74.0,0.487292,3.716519,4.560719,18.569326,0.723186,0.507007
13333,833,2,3,5,1,6,0,2,0,0,5,2,13,0,7,63.5,1.0,7.650191,6.424239,459.346105,0.733993,0.756365
6378,715,1,3,1,0,2,0,1,1,2,1,0,4,3,1,84.5,0.568224,5.017247,4.737477,8.676996,0.591849,0.454449
8479,537,0,3,2,3,2,2,2,1,1,0,2,8,2,2,77.0,0.93558,8.727444,6.830381,49.661111,0.920074,0.839702
2309,473,2,3,2,0,4,1,1,1,0,0,0,8,1,0,82.0,0.204555,2.16544,3.74974,0.086242,0.386767,0.280231
12701,1042,1,1,7,3,7,1,2,0,0,5,1,17,0,6,57.0,0.620407,5.668845,4.195835,70.270194,0.740339,0.580203
6748,996,1,4,15,2,10,1,4,1,1,3,0,30,2,3,31.5,0.669617,7.854179,6.029693,213.155448,0.862819,0.714585
10752,1043,2,3,10,3,10,0,1,1,1,2,0,21,2,2,51.0,0.431574,4.278274,5.254821,32.808206,0.707168,0.50834
13000,1248,3,0,7,0,5,1,1,2,2,5,4,14,4,9,50.5,0.174465,1.461538,2.936528,0.343268,0.117702,0.185768
5719,758,0,1,11,3,5,1,4,3,0,2,2,21,3,4,46.0,0.092598,0.699423,2.393211,0.003069,0.066205,0.079217
7300,577,2,0,7,1,1,0,1,1,1,3,0,9,2,3,73.5,0.91144,9.863014,5.075142,72.189707,0.653315,0.777015
2702,394,1,0,3,0,4,0,1,1,0,1,0,8,1,1,80.5,0.117357,2.220577,2.643157,1.607107,0.347607,0.293046
8961,595,1,0,5,0,2,1,0,0,2,0,0,8,2,0,80.0,0.942785,6.695681,6.061333,100.944611,0.57743,0.708166
2011,300,1,0,2,0,2,3,1,1,0,2,0,8,1,2,79.0,0.086351,2.98359,3.491517,3.109358,0.108554,0.229096
6194,387,0,0,2,0,2,0,0,0,0,2,0,4,0,2,89.0,0.658686,8.072328,5.537036,61.932931,0.99354,0.666332
9015,1016,1,2,7,1,2,1,1,1,0,1,1,11,1,2,73.0,0.721445,5.87909,4.708396,15.12646,0.285746,0.55385
7835,816,2,2,5,0,3,0,4,1,1,4,0,12,2,4,66.0,0.0958,2.935546,2.623094,3.511994,0.048828,0.236221
6739,577,0,0,8,1,7,0,4,1,1,1,0,19,2,1,56.5,0.616284,4.600089,4.846137,23.405352,0.978425,0.515612
8379,1009,5,3,5,3,4,0,2,1,0,3,0,11,1,3,71.5,0.36304,6.325337,3.698839,7.909426,0.570156,0.417856
5713,642,4,4,7,2,2,0,2,1,1,3,1,11,2,4,68.0,0.011404,1.225276,2.207909,0.019734,0.01021,0.111412
3145,340,2,0,13,0,8,0,3,0,1,2,0,24,1,2,47.0,0.975087,8.267091,5.604485,85.351993,0.650544,0.695571
5414,542,1,2,3,1,2,0,0,0,0,4,0,5,0,4,84.0,0.580458,3.324714,3.98292,16.145718,0.073035,0.435713
15340,1026,2,1,7,1,3,0,4,0,1,3,0,14,1,3,65.5,0.757555,7.496741,6.06335,94.73765,0.964736,0.725915
13803,1107,2,1,7,1,6,2,3,3,0,5,0,18,3,5,50.5,0.721059,5.071361,5.471586,229.714996,0.954438,0.576102
5802,616,0,3,4,2,1,1,0,0,0,1,0,6,0,1,86.5,0.519517,3.447087,3.394091,7.099155,0.418785,0.414524
6584,875,1,0,4,1,8,0,0,2,1,0,0,12,3,0,70.0,0.795181,5.012151,5.012325,21.302667,0.401714,0.517651
12404,1157,4,2,8,2,7,1,6,1,0,3,0,22,1,3,49.5,0.748117,5.401483,4.297096,18.25374,0.08896,0.406302
10535,1226,0,3,9,0,6,1,5,0,2,2,0,21,2,2,51.0,0.083403,3.322259,3.171874,4.249162,0.224979,0.255489
3835,441,1,0,6,0,5,0,1,0,0,0,1,12,0,1,74.5,0.061556,1.043025,2.309054,0.006947,0.776967,0.172243
3339,326,1,0,3,0,0,0,0,0,1,2,2,3,1,4,86.0,0.571317,3.59389,5.713631,16.454169,0.492774,0.453861
3805,544,0,3,3,1,0,0,1,0,0,5,0,4,0,5,84.5,0.270332,4.467806,3.050449,4.897789,0.300106,0.395972
9468,1128,3,1,6,1,4,0,4,1,0,6,1,14,1,7,59.5,0.498342,2.640473,4.984749,19.696301,0.524942,0.464379
15529,1821,1,0,8,3,7,2,7,2,2,4,2,24,4,6,35.0,0.589732,4.250113,4.317465,6.290001,0.224059,0.414342
6375,432,0,0,1,0,1,0,0,0,0,0,0,2,0,0,96.0,0.941462,7.686275,6.49954,95.806662,0.969672,0.785057
7646,1004,3,0,8,1,5,0,1,1,2,0,1,14,3,1,64.5,0.177152,2.354172,3.728861,0.810101,0.373815,0.314855
7713,794,0,5,10,0,10,0,2,0,0,3,0,22,0,3,51.5,0.964569,6.352911,6.989882,244.216336,0.946323,0.696284
7659,1025,2,1,7,1,7,0,3,1,1,5,0,17,2,5,54.5,0.448489,4.047526,5.012614,14.821647,0.402864,0.414391
5953,703,1,1,8,0,7,0,3,2,0,6,0,18,2,6,51.0,0.257299,3.191668,3.3823,6.719471,0.639537,0.292586
9393,1215,3,4,10,4,3,1,0,0,0,3,1,14,0,4,66.0,0.684894,7.345896,5.232411,34.933553,0.3866,0.578966
18000,1225,1,1,8,0,2,2,1,0,0,5,1,13,0,6,65.0,0.907828,6.277778,6.072733,352.692934,0.515247,0.673256
7756,982,0,4,7,3,5,0,3,3,0,2,0,15,3,2,61.0,0.149613,3.481176,3.446033,12.789989,0.778789,0.354758
13018,874,0,1,6,1,2,0,4,1,0,1,0,12,1,1,72.5,0.851551,6.759871,6.690741,102.459525,0.847244,0.684742
4450,695,2,2,10,1,9,1,0,0,1,1,0,20,1,1,56.5,0.944639,6.516854,7.105033,114.831657,0.802808,0.775619
16500,1847,0,2,9,0,5,1,1,0,4,3,4,16,4,7,49.5,0.381987,3.393939,4.026335,31.193072,0.565507,0.46849
3996,458,4,1,8,3,5,2,2,0,0,1,0,17,0,1,64.5,0.045697,1.501502,3.088941,0.383729,0.347075,0.220681
7027,531,0,0,4,1,3,1,1,0,1,0,1,9,1,1,78.5,0.802296,5.834638,5.392241,47.357828,0.847213,0.66341
15429,1152,1,3,9,0,6,0,2,0,0,3,0,17,0,3,61.5,0.508247,4.666537,4.849672,42.418814,0.731929,0.516301
8064,691,1,3,7,1,2,0,2,2,0,4,1,11,2,5,66.5,0.681774,4.83631,4.36144,16.418037,0.06939,0.551525
3794,471,2,0,7,1,5,1,0,0,1,4,1,13,1,5,64.5,0.054707,2.372167,2.154532,0.496499,0.191371,0.210025
9026,606,2,1,4,0,2,1,2,0,0,0,0,9,0,0,82.0,1.0,5.428761,6.304096,83.639499,0.700989,0.677033
8789,1243,2,1,11,3,11,1,5,1,1,6,1,28,2,7,29.5,0.930932,8.647173,6.392353,57.91021,0.551856,0.749976
2597,300,0,0,2,0,2,0,1,0,0,1,0,5,0,1,88.5,0.229796,2.695418,3.36992,6.743768,0.547815,0.275636
3995,590,2,3,6,1,5,1,4,1,1,1,1,16,2,2,61.0,0.078298,1.75219,3.722401,0.011213,0.392084,0.20711
18000,1131,1,0,4,2,5,2,1,1,2,1,0,12,3,1,68.5,0.946164,10.388889,6.561875,260.382162,0.881354,0.774901
9451,1187,2,2,11,1,8,1,2,1,2,3,2,22,3,5,42.5,0.58931,4.86721,4.745967,29.455282,0.603167,0.479214
7937,1100,0,2,9,2,5,2,3,1,0,3,1,19,1,4,54.0,0.260908,2.89782,2.910285,6.253912,0.009975,0.264524
7535,470,0,2,8,0,3,0,0,1,2,1,1,11,3,2,69.0,0.597054,3.052422,5.846015,9.413858,0.960987,0.503207
7321,527,0,0,7,0,1,2,3,2,1,0,0,13,3,0,68.0,0.644688,5.327141,4.854791,125.295574,0.91895,0.53082
10926,1175,3,3,6,1,2,1,2,0,1,6,0,11,1,6,67.0,0.375555,3.660992,3.905385,1.670251,0.357168,0.434504
3868,370,0,1,5,0,5,0,3,2,1,1,2,13,3,3,63.5,0.730225,5.429162,4.741088,11.653431,0.72668,0.57397
4815,466,1,0,1,0,3,0,0,0,0,1,0,4,0,1,90.5,0.736991,5.607477,6.354994,37.829001,0.635427,0.686752
13602,850,2,2,6,0,7,1,5,1,0,3,0,19,1,3,55.5,0.962573,4.778709,6.674196,95.791718,0.907278,0.699049
3520,323,0,0,2,0,2,1,0,0,0,2,2,5,0,4,84.0,0.541796,4.829545,4.925701,5.230523,0.380746,0.466852
12636,1062,5,2,11,3,10,2,0,0,2,2,1,23,2,3,45.5,0.655214,4.431782,4.547263,23.21423,0.188873,0.436169
2646,328,1,0,1,0,1,0,1,1,1,2,0,3,2,2,87.0,0.052444,4.913076,2.196287,11.067126,0.174591,0.363918
8352,1020,1,3,6,0,4,0,4,0,0,1,1,14,0,2,69.0,0.842925,6.106322,5.852251,30.192392,0.196874,0.617132
9793,1510,0,3,5,2,9,0,0,2,0,3,0,14,2,3,63.5,0.620063,5.922598,4.338346,16.434359,0.254938,0.521008
3370,300,1,1,5,1,0,1,2,0,1,3,0,8,1,3,77.5,0.753966,5.04451,6.299641,34.603877,0.93524,0.61819
12556,1496,1,3,11,3,5,2,4,1,1,2,1,22,2,3,47.5,0.59778,4.300733,5.014961,35.054877,0.558298,0.502384
7753,696,0,0,6,2,2,0,1,0,0,1,0,9,0,1,80.5,0.876373,8.641816,6.475639,87.141959,0.597867,0.720179
2200,300,1,1,1,1,3,0,1,0,0,1,0,5,0,1,88.5,0.139734,0.909091,3.689419,1.5e-05,0.090787,0.177004
2742,423,2,0,3,1,3,0,1,1,2,0,0,7,3,0,80.0,0.328351,2.552881,3.136234,2.889738,0.359804,0.331762
11337,1032,2,1,5,3,3,0,1,0,0,1,1,9,0,2,79.0,0.565032,5.292405,4.522092,21.967883,0.130087,0.483439
7352,459,1,1,9,0,1,0,1,0,0,1,0,11,0,1,76.5,0.992069,9.657236,6.624695,265.149861,0.599805,0.843399
13000,1295,2,3,5,1,14,1,3,3,0,1,2,23,3,3,43.5,0.196894,2.0,3.55266,6.743435,0.136029,0.203663
3676,532,0,1,4,1,4,1,1,0,3,1,0,10,3,1,72.5,0.110885,3.264418,3.935717,8.6624,0.393889,0.308119
4089,494,1,0,3,0,0,0,0,1,1,1,0,3,2,1,88.5,0.628378,3.42382,4.554074,22.092194,0.421462,0.552186
16500,1462,2,1,19,1,14,0,1,0,0,4,3,34,0,7,21.5,0.506572,4.424242,4.511935,20.742722,0.691602,0.416628
4500,403,1,1,1,1,0,0,0,0,0,1,0,1,0,1,96.5,0.865444,8.444444,6.228483,128.051253,0.723986,0.696015
16500,1451,2,1,10,0,4,1,3,1,0,3,0,18,1,3,57.5,0.57626,3.69697,5.284285,14.128677,0.194864,0.436539
10694,1017,3,4,14,2,4,0,4,3,1,4,2,22,4,6,39.0,0.477261,5.423602,4.887502,22.775808,0.694875,0.522304
18000,1329,1,0,5,1,2,1,0,1,0,4,2,8,1,6,73.0,0.825389,7.333333,6.198281,115.836457,0.692683,0.688894
8315,839,3,2,5,2,2,0,2,0,1,6,1,9,1,7,69.5,0.318363,3.006615,4.398221,14.666898,0.978967,0.465224
15000,1117,2,3,16,0,8,1,5,1,0,9,3,30,1,12,20.0,0.504609,5.2,4.755196,30.208286,0.968763,0.557198
3997,507,1,1,4,1,2,0,2,1,0,0,2,8,1,2,79.0,0.15032,2.251689,2.707807,0.028404,0.540117,0.28138
16500,1915,4,4,7,0,10,2,4,1,1,5,2,23,2,7,39.5,0.627624,4.909091,4.822186,68.140294,0.222565,0.473707
2200,391,1,0,1,0,1,0,0,0,1,1,0,2,1,1,92.5,0.146248,0.909091,3.864616,0.022416,0.559161,0.316415
6599,547,1,2,3,2,2,0,2,1,0,2,1,7,1,3,79.5,0.526037,5.152296,3.837344,14.286576,0.128487,0.446568
8864,671,0,1,0,0,2,0,0,0,0,1,0,2,0,1,94.5,0.851196,8.122744,6.124489,276.906804,0.693735,0.744149
13000,1212,6,3,10,1,8,1,4,3,0,7,1,23,3,8,36.0,0.242054,2.153846,2.915518,3.635596,0.20629,0.194139
1963,300,0,0,3,0,3,1,0,0,1,0,0,7,1,0,84.0,0.066084,1.018849,1.901719,0.077098,0.09151,0.211182
7680,1204,3,2,6,3,2,1,3,0,1,5,1,12,1,6,65.0,0.112066,2.994792,3.074475,0.04241,0.51376,0.265103
9703,606,5,2,9,1,7,1,2,1,1,2,0,19,2,2,55.0,0.937805,8.966299,6.508377,132.619651,0.998381,0.784442
4191,498,3,1,3,0,4,0,2,0,2,3,0,9,2,3,73.5,0.096481,1.193033,2.255829,2.078988,0.07529,0.217633
5156,893,1,1,9,3,2,0,1,0,1,4,0,12,1,4,68.0,0.098834,1.55159,3.287127,0.16895,0.220444,0.201803
16421,1063,2,2,11,0,5,2,1,1,0,6,2,19,1,8,48.0,0.5608,4.993606,3.832382,30.232858,0.141713,0.439491
4500,300,1,0,3,1,1,0,0,0,0,0,0,4,0,0,92.0,0.94115,9.555556,6.539395,180.562753,0.982623,0.822106
11501,1116,3,3,1,1,4,0,1,0,2,4,2,6,2,6,75.0,0.676127,4.956091,4.884769,28.303542,0.393486,0.472761
4570,615,4,1,3,1,6,2,1,0,0,2,0,12,0,2,73.0,1.0,8.315098,6.237927,150.829116,0.650777,0.740432
16171,1534,3,1,9,6,4,3,6,0,1,4,0,22,1,4,48.0,0.823508,5.194484,4.862879,32.998637,0.138663,0.641089
8482,614,1,0,4,2,1,1,1,0,0,3,0,7,0,3,81.5,1.0,7.89908,6.447552,40.559002,0.82121,0.791001
4500,300,1,0,1,0,2,0,2,0,1,0,0,5,1,0,88.0,0.922701,5.777778,5.681631,62.109043,0.985957,0.728462
16500,1870,4,2,3,1,3,1,4,3,2,6,0,11,5,6,59.0,0.324142,3.515152,4.485413,24.269731,0.520798,0.457356
11088,718,2,0,2,1,1,1,1,0,0,3,0,5,0,3,85.5,0.903486,6.403319,5.487892,143.257418,0.883261,0.729788
12094,1035,0,3,7,1,5,4,2,0,2,3,3,18,2,6,51.0,0.180747,4.54771,3.935824,20.709763,0.917129,0.490287
5114,393,0,1,9,0,0,0,2,0,0,4,0,11,0,4,72.0,0.650118,3.324208,4.296582,31.963197,0.924495,0.516685
12540,1408,2,3,16,3,11,1,2,0,5,3,1,30,5,4,24.0,0.237699,2.472089,3.387258,5.628063,0.50083,0.220869
15000,1700,2,1,14,0,13,1,4,1,1,7,2,32,2,9,18.5,0.672669,4.8,5.208063,29.279907,0.432125,0.454137
3356,461,0,1,4,0,4,1,0,0,0,1,0,9,0,1,80.5,0.256364,2.979738,3.295177,1.775704,0.11938,0.290347
2200,300,1,0,3,1,2,1,0,0,0,1,0,6,0,1,86.5,0.343876,3.181818,3.449215,1.135889,0.08592,0.315775
9196,892,2,2,5,2,2,2,3,1,0,3,0,12,1,3,69.5,0.755531,6.524576,5.988384,63.15852,0.362997,0.579534
8708,1279,1,4,17,1,15,1,4,1,1,9,1,37,2,10,7.0,0.871124,8.383096,6.652953,115.172911,0.734619,0.653196
3733,487,2,0,7,2,1,0,1,2,0,1,1,9,2,2,75.0,0.408831,1.875167,2.593723,2.260871,0.065504,0.209477
3050,453,1,0,4,0,2,1,0,0,2,2,1,7,2,3,77.5,0.224513,4.590164,4.696472,9.00538,0.500015,0.440856
7060,709,1,0,5,1,3,0,2,0,0,3,0,10,0,3,75.5,0.568621,3.966006,4.061857,7.730424,0.099827,0.449065
6852,765,0,0,4,0,2,1,0,0,1,1,0,7,1,1,82.5,0.681624,5.25394,4.717837,7.822822,0.382567,0.452061
6003,461,1,1,5,3,5,1,0,1,0,6,3,11,1,9,62.5,0.456118,4.497751,4.246279,32.286147,0.947073,0.485705
14454,1017,0,0,8,2,9,2,0,0,1,6,0,19,1,6,51.0,0.759198,7.541165,6.426202,298.448624,0.814242,0.653246
8710,1372,0,1,10,2,4,0,6,2,1,2,0,20,3,2,51.0,0.144111,1.836969,3.28677,6.478163,0.355784,0.249549
13010,1926,3,2,11,2,9,2,4,2,0,2,0,26,2,2,41.0,0.625232,2.382782,4.069175,10.438805,0.354265,0.41763
4730,634,1,2,4,0,1,0,0,0,0,0,0,5,0,0,90.0,0.811532,4.22833,6.566615,37.172809,0.521293,0.66786
3365,322,2,0,6,0,0,1,0,1,1,1,2,7,2,3,77.5,0.521481,5.052006,4.509498,4.29525,0.914871,0.47286
6894,821,3,1,10,1,7,0,2,3,0,2,2,19,3,4,50.0,0.131862,3.191181,3.314546,8.800408,0.745807,0.397912
7529,814,1,5,2,1,6,2,3,2,1,6,1,13,3,7,57.5,0.356796,3.984593,4.236567,8.406578,0.741375,0.430173
11951,953,0,0,2,1,1,0,0,1,0,2,1,3,1,3,87.5,0.916799,6.442975,6.811996,297.541119,0.6861,0.740162
11756,1279,4,1,16,2,6,0,4,3,0,8,1,26,3,9,28.5,0.534463,2.977203,3.996806,24.124757,0.653014,0.407948
10705,1077,3,1,8,2,9,2,5,3,0,3,2,24,3,5,38.5,0.323813,5.511443,4.206558,16.199965,0.742081,0.362817
5935,370,2,0,2,1,2,1,0,0,0,1,0,5,0,1,88.5,0.810036,6.571188,5.649999,105.200168,0.777324,0.722531
3397,319,0,0,3,1,0,3,1,0,2,4,0,7,2,4,76.0,0.150883,2.649397,2.466068,0.53894,0.469107,0.300916
12391,1069,3,3,15,0,8,1,5,0,2,4,0,29,2,4,32.0,0.085526,0.64563,3.826081,0.937787,0.01044,0.189024
3264,332,3,1,8,0,5,0,1,0,0,2,0,14,0,2,69.0,0.234602,2.45098,3.271926,7.399441,0.083163,0.312165
2600,300,0,0,1,0,1,0,0,0,1,0,0,2,1,0,94.0,0.760284,4.230769,4.755597,5.251836,0.237993,0.58835
18000,1125,3,0,7,2,9,1,2,5,2,3,1,19,7,4,42.0,0.879685,7.888889,6.172829,174.88358,0.873835,0.699602
3200,313,0,1,3,1,2,1,0,0,1,1,1,6,1,2,83.0,0.282295,4.375,4.121363,7.565224,0.644816,0.448898
1500,300,0,3,3,0,1,0,0,0,0,0,0,4,0,0,92.0,0.074562,1.333333,2.322774,0.0,0.526268,0.171924
7227,760,2,1,3,3,2,1,1,1,1,5,1,7,2,6,73.0,0.407221,4.01273,4.079063,12.856385,0.891588,0.447702
6458,620,2,1,2,0,0,1,0,0,0,1,0,3,0,1,92.5,0.792952,4.335708,4.783293,13.806254,0.599664,0.662929
6062,709,0,0,2,0,2,0,5,0,1,1,0,9,1,1,78.5,0.659368,5.443748,5.530965,28.188959,0.468191,0.564633
10237,774,1,1,0,0,1,1,0,2,0,1,0,2,2,1,90.5,0.921667,7.130995,6.293315,152.196594,0.730262,0.809113
10692,1075,2,0,4,2,1,0,3,0,0,0,1,8,0,1,82.5,0.868302,6.359895,6.00337,83.390252,0.339146,0.736083
4018,570,0,1,0,2,0,0,1,2,1,3,1,1,3,4,86.0,0.62835,7.466401,5.784469,20.367538,0.482217,0.562934
8134,814,4,2,4,1,4,0,0,0,1,1,0,8,1,1,80.5,0.655554,6.6388,5.574291,46.751691,0.599227,0.616707
11000,1424,3,3,18,1,13,3,5,1,2,4,2,39,3,6,7.0,0.033867,0.363636,3.716167,3.1e-05,0.044201,0.105769
5213,796,1,1,10,4,12,1,5,2,0,2,0,28,2,2,37.0,1.0,7.673125,5.798249,155.80252,0.617088,0.704319
2800,436,1,0,7,1,3,0,3,2,0,3,0,13,2,3,65.5,0.641347,5.357143,4.657806,33.078961,0.742551,0.671302
14727,1174,1,5,11,3,8,0,2,1,0,3,0,21,1,3,51.5,0.53795,4.753174,4.236078,26.032572,0.093,0.467988
7986,537,0,0,3,1,3,0,1,1,0,1,0,7,1,1,82.5,0.933122,7.012271,5.612734,62.852574,0.671842,0.654332
9530,996,1,0,5,0,4,2,1,1,2,3,1,12,3,4,64.0,0.388021,3.462749,4.199811,12.977426,0.491188,0.408304
3388,524,1,0,4,3,2,1,0,0,3,4,0,7,3,4,74.0,0.286549,2.656434,3.462916,3.974992,0.76197,0.317729
9464,602,0,0,3,0,1,1,1,0,1,3,1,6,1,4,80.0,0.597625,5.177515,5.124505,103.029407,0.920232,0.56725
7324,1102,4,3,9,1,13,2,2,0,1,5,0,26,1,5,38.5,0.930762,9.557619,6.494677,288.335551,0.698732,0.714149
16500,1632,2,4,9,1,10,5,3,0,1,5,2,27,1,7,33.5,0.669615,4.060606,4.006722,17.200121,0.158479,0.448244
8176,1336,3,2,7,3,5,2,1,4,1,4,3,15,5,7,49.5,0.670854,4.892368,5.472601,19.819363,0.4852,0.555937
1500,300,1,1,2,1,0,0,2,1,1,0,1,4,2,1,86.5,0.098006,2.666667,3.039426,0.000436,0.497324,0.307923
3549,401,3,0,9,0,7,1,0,0,1,5,0,17,1,5,56.5,0.786123,7.326007,6.229716,105.208895,0.983379,0.658893
3218,309,0,1,1,1,1,1,1,0,1,1,0,4,1,1,88.5,0.021748,0.932256,3.392073,0.732998,0.558359,0.273407
2600,300,0,0,2,0,4,0,0,0,0,0,0,6,0,0,88.0,0.431852,5.769231,4.462823,10.564937,0.903155,0.447266
2800,406,3,2,8,1,2,0,0,0,0,2,0,10,0,2,77.0,0.854678,8.571429,5.867799,57.239721,0.808026,0.65845
6035,545,1,2,9,0,6,1,1,2,1,3,2,17,3,5,52.5,0.330502,2.816901,4.609539,1.99758,0.764056,0.418577
9240,1234,1,1,8,1,3,2,2,0,1,3,2,15,1,5,60.5,0.639189,4.112554,4.574905,25.26416,0.26445,0.583348
9209,688,1,1,7,2,3,0,2,1,0,4,1,12,1,5,66.5,0.41982,2.497557,4.496699,9.473677,0.805101,0.440624
6972,560,4,2,7,0,1,2,0,2,0,2,0,10,2,2,73.0,0.293341,4.876649,4.356398,16.318799,0.937757,0.440506
4500,483,0,1,2,1,1,0,1,0,0,0,1,4,0,1,90.5,0.5319,7.777778,4.038997,21.696671,0.56528,0.540172
13000,1541,5,3,11,3,7,0,6,2,2,5,3,24,4,8,32.0,0.084521,2.923077,3.398477,12.879688,0.388167,0.27735
10517,1110,2,2,7,1,6,0,1,1,2,1,1,14,3,2,63.0,0.836719,7.606732,5.444537,50.713757,0.57533,0.659293
15940,1411,4,1,12,4,5,2,3,1,1,4,4,22,2,8,40.0,0.346958,4.454203,4.029914,20.051849,0.359646,0.469566
8519,1572,5,1,7,3,7,1,3,0,4,7,1,18,4,8,44.0,0.080853,1.76077,2.554506,1.183547,0.258109,0.185815
6278,466,0,0,2,2,1,0,1,0,0,1,0,4,0,1,90.5,0.999639,7.96432,6.471186,200.987026,0.883376,0.811296
6130,643,4,1,4,3,3,1,3,0,0,3,1,11,0,4,72.0,0.831269,7.66721,5.573588,41.302302,0.911808,0.601907
6886,549,1,2,2,0,1,0,0,1,0,1,2,3,1,3,87.5,0.740909,6.244554,5.934558,31.208058,0.649224,0.679638
5411,627,2,1,2,0,5,1,1,0,1,0,3,9,1,3,75.5,0.863577,5.913879,5.760444,39.201528,0.248517,0.601027
4712,300,0,1,1,0,1,0,0,0,1,1,0,2,1,1,92.5,1.0,6.578947,6.308909,79.774014,0.745842,0.769219
7312,668,1,1,4,0,4,0,1,0,2,3,0,9,2,3,73.5,0.71736,4.786652,4.084355,7.58494,0.089536,0.423541
4206,674,3,1,8,2,8,0,3,0,0,1,0,19,0,1,60.5,0.854419,9.985735,5.763429,106.768139,0.941171,0.753972
8211,829,0,0,1,2,6,0,1,2,0,1,2,8,2,3,75.5,0.826001,4.871514,5.145586,38.19979,0.381431,0.570016
18000,1190,3,1,3,3,3,1,2,1,0,5,0,9,1,5,72.5,0.974218,6.166667,6.934056,85.757164,0.552805,0.6567
8458,556,1,0,3,2,1,2,1,1,1,0,0,7,2,0,82.0,0.906555,6.857413,6.25961,108.614333,0.617335,0.727888
11798,759,3,2,5,2,4,1,0,1,0,1,0,10,1,1,76.5,1.0,7.374131,7.077278,401.541739,0.817105,0.777673
13504,1295,4,2,6,0,2,0,3,0,1,3,3,11,1,6,67.0,0.697423,5.405806,4.473587,38.301146,0.186675,0.486524
18000,1161,2,0,4,0,3,0,1,0,0,0,0,8,0,0,84.0,1.0,7.055556,7.158285,164.644716,0.70976,0.848668
18000,1125,2,1,11,4,7,0,2,2,0,5,2,20,2,7,45.5,0.836482,8.166667,6.115013,314.546129,0.988285,0.726281
6035,450,2,1,4,0,2,0,2,0,0,0,0,8,0,0,84.0,0.899706,10.107705,5.530835,80.368555,0.740364,0.79804
15000,1499,6,1,16,1,11,2,1,1,1,8,1,30,2,9,22.5,0.710689,3.533333,4.164311,18.990498,0.059677,0.421113
8564,1027,0,0,3,3,5,0,2,0,0,3,1,10,0,4,74.0,0.525721,6.772536,4.79563,36.142078,0.387265,0.5093
5189,484,0,0,4,0,2,0,0,0,1,6,0,6,1,6,77.0,0.519192,2.698015,5.00855,4.665779,0.180729,0.42891
11414,1373,3,4,6,2,7,3,2,1,0,4,1,18,1,5,54.5,0.249478,2.365516,3.009016,2.441463,0.423753,0.295879
9143,1114,0,3,9,4,2,0,2,2,2,3,3,13,4,6,57.0,0.209663,3.281199,3.912118,12.932891,0.648483,0.315743
3933,460,3,2,5,5,4,1,2,3,1,0,0,12,4,0,68.0,0.188036,1.779812,4.106234,0.000829,0.067822,0.219662
11470,1285,0,1,7,0,2,0,2,0,0,2,0,11,0,2,75.0,0.886746,6.974717,6.223798,73.644572,0.55239,0.674131
6572,955,1,3,14,0,8,0,2,0,2,4,1,24,2,5,40.5,0.157137,1.673767,2.353886,0.308598,0.250071,0.215741
5227,625,1,1,4,0,3,1,0,1,0,0,0,8,1,0,82.0,0.728643,4.017601,3.996904,14.015165,0.545927,0.474462
18000,1132,4,2,10,3,4,1,2,1,2,1,0,17,3,1,58.5,0.93554,8.944444,6.29459,125.450708,0.658696,0.70621
3200,300,1,0,3,0,2,0,0,0,0,0,0,5,0,0,90.0,0.828257,6.875,5.538577,7.535641,0.314333,0.57863
6749,780,0,0,3,1,2,3,2,1,2,2,1,10,3,3,69.5,0.695105,5.630464,4.707576,22.84204,0.382648,0.591818
18000,1310,2,0,6,2,6,2,3,0,0,1,1,17,0,2,63.0,0.746583,5.777778,5.611647,126.563999,0.698952,0.72399
11548,1391,0,2,9,0,8,1,3,2,1,2,1,21,3,3,47.5,0.1185,1.558711,3.26816,1.437002,0.317355,0.205531
16500,1311,2,2,7,2,10,3,0,1,0,4,2,20,1,6,49.0,0.25298,2.969697,4.243506,8.85529,0.884523,0.439004
7453,734,2,1,3,0,0,0,2,1,1,3,3,5,2,6,77.0,0.60499,4.561921,4.425203,19.261964,0.411375,0.533863
3980,474,3,0,3,3,3,0,2,0,0,1,1,8,0,2,81.0,0.570972,5.778894,4.739784,19.282236,0.328332,0.510681
10404,1231,6,3,15,1,5,1,1,0,1,0,1,22,1,1,52.5,0.522323,5.574779,4.302259,51.628455,0.623304,0.516016
4500,317,2,0,2,0,1,0,0,0,0,0,0,3,0,0,94.0,0.612045,5.333333,6.408711,76.104108,0.904798,0.657258
18000,1125,2,1,6,0,3,0,3,0,1,4,0,12,1,4,68.0,0.832992,5.666667,6.525368,104.18087,0.960235,0.815519
15695,1225,1,2,5,0,6,1,2,1,3,4,0,14,4,4,58.0,0.537361,3.568015,4.394491,13.529108,0.0909,0.482206
4590,416,0,1,3,0,2,0,1,0,0,1,0,6,0,1,86.5,0.834418,5.882353,6.370045,32.473249,0.461449,0.66693
4009,618,1,0,4,0,4,1,1,0,1,1,0,10,1,1,76.5,0.935729,8.730357,5.52307,108.425647,0.618579,0.775456
5201,655,0,0,13,1,7,1,2,3,0,3,1,23,3,4,42.0,0.911912,7.498558,6.795217,170.404744,0.980954,0.747715
18000,1158,1,0,6,0,3,1,3,2,0,4,1,13,2,5,62.5,0.933844,6.833333,7.317778,576.510433,0.95808,0.725312
8690,980,0,0,7,0,3,0,1,0,3,0,0,11,3,0,72.0,0.809056,5.52359,5.666113,41.861524,0.219717,0.524091
3056,345,1,0,1,1,0,0,0,0,0,0,1,1,0,1,96.5,0.187478,2.290576,2.471504,0.033727,0.569944,0.321962
9665,692,0,3,4,1,3,2,4,0,1,3,1,13,1,4,66.0,0.888531,7.759959,5.398256,96.353558,0.589892,0.728754
7560,486,0,2,1,1,2,0,0,0,1,2,1,3,1,3,87.5,0.951685,6.613757,6.129367,81.607752,0.706438,0.725709
12048,1212,1,0,3,0,3,0,2,0,0,1,0,8,0,1,82.5,0.97405,7.47012,6.197544,93.848881,0.588979,0.719187
7488,684,2,1,4,2,0,0,2,2,1,3,1,6,3,4,76.0,0.205684,2.67094,3.996983,6.385972,0.297188,0.329355
6006,1117,0,0,6,3,3,0,1,0,2,1,0,10,2,1,74.5,0.727597,6.993007,4.396317,51.294771,0.450039,0.601033
5535,357,0,0,4,0,3,0,0,0,1,0,1,7,1,1,82.5,0.896324,7.588076,6.554959,105.315616,0.778711,0.737499
9570,750,0,0,4,0,2,2,0,0,0,2,0,8,0,2,81.0,0.961276,7.732497,5.596696,270.694287,0.662739,0.773608
2800,421,2,1,6,0,2,0,0,1,0,1,1,8,1,2,79.0,0.812442,7.857143,5.020113,36.271291,0.357716,0.69662
18000,1125,1,0,9,3,2,1,1,0,1,3,1,13,1,4,66.0,0.961012,8.055556,7.030323,608.350401,0.858911,0.822466
5502,725,1,0,3,1,0,1,1,0,0,0,0,5,0,0,90.0,0.496016,3.45329,4.46497,1.868225,0.285141,0.444323
12755,797,1,1,4,1,0,0,1,0,0,0,1,5,0,1,88.5,1.0,7.761662,6.339048,354.704286,0.623272,0.821927
6116,547,1,0,3,1,2,1,0,0,0,3,0,6,0,3,83.5,0.171759,1.962067,2.947114,0.088393,0.017446,0.264936
7729,961,5,1,9,1,8,0,5,2,0,5,2,22,2,7,41.5,0.0,0.0,0.0,0.0,0.163703,0.084075
7681,1086,0,2,5,2,4,3,0,2,1,5,1,12,3,6,61.0,0.126964,1.822679,3.984824,4.719224,0.298135,0.264414
13269,839,4,0,6,1,2,1,2,0,0,0,1,11,0,1,76.5,1.0,5.802999,6.64925,262.313304,0.667566,0.697772
3554,523,2,1,8,1,2,1,2,0,0,3,0,13,0,3,69.5,0.115209,3.376477,3.211522,4.233698,0.517613,0.270977
7250,887,1,1,5,1,6,1,6,0,0,1,0,18,0,1,62.5,0.316294,4.0,3.69773,17.342492,0.555002,0.400231
6728,873,1,0,10,7,1,2,2,2,1,3,0,15,3,3,59.5,0.562786,3.864447,4.997393,5.253223,0.675917,0.493954
2808,436,1,2,2,0,2,1,3,0,0,3,0,8,0,3,79.5,0.047997,2.492877,4.798368,1.16181,0.159621,0.194142
14095,880,1,0,6,1,2,1,0,2,0,0,0,9,2,0,78.0,0.900474,5.179142,5.319128,80.497292,0.738972,0.727628
9366,1482,4,4,12,7,8,4,3,2,2,4,1,27,4,5,30.5,0.161814,0.747384,3.965548,1.433117,0.441799,0.179206
6073,658,3,0,5,0,6,1,5,0,1,3,1,17,1,4,58.0,0.124157,0.658653,2.050327,0.001674,0.072184,0.11766
7807,1247,3,1,16,0,8,1,2,2,2,2,0,27,4,2,35.0,0.338125,2.561804,2.885788,3.036085,0.173399,0.255593
10375,1107,3,1,5,4,5,2,6,0,0,2,0,18,0,2,61.0,0.183932,2.698795,2.890922,5.344574,0.684341,0.254932
16009,1674,2,0,8,1,5,0,4,1,1,3,0,17,2,3,57.5,0.648958,4.122681,4.336941,16.272216,0.177029,0.430324
15830,1034,1,1,4,0,3,1,4,0,1,1,1,12,1,2,71.0,0.848089,7.138345,6.165279,75.18443,0.708898,0.745261
7858,745,1,3,9,1,6,5,3,1,1,3,1,23,2,4,44.0,0.33213,3.817765,2.877463,1.443972,0.069956,0.276755
12979,1579,4,3,9,0,6,0,5,0,0,6,1,20,0,7,49.5,0.042421,1.617998,3.974724,3.015395,0.653272,0.280413
9845,815,3,1,5,1,2,0,0,0,0,0,0,7,0,0,86.0,1.0,10.970036,5.835789,371.608958,0.635903,0.782124
11735,900,0,0,7,2,5,0,2,0,0,3,2,14,0,5,64.5,0.981882,8.095441,6.603237,137.65471,0.761384,0.732084
2908,329,1,1,2,0,3,1,1,0,1,0,0,7,1,0,84.0,0.166604,1.719395,1.893094,1.063029,0.055262,0.223916
6505,898,2,1,6,2,3,0,2,1,4,1,0,11,5,1,66.5,0.472812,4.919293,3.936038,8.89666,0.150645,0.352598
15000,1420,4,2,12,4,8,1,2,0,1,6,2,23,1,8,40.0,0.359371,3.266667,3.854886,16.734217,0.92328,0.446178
6531,954,1,3,9,3,6,1,3,2,1,5,0,19,3,5,48.5,0.092458,1.378043,2.662729,3.965651,0.246297,0.183083
2800,377,0,1,8,0,5,1,0,1,0,3,2,14,1,5,62.5,0.81031,9.642857,6.693908,99.753541,0.84869,0.753468
6701,753,4,1,3,1,2,0,2,0,1,1,0,7,1,1,82.5,1.0,7.16311,6.245301,151.259547,0.573377,0.743789
6085,759,2,0,3,0,6,0,2,0,1,3,3,11,1,6,67.0,0.389334,2.465078,5.426521,1.886212,0.412844,0.40367
3968,368,1,2,5,0,1,0,4,1,1,3,0,10,2,3,71.5,0.128418,3.780242,3.431381,5.987164,0.765798,0.316912
4180,525,1,0,0,0,3,0,2,1,1,0,0,5,2,0,86.0,0.055247,0.956938,2.615291,0.750507,0.15828,0.244244
4619,705,4,0,9,1,5,0,3,0,0,4,1,17,0,5,58.5,0.892399,7.360901,7.036364,151.041872,0.998766,0.746529
9752,1453,2,3,12,0,10,0,1,1,2,6,2,23,3,8,36.0,0.500501,4.306809,5.515746,26.20809,0.430063,0.416555
4641,462,0,0,5,1,4,1,2,1,1,1,0,12,2,1,70.5,0.374483,4.955828,5.333126,28.790191,0.860993,0.542703
9210,981,2,2,3,1,8,2,4,0,0,3,0,17,0,3,61.5,0.58756,5.103149,5.481504,22.081189,0.324178,0.478993
8663,1017,1,0,12,1,5,0,0,1,1,4,3,17,2,7,51.5,0.616212,4.501905,4.7186,17.118094,0.184841,0.453703
11622,726,1,2,4,1,1,1,2,0,0,2,0,8,0,2,81.0,0.830227,8.088109,5.756483,200.694386,0.900078,0.713995
2800,388,1,0,3,0,6,2,1,0,0,1,2,12,0,3,71.5,0.78566,8.214286,5.145208,37.934027,0.656589,0.670877
7147,815,0,0,3,0,1,0,0,0,1,1,0,4,1,1,88.5,0.955005,4.617322,5.7296,47.507876,0.312112,0.703665
5026,702,3,1,14,0,14,3,0,0,0,3,1,31,0,4,32.0,0.815607,7.361719,5.86916,154.971339,0.569774,0.654795
8849,553,1,2,6,1,4,1,5,0,0,2,0,16,0,2,65.0,0.900641,6.441406,6.168393,88.936085,0.963608,0.72567
7082,987,2,3,12,1,11,3,1,2,1,3,0,27,3,3,35.5,0.164792,1.129624,2.759123,0.012921,0.223726,0.203004
3857,461,1,1,0,0,2,0,1,1,0,3,0,3,1,3,87.5,0.076188,2.851957,2.82061,2.573517,0.727363,0.292471
5795,909,1,1,9,1,4,0,0,2,0,2,0,13,2,2,67.0,0.100191,3.623814,3.440682,1.873008,0.201149,0.300218
10423,1222,1,1,8,2,0,0,4,0,1,1,2,12,1,3,69.5,0.506681,3.262017,4.951077,20.858243,0.502833,0.462448
4761,314,0,1,0,0,0,0,3,0,0,0,0,3,0,0,94.0,1.0,9.661836,6.467142,66.836455,0.877878,0.860089
4776,591,2,1,7,0,14,0,2,1,0,3,2,23,1,5,44.5,0.946936,10.469012,6.344496,161.315556,0.846158,0.789607
18000,1125,2,1,8,1,3,0,3,0,0,2,0,14,0,2,69.0,1.0,7.611111,6.917293,200.705184,0.805186,0.732623
6987,1033,1,3,18,2,16,1,5,0,1,3,1,40,1,4,12.0,0.993494,7.728639,6.49435,254.898665,0.854825,0.689821
7124,445,2,0,1,0,1,0,1,1,0,0,0,3,1,0,92.0,0.862872,6.316676,5.281015,20.56766,0.623959,0.73699
11859,1124,0,0,4,1,1,0,2,0,0,4,1,7,0,5,78.5,0.605294,6.155662,5.041407,16.547438,0.408912,0.554535
7677,869,2,1,11,1,5,3,3,0,0,6,1,22,0,7,45.5,0.491716,3.516999,4.293914,10.649042,0.95939,0.470738
16500,2268,2,0,15,3,12,0,2,2,1,4,3,29,3,7,25.5,0.7499,4.909091,4.85532,20.053191,0.263266,0.448849
11709,731,0,0,4,0,1,2,0,1,0,0,0,7,1,0,84.0,0.957453,6.405329,5.458809,137.325129,0.697141,0.707859
10569,660,0,1,5,0,1,0,0,0,1,3,1,6,1,4,80.0,0.856767,6.055445,5.81843,120.678562,0.714001,0.669688
7977,1044,1,3,7,1,4,2,3,0,0,4,1,16,0,5,60.5,0.534413,4.011533,4.008792,6.830627,0.227361,0.419781
9949,633,1,0,3,1,4,1,1,0,1,3,1,9,1,4,74.0,1.0,8.44306,6.643775,63.086989,0.72084,0.779553
7529,1149,3,1,11,1,14,0,2,0,2,8,0,27,2,8,30.0,0.795746,8.500465,5.881724,182.208848,0.649131,0.668014
7002,911,4,0,11,1,5,1,1,2,0,4,3,18,2,7,49.5,1.0,9.854327,6.237646,111.606977,0.741252,0.826719
6617,890,6,2,6,3,5,0,1,2,2,3,0,12,4,3,63.5,0.062284,2.56914,3.483178,2.042125,0.474517,0.189385
6939,832,1,2,7,1,6,3,3,1,1,6,3,19,2,9,44.5,0.139623,2.305808,3.262578,5.075271,0.634401,0.277883
15908,994,0,1,3,0,2,2,0,2,0,1,1,7,2,2,79.0,0.909764,7.480513,6.655807,112.028763,0.978684,0.72958
18000,1316,2,1,3,1,3,0,3,0,0,5,0,9,0,5,74.5,0.978046,7.0,6.044303,475.210306,0.728322,0.756405
8414,1266,1,2,7,2,3,1,0,1,0,1,0,11,1,1,74.5,0.73448,5.467079,4.867329,36.441408,0.352092,0.413731
3778,423,2,0,4,0,7,0,2,0,1,2,0,13,1,2,69.0,0.717145,5.558497,5.470447,14.393773,0.689418,0.570627
6089,908,2,0,7,0,8,0,1,0,1,5,2,16,1,7,55.5,0.982251,8.211529,5.86389,217.25515,0.737757,0.769122
4035,432,2,1,3,0,3,0,3,1,0,0,1,9,1,1,78.5,0.135706,1.73482,2.086997,1.439692,0.070327,0.209733
2907,327,1,3,4,1,1,1,1,1,1,2,1,7,2,3,77.5,0.078636,2.063983,3.083874,0.336279,0.161342,0.258929
3799,473,2,0,0,1,2,0,0,0,0,0,1,2,0,1,94.5,0.646711,8.423269,5.307829,31.573256,0.274985,0.638207
3033,300,1,1,2,1,5,0,1,0,1,0,0,8,1,0,82.0,0.157992,3.626772,3.043983,7.852012,0.910989,0.426573
2200,300,0,0,2,0,2,1,0,2,0,0,0,5,2,0,86.0,0.089638,1.363636,3.061369,0.015484,0.455073,0.269411
8891,1163,5,2,11,4,6,2,1,0,4,4,3,20,4,7,41.5,0.050117,1.349679,3.384989,2.489946,0.005555,0.187368
9734,873,1,2,10,2,8,1,1,0,0,7,0,20,0,7,49.5,0.4302,3.903842,4.569025,27.490207,0.700194,0.465621
4272,507,1,0,4,2,5,0,3,1,2,2,1,12,3,3,65.5,0.077177,0.702247,1.014528,0.162932,0.153087,0.1341
8837,667,4,0,4,3,5,2,3,1,2,1,3,14,3,4,60.0,0.347492,4.865905,4.223176,21.462749,0.957111,0.428902
9496,996,4,2,11,1,8,1,3,2,1,4,3,23,3,7,37.5,0.817403,5.686605,5.738887,36.799555,0.924257,0.611763
13000,1468,1,4,11,4,8,1,2,2,2,1,1,22,4,2,45.0,0.097274,1.307692,2.642141,4.473132,0.327084,0.201441
7312,457,2,2,3,0,0,1,1,0,0,0,0,5,0,0,90.0,0.76973,6.017505,5.797655,75.31976,0.798018,0.654341
6324,660,4,1,7,2,3,1,3,0,2,2,1,14,2,3,63.5,0.216996,5.060089,4.183526,6.795403,0.337944,0.429202
18000,1125,2,1,10,1,3,1,2,2,1,2,1,16,3,3,57.5,0.931184,4.333333,5.413979,51.667045,0.615582,0.715946
2600,300,0,1,3,0,1,0,0,1,0,1,1,4,1,2,87.0,0.759388,4.230769,4.547336,16.721778,0.982346,0.618212
6598,728,1,2,2,1,3,0,1,1,1,1,0,6,2,1,82.5,0.311599,1.667172,2.661335,1.748166,0.185829,0.256992
12613,901,2,0,5,0,2,1,0,1,1,2,0,8,2,2,77.0,0.875489,6.421946,5.919156,134.555341,0.588789,0.675956
3138,338,0,1,5,0,2,0,2,0,1,0,1,9,1,1,78.5,0.449506,3.505417,3.970438,0.872985,0.959901,0.405508
2676,300,0,2,7,0,4,1,0,0,0,0,1,12,0,1,74.5,0.199558,2.615845,2.769489,3.927087,0.083554,0.264249
10153,1284,1,2,11,0,5,3,0,0,0,2,3,19,0,5,54.5,0.600297,7.0915,3.903101,17.573071,0.543893,0.542086
6161,845,1,2,5,1,8,0,3,0,1,3,1,16,1,4,60.0,0.034133,2.110047,2.768136,1.228736,0.445594,0.25183
6019,480,1,1,3,2,1,0,2,1,2,0,0,6,3,0,82.0,0.650424,5.150357,4.984334,15.187029,0.240138,0.502239
15626,1459,2,0,7,2,2,3,3,0,1,5,0,15,1,5,60.5,0.589923,4.927685,4.549445,15.810304,0.35421,0.43718
6870,663,1,0,3,0,4,0,1,1,0,2,2,8,1,4,76.0,0.481542,3.930131,5.020327,14.184171,0.688863,0.440255
6585,603,0,1,1,0,4,0,3,0,1,0,0,8,1,0,82.0,0.944447,6.833713,5.783127,24.872586,0.601291,0.689456
6827,601,0,2,6,1,5,0,1,1,2,2,1,12,3,3,65.5,0.074648,1.025341,1.480915,2.271265,0.021547,0.113971
16972,1114,3,1,4,1,6,2,1,3,0,0,0,13,3,0,68.0,0.65087,6.599104,5.771048,381.335657,0.932697,0.665739
10084,1567,3,2,7,4,6,1,0,1,0,7,0,14,1,7,59.5,0.35791,3.470845,4.113967,7.736777,0.25704,0.478863
16932,1257,1,2,4,1,3,0,0,1,1,4,0,7,2,4,76.0,0.913884,6.850933,6.337928,182.927318,0.872825,0.752156
8057,805,4,2,8,1,4,0,2,2,1,6,2,14,3,8,54.0,0.259767,2.482314,3.500605,3.246704,0.012973,0.163761
5541,1060,2,0,14,0,4,3,2,3,2,3,2,23,5,5,36.5,0.0,1.26331,2.961492,1.127476,0.337416,0.170698
8597,765,0,0,5,3,2,3,1,2,0,3,1,11,2,4,68.0,0.62716,4.303827,6.426462,34.976199,0.682027,0.526911
16251,1958,2,4,9,2,0,1,2,2,0,4,3,12,2,7,61.5,0.565336,4.799705,4.449957,19.374534,0.334365,0.528656
9585,1628,7,6,22,5,20,2,3,4,0,6,2,47,4,8,0.0,0.914117,9.80699,6.141835,353.772416,0.957916,0.685921
4312,712,2,2,3,1,3,1,2,3,1,4,1,9,4,5,66.5,0.231349,2.087199,3.1625,1.383337,0.534452,0.287616
8674,592,2,0,3,1,0,0,0,0,0,3,0,3,0,3,89.5,0.775148,8.761817,5.5147,81.568221,0.784754,0.757133
3059,446,0,1,5,0,3,1,1,0,1,2,0,10,1,2,75.0,0.01277,1.634521,1.844553,0.000311,0.309999,0.202591
5743,582,3,1,3,0,1,1,0,2,1,4,0,5,3,4,78.0,0.351885,4.875501,4.676961,5.729133,0.662245,0.426525
6159,791,1,2,6,2,1,1,3,0,1,1,0,11,1,1,74.5,0.140011,1.62364,3.528131,1.016272,0.20466,0.226349
6854,462,4,1,1,1,1,1,0,0,0,3,0,3,0,3,89.5,0.847811,5.398308,5.0709,32.669724,0.722701,0.650396
10871,1116,4,0,8,1,5,0,3,0,1,5,0,16,1,5,58.5,0.069502,1.747769,3.076097,1.141433,0.440737,0.168419
8857,717,0,1,4,1,4,0,1,1,0,2,1,9,1,3,75.5,0.569949,4.516202,5.243714,12.345463,0.014957,0.571943
3481,644,1,1,1,0,4,1,1,0,2,2,3,7,2,5,74.5,0.371337,2.29819,4.058734,5.288069,0.236391,0.346397
4500,300,0,2,2,0,1,0,0,0,0,0,1,3,0,1,92.5,0.779741,4.666667,5.826341,57.239663,0.948398,0.722903
3638,554,2,1,1,2,3,1,3,0,0,3,0,8,0,3,79.5,0.313443,3.573392,4.105233,6.778691,0.270156,0.310569
3065,300,2,1,3,2,1,0,1,1,0,0,0,5,1,0,88.0,0.35247,1.957586,5.623171,0.263842,0.239684,0.345975
13941,1038,1,0,7,2,6,0,4,2,1,4,1,17,3,5,52.5,0.979931,9.038089,6.437442,97.646332,0.833562,0.783934
8432,687,1,3,5,2,9,1,0,2,0,2,1,15,2,3,61.5,0.198369,2.490512,5.070596,9.295834,0.758982,0.359294
10654,803,2,1,5,1,3,0,0,1,0,1,0,8,1,1,80.5,0.836017,7.69664,5.828638,216.607045,0.527794,0.728337
9898,814,1,2,5,1,2,0,0,1,3,4,1,7,4,5,70.5,0.07639,1.616488,2.591199,1.828157,0.110331,0.179277
5505,779,3,1,6,2,10,0,3,3,0,3,2,19,3,5,48.5,0.157459,1.634877,2.690937,2.530564,0.359159,0.166282
2200,300,1,1,1,0,0,0,0,0,0,2,0,1,0,2,95.0,0.106949,0.909091,1.437174,0.0,0.397793,0.28053
8288,882,2,2,4,1,2,0,4,0,0,1,1,10,0,2,77.0,0.617353,4.584942,4.319792,11.797945,0.386402,0.569777
2800,397,0,1,6,1,2,1,1,0,0,0,0,10,0,0,80.0,0.731155,8.571429,5.870271,85.445496,0.866198,0.745958
11186,1267,5,2,8,2,12,1,4,2,1,4,1,25,3,5,36.5,0.57445,4.291078,4.917895,46.180982,0.977161,0.537103
10220,900,2,1,3,0,1,1,1,1,1,1,1,6,2,2,81.0,1.0,4.696673,5.608058,23.687077,0.272086,0.704295
2200,300,0,0,0,0,1,0,0,2,0,0,0,1,2,0,94.0,0.061302,3.636364,3.278018,1.189358,0.744365,0.300375
3552,420,1,2,14,0,5,0,2,0,0,3,0,21,0,3,53.5,0.963274,7.038288,7.075694,131.262772,0.909664,0.689367
2776,558,1,0,1,1,1,0,2,0,1,3,0,4,1,3,85.5,0.503914,2.161383,3.987485,2.468669,0.492562,0.365955
8518,1327,1,0,6,0,8,2,2,3,3,4,0,18,6,4,46.0,0.056516,1.995774,2.962007,5.798382,0.379346,0.246956
10635,1571,1,0,16,3,7,2,0,2,2,4,1,25,4,5,34.5,0.464076,6.205924,4.311084,24.434294,0.331108,0.448715
15000,1221,5,2,18,1,5,1,3,0,2,7,2,27,2,9,28.5,0.357329,4.133333,4.308405,35.732173,0.911921,0.459564
5550,603,1,1,3,0,3,1,0,1,0,1,0,7,1,1,82.5,0.462866,2.522523,3.960377,1.107918,0.389765,0.409614
7407,1288,2,2,7,3,7,1,3,1,2,7,3,18,3,10,43.0,0.071673,1.890104,2.539946,1.325005,0.209783,0.170985
11289,1705,4,3,13,3,9,1,3,1,0,9,4,26,1,13,26.5,0.442032,5.137745,4.759271,44.154042,0.363305,0.467114
2918,460,1,2,2,1,3,1,1,0,1,3,0,7,1,3,79.5,0.325647,1.713502,3.092585,0.017314,0.247981,0.35716
11794,1021,2,0,8,0,6,1,1,1,0,3,1,16,1,4,60.0,0.8739,7.461421,6.554049,97.62944,0.864292,0.683013
14925,1269,2,2,9,1,9,0,1,4,2,5,2,19,6,7,39.5,0.524736,3.21608,4.475878,8.047501,0.618397,0.410576
9594,1405,4,0,8,2,6,1,2,0,0,1,1,17,0,2,63.0,0.764022,5.524286,5.072311,57.602951,0.286072,0.584863
14032,1107,3,0,5,0,5,0,0,0,0,4,1,10,0,5,72.5,0.896742,7.482896,5.799656,87.342077,0.473003,0.665712
14902,1048,1,0,10,1,0,0,1,0,0,4,0,11,0,4,72.0,0.442394,2.952624,5.11572,21.81655,0.88611,0.418447
10791,973,1,0,6,1,0,0,0,3,1,1,1,6,4,2,77.0,0.731251,2.780095,5.098643,17.27306,0.369805,0.499803
6946,930,3,2,5,0,7,0,2,0,1,1,0,14,1,1,68.5,0.073143,2.015549,3.447884,1.581135,0.307333,0.23622
3878,390,1,1,6,0,2,1,1,0,0,1,1,10,0,2,77.0,0.442396,3.867973,3.697434,2.387368,0.106777,0.407791
16500,1944,3,2,6,1,12,1,2,0,3,5,2,21,3,7,41.5,0.747551,5.575758,4.448477,54.936978,0.257805,0.492585
5170,548,1,0,1,1,2,0,2,3,0,3,1,5,3,4,78.0,0.447969,6.189555,4.514967,11.49195,0.702553,0.532774
7913,869,1,0,8,0,1,1,2,1,0,2,1,12,1,3,69.5,0.337342,3.412107,4.181349,9.282642,0.589616,0.449443
14803,1028,0,2,3,1,2,0,1,1,0,4,0,6,1,4,80.0,0.70517,6.350064,5.216036,345.915559,0.802217,0.67758
9150,615,3,0,0,0,2,1,1,1,0,2,1,4,1,3,85.5,1.0,9.289617,7.071815,365.91017,0.887315,0.898075
3093,371,1,0,5,2,0,0,3,0,0,0,2,8,0,2,81.0,0.083227,3.556418,2.159716,1.819002,0.138644,0.283127
4976,572,3,2,4,1,7,2,2,2,2,1,0,15,4,1,60.5,0.187287,2.009646,3.426964,1.204495,0.392281,0.230153
5919,710,1,1,3,2,4,0,1,1,1,3,0,8,2,3,75.5,0.549077,4.561581,3.996474,9.071628,0.310718,0.504768
3839,675,1,1,7,0,2,0,1,1,0,2,0,10,1,2,75.0,0.135125,2.083876,2.746746,1.376077,0.514596,0.182006
3138,300,1,0,0,1,0,1,2,1,1,1,3,3,2,4,84.0,0.441985,2.868069,5.95858,1.734645,0.06042,0.413819
12428,1910,2,2,15,1,5,2,2,3,2,2,1,24,5,3,37.5,0.419023,4.264564,3.591294,17.442465,0.177329,0.40008
6684,676,1,2,4,1,4,1,0,0,1,3,2,9,1,5,72.5,0.373489,4.189108,4.766321,8.067062,0.684097,0.408568
12786,1324,2,0,4,1,3,0,0,0,2,0,0,7,2,0,82.0,0.606235,6.491475,5.390241,39.2493,0.506405,0.659352
10525,1022,2,1,9,2,8,0,5,3,2,8,3,22,5,11,29.5,0.67531,5.605701,5.697776,54.865909,0.733687,0.502749
10460,1181,3,4,23,4,20,2,6,2,3,6,3,51,5,9,0.0,0.949551,7.456979,6.15591,191.129538,0.897702,0.673857
5885,451,0,0,0,0,0,0,0,0,0,1,0,0,0,1,98.5,0.785898,6.457094,6.18611,165.090213,0.82646,0.721461
8011,875,3,1,11,4,11,1,2,0,2,1,0,25,2,1,44.5,0.148955,1.997254,3.170741,1.386879,0.166736,0.227896
2424,300,1,1,6,1,1,0,0,0,1,0,1,7,1,1,82.5,0.124921,1.237624,1.990504,0.032625,0.50197,0.219661
5970,546,0,1,4,1,2,0,1,0,0,1,0,7,0,1,84.5,0.684002,5.695142,3.990762,38.045461,0.079152,0.598849
8537,576,1,0,6,2,0,0,1,2,0,1,0,7,2,1,80.5,0.839473,9.136699,5.648518,126.253876,0.547111,0.652561
18000,1207,2,2,11,1,4,1,2,0,1,0,0,18,1,0,62.0,1.0,7.666667,6.58824,138.253914,0.688145,0.69106
8248,804,1,2,4,1,7,0,0,2,1,2,1,11,3,3,67.5,0.583166,5.819593,4.915614,20.720437,0.266015,0.551851
11000,1336,4,1,12,4,9,4,5,1,2,7,2,30,3,9,20.5,0.218394,1.454545,4.227834,4.129112,0.172155,0.178016
8738,1093,0,1,7,4,3,0,3,1,2,3,2,13,3,5,60.5,0.546943,4.348821,4.918642,15.83384,0.065465,0.435386
11705,731,0,0,6,0,4,0,1,0,0,1,0,11,0,1,76.5,0.949088,6.578385,7.239881,87.67852,0.768802,0.686332
2937,457,0,0,8,1,6,1,0,0,0,3,0,15,0,3,65.5,0.913638,9.533538,5.201287,32.717276,0.642922,0.728105
6677,930,1,3,8,1,7,1,4,3,1,3,2,20,4,5,44.5,0.35668,5.092107,3.240458,22.509358,0.156877,0.36622
11454,1121,4,2,5,0,2,2,2,4,2,1,0,11,6,1,64.5,0.456281,3.928759,3.875402,18.899083,0.140681,0.51094
4319,626,0,1,4,1,6,0,3,2,1,1,3,13,3,4,62.0,0.195411,3.241491,3.447604,3.743352,0.426609,0.253696
12712,1409,2,2,10,3,5,1,1,2,0,3,1,17,2,4,56.0,0.627574,4.71995,4.568112,52.842335,0.659309,0.545354
4402,425,0,1,4,0,3,0,0,3,2,3,1,7,5,4,70.0,0.057498,2.726034,2.879873,3.904608,0.551929,0.254829
7919,494,1,0,7,0,1,0,1,0,0,1,0,9,0,1,80.5,0.982694,9.470893,7.03186,303.881475,0.999019,0.848739
8003,942,0,1,16,2,10,1,1,1,1,4,1,28,2,5,32.5,0.713243,8.121954,5.534674,163.657903,0.908881,0.704517
13965,898,3,1,5,1,5,0,1,1,1,1,1,11,2,2,71.0,0.833876,6.945936,5.944377,154.26414,0.562916,0.656397
14042,877,1,2,0,0,4,0,1,3,0,2,0,5,3,2,81.0,0.969151,7.548782,6.529282,454.612789,0.873355,0.875787
4305,417,2,0,0,2,1,0,1,0,2,2,0,2,2,2,89.0,0.171319,2.090592,3.131294,0.838398,0.56482,0.336365
6261,799,2,2,11,2,3,2,4,1,0,6,1,20,1,7,47.5,0.235223,1.916627,2.96181,1.047303,0.066695,0.210963
7144,535,0,1,5,1,1,1,2,1,0,3,1,9,1,4,74.0,0.853521,7.138858,5.764592,35.139134,0.767512,0.626442
7333,989,3,1,4,0,6,1,2,3,1,8,1,13,4,9,52.5,0.173999,2.727397,4.139465,5.679385,0.558043,0.32933
3588,508,0,1,7,1,3,0,1,3,2,0,0,11,5,0,68.0,0.119481,3.623188,3.179774,1.254714,0.615328,0.338503
8342,961,1,2,9,5,6,1,2,1,0,3,1,18,1,4,56.0,0.621904,3.836011,4.710092,17.004993,0.198973,0.438676
2224,388,2,0,5,2,2,1,1,1,0,2,1,9,1,3,75.5,0.213826,3.597122,4.192806,3.915814,0.368179,0.343307
5465,611,1,0,7,2,1,0,5,2,1,4,2,13,3,6,59.0,0.005039,0.914913,1.734809,0.010668,0.023845,0.116255
3351,426,0,2,5,0,5,0,2,3,0,1,3,12,3,4,64.0,0.09329,2.685765,3.333455,3.062671,0.123347,0.239646
2031,300,2,0,2,1,3,2,2,0,0,2,0,9,0,2,79.0,0.026204,0.492368,2.006243,0.0,0.431297,0.161101
5901,368,0,0,1,0,1,0,0,1,0,0,0,2,1,0,94.0,1.0,5.42281,6.414293,138.177576,0.736104,0.802847
13065,1138,0,0,13,1,8,2,4,1,1,0,0,27,2,0,42.0,0.586105,3.367777,4.912993,24.327575,0.739845,0.452242
2800,408,1,1,2,0,3,0,1,0,0,1,2,6,0,3,83.5,0.967272,6.785714,6.797029,81.615909,0.605974,0.676474
8850,1394,3,0,15,2,7,1,0,1,3,3,2,23,4,5,38.5,0.227909,4.180791,3.876205,20.564141,0.434305,0.426099
8467,1089,5,2,12,2,8,1,5,0,1,5,1,26,1,6,37.0,0.208432,2.125901,3.488553,3.300564,0.528007,0.322883
5114,323,0,0,8,0,0,0,0,0,0,0,0,8,0,0,84.0,0.984159,7.626124,6.364526,48.009458,0.818937,0.823811
7583,626,4,1,3,0,3,0,3,1,0,0,1,9,1,1,78.5,0.203554,3.956218,3.997592,16.435083,0.172097,0.3522
5939,415,2,0,3,1,1,0,1,0,1,1,1,5,1,2,85.0,0.828868,7.745412,5.812405,42.150025,0.763635,0.73606
4500,304,0,0,3,0,0,0,1,0,0,0,0,4,0,0,92.0,0.989732,7.555556,6.938263,172.631953,0.938568,0.867216
7975,520,1,0,2,0,1,0,1,1,0,0,0,4,1,0,90.0,0.604805,6.77116,5.673359,71.782885,0.899918,0.669831
7059,797,5,0,11,0,3,0,1,1,1,2,3,15,2,5,58.5,0.657022,4.958209,5.306313,33.147106,0.610515,0.499718
14988,936,3,0,2,0,1,1,2,0,0,1,0,6,0,1,86.5,0.871915,6.538564,6.309152,64.020347,0.790002,0.736346
6355,928,1,1,13,0,5,1,0,0,1,2,1,19,1,3,55.5,0.186229,2.675059,4.060279,3.450448,0.451263,0.332736
3594,479,2,0,7,1,2,0,1,2,1,1,2,10,3,3,69.5,0.564585,5.843072,4.211337,16.748392,0.241434,0.435186
6841,1089,4,5,13,3,14,2,0,0,1,3,0,29,1,3,35.5,0.475579,2.777372,4.039359,6.643747,0.14479,0.27395
10505,764,1,1,5,0,1,2,1,1,1,2,0,9,2,2,75.0,0.92186,6.758686,5.652611,132.254577,0.8982,0.751303
2232,300,2,1,1,1,1,1,0,0,0,2,0,3,0,2,91.0,0.15474,3.584229,3.208363,1.465682,0.554659,0.321563
5596,674,1,1,2,0,2,1,0,2,0,0,1,5,2,1,84.5,0.297113,1.429593,2.819664,0.32851,0.031883,0.277324
7950,1432,1,4,11,2,10,1,4,3,1,2,1,26,4,3,35.5,0.151145,3.27044,3.956812,10.80026,0.290145,0.238096
4446,668,1,2,6,0,2,0,2,1,0,1,0,10,1,1,76.5,0.095696,1.574449,2.836797,0.002837,0.450734,0.261133
7603,882,2,1,7,1,1,0,2,0,0,5,4,10,0,9,66.5,0.831305,6.839405,6.433599,27.563791,0.361636,0.600271
7214,1404,5,0,8,1,3,0,2,4,2,4,1,13,6,5,54.5,0.014956,2.633768,2.735603,4.763166,0.525644,0.189879
4383,595,2,1,8,4,3,1,1,0,1,3,0,13,1,3,67.5,0.450234,2.966005,4.972887,6.548867,0.507458,0.347436
9722,1174,2,2,14,3,6,2,5,0,2,5,0,27,2,5,34.5,0.780418,4.628677,6.008521,26.539419,0.484121,0.469374
3446,435,1,0,5,0,1,2,1,1,1,1,1,9,2,2,75.0,0.545849,4.643064,5.895011,8.670516,0.36995,0.437827
2305,360,2,0,2,1,3,0,0,1,0,1,0,5,1,1,86.5,0.069008,1.735358,3.176865,0.007155,0.472076,0.284433
2800,344,3,1,7,0,2,0,1,0,0,2,0,10,0,2,77.0,0.752637,6.785714,6.233455,13.830884,0.799389,0.66688
4252,450,2,0,4,1,4,0,0,1,0,0,0,8,1,0,82.0,0.419658,3.057385,3.556873,24.241191,0.741063,0.517193
4500,300,2,1,1,0,2,0,0,0,0,1,0,3,0,1,92.5,0.94867,9.333333,5.987566,96.0171,0.770737,0.730572
14771,1335,2,4,8,1,4,1,3,1,2,3,0,16,3,3,57.5,0.358625,2.843409,4.53368,10.459683,0.005286,0.465322
17049,1080,0,1,7,0,1,2,2,2,1,0,1,12,3,1,68.5,1.0,7.331808,6.088372,256.595203,0.873242,0.721309
7851,859,2,2,4,1,2,1,1,0,0,3,0,8,0,3,79.5,0.403507,6.241243,4.788568,10.338069,0.199769,0.478516
12131,1619,3,0,14,3,14,3,7,0,1,3,1,38,1,4,16.0,0.787203,5.27574,4.838884,23.128522,0.474955,0.60913
4846,486,2,1,7,2,3,0,1,1,1,1,0,11,2,1,72.5,0.019984,1.031779,3.842587,0.004928,0.124644,0.249088
15486,1282,1,0,10,1,8,1,3,2,1,3,2,22,3,5,42.5,0.99812,6.974041,5.664017,363.986414,0.607881,0.70575
4815,719,2,3,9,0,4,0,2,1,0,2,2,15,1,4,62.0,0.129896,2.699896,4.04315,3.482964,0.345043,0.242338
9344,631,1,1,2,1,2,0,1,2,1,4,0,5,3,4,78.0,0.920568,9.417808,6.043653,68.266256,0.754167,0.68857
6757,781,2,0,7,0,3,0,1,0,0,4,0,11,0,4,72.0,0.47093,2.367915,3.657975,3.044055,0.483525,0.406501
8089,1232,2,2,10,1,8,4,2,3,2,4,1,24,5,5,34.5,0.157978,2.472494,2.934672,1.11157,0.046585,0.171784
4500,509,0,2,2,1,1,1,2,0,0,0,0,6,0,0,88.0,0.937303,10.444444,6.044739,193.305768,0.566316,0.821627
6766,613,4,1,6,0,4,0,1,1,0,3,0,11,1,3,71.5,0.173768,3.39935,3.848495,6.318332,0.653714,0.404905
4764,332,1,1,2,0,0,0,0,0,0,0,0,2,0,0,96.0,0.901181,7.13686,6.421201,78.056263,0.912877,0.743779
18000,1263,1,0,7,0,3,1,1,2,0,1,1,12,2,2,69.0,0.763847,7.166667,6.342585,109.795747,0.554744,0.686915
5105,643,1,0,3,1,4,0,2,2,0,1,2,9,2,3,73.5,0.274708,2.938296,3.708451,7.004405,0.2913,0.319261
9808,1503,5,1,18,3,15,4,1,1,1,3,1,38,2,4,14.0,0.835656,7.340946,5.957831,290.539857,0.980452,0.656736
5028,510,2,2,2,0,5,0,2,1,1,2,0,9,2,2,75.0,0.100215,2.585521,4.383223,8.986239,0.74245,0.345501
13852,1549,3,0,11,1,7,3,5,4,0,6,1,26,4,7,29.5,0.617498,4.259313,4.863755,19.76512,0.388032,0.52464
7057,1007,1,3,18,0,11,2,5,0,0,7,3,36,0,10,13.0,0.897421,7.085164,6.36931,91.572925,0.984389,0.656021
5756,536,0,0,10,2,4,0,4,2,0,3,4,18,2,7,49.5,0.544654,2.605976,5.019671,20.999662,0.726119,0.457756
7597,1028,3,1,8,0,2,1,1,2,1,6,0,12,3,6,61.0,1.0,7.766224,5.617691,207.213598,0.636711,0.688153
3112,370,3,1,9,1,5,2,3,0,0,3,0,19,0,3,57.5,0.100967,1.928021,2.175623,0.050754,0.782842,0.169235
10125,1147,2,2,6,4,6,1,1,1,1,3,0,14,2,3,63.5,0.584409,4.54321,4.104645,23.199696,0.376401,0.444915
11069,754,4,2,11,3,8,2,2,0,1,3,1,23,1,4,46.0,0.422222,4.065408,4.333704,29.296205,0.927848,0.450162
4500,300,0,0,2,1,0,0,0,0,0,0,0,2,0,0,96.0,0.833214,8.0,5.518997,30.067672,0.975839,0.795539
7422,735,2,2,3,1,3,1,1,0,0,1,1,8,0,2,81.0,0.733643,8.892482,5.480638,53.983507,0.365198,0.651355
4500,300,0,1,1,0,2,0,0,0,0,0,0,3,0,0,94.0,0.559893,6.888889,4.817484,16.881683,0.721296,0.654786
12476,1015,4,0,4,2,4,0,1,0,1,1,0,9,1,1,78.5,0.951425,8.897082,5.735677,419.12938,0.665944,0.76827
2600,320,0,0,5,0,2,0,0,0,0,0,0,7,0,0,86.0,0.559577,6.153846,4.246281,10.158576,0.324181,0.508173
5908,560,1,0,1,0,2,0,1,0,0,0,0,4,0,0,92.0,0.59599,6.431957,4.297002,46.470389,0.619404,0.606046
9633,764,4,0,7,3,2,1,2,4,0,0,0,12,4,0,68.0,0.366929,4.152393,4.999864,14.361431,0.867895,0.504763
3717,544,1,1,3,3,4,1,1,1,1,1,0,9,2,1,76.5,0.175017,1.614205,5.939287,2.092548,0.374462,0.301776
6624,817,4,2,5,3,1,0,1,2,0,2,1,7,2,3,77.5,0.198467,3.321256,4.501844,2.747453,0.782809,0.392313
5859,583,1,2,3,1,7,1,1,1,1,2,1,12,2,3,67.5,0.217317,2.901519,4.110275,6.582122,0.580312,0.286926
4591,709,2,1,5,1,4,1,1,1,0,3,0,11,1,3,71.5,0.119767,1.960357,2.784552,0.525313,0.138626,0.225568
4329,416,0,1,6,1,6,0,2,1,1,4,0,14,2,4,62.0,0.016123,2.079002,3.362097,1.453757,0.823157,0.25261
3632,505,0,0,9,0,10,0,0,2,1,4,1,19,3,5,48.5,0.907504,10.462555,6.23652,172.074687,0.972708,0.792791
3652,525,3,1,4,0,3,0,1,0,1,2,0,8,1,2,79.0,0.322266,4.107338,3.531061,11.191755,0.367148,0.383587
13000,1353,0,2,13,1,1,1,3,0,3,3,1,18,3,4,52.0,0.024591,2.846154,2.778292,3.849519,0.700205,0.310319
5251,553,0,0,3,2,6,2,2,1,1,2,0,13,2,2,67.0,0.113931,0.9522,2.437171,0.521973,0.180301,0.165846
13000,1424,2,3,12,2,6,1,3,3,1,3,1,22,4,4,42.0,0.25026,3.076923,3.593867,13.833716,0.662859,0.291692
11892,1395,1,2,8,0,4,0,1,0,0,2,2,13,0,4,68.0,0.399866,3.279516,3.402666,25.595598,0.431978,0.410526
4280,870,0,3,6,2,3,3,0,1,0,4,2,12,1,6,65.0,0.262189,3.271028,3.395224,4.468369,0.317102,0.256222
8159,1284,2,3,6,1,5,0,0,0,3,6,2,11,3,8,60.0,0.209827,2.573845,2.640459,0.595582,0.578252,0.209925
2600,300,1,1,1,1,4,1,2,1,0,0,0,8,1,0,82.0,0.622175,4.615385,4.603316,3.753067,0.074896,0.402968
9856,795,0,0,4,0,4,0,3,1,0,1,1,11,1,2,73.0,0.790299,5.783279,5.706673,53.39033,0.033383,0.580033
8236,725,1,0,12,0,6,2,1,1,1,1,1,21,2,2,51.0,0.4766,4.735308,5.043693,42.012844,0.847516,0.419393
6900,507,1,0,0,0,1,0,0,0,0,3,0,1,0,3,93.5,0.483295,3.913043,4.310702,18.670057,0.059217,0.44683
8073,888,4,0,8,1,7,2,2,0,1,6,0,19,1,6,51.0,0.137207,0.990958,2.990703,0.106862,0.220374,0.134359
9886,1174,0,0,1,2,5,0,3,0,1,2,1,9,1,3,75.5,0.471288,3.944973,4.861392,29.111476,0.35543,0.488702
9886,1340,6,3,11,3,7,1,2,2,2,6,1,21,4,7,39.5,0.085138,2.629982,3.082853,7.55726,0.439334,0.212413
6709,883,0,0,4,1,4,0,1,2,0,4,0,9,2,4,72.0,0.623769,4.173498,3.064432,15.541103,0.391379,0.477989
8196,711,2,0,4,1,3,0,1,1,0,3,1,8,1,4,76.0,0.494808,4.270376,4.858503,18.552234,0.336694,0.418759
3200,300,1,0,1,0,1,0,0,2,1,1,0,2,3,1,88.5,0.881422,6.25,3.65432,5.083238,0.060686,0.520779
6898,671,1,1,8,2,6,1,1,0,0,1,0,16,0,1,66.5,0.729097,4.783995,4.535338,4.763945,0.251801,0.474123
5352,515,1,0,0,0,2,1,2,0,1,1,0,5,1,1,86.5,0.556808,4.857997,4.579484,6.096894,0.70937,0.471267
7835,823,4,0,3,0,5,1,3,0,0,2,0,12,0,2,73.0,0.508639,3.828973,4.178305,11.871675,0.634513,0.462136
12433,1304,2,0,5,1,4,0,1,1,1,1,0,10,2,1,74.5,0.443371,6.112764,4.332168,28.46687,0.43809,0.540421
11001,859,3,3,7,2,4,1,1,0,0,4,0,13,0,4,68.0,0.792157,5.908554,5.475464,82.6424,0.741726,0.690742
4552,613,2,3,5,1,7,0,2,1,0,2,0,14,1,2,67.0,0.095119,3.075571,3.676406,4.750364,0.192396,0.281297
4266,610,0,2,3,1,2,0,1,0,0,0,1,6,0,1,86.5,0.320718,4.922644,4.068328,2.995418,0.341008,0.377054
6118,404,2,0,1,0,1,0,0,0,0,0,0,2,0,0,96.0,0.745466,7.028441,5.601975,165.320846,0.993129,0.756157
8332,746,2,1,2,2,0,3,0,0,2,1,0,5,2,1,84.5,0.79698,7.321171,5.606962,134.99491,0.594074,0.673881
7823,1101,1,1,9,3,12,1,2,6,0,8,3,24,6,11,23.5,0.14329,1.150454,3.715841,1.688082,0.090187,0.161441
5798,808,4,3,7,2,5,1,1,2,0,1,1,14,2,2,65.0,0.74148,4.311832,5.353994,14.710139,0.699091,0.511853
16500,1337,2,5,10,2,3,1,2,2,1,6,4,16,3,10,47.0,0.635084,4.363636,5.483902,169.016725,0.860573,0.457225
9642,632,0,2,3,1,6,0,1,2,1,1,0,10,3,1,72.5,0.844772,7.882182,6.517855,42.711904,0.588942,0.70878
3219,526,1,1,5,0,4,0,1,0,0,4,2,10,0,6,71.0,0.622698,4.659832,4.821641,9.650447,0.205412,0.495161
5734,507,2,0,5,1,3,1,0,0,0,0,0,9,0,0,82.0,0.533703,4.011161,4.33127,9.542481,0.048215,0.415176
4688,567,1,0,3,1,2,0,2,1,0,3,1,7,1,4,78.0,0.410593,2.559727,4.41558,6.298987,0.183749,0.329707
9412,787,2,1,6,0,6,0,4,3,2,2,1,16,5,3,53.5,0.464182,5.20612,4.336408,19.953894,0.819007,0.481778
9633,637,2,0,4,0,1,0,1,0,0,0,1,6,0,1,86.5,1.0,6.332399,6.113834,106.783607,0.983499,0.735656
8137,508,0,0,3,0,2,0,1,0,0,3,0,6,0,3,83.5,0.730379,9.340052,6.029432,259.446644,0.763151,0.741955
7777,933,1,0,4,0,1,0,3,0,1,5,2,8,1,7,71.5,0.53296,2.70027,3.832068,13.036202,0.268713,0.402395
17103,1452,3,0,11,1,10,0,6,0,0,0,0,27,0,0,46.0,0.9216,7.776413,6.259667,128.057139,0.501595,0.65731
10257,1222,8,1,15,2,11,0,3,1,1,9,1,29,2,10,23.0,0.824889,7.604563,6.374895,354.855549,0.959899,0.691617
4447,632,1,0,4,0,8,0,2,0,1,1,0,14,1,1,68.5,0.577627,5.396897,5.591798,13.919702,0.366809,0.515301
9007,562,1,0,4,1,2,0,0,0,0,4,0,6,0,4,82.0,0.887445,7.105585,6.467555,96.65014,0.840337,0.742915
2800,436,0,0,5,0,1,0,2,0,0,0,0,8,0,0,84.0,0.752798,8.214286,5.039693,24.35494,0.736047,0.705206
3726,345,1,1,3,0,3,0,0,0,1,2,3,6,1,5,78.5,0.231678,4.294149,4.038448,3.687094,0.199,0.35877
3708,517,3,0,7,1,10,3,1,1,0,1,0,21,1,1,54.5,0.916565,7.820928,5.793508,23.005566,0.809313,0.686066
6025,699,3,0,1,1,5,1,0,0,1,2,2,7,1,4,78.0,0.676433,4.813278,4.880628,13.015164,0.289573,0.532022
7584,692,1,2,7,1,3,0,2,2,1,2,1,12,3,3,65.5,0.154605,1.318565,3.448114,0.033877,0.098631,0.105943
4500,393,0,0,0,0,0,1,0,0,0,0,0,1,0,0,98.0,0.975861,6.666667,5.945288,38.35316,0.398174,0.744936
9018,1126,2,1,11,1,3,1,0,0,0,5,1,15,0,6,61.0,0.381298,2.772233,4.153379,14.806146,0.458709,0.400038
2200,300,0,2,2,1,1,0,3,0,0,0,0,6,0,0,88.0,0.335771,1.818182,2.011792,0.022119,0.100755,0.24253
2800,443,4,0,11,0,8,0,1,1,0,2,0,20,1,2,55.0,0.648644,8.214286,6.38217,91.612335,0.952431,0.679174
10400,702,1,2,4,1,1,0,1,1,1,3,1,6,2,4,78.0,0.483882,4.711538,4.190529,42.641448,0.899313,0.567264
11526,1073,3,6,11,1,10,1,2,1,2,6,1,24,3,7,35.5,0.339603,1.908728,4.742021,6.712269,0.985262,0.436967
11652,926,2,1,5,0,2,2,2,0,1,2,1,11,1,3,71.5,0.760406,7.981462,5.741898,83.704928,0.738852,0.661035
2460,313,3,1,4,0,2,0,2,2,0,1,0,8,2,1,78.5,0.116027,2.845528,4.289194,0.019462,0.676248,0.252794
2981,477,3,1,7,1,4,0,1,1,0,3,0,12,1,3,69.5,0.189641,1.341832,4.61987,0.90446,0.539205,0.248508
17392,1378,3,1,7,2,1,1,0,2,1,3,1,9,3,4,70.0,0.943359,6.842226,6.153906,241.932262,0.702475,0.764099
18000,1457,0,0,5,1,3,1,2,0,1,3,0,11,1,3,71.5,0.994926,9.0,6.742565,253.027757,0.552239,0.795303
8287,1153,1,3,9,3,6,2,4,0,1,5,1,21,1,6,47.0,0.682221,4.223483,4.413737,17.293753,0.372152,0.473447
11480,1598,0,0,5,2,3,2,3,1,2,4,1,13,3,5,60.5,0.364813,4.268293,4.750427,21.33229,0.339646,0.416808
5121,485,1,0,0,1,1,0,0,1,2,0,0,1,3,0,92.0,1.0,6.24878,6.456953,135.01113,0.552122,0.778321
8377,1055,0,3,6,3,5,1,4,1,0,2,1,16,1,3,61.5,0.175007,3.46186,3.480392,12.923321,0.429354,0.349576
9710,803,2,0,2,3,3,1,1,0,0,2,0,7,0,2,83.0,0.592559,4.119464,4.434875,22.684376,0.019218,0.515395
5688,774,0,2,8,0,8,0,5,0,0,1,0,21,0,1,56.5,0.09207,2.285513,3.894648,3.406872,0.608395,0.286119
10560,1235,3,0,8,1,9,0,3,2,1,4,0,20,3,4,48.0,0.522068,4.545455,4.483236,32.163888,0.373061,0.409572
7640,741,4,1,17,4,10,4,4,4,0,6,2,35,4,8,10.0,0.90312,9.554974,5.793271,275.145283,0.610373,0.702943
3158,432,0,1,8,1,1,0,0,1,1,2,0,9,2,2,75.0,0.550566,3.483217,5.167048,12.606238,0.524068,0.516106
11157,1074,1,1,8,3,3,0,1,0,1,2,0,12,1,2,71.0,0.497738,3.405933,4.759914,17.421736,0.397953,0.462185
4685,361,0,0,6,0,3,0,0,0,0,1,0,9,0,1,80.5,0.356866,3.415155,4.95638,4.209282,0.931741,0.406943
16500,2026,4,3,14,2,11,2,4,2,2,3,1,31,4,4,24.0,0.832811,6.30303,4.917166,57.829892,0.377626,0.543494
5077,725,1,0,6,1,5,1,5,3,0,2,1,17,3,3,55.5,0.496835,4.136301,4.114443,19.510384,0.704975,0.445782
12016,982,2,1,10,0,4,0,1,4,1,5,0,15,5,5,52.5,0.629589,4.993342,3.738443,20.908872,0.587549,0.454783
2826,336,1,0,3,3,0,0,1,0,0,0,1,4,0,1,90.5,0.166788,2.123142,2.46133,0.773004,0.671727,0.354277
5575,404,1,0,3,0,1,1,1,0,0,0,0,6,0,0,88.0,0.871512,8.071749,5.046345,78.410786,0.781641,0.786836
7795,1341,1,2,12,4,6,0,2,2,2,2,1,20,4,3,47.5,0.22959,2.694035,3.064372,10.237967,0.641224,0.396299
1903,313,1,0,3,0,4,0,3,0,0,2,0,10,0,2,77.0,0.196882,3.678403,3.625753,1.059152,0.20745,0.270256
14498,1685,3,3,11,4,8,0,5,0,0,4,3,24,0,7,41.5,0.549564,6.138778,4.477163,56.464161,0.529422,0.518829
4051,466,2,0,6,1,9,0,1,3,1,6,0,16,4,6,51.0,0.045117,0.493705,4.519934,1.793169,0.571622,0.151039
3670,761,1,1,2,0,8,0,3,0,1,1,0,13,1,1,70.5,0.307832,5.722071,4.056183,9.992284,0.23304,0.31245
4766,544,0,1,2,2,2,0,2,0,0,2,0,6,0,2,85.0,0.797936,5.245489,5.377794,32.339764,0.464399,0.604885
8908,639,1,1,3,2,0,0,2,1,0,2,0,5,1,2,85.0,1.0,9.205209,6.732846,130.035941,0.682243,0.773115
13718,1214,3,1,16,3,6,3,3,1,1,2,1,28,2,3,35.5,0.491503,6.706517,5.273615,81.177459,0.979481,0.565107
3095,658,0,1,6,0,3,1,1,0,1,0,0,11,1,0,76.0,0.067564,1.938611,3.018149,5.350202,0.368206,0.225789
3322,461,1,1,2,1,3,2,0,0,1,3,0,7,1,3,79.5,0.308175,4.816376,4.453234,3.251115,0.551827,0.486451
14775,1823,3,0,9,1,9,2,6,0,2,0,1,26,2,1,42.5,0.426187,4.670051,4.303167,22.568793,0.167369,0.409052
14429,1029,0,1,9,0,4,0,2,2,1,3,2,15,3,5,56.5,0.939737,7.415621,6.017333,419.912213,0.937249,0.679593
10990,1179,3,3,13,2,8,2,2,1,1,4,1,25,2,5,38.5,0.100105,2.183803,3.337155,6.524718,0.251131,0.249762
6553,853,0,2,3,0,1,0,3,0,0,1,0,7,0,1,84.5,0.134666,2.746834,3.228023,12.025687,0.477995,0.373349
11275,1103,0,0,0,0,2,0,0,0,0,1,0,2,0,1,94.5,0.948151,6.385809,4.934086,42.274264,0.383327,0.712006
13852,1007,0,2,4,0,6,0,1,0,0,1,0,11,0,1,76.5,0.728996,7.363558,6.25123,180.844638,0.735217,0.72925
2600,392,1,3,0,0,2,0,0,0,0,1,0,2,0,1,94.5,0.777859,2.692308,5.439218,8.41774,0.325276,0.507177
10868,1077,4,2,4,1,8,0,2,0,2,3,0,14,2,3,63.5,0.78599,3.864556,4.872357,8.836352,0.151336,0.600185
5698,930,3,2,5,2,3,2,2,1,1,1,2,12,2,3,67.5,0.054771,2.281502,2.778635,0.649074,0.365716,0.203325
5266,785,0,2,1,0,2,1,1,0,0,4,0,5,0,4,84.0,0.345734,4.747436,4.823799,7.285022,0.593133,0.47145
13000,1938,3,2,10,2,13,3,1,1,4,7,0,27,5,7,25.5,0.15442,3.461538,3.415426,15.254031,0.645554,0.285803
18000,1237,0,1,3,5,4,0,2,0,0,3,1,9,0,4,76.0,0.560252,4.166667,5.546731,54.95522,0.835626,0.660325
3845,570,2,1,5,0,3,0,2,0,0,2,0,10,0,2,77.0,0.33383,3.641092,5.111121,4.453196,0.533406,0.381384
6805,480,2,1,6,2,1,0,0,0,1,1,2,7,1,3,79.5,0.863886,6.318883,5.839882,68.964149,0.735541,0.743329
3131,470,1,1,7,0,5,0,1,1,0,2,0,13,1,2,69.0,0.88118,7.984669,5.822766,86.360717,0.670506,0.654987
10488,1042,2,1,6,0,2,0,1,1,0,3,0,9,1,3,75.5,0.781602,5.625477,5.196348,120.314841,0.54001,0.518157
1500,330,2,1,2,0,1,0,0,1,1,1,0,3,2,1,88.5,0.115705,2.666667,2.537808,2.506754,0.591782,0.300219
5803,411,1,0,1,1,1,0,0,0,0,0,1,2,0,1,94.5,1.0,4.997415,6.637586,114.28239,0.809022,0.692759
7237,877,2,3,2,1,7,1,5,0,1,2,0,15,1,2,65.0,0.293604,2.901755,2.979051,10.573667,0.417311,0.362881
5282,330,1,0,2,0,1,0,0,0,0,0,0,3,0,0,94.0,0.999869,8.330178,6.169481,174.553672,0.674554,0.807101
3832,481,0,1,2,3,2,0,2,0,3,4,1,6,3,5,74.5,0.156302,2.609603,4.419226,4.475753,0.479584,0.304948
8400,1215,2,2,6,3,4,1,2,2,3,2,4,13,5,6,55.0,0.333927,4.404762,4.357013,6.31776,0.60403,0.404527
2800,474,1,0,5,0,4,0,2,1,0,2,0,11,1,2,73.0,0.673071,9.285714,5.934041,105.546371,0.829678,0.653502
8971,970,1,1,6,5,10,1,2,2,1,6,1,19,3,7,45.5,0.019412,1.783525,3.009387,2.507872,0.442433,0.18183
4392,353,1,0,3,2,1,1,1,2,2,3,0,6,4,3,75.5,0.441912,5.009107,4.995605,7.878247,0.951614,0.480969
1500,300,0,0,4,0,3,0,0,0,0,1,1,7,0,2,83.0,0.138285,2.0,2.172878,0.000159,0.383249,0.202625
2763,383,1,1,7,2,1,1,3,0,1,3,1,12,1,4,68.0,0.242863,1.085776,3.58999,0.800309,0.636966,0.258066
8777,624,1,0,5,1,1,1,3,0,0,3,0,10,0,3,75.5,0.671096,4.443432,5.790772,144.657803,0.985723,0.568987
10328,645,1,2,3,0,2,0,1,0,0,4,0,6,0,4,82.0,0.939908,8.810999,7.014592,128.876705,0.963017,0.840683
5560,634,1,1,8,1,3,1,1,2,0,3,0,13,2,3,65.5,0.367387,3.776978,3.762792,0.240445,0.093594,0.267439
2800,409,1,0,3,1,3,0,0,0,1,1,0,6,1,1,84.5,0.968028,6.428571,6.566121,83.1776,0.537495,0.729335
3258,554,0,0,6,0,2,0,1,2,0,1,1,9,2,2,75.0,0.113846,0.613874,2.126663,0.001233,0.656292,0.27244
4362,346,1,2,2,0,2,2,4,1,1,2,0,10,2,2,73.0,0.678664,2.751032,4.589832,2.872563,0.089683,0.414094
9969,623,0,0,3,1,2,0,0,0,0,1,1,5,0,2,87.0,1.0,6.821146,7.552413,238.602065,0.914085,0.753365
4767,770,1,1,5,0,6,0,2,1,2,0,0,13,3,0,68.0,0.095793,2.517306,2.234934,2.8057,0.63961,0.294343
16550,1065,3,2,10,0,6,1,2,2,1,1,1,19,3,2,53.0,0.943921,7.613293,7.104566,227.20076,0.967387,0.769828
5571,609,3,2,11,3,9,0,3,0,2,4,1,23,2,5,42.5,0.981629,8.436546,5.97847,210.150381,0.795589,0.771701
4882,424,1,0,6,0,3,0,2,0,0,3,3,11,0,6,69.0,0.368313,4.711184,3.690887,8.504802,0.956928,0.48252
6726,500,2,0,3,0,5,1,3,0,0,5,1,12,0,6,67.0,0.441354,5.05501,4.498669,27.365529,0.976101,0.494449
3200,300,1,2,4,0,1,1,0,0,0,1,0,6,0,1,86.5,0.435703,3.75,4.347004,3.610192,0.895145,0.416588
3989,613,2,2,2,1,3,1,4,0,1,7,1,10,1,8,66.0,0.078895,1.504136,3.111086,0.697079,0.214534,0.217644
9449,1309,4,2,10,0,10,1,3,3,2,3,0,24,5,3,37.5,0.478635,3.809927,3.373461,9.502835,0.434451,0.4224
2600,300,1,1,5,2,0,0,0,0,0,1,0,5,0,1,88.5,0.393943,6.538462,5.741723,11.057468,0.714338,0.447258
4946,839,4,1,6,1,5,0,2,1,0,2,2,13,1,4,66.0,0.250762,4.043672,3.434432,4.443087,0.412166,0.360929
2600,300,0,0,7,1,3,0,2,0,0,1,1,12,0,2,73.0,0.487553,6.153846,5.509527,18.951906,0.952275,0.57702
10806,1731,1,3,6,1,7,2,2,2,2,4,1,17,4,5,50.5,0.135979,2.683694,2.656532,3.841186,0.284107,0.163023
4500,300,1,0,2,1,0,0,0,0,0,0,1,2,0,1,94.5,0.977714,10.888889,6.435122,60.957903,0.767194,0.779528
4409,433,1,2,2,0,4,0,1,0,0,1,0,7,0,1,84.5,0.168042,0.907235,2.348977,0.768474,0.0399,0.198872
10938,1381,3,2,14,1,6,0,1,3,1,2,1,21,4,3,45.5,0.715264,5.485464,4.840418,23.220481,0.34856,0.593501
6322,443,1,0,5,0,1,0,1,0,0,3,0,7,0,3,81.5,0.754787,4.587156,6.291383,40.187088,0.775008,0.665573
11859,1529,2,0,8,1,4,1,2,3,1,5,3,15,4,8,50.0,0.542983,6.239987,4.878162,15.212458,0.391593,0.448577
6224,677,1,2,7,1,4,1,2,0,0,2,0,14,0,2,69.0,0.105285,1.767352,3.15285,3.461684,0.645391,0.316255
5924,553,1,0,4,0,4,0,1,1,0,3,0,9,1,3,75.5,0.632628,4.557731,5.247721,52.686655,0.738136,0.525354
3913,392,0,2,3,0,3,0,0,0,0,0,0,6,0,0,88.0,0.029968,3.322259,2.768838,0.913686,0.568197,0.231381
10066,1100,4,4,12,0,9,0,2,0,2,8,1,23,2,9,36.5,0.610421,5.066561,4.051822,13.776594,0.118117,0.509914
6305,672,1,1,4,0,4,2,1,0,1,5,0,11,1,5,68.5,0.781964,3.965107,5.808569,60.277327,0.37433,0.616468
18000,1301,1,3,6,4,5,1,0,0,3,1,0,12,3,1,68.5,0.916803,5.277778,7.114969,155.081068,0.958634,0.754978
4773,710,2,0,8,0,5,1,1,1,0,3,1,15,1,4,62.0,0.655263,4.818772,4.404675,6.641429,0.063325,0.429606
7620,1254,2,3,8,2,11,0,1,1,1,2,1,20,2,3,51.5,0.309946,3.412073,3.934946,10.327153,0.653936,0.35483
7244,735,0,0,3,0,8,0,1,1,0,2,0,12,1,2,71.0,0.876091,7.868581,5.293968,33.202969,0.295913,0.662864
4415,383,2,1,3,1,3,1,2,0,0,5,1,9,0,6,73.0,0.37074,4.07701,4.344247,8.231046,0.569391,0.377437
12597,1279,1,3,3,0,4,1,0,0,0,1,0,8,0,1,82.5,0.875345,6.747638,5.681024,49.714204,0.528117,0.660353
16302,1395,1,0,4,0,4,1,1,2,1,2,0,10,3,2,71.0,0.987022,9.63072,5.805696,619.376753,0.660035,0.876491
13255,1643,3,1,9,6,10,1,3,1,0,4,0,23,1,4,46.0,0.441205,2.942286,4.379339,10.023129,0.608348,0.43078
17736,1178,3,2,6,3,11,3,2,0,0,0,0,22,0,0,56.0,0.961264,9.133965,4.884633,175.040543,0.823057,0.719538
6143,916,0,1,9,1,3,0,3,1,1,3,0,15,2,3,61.5,0.147289,2.279017,4.444117,3.302053,0.432618,0.255687
9274,1001,4,1,10,0,5,0,3,2,0,2,0,18,2,2,57.0,0.068873,2.264395,2.667806,8.794452,0.529386,0.311597
9487,1027,1,3,7,1,2,0,2,1,1,0,1,11,2,1,72.5,0.606903,4.427111,4.313683,27.951875,0.328361,0.528328
11679,729,1,0,2,0,0,0,1,0,2,1,0,3,2,1,88.5,0.888655,4.966179,5.865054,41.155975,0.58822,0.786566
8387,566,0,0,5,0,4,0,2,2,0,0,0,11,2,0,74.0,0.811786,7.511625,6.02253,39.498331,0.763548,0.749125
7958,936,4,1,8,2,2,2,3,3,2,6,2,15,5,8,48.0,0.146442,1.884896,3.873162,8.615421,0.488374,0.288745
6878,1273,4,2,12,1,20,0,1,3,1,7,0,33,4,7,15.5,0.98667,8.141902,6.500845,96.154955,0.359247,0.741393
7373,460,0,1,4,0,2,1,0,0,0,1,0,7,0,1,84.5,0.702216,7.73091,6.002218,57.2697,0.932955,0.674581
8853,743,0,1,5,1,2,0,2,1,0,2,0,9,1,2,77.0,0.175146,4.066418,3.618482,7.954907,0.832192,0.441277
2600,300,0,1,5,1,2,0,0,0,1,1,1,7,1,2,81.0,0.426266,5.384615,4.168459,4.854476,0.934593,0.521975
10207,880,1,4,11,4,3,3,5,2,0,4,1,22,2,5,44.5,0.498193,2.841187,4.904934,23.858795,0.980984,0.438545
9343,1382,3,0,10,1,6,1,2,2,0,2,1,19,2,3,53.5,0.451085,4.174248,4.549539,13.993173,0.315168,0.456891
5807,591,2,1,7,4,6,0,0,0,0,5,3,13,0,8,62.0,0.336251,3.788531,3.098386,4.274128,0.158293,0.400026
8001,993,1,0,5,1,4,0,0,0,1,3,0,9,1,3,75.5,0.600872,5.124359,4.930752,42.779813,0.448481,0.430074
2661,383,2,0,2,0,2,0,1,0,0,0,0,5,0,0,90.0,0.150815,4.885381,3.299571,1.818617,0.435349,0.320144
4500,316,1,1,3,0,0,0,2,1,0,0,0,5,1,0,88.0,1.0,4.888889,6.149289,3.502933,0.57363,0.680477
12721,1253,5,2,12,4,7,2,4,1,1,5,2,25,2,7,35.5,0.463138,4.638,4.936033,56.417268,0.902654,0.478018
4087,447,0,0,2,0,2,0,0,0,0,2,0,4,0,2,89.0,0.540335,3.425495,4.90614,13.79519,0.333281,0.44553
2800,333,1,0,8,0,5,1,1,0,0,1,1,15,0,2,67.0,0.997161,12.142857,5.659927,19.098412,0.733982,0.841711
9355,610,1,0,2,0,3,1,0,0,0,1,1,6,0,2,85.0,0.888486,8.551577,5.476001,285.850134,0.886509,0.758186
5740,506,0,0,4,1,2,0,1,0,0,0,1,7,0,1,84.5,0.642159,6.097561,5.366652,28.005809,0.876814,0.641522
4710,320,2,0,4,1,3,0,0,1,0,1,0,7,1,1,82.5,0.876273,8.067941,6.155228,175.025475,0.777149,0.839738
6304,403,0,0,5,0,0,0,1,0,0,2,0,6,0,2,85.0,1.0,7.614213,6.285182,47.065669,0.691929,0.793582
7306,1073,5,0,9,1,6,1,4,0,2,2,0,20,2,2,53.0,0.061711,2.463728,3.718854,8.323022,0.493563,0.272538
3878,300,0,0,2,0,0,0,0,0,0,1,3,2,0,4,90.0,0.192589,3.352243,3.842321,8.46268,0.975387,0.403367
4704,314,1,1,3,0,2,0,1,0,0,2,0,6,0,2,85.0,0.883319,6.590136,6.984334,113.104324,0.865056,0.700969
6185,1146,1,0,4,3,6,1,5,3,1,2,1,16,4,3,55.5,0.179407,3.071948,4.061314,4.364139,0.265351,0.227941
10210,638,1,0,3,0,3,1,0,1,0,4,1,7,1,5,76.5,0.891309,7.345739,6.873154,175.736872,0.89922,0.743477
8944,1337,3,2,6,0,1,2,1,0,1,5,2,10,1,7,67.5,0.128229,1.453488,3.691402,0.270722,0.506523,0.280978
4500,300,0,0,0,0,2,0,0,0,0,0,0,2,0,0,96.0,0.969719,6.222222,6.828422,132.489992,0.987479,0.764197
6368,795,1,2,6,1,4,2,2,2,5,1,0,14,7,1,56.5,0.67059,6.124372,5.086219,15.936501,0.221644,0.480195
9256,623,0,1,3,0,2,0,1,0,0,0,2,6,0,2,85.0,0.832733,5.401901,6.243636,168.378322,0.86708,0.702187
14000,1766,5,2,30,0,18,1,4,1,1,7,3,53,2,10,0.0,0.84766,9.071429,5.923349,180.715544,0.899846,0.671121
18000,1206,0,1,5,0,3,2,2,4,1,1,0,12,5,1,64.5,1.0,7.444444,6.745255,179.746834,0.495124,0.795857
8671,774,4,3,11,0,8,1,0,1,2,4,2,20,3,6,45.0,0.125737,3.459809,2.612384,7.483358,0.162546,0.220943
7915,599,1,2,3,1,3,0,2,1,1,0,0,8,2,0,80.0,0.822861,8.717625,6.217597,124.655675,0.754717,0.697607
7652,714,0,2,7,1,6,1,4,2,0,1,0,18,2,1,58.5,0.252445,3.528489,4.027792,10.099179,0.827063,0.251727
6840,730,3,0,6,2,4,2,2,2,1,5,3,14,3,8,54.0,0.249843,0.730994,2.683736,0.351176,0.081753,0.169477
2600,300,1,1,3,0,4,0,0,0,0,1,1,7,0,2,83.0,0.441663,5.769231,5.491736,6.109526,0.932567,0.466597
7509,590,3,1,6,0,3,0,2,1,1,3,2,11,2,5,66.5,0.256809,2.796644,4.026572,13.783222,0.879993,0.41246
12300,768,3,1,5,0,6,1,3,0,1,2,0,15,1,2,65.0,0.975259,8.861789,6.598391,449.038336,0.908482,0.825059
2800,479,2,0,8,2,6,0,1,0,1,0,1,15,1,1,66.5,0.915862,6.785714,4.183117,53.793548,0.556586,0.661109
2800,362,2,2,3,1,0,0,1,0,1,4,0,4,1,4,84.0,0.836885,10.0,6.127292,57.093463,0.951676,0.753575
4746,602,1,0,6,2,6,1,0,1,1,4,0,13,2,4,64.0,0.881453,9.481669,6.266276,58.446493,0.622523,0.714683
11845,1511,4,2,12,2,7,1,3,0,0,2,0,23,0,2,51.0,0.460676,4.896581,4.416085,18.842174,0.393007,0.442082
7331,487,3,0,4,1,0,0,0,0,0,1,0,4,0,1,90.5,0.952933,9.412086,6.021495,280.151917,0.998586,0.807773
12444,990,3,3,6,0,1,1,1,1,1,4,2,9,2,6,69.0,0.825164,6.830601,5.737165,44.874962,0.502066,0.689382
11554,1116,0,0,8,2,5,0,3,1,1,2,0,16,2,2,61.0,0.491231,4.760256,4.536032,25.346526,0.398664,0.499144
7998,1294,3,1,4,3,3,0,1,3,2,5,3,8,5,8,62.0,0.1446,2.0005,2.932819,0.715327,0.400151,0.187092
4797,602,0,0,3,5,3,0,2,1,3,1,0,8,4,1,74.5,0.02509,1.459245,2.36242,0.010481,0.368206,0.18449
6170,695,3,0,5,0,1,0,1,0,0,0,2,7,0,2,83.0,0.549623,5.024311,5.095959,4.880864,0.626378,0.516008
9342,1140,2,0,7,1,5,0,1,1,1,3,0,13,2,3,65.5,0.164175,2.569043,3.427193,6.864973,0.432316,0.310827
4730,573,0,1,4,1,3,1,0,1,0,2,1,8,1,3,77.5,0.738389,7.188161,4.082056,12.782913,0.390736,0.60223
6767,780,0,0,4,2,3,0,2,1,1,0,0,9,2,0,78.0,0.631302,3.842175,4.754507,38.383388,0.41704,0.502256
4316,639,3,2,2,0,3,1,0,0,2,0,0,6,2,0,84.0,0.147204,1.390176,2.880475,0.579797,0.288501,0.249954
6320,657,1,0,3,0,0,2,0,1,0,3,1,5,1,4,82.0,0.011722,3.164557,2.40335,1.172087,0.441163,0.33364
11915,1054,2,1,4,5,4,2,1,1,0,3,0,11,1,3,71.5,0.376884,5.707092,3.901104,12.374225,0.965445,0.451506
12509,1913,2,2,11,2,9,2,2,2,2,5,1,24,4,6,35.0,0.587218,4.796546,4.754333,38.666754,0.555777,0.427781
3575,515,1,1,7,2,4,0,0,1,1,5,0,11,2,5,66.5,0.111616,1.118881,4.019412,0.359857,0.386275,0.281821
7290,823,4,2,9,1,4,1,1,2,1,5,2,15,3,7,53.5,0.381126,5.21262,5.131358,33.992858,0.969367,0.584311
10896,1838,3,3,8,1,7,6,3,1,2,7,3,24,3,10,31.0,0.929994,7.066814,4.591753,67.517644,0.388689,0.609591
5023,745,2,2,8,0,8,1,2,1,4,1,1,19,5,2,49.0,0.271535,3.185347,3.614694,14.061034,0.649152,0.369274
16500,2186,2,3,15,5,11,1,2,3,2,4,5,29,5,9,18.5,0.805874,4.0,6.012648,33.58735,0.210017,0.565959
9487,622,2,2,1,1,1,0,2,1,0,0,0,4,1,0,90.0,0.909393,7.483925,6.83465,146.322479,0.833875,0.805427
5501,859,3,2,13,3,9,1,2,1,1,8,1,25,2,9,32.5,0.873239,9.271042,6.702339,269.271581,0.883028,0.711494
6294,947,0,1,7,3,1,1,2,1,0,5,0,11,1,5,68.5,0.465594,4.766444,3.249223,9.928284,0.40494,0.458711
4765,306,2,2,3,0,2,1,0,0,0,0,1,6,0,1,86.5,0.916306,10.493179,6.584866,105.167403,0.754586,0.837767
9545,763,0,1,5,2,9,0,0,0,0,1,0,14,0,1,70.5,0.404461,5.657412,5.332832,16.820643,0.919274,0.620374
8286,662,0,2,2,1,2,0,0,0,2,1,0,4,2,1,86.5,0.847439,6.517017,5.797566,45.001727,0.442511,0.651467
7122,802,1,3,8,0,3,0,4,2,1,4,1,15,3,5,56.5,0.641159,4.2123,4.110806,15.65048,0.366815,0.488035
4500,308,1,2,3,1,1,0,1,0,0,3,0,5,0,3,85.5,0.528369,5.777778,4.259589,38.436661,0.938277,0.683407
9080,722,2,0,8,3,12,3,2,1,3,3,1,25,4,4,36.0,0.646407,8.700441,6.097385,48.780001,0.958583,0.562628
4500,362,0,0,4,0,2,0,0,0,0,1,0,6,0,1,86.5,0.921379,9.333333,4.765245,46.634841,0.597986,0.793293
7586,627,4,0,3,0,2,0,1,0,0,4,1,6,0,5,80.5,0.350179,4.877406,4.925488,17.78872,0.881852,0.543586
14000,1987,8,0,23,8,20,2,8,1,3,7,4,53,4,11,0.0,0.923209,7.5,5.890857,113.696106,0.933235,0.650142
3697,550,1,2,8,1,3,0,4,0,1,2,1,15,1,3,63.5,0.741429,4.598323,4.139438,8.256504,0.283001,0.433274
2382,484,3,0,4,1,0,0,0,1,0,2,0,4,1,2,87.0,0.175025,2.518892,2.985412,0.977118,0.457843,0.224383
6854,505,0,0,0,3,1,0,0,1,1,2,0,1,2,2,91.0,0.533987,5.690108,3.853808,22.134836,0.789775,0.486298
13619,1174,4,1,4,1,4,0,2,1,1,2,0,10,2,2,73.0,0.774202,5.507012,4.929756,37.714948,0.261527,0.577947
7664,990,0,0,8,1,2,0,2,1,1,4,0,12,2,4,66.0,0.155866,2.348643,3.132328,5.281117,0.261716,0.23065
15547,1428,1,8,1,3,1,0,1,2,0,0,0,3,2,0,90.0,0.829124,6.110504,6.239341,109.192455,0.612564,0.686736
10311,800,1,2,7,2,2,0,3,1,1,4,0,12,2,4,66.0,0.593354,4.461255,5.238049,36.395871,0.678327,0.604634
11042,690,3,0,3,3,7,1,2,1,1,3,2,13,2,5,62.5,0.851944,5.614925,6.488765,94.108786,0.88772,0.750275
6064,542,4,3,2,2,2,1,1,1,3,3,1,6,4,4,74.0,0.148703,3.133245,3.128882,3.054476,0.803674,0.296617
3996,550,2,0,4,1,4,1,2,1,0,4,0,11,1,4,70.0,0.0,0.750751,2.647151,0.017097,0.188794,0.180925
7017,467,1,1,1,0,3,1,1,0,0,0,0,6,0,0,88.0,0.869308,4.417842,5.915736,57.274637,0.872126,0.698203
10612,744,0,1,6,1,2,1,1,0,0,2,0,10,0,2,77.0,0.617279,4.711647,5.917416,54.89865,0.713955,0.708177
13029,814,1,0,4,1,3,0,1,0,1,6,0,8,1,6,73.0,0.903743,7.675186,6.092625,129.944488,0.770704,0.761328
6355,867,3,2,14,1,9,5,2,0,1,5,1,30,1,6,29.0,0.905742,8.025177,5.530417,211.501256,0.925686,0.667467
4500,323,0,3,1,0,0,0,0,0,0,0,0,1,0,0,98.0,0.662056,7.555556,5.325324,127.767866,0.909021,0.721094
9502,663,1,0,2,0,0,0,1,1,0,2,0,3,1,2,89.0,0.691298,5.367291,5.511809,68.687237,0.751257,0.650724
12488,2086,2,1,9,2,9,4,4,2,1,2,3,26,3,5,34.5,0.437185,4.083921,3.577446,11.879594,0.495791,0.411366
1500,300,0,1,3,1,0,0,0,0,2,1,0,3,2,1,88.5,0.249846,3.333333,2.945279,0.153629,0.663244,0.331353
2332,402,1,1,5,1,1,1,2,0,0,4,0,9,0,4,76.0,0.112561,2.144082,2.959647,1.815843,0.220694,0.149165
11005,1176,2,5,9,3,11,2,2,3,2,7,2,24,5,9,28.5,0.635,5.633803,4.375233,17.8416,0.296591,0.447592
5256,502,0,0,7,1,5,0,2,0,0,2,1,14,0,3,67.5,0.717124,5.898021,5.281697,34.681498,0.249834,0.586169
6337,849,1,1,4,1,4,1,1,0,0,0,0,10,0,0,80.0,0.374526,3.945084,4.281158,17.097853,0.490435,0.518418
2741,438,1,0,4,1,3,1,3,0,0,3,0,11,0,3,73.5,0.0,2.553812,1.663834,0.327673,0.490099,0.238736
2600,368,0,1,5,0,0,1,2,0,0,2,1,8,0,3,79.5,0.328922,6.538462,2.909581,3.404915,0.533747,0.470838
13457,2198,7,2,12,1,18,3,1,2,1,10,4,34,3,14,5.0,0.634219,5.79624,5.087738,35.472268,0.636493,0.453319
18000,1256,2,3,7,2,5,2,1,0,1,3,3,15,1,6,59.0,0.803345,6.722222,5.412722,124.600935,0.993489,0.73766
13862,1199,5,2,16,4,8,1,0,1,0,3,1,25,1,4,42.0,0.505372,4.833357,5.155494,48.654501,0.956414,0.541947
4596,765,0,0,6,2,10,1,2,1,0,4,0,19,1,4,54.0,0.86886,9.573542,5.970492,91.747288,0.63482,0.689809
18000,1134,3,1,4,0,5,0,1,0,2,4,0,10,2,4,70.0,0.954821,7.944444,5.369227,494.31182,0.603055,0.77776
15448,1765,2,1,8,0,8,1,1,6,1,8,2,18,7,10,35.0,0.669334,3.948731,5.074582,41.60526,0.432325,0.424029
1500,300,2,0,1,0,3,0,1,1,0,0,0,5,1,0,88.0,0.350087,1.333333,5.565068,0.238842,0.280401,0.358705
15000,1655,5,2,13,4,6,1,8,0,1,11,3,28,1,14,21.0,0.595441,5.133333,5.205497,48.25498,0.681177,0.492505
2800,471,1,2,5,1,6,1,0,0,0,2,0,12,0,2,73.0,0.882857,7.142857,5.041536,68.468201,0.801552,0.702953
14044,1083,1,1,5,3,1,0,2,0,1,1,0,8,1,1,80.5,0.762174,7.049274,6.16692,65.773533,0.74072,0.681929
10709,1487,2,2,6,1,2,1,1,2,0,4,0,10,2,4,70.0,0.44998,5.509385,4.28469,11.386526,0.528065,0.529179
5600,739,2,1,5,4,2,1,0,0,2,1,1,8,2,2,77.0,0.556314,3.214286,3.559229,16.135491,0.561215,0.453322
16500,1931,4,4,18,1,7,1,3,0,1,6,0,29,1,6,31.0,0.605257,2.969697,3.673869,13.607617,0.312898,0.416387
6843,738,1,0,4,0,2,0,2,0,0,3,0,8,0,3,79.5,0.46058,2.922695,5.487488,6.325323,0.59329,0.409932
2800,340,2,3,3,0,1,1,0,1,1,7,0,5,2,7,75.5,0.749833,10.357143,5.76037,120.79535,0.86205,0.78545
13113,1583,0,0,8,1,3,2,1,0,1,4,1,14,1,5,62.5,0.780622,4.270571,5.445775,37.673994,0.538439,0.581616
7224,875,0,2,12,1,3,0,4,1,1,1,1,19,2,2,55.0,0.320927,2.353267,2.835513,1.627029,0.010896,0.246314
5996,566,0,0,2,0,1,1,2,0,1,1,0,6,1,1,84.5,0.81415,8.005337,4.64264,41.485946,0.297733,0.638246
2765,350,2,2,4,0,4,0,1,2,0,2,1,9,2,3,73.5,0.149751,2.531646,2.639291,3.378581,0.145908,0.237882
8223,961,2,2,7,1,1,0,2,1,3,1,0,10,4,1,70.5,0.754132,7.418217,5.662186,80.413895,0.624747,0.634284
4500,300,0,0,3,1,1,0,0,1,0,1,0,4,1,1,88.5,0.892235,8.222222,7.320358,141.587323,0.885425,0.763308
15911,1694,4,2,9,2,4,0,3,1,3,10,2,16,4,12,42.0,0.732052,6.410659,5.90132,76.639762,0.652356,0.583251
10069,1289,0,2,12,3,3,0,2,2,1,3,1,17,3,4,54.0,0.438194,3.873274,4.816847,6.961557,0.630502,0.45451
5213,536,0,4,1,1,2,2,2,1,0,2,0,7,1,2,81.0,0.291602,4.412047,4.024396,10.698479,0.325233,0.434002
6294,913,1,2,11,1,8,1,1,3,0,7,3,21,3,10,37.0,0.223958,1.906578,3.713813,4.773065,0.660402,0.319882
6783,881,5,1,9,1,1,3,0,1,1,4,0,13,2,4,64.0,0.14319,1.916556,2.405163,1.414136,0.15788,0.261217
10387,772,1,1,5,3,4,1,1,0,0,6,0,11,0,6,69.0,0.72517,6.835467,5.494418,31.063248,0.98734,0.635523
5757,363,0,0,1,1,0,0,2,0,0,1,0,3,0,1,92.5,1.0,8.858781,7.33735,190.461483,0.725943,0.781583
8141,1037,2,0,3,0,2,0,0,1,0,2,0,5,1,2,85.0,0.952564,7.247267,5.951463,51.718623,0.337144,0.744333
2200,300,0,0,4,0,1,0,0,1,1,2,0,5,2,2,83.0,0.096207,4.090909,4.281147,1.149376,0.144927,0.362096
18000,1565,1,0,7,2,4,1,3,0,0,2,2,15,0,4,64.0,1.0,7.722222,6.78718,66.843445,0.500619,0.707174
2800,425,2,2,3,0,5,0,1,1,2,1,0,9,3,1,74.5,0.854816,4.642857,5.469337,48.240273,0.829395,0.707461
7257,884,1,1,3,1,7,0,1,0,0,2,1,11,0,3,73.5,0.647444,5.925313,4.638244,13.566449,0.422894,0.488282
14263,1394,0,2,11,3,3,1,4,1,1,1,1,19,2,2,55.0,0.65724,4.066466,5.106316,39.565077,0.661421,0.519486
16500,1972,2,1,10,1,6,1,1,1,1,4,1,18,2,5,52.5,0.644171,3.575758,4.614464,27.207288,0.384969,0.461491
6259,433,1,3,6,1,2,0,0,0,0,2,0,8,0,2,81.0,0.984938,9.426426,6.217523,236.4965,0.786853,0.862636
8910,571,3,2,5,0,5,2,1,0,1,0,1,13,1,1,70.5,0.810815,7.631874,5.724203,58.299439,0.887862,0.66001
8758,1078,2,1,7,2,2,1,3,0,1,6,0,13,1,6,63.0,0.383869,4.795615,5.139854,12.884743,0.352281,0.420145
3352,437,3,1,3,2,2,0,2,2,1,0,0,7,3,0,80.0,0.12644,3.579952,3.540217,0.967313,0.091493,0.219759
3105,404,0,0,1,1,3,1,1,0,3,1,1,6,3,2,79.0,0.121145,3.542673,4.257911,0.492372,0.827268,0.380757
5752,647,1,2,7,0,4,0,2,1,0,1,0,13,1,1,70.5,0.091498,1.912378,3.490058,1.750248,0.387569,0.231087
6002,1122,6,1,7,1,12,2,2,1,0,1,0,23,1,1,50.5,0.06319,2.832389,3.192687,5.345411,0.235774,0.256657
2600,305,2,0,3,0,1,0,1,1,0,1,0,5,1,1,86.5,0.408742,5.769231,3.66061,9.19288,0.183908,0.461443
5616,486,3,1,1,0,2,0,2,0,0,1,0,5,0,1,88.5,0.565967,4.807692,4.860907,1.312549,0.289064,0.504348
3753,403,0,0,9,1,2,0,2,1,1,4,0,13,2,4,64.0,0.096715,1.598721,2.831158,8.577981,0.704817,0.288998
2600,300,0,1,2,0,3,0,0,0,0,3,0,5,0,3,85.5,0.136891,5.0,2.929795,4.541256,0.938511,0.485779
10976,686,2,1,3,0,3,0,1,2,0,2,1,7,2,3,77.5,1.0,8.655248,7.033347,311.204122,0.717541,0.835969
3269,501,1,1,4,1,6,0,0,0,1,3,0,10,1,3,73.5,0.157099,1.835424,2.942197,1.486394,0.604125,0.245672
15000,1804,5,2,11,5,8,1,6,4,1,3,1,26,5,4,32.0,0.339594,4.333333,4.109093,24.344143,0.413976,0.405094
9489,971,3,0,12,2,5,2,2,1,2,4,0,21,3,4,46.0,0.146586,0.632311,2.285335,0.266176,0.31602,0.206873
4783,304,0,1,0,1,0,1,1,1,0,1,0,2,1,1,92.5,1.0,7.735731,7.36383,193.373759,0.923106,0.786003
5411,578,0,1,4,0,1,0,1,0,1,0,0,6,1,0,86.0,0.467721,5.72907,4.730467,8.68568,0.587856,0.460244
7479,1134,4,4,13,2,7,5,2,0,1,7,0,27,1,7,33.5,0.031269,1.470785,3.207319,0.347929,0.499015,0.174891
15000,2085,3,5,17,0,10,1,10,0,1,7,1,38,1,8,10.0,0.686813,5.933333,4.900423,53.513538,0.392045,0.562873
9874,831,5,3,2,1,5,0,0,0,0,1,0,7,0,1,84.5,0.677097,4.354871,5.757347,19.880975,0.763338,0.600806
4825,510,1,1,6,2,0,0,1,1,2,2,1,7,3,3,75.5,0.059242,2.072539,1.995244,1.061311,0.151343,0.186639
5233,553,0,1,2,0,2,0,2,0,0,1,0,6,0,1,86.5,0.583424,4.395184,4.198545,20.143645,0.53711,0.573032
8135,1071,1,1,9,0,6,0,6,0,1,2,1,21,1,3,51.5,0.614983,4.671174,6.138866,56.290657,0.68435,0.570563
14881,1276,3,1,9,1,7,1,2,2,0,5,3,19,2,8,46.0,0.744621,5.711982,4.377899,47.020882,0.223791,0.551185
12870,1587,2,1,8,2,6,1,0,3,1,4,1,15,4,5,54.5,0.582199,4.506605,4.580296,44.986145,0.251511,0.41495
11000,1248,3,2,11,4,9,2,0,5,3,12,1,22,8,13,20.5,0.050212,0.636364,2.013403,1.159029,0.165094,0.122993
8646,822,2,1,5,1,6,2,3,3,0,5,2,16,3,7,51.5,0.77211,6.014342,4.959079,44.721441,0.056001,0.458485
2716,404,1,0,1,0,5,0,2,4,1,3,0,8,5,3,69.5,0.157002,1.472754,4.378739,0.00104,0.360751,0.187547
5375,496,2,0,8,1,3,2,0,0,1,4,0,13,1,4,66.0,0.590999,5.395349,5.034107,50.513334,0.911173,0.541544
9442,1304,4,0,8,1,6,1,1,0,0,5,3,16,0,8,56.0,0.603585,4.871849,4.074208,10.394342,0.269028,0.487575
7116,854,2,2,4,1,4,2,2,1,0,0,0,12,1,0,74.0,0.345365,2.670039,3.974898,5.843883,0.344284,0.319411
3523,357,0,0,3,1,3,0,0,0,0,0,1,6,0,1,86.5,0.792914,5.960829,4.609601,6.02857,0.329611,0.58086
9329,1498,4,2,8,5,6,2,5,1,3,7,0,21,4,7,39.5,0.244369,0.964734,3.181492,0.207067,0.374353,0.164517
9281,580,1,0,4,0,1,2,0,2,0,2,1,7,2,3,77.5,0.803437,7.21905,5.839991,259.283658,0.931974,0.724247
8371,815,0,1,5,2,3,2,3,0,2,2,2,13,2,4,64.0,0.17515,4.897862,3.900164,24.057679,0.936607,0.499149
8718,604,0,1,5,2,5,1,3,0,0,2,0,14,0,2,69.0,0.939828,6.538197,6.480322,67.617698,0.845537,0.748108
13071,1710,5,2,14,3,11,2,4,3,0,10,0,31,3,10,17.0,0.68663,5.508377,4.796375,31.852713,0.316901,0.469241
6595,592,1,0,5,1,5,0,0,0,1,2,0,10,1,2,75.0,0.449171,6.671721,4.977886,25.370474,0.788436,0.534671
6789,694,4,0,6,1,2,1,4,1,1,2,1,13,2,3,65.5,0.066456,2.798645,4.122389,5.156171,0.704295,0.323487
2800,527,0,1,5,1,7,1,0,0,1,3,0,13,1,3,67.5,0.994022,11.071429,6.724353,38.725374,0.58362,0.772493
5661,621,5,1,5,1,3,0,3,0,1,3,1,11,1,4,70.0,0.577466,5.12277,3.753498,17.910528,0.697259,0.608826
11957,1119,0,3,2,2,2,2,2,2,0,1,0,8,2,1,78.5,0.89145,5.603412,4.742669,125.235493,0.583071,0.673781
9529,791,3,0,1,2,1,0,2,0,0,0,0,4,0,0,92.0,1.0,7.555882,6.769448,60.71796,0.609949,0.789189
2600,300,0,0,2,0,3,1,0,0,0,0,1,6,0,1,86.5,0.314499,6.153846,4.180125,5.498399,0.40892,0.474171
7196,1036,1,0,4,0,3,0,3,0,1,2,0,10,1,2,75.0,0.155983,3.613118,3.40413,3.627277,0.340532,0.310751
4500,300,0,0,3,0,1,0,2,0,0,0,0,6,0,0,88.0,0.935018,6.222222,5.588005,31.934823,0.866203,0.819942
5984,850,2,1,12,0,3,2,3,0,0,5,1,20,0,6,51.0,0.520723,5.347594,4.646477,10.429544,0.228602,0.410177
8160,760,0,1,1,2,7,0,5,1,1,1,0,13,2,1,68.5,0.222742,4.411765,3.875936,8.137526,0.971274,0.445552
4383,420,3,1,5,0,1,0,2,1,0,2,0,8,1,2,79.0,0.8706,4.106776,5.369786,8.146828,0.035795,0.47718
2989,379,3,1,3,0,1,0,1,1,0,3,1,5,1,4,82.0,0.251816,1.6728,2.159094,0.031969,0.468285,0.244711
7526,482,1,1,1,0,1,1,1,0,0,1,0,4,0,1,90.5,0.938372,8.636726,6.980277,71.673907,0.72964,0.787444
10911,1173,2,1,9,1,2,1,1,0,2,2,3,13,2,5,62.5,0.617105,2.566218,4.945024,8.911549,0.248266,0.404828
13000,2517,0,1,8,5,3,0,6,2,0,4,0,17,2,4,56.0,0.135376,2.384615,3.948962,3.699251,0.308847,0.259665
6962,647,2,0,5,1,7,0,2,0,2,3,0,14,2,3,63.5,0.615522,4.16547,4.102183,6.193061,0.72851,0.505865
8817,968,2,0,14,2,5,0,4,1,3,10,0,23,4,10,31.0,0.30078,2.49518,4.846299,10.627325,0.927821,0.432152
7533,1283,0,0,3,3,9,1,1,1,1,1,2,14,2,3,63.5,0.868809,5.708217,5.675123,49.530169,0.291343,0.635494
4172,314,0,0,4,1,1,0,0,0,1,1,0,5,1,1,86.5,0.716799,4.793864,4.278739,10.540176,0.139633,0.546122
13000,1828,1,1,3,5,4,0,4,1,3,5,1,11,4,6,61.0,0.354139,3.615385,3.715699,17.19721,0.371732,0.364332
2594,336,0,0,4,0,2,1,0,0,1,1,0,7,1,1,82.5,0.03672,1.156515,2.208081,0.071967,0.617405,0.258972
7553,533,2,0,7,0,5,1,3,0,0,1,0,16,0,1,66.5,0.278802,3.707136,5.011655,12.956176,0.904022,0.492298
2675,300,2,1,4,1,5,0,1,1,0,1,0,10,1,1,76.5,0.550163,5.233645,4.891994,9.194626,0.646473,0.456901
11058,748,0,2,1,2,2,1,1,1,0,4,1,5,1,5,80.5,0.4149,4.702478,4.851683,16.247725,0.930947,0.524
4797,602,3,0,13,2,10,1,2,2,0,2,0,26,2,2,41.0,0.887108,11.048572,5.556944,46.281746,0.898011,0.741408
7018,477,2,1,1,0,5,0,0,0,0,4,1,6,0,5,80.5,0.959104,8.121972,6.481814,257.923004,0.693304,0.78478
3238,443,1,0,10,0,9,3,2,1,0,0,0,24,1,0,50.0,0.768714,9.882644,5.751627,122.657605,0.915771,0.671131
13617,1424,2,2,8,2,4,1,3,2,2,6,1,16,4,7,49.5,0.448895,5.581259,4.408133,23.079597,0.301977,0.422945
4340,577,1,0,13,3,10,0,2,0,1,0,0,25,1,0,48.0,0.776661,9.447005,5.969972,147.354288,0.94707,0.726768
5617,788,1,1,12,1,14,2,0,0,0,4,1,28,0,5,36.5,0.837398,8.189425,6.529532,172.444408,0.984906,0.696263
4358,674,1,1,8,0,5,0,1,0,0,1,1,14,0,2,69.0,0.727124,8.490133,5.769788,64.555331,0.679787,0.673609
7396,791,5,0,10,0,7,0,2,0,0,6,0,19,0,6,53.0,0.892384,7.301244,5.321836,125.37042,0.738653,0.713142
16174,1084,3,2,7,4,4,1,5,1,0,2,1,17,1,3,59.5,0.959115,6.059107,5.570576,88.207187,0.59121,0.695065
18000,1696,2,2,4,3,8,1,4,1,1,2,1,17,2,3,57.5,0.922512,6.555556,5.245047,212.988664,0.603733,0.692776
9909,1274,2,4,21,2,3,3,2,4,1,5,1,29,5,6,23.0,0.414923,3.431224,3.793514,5.991643,0.563762,0.318497
6528,867,1,1,16,1,14,0,4,0,0,6,0,34,0,6,23.0,0.847384,10.26348,5.848245,255.937006,0.800935,0.763711
11281,1520,4,2,15,1,5,0,5,3,2,3,0,25,5,3,35.5,0.384048,1.950182,3.261828,2.658968,0.180289,0.296391
8626,1417,4,3,21,5,12,0,5,0,3,7,2,38,3,9,4.5,0.911523,7.767215,6.812365,68.333022,0.941538,0.667083
9114,1124,3,1,6,1,6,1,2,0,1,1,1,15,1,2,65.0,0.737631,5.595787,4.847504,28.871838,0.268413,0.590954
13000,1618,3,0,16,1,8,1,0,3,0,6,0,25,3,6,35.0,0.190296,2.769231,3.836507,8.956823,0.334178,0.276626
3928,495,2,1,14,1,6,1,1,0,1,2,0,22,1,2,51.0,0.882243,8.655804,6.179061,127.341919,0.928795,0.715609
3735,511,0,2,10,1,8,0,3,3,0,1,0,21,3,1,50.5,0.37552,4.016064,3.495745,2.662632,0.221557,0.292806
4082,536,0,1,7,2,5,1,2,1,1,4,0,15,2,4,60.0,0.241722,2.939735,3.337402,1.291169,0.512434,0.301152
4500,370,1,1,4,0,1,0,0,0,0,0,0,5,0,0,90.0,0.907476,8.222222,5.447401,21.345277,0.460278,0.662966
7681,563,3,1,4,2,1,0,1,1,2,0,0,6,3,0,82.0,0.990175,6.249186,6.642714,30.894434,0.769018,0.725027
9585,1055,6,0,2,2,4,0,3,0,0,5,0,9,0,5,74.5,0.633239,4.799165,3.286514,12.208357,0.249822,0.461861
3942,377,3,0,8,2,3,0,1,0,2,3,0,12,2,3,67.5,0.032881,2.029427,4.789476,2.016192,0.576389,0.208881
11250,1688,4,1,10,3,7,1,3,0,2,8,1,21,2,9,40.5,0.576765,5.244444,4.521374,53.236648,0.408715,0.554577
5339,431,2,0,10,0,5,0,1,0,0,0,0,16,0,0,68.0,0.955869,6.368234,6.477567,64.51365,0.832671,0.601674
6173,648,3,0,9,4,4,0,3,1,4,5,1,16,5,6,49.0,0.185714,0.971975,3.128251,2.025278,0.242928,0.154385
2905,300,1,0,5,1,1,0,2,0,0,1,0,8,0,1,82.5,0.488243,5.507745,5.906645,9.559267,0.754919,0.497257
10723,1019,1,0,6,0,6,0,5,1,1,3,0,17,2,3,57.5,0.231039,4.756132,3.649213,15.481792,0.609878,0.459914
11970,748,2,0,3,1,1,0,1,1,0,3,0,5,1,3,83.5,0.924768,8.02005,6.719675,89.410869,0.819243,0.882171
6182,659,0,0,1,0,1,0,0,0,0,0,0,2,0,0,96.0,0.689367,5.661598,4.944563,20.757076,0.179404,0.57207
6334,395,1,0,3,1,1,1,1,0,0,1,0,6,0,1,86.5,0.969663,9.472687,5.815195,216.838909,0.903613,0.783536
5782,589,0,0,4,1,5,1,3,1,0,2,1,13,1,3,67.5,0.357091,4.150813,3.125115,6.48586,0.677373,0.412503
18000,1159,2,0,5,1,1,0,3,0,1,0,0,9,1,0,80.0,0.847229,6.833333,6.390219,83.962748,0.681616,0.798011
3133,300,1,1,2,0,2,0,1,0,0,0,0,5,0,0,90.0,0.242069,3.191829,3.993724,10.377335,0.103934,0.397312
8350,1232,3,0,8,0,11,0,5,2,1,4,0,24,3,4,40.0,0.045393,1.676647,2.343049,0.827005,0.334872,0.199442
12755,924,2,1,9,2,4,0,1,1,1,1,3,14,2,4,62.0,0.236042,3.371227,3.214334,12.554156,0.956225,0.438716
7942,660,1,0,2,1,1,0,1,0,0,3,0,4,0,3,87.5,0.893698,5.162428,5.373113,83.347332,0.659636,0.692175
5142,531,1,0,3,1,2,0,1,0,0,0,0,6,0,0,88.0,0.867595,9.529366,5.405283,138.026756,0.518754,0.692837
5652,511,1,2,10,2,2,1,1,0,0,1,1,14,0,2,69.0,0.651976,7.254069,4.819773,66.14028,0.887654,0.571295
7428,999,1,0,10,5,6,1,2,1,0,2,0,19,1,2,57.0,0.655182,3.096392,4.14396,2.645329,0.476164,0.426689
18000,1125,1,0,5,1,6,0,2,0,0,0,0,13,0,0,74.0,0.810002,7.888889,6.279509,585.729046,0.933652,0.728158
11220,701,1,0,7,0,6,0,0,0,0,0,0,13,0,0,74.0,0.959866,6.951872,6.348025,142.107968,0.852342,0.703449
3349,432,3,0,4,0,2,0,2,1,1,4,0,8,2,4,74.0,0.0,2.090176,2.323966,0.283205,0.817448,0.259288
14844,991,1,0,7,0,4,0,1,0,0,5,0,12,0,5,68.5,0.822221,9.027216,6.182816,149.886561,0.805674,0.73059
4500,375,0,0,2,1,0,2,1,0,2,0,0,5,2,0,86.0,0.919269,5.111111,6.64059,116.424187,0.698913,0.716135
8411,761,0,2,4,1,2,2,1,0,1,2,2,9,1,4,74.0,0.693935,6.895732,3.91803,12.122828,0.006822,0.501133
18000,1125,1,1,7,2,0,0,2,0,0,1,0,9,0,1,80.5,1.0,9.777778,6.538326,199.354495,0.914328,0.821859
15190,1974,3,3,11,2,12,1,0,0,1,3,0,24,1,3,45.5,0.314556,3.291639,4.167274,14.770536,0.310374,0.404338
8185,546,1,1,4,1,2,2,4,1,0,4,1,12,1,5,66.5,0.845165,6.47526,5.629346,32.685277,0.566435,0.656743
9043,702,0,2,5,0,2,0,1,0,2,1,0,8,2,1,78.5,0.791325,5.529139,6.161744,91.853024,0.665086,0.692076
18000,1383,1,3,5,2,3,1,4,0,0,2,0,13,0,2,71.0,0.791587,8.111111,5.401735,349.955772,0.768932,0.695623
12213,827,2,0,10,1,1,1,0,1,1,4,0,12,2,4,66.0,1.0,8.433636,7.346559,30.227631,0.87803,0.783183
18000,1125,3,1,7,1,6,0,3,1,1,1,1,16,2,2,61.0,0.987291,6.5,6.485912,89.661032,0.844471,0.651429
15000,1422,7,2,24,3,17,6,4,3,0,7,2,51,3,9,0.0,0.393923,3.533333,4.233003,35.240058,0.761787,0.427344
8171,703,3,0,9,2,3,1,3,0,0,2,1,16,0,3,63.5,0.250863,4.52821,4.172715,27.619404,0.944023,0.435543
5490,795,1,4,18,1,4,0,3,0,2,5,1,25,2,6,37.0,0.819756,8.743169,6.523701,88.559064,0.67197,0.73509
5214,348,0,1,4,0,4,0,2,1,0,0,0,10,1,0,78.0,0.864873,8.63061,5.601629,179.63382,0.928421,0.694264
8587,980,3,1,7,5,2,2,3,0,1,9,1,14,1,10,55.0,0.4412,2.562012,4.202629,12.275486,0.234767,0.414206
6356,687,0,1,5,0,2,0,1,1,0,3,1,8,1,4,76.0,0.746109,5.506608,3.926555,20.230008,0.174876,0.578002
10993,986,1,1,8,2,9,1,4,1,1,3,0,22,2,3,47.5,0.432712,5.185118,3.807289,12.069155,0.0516,0.460707
6495,856,0,1,8,0,2,0,1,1,0,4,0,11,1,4,70.0,0.725858,5.080831,4.077434,19.260296,0.256429,0.468982
6689,781,1,3,11,3,9,4,3,1,2,8,1,27,3,9,26.5,0.337837,2.989984,3.764091,6.221811,0.832493,0.322967
15000,1884,2,4,6,2,10,1,1,2,1,7,1,18,3,8,46.0,0.530128,5.333333,4.910459,46.551125,0.362132,0.519547
6040,803,0,5,4,1,2,0,0,1,1,4,0,6,2,4,78.0,0.054686,2.152318,3.211423,4.375394,0.62188,0.335749
2913,300,1,0,9,1,1,2,1,0,0,1,0,13,0,1,72.5,0.077348,2.059732,2.180069,0.983204,0.566794,0.196089
2600,357,2,0,1,3,2,0,1,0,1,0,0,4,1,0,90.0,0.624057,4.230769,3.914766,8.687918,0.34865,0.562203
8274,1188,2,1,12,1,7,1,3,2,2,3,0,23,4,3,41.5,0.063719,1.329466,3.291255,2.638573,0.416854,0.192677
4500,300,1,1,3,0,2,0,0,0,0,1,0,5,0,1,88.5,1.0,10.222222,6.540925,171.412699,0.994244,0.914755
13248,863,1,1,6,2,1,0,0,0,3,4,2,7,3,6,71.0,0.895166,6.717995,5.688647,108.196779,0.831047,0.688132
8311,848,1,1,1,1,1,0,2,1,0,0,0,4,1,0,90.0,0.723764,6.85838,5.64225,215.130872,0.506138,0.705726
4116,816,2,2,7,1,5,1,1,1,0,4,0,14,1,4,64.0,0.42789,3.401361,2.945221,3.0024,0.338092,0.368137
9973,970,0,0,2,2,6,0,4,0,1,4,0,12,1,4,68.0,0.914968,6.216785,5.629184,28.309831,0.557466,0.732643
10518,1211,2,3,9,1,8,1,1,0,0,3,0,19,0,3,57.5,0.571461,3.137479,5.225866,12.38885,0.37836,0.430941
16500,1285,4,1,8,2,6,1,4,2,3,3,2,19,5,5,44.5,0.60684,4.545455,5.24964,270.431753,0.991327,0.523308
11271,790,0,1,3,0,3,0,1,0,1,4,0,7,1,4,78.0,0.943704,6.033183,6.478467,64.739154,0.817999,0.708291
9195,712,2,0,5,0,3,1,1,1,0,1,0,10,1,1,76.5,0.837236,6.63404,6.868951,56.077212,0.688579,0.664543
7718,668,1,0,5,1,4,1,2,1,1,1,2,12,2,3,67.5,0.182503,2.461778,3.485426,7.636157,0.788567,0.323458
8349,882,0,2,5,1,0,0,1,2,1,3,1,6,3,4,76.0,0.100485,1.796622,3.310627,2.320673,0.505159,0.288263
6266,876,0,1,8,1,5,0,3,1,2,2,0,16,3,2,59.0,0.091698,1.755506,3.169278,1.042601,0.48976,0.309112
14370,1745,5,0,13,2,12,1,3,2,1,7,1,29,3,8,24.0,0.450076,3.479471,4.704032,20.054196,0.625556,0.449739
10581,888,2,0,2,0,0,1,1,0,0,2,0,4,0,2,89.0,0.914922,7.74974,6.040979,40.746486,0.639138,0.758542
5421,941,2,2,11,1,5,1,1,0,0,3,0,18,0,3,59.5,0.752588,8.301051,5.92589,176.08336,0.61295,0.652305
6941,871,2,1,11,3,5,0,1,1,2,3,0,17,3,3,55.5,0.171145,2.161072,2.872929,4.338836,0.709491,0.28089
14985,975,1,2,8,1,3,4,3,0,2,0,0,18,2,0,60.0,0.561881,6.339673,6.379801,75.291707,0.823383,0.675008
7023,880,4,1,12,3,7,0,3,6,0,4,1,22,6,5,36.5,0.094237,1.851061,3.051611,7.190483,0.27323,0.186882
5838,486,1,0,4,0,1,0,0,0,0,0,0,5,0,0,90.0,1.0,6.509078,6.223332,153.212808,0.650738,0.726326
16500,1530,2,1,11,3,7,1,0,0,2,7,0,19,2,7,47.5,0.46202,3.575758,4.821826,43.639641,0.635514,0.454026
10747,1316,3,0,3,2,0,1,1,0,0,5,0,5,0,5,82.5,0.362113,3.070624,3.656138,11.258829,0.212329,0.431561
6993,1086,8,3,14,4,6,2,2,2,2,5,4,24,4,9,30.5,0.172847,1.716002,4.280444,0.914544,0.324245,0.221265
12012,878,0,0,7,0,4,3,4,0,0,2,0,18,0,2,61.0,0.873688,8.408258,5.312734,83.146274,0.851353,0.732024
12995,1040,2,3,7,0,6,2,1,1,1,0,0,16,2,0,64.0,0.630083,5.232782,4.194589,11.939431,0.183056,0.478267
7546,1139,0,1,9,1,5,0,2,0,0,5,1,16,0,6,59.0,0.572455,4.505698,4.494224,37.616157,0.229928,0.415711
6335,395,0,2,1,0,2,1,0,0,1,1,0,4,1,1,88.5,0.995477,9.629045,6.139199,55.752854,0.492743,0.787207
8759,1248,4,2,8,0,9,0,3,0,1,5,1,20,1,6,49.0,0.114351,1.370019,1.752521,6.8305,0.283624,0.204492
11000,1618,2,4,16,1,8,0,0,2,1,9,1,24,3,10,31.0,0.141297,1.181818,2.391745,4.139826,0.318572,0.19095
2200,300,0,0,3,0,0,0,1,0,0,1,0,4,0,1,90.5,0.06607,2.727273,3.702952,2.210649,0.415594,0.269178
14910,1163,3,0,6,1,2,0,0,0,0,0,0,8,0,0,84.0,0.908797,6.237425,5.618457,161.237913,0.641714,0.672293
10639,664,1,1,7,2,3,3,1,2,0,0,0,14,2,0,68.0,0.926066,7.237522,6.811596,86.103654,0.770137,0.686709
9401,804,4,0,3,0,6,3,3,1,3,2,2,15,4,4,56.0,0.282922,4.999468,4.535171,14.840108,0.94398,0.424461
3354,416,2,2,4,0,4,1,0,2,0,1,0,9,2,1,76.5,0.706257,5.664878,4.156387,9.22836,0.176693,0.461453
5541,373,0,2,0,0,1,0,0,0,1,2,0,1,1,2,93.0,0.776607,6.136077,6.338354,54.988759,0.840237,0.748264
5851,881,2,1,3,1,8,0,3,1,1,2,0,14,2,2,65.0,0.439419,5.29824,3.410534,5.586462,0.323301,0.411777
6964,1026,5,2,7,1,5,0,1,0,1,1,1,13,1,2,69.0,0.01131,1.005169,2.670101,1.353767,0.494704,0.177431
4288,446,0,1,5,0,1,0,0,1,0,2,1,6,1,3,81.5,0.114876,4.664179,3.075593,6.180456,0.829955,0.386665
2818,300,1,1,2,1,8,0,1,0,0,0,0,11,0,0,78.0,0.101457,0.709723,3.01202,0.228276,0.077833,0.227863
4500,424,0,1,3,0,1,0,0,0,0,0,1,4,0,1,90.5,1.0,9.333333,5.555392,160.338873,0.321666,0.746125
6419,841,4,0,4,1,5,2,2,1,0,4,4,13,1,8,60.0,0.063966,1.86945,3.107253,4.249365,0.124192,0.184961
8829,897,3,0,6,1,5,1,2,1,2,7,0,14,3,7,55.5,0.029223,2.151999,2.894729,4.197977,0.809877,0.247504
5456,914,1,1,13,2,6,1,1,3,1,1,0,21,4,1,48.5,0.037853,1.282991,3.239695,0.078671,0.49336,0.179667
7089,590,1,0,8,2,4,0,3,0,1,0,0,15,1,0,68.0,0.656081,5.07829,4.910741,2.842015,0.122434,0.426532
10166,1538,2,3,18,1,6,1,1,1,1,5,1,26,2,6,35.0,0.506555,4.328153,3.344537,21.801048,0.236783,0.403422
9798,1661,3,1,11,2,5,3,5,3,3,7,2,24,6,9,26.5,0.227757,2.755664,3.756978,4.855215,0.464707,0.26531
4901,500,1,1,5,1,4,0,3,1,1,1,1,12,2,2,69.0,0.431084,6.1212,3.885141,18.545784,0.690624,0.554836
17851,1274,2,1,6,1,7,1,2,0,0,6,1,16,0,7,57.5,0.958129,7.67464,6.046947,105.91206,0.711306,0.690987
8246,1024,4,1,12,2,5,0,3,2,1,2,3,20,3,5,46.5,0.589478,3.274315,4.343789,30.15418,0.689477,0.50235
5266,561,1,2,3,2,2,0,0,0,1,0,0,5,1,0,88.0,0.617394,4.367641,3.695873,9.462655,0.23007,0.536553
2800,605,0,0,5,2,4,1,2,1,0,1,0,12,1,1,72.5,0.963656,7.857143,5.868861,87.394919,0.545153,0.803902
3551,393,1,1,2,2,6,0,2,1,3,3,2,10,4,5,64.5,0.107187,3.097719,2.822654,3.80811,0.582868,0.28314
6824,1066,1,2,9,0,3,0,2,1,1,5,1,14,2,6,59.0,0.040869,1.611958,1.7134,0.527732,0.053295,0.173529
8274,517,0,0,2,0,4,1,0,0,1,2,0,7,1,2,81.0,0.726391,6.526468,6.066661,93.772831,0.887445,0.663829
13044,815,1,2,4,0,2,0,0,0,1,1,0,6,1,1,84.5,0.774463,5.443116,5.260819,226.136337,0.969964,0.653328
3587,500,0,0,4,0,1,1,1,1,0,1,0,7,1,1,82.5,0.461296,1.951491,3.662647,2.102915,0.29264,0.318195
3200,348,0,1,2,0,2,0,2,0,2,1,0,6,2,1,82.5,0.598933,6.25,5.395321,38.773238,0.607691,0.50941
18000,1440,0,1,7,0,3,0,1,1,1,2,0,11,2,2,71.0,0.859177,6.222222,6.105531,84.928692,0.634718,0.689471
2800,393,4,1,4,0,4,0,0,1,0,4,1,8,1,5,74.5,1.0,9.642857,5.958473,117.041086,0.903767,0.771329
13084,1395,0,0,7,0,3,0,1,0,1,1,0,11,1,1,74.5,0.911907,8.025069,6.470342,327.853098,0.54103,0.729409
9810,630,1,0,6,2,11,0,3,1,0,6,0,20,1,6,49.0,0.239336,2.956167,4.770528,28.233249,0.961969,0.415119
8069,557,1,4,4,0,3,0,2,0,0,1,0,9,0,1,80.5,0.602227,5.452968,5.066629,32.736507,0.889014,0.672502
9414,799,1,2,11,2,6,0,4,0,0,4,0,21,0,4,52.0,0.390994,4.46144,4.851319,38.847963,0.990889,0.484304
12922,1406,1,2,11,1,2,1,2,4,1,5,1,16,5,6,49.0,0.544124,4.256307,4.00149,12.267976,0.406881,0.439575
8636,753,1,0,1,0,1,0,1,0,0,4,0,3,0,4,88.0,1.0,7.874016,6.445294,198.106238,0.631177,0.763807
12386,1361,2,2,7,3,4,2,4,2,1,10,1,17,3,11,43.5,0.279208,2.502826,4.471878,1.718023,0.829705,0.289576
3075,412,0,2,7,0,1,1,4,1,1,3,0,13,2,3,65.5,0.973463,8.130081,6.748067,88.232002,0.708417,0.672199
4500,425,1,0,1,0,1,0,0,0,0,1,0,2,0,1,94.5,0.734747,6.222222,5.288461,26.897947,0.661686,0.700169
3750,575,2,2,8,0,6,0,1,2,2,2,1,15,4,3,57.5,0.086021,2.666667,3.353896,2.487245,0.006211,0.173251
5384,533,0,1,2,0,4,0,1,3,0,1,0,7,3,1,78.5,0.953962,6.686478,6.570143,34.328941,0.552731,0.722619
5657,353,0,1,2,0,1,0,1,1,1,1,0,4,2,1,86.5,0.984952,7.777974,7.315284,53.44681,0.92634,0.823727
10630,742,2,2,3,1,0,0,1,1,0,2,0,4,1,2,87.0,1.0,6.11477,6.619945,163.382836,0.811084,0.699726
10151,898,0,1,5,0,4,0,5,2,1,0,1,14,3,1,64.5,0.754367,5.812235,5.021546,140.857238,0.647784,0.632564
13448,962,4,0,3,1,3,1,1,0,0,2,1,8,0,3,79.5,1.0,5.577037,6.363238,309.213116,0.952533,0.731095
4246,489,2,0,4,1,1,0,2,0,0,0,0,7,0,0,86.0,0.490431,3.768252,5.190274,11.517737,0.589179,0.406819
9296,1074,2,2,7,2,2,2,2,1,2,7,0,13,3,7,57.5,0.167958,2.366609,3.7741,2.221539,0.416705,0.215492
11737,1348,2,0,11,2,3,0,1,4,1,2,0,15,5,2,57.0,0.442686,3.834029,3.696708,17.114336,0.73799,0.360835
11504,1502,5,1,11,3,3,3,4,1,3,7,2,21,4,9,36.5,0.295234,1.825452,4.560487,12.508665,0.192825,0.24574
12195,937,6,1,7,1,1,1,2,0,0,0,1,11,0,1,76.5,0.548415,5.904059,5.212963,31.02665,0.755278,0.589688
3779,391,0,1,7,1,1,0,3,0,0,1,0,11,0,1,76.5,0.101018,1.587722,3.094865,5.913303,0.117427,0.254494
6423,721,3,0,7,0,7,3,3,1,1,0,0,20,2,0,56.0,0.422663,3.580881,4.169321,7.973997,0.560727,0.382733
4601,623,3,1,6,2,9,0,2,0,0,5,1,17,0,6,57.0,0.801359,8.693762,6.558274,185.11513,0.979905,0.701344
6989,1164,8,1,10,2,10,3,1,0,3,5,2,24,3,7,35.5,0.894959,8.155673,5.684343,48.030614,0.771054,0.73109
8461,588,2,0,4,1,3,1,3,0,0,0,0,11,0,0,78.0,0.915353,7.800496,6.585575,293.279125,0.919155,0.777211
16500,1696,1,2,9,1,6,0,1,3,1,3,0,16,4,3,55.5,0.54524,4.060606,4.230557,50.553205,0.502706,0.416665
5747,697,3,0,8,1,3,0,1,2,0,5,0,12,2,5,64.5,0.706286,4.176092,3.576814,11.567924,0.246849,0.433053
2200,300,0,2,2,2,3,0,0,0,0,0,0,5,0,0,90.0,0.104952,2.272727,2.636585,0.646288,0.503356,0.284345
5334,367,1,1,2,1,3,0,0,1,0,1,0,5,1,1,86.5,0.691873,6.186727,5.885092,124.012881,0.790882,0.68969
9270,694,2,1,4,1,1,0,0,0,1,3,0,5,1,3,83.5,0.581928,6.040992,5.349482,25.71417,0.886636,0.683896
6955,1524,3,1,5,2,10,1,5,1,0,6,1,21,1,7,45.5,0.900694,9.345794,5.558695,125.807597,0.609599,0.717268
4500,305,0,0,1,2,1,0,0,0,0,0,0,2,0,0,96.0,0.954059,6.666667,6.412735,117.487868,0.929224,0.796521
12401,775,0,1,3,1,3,0,1,0,0,2,0,7,0,2,83.0,1.0,5.805983,6.498784,320.688247,0.704301,0.797479
4643,673,1,2,8,1,4,1,1,1,0,0,4,14,1,4,64.0,0.097965,2.369158,4.344689,2.453532,0.165532,0.265247
9306,1313,1,0,26,4,14,3,3,0,1,3,1,46,1,4,0.0,0.975287,7.414571,5.628283,90.357219,0.788073,0.668803
10954,865,0,3,4,1,6,0,3,1,0,6,1,13,1,7,61.5,0.589678,4.473252,4.429151,15.967594,0.24344,0.45482
9169,632,1,0,3,1,3,0,1,0,0,4,0,7,0,4,80.0,0.831009,9.052241,5.840465,222.536273,0.892437,0.752519
2644,372,0,2,5,0,4,1,1,0,1,1,1,11,1,2,73.0,0.587648,5.295008,3.612575,0.350701,0.246269,0.349423
9973,733,2,0,5,2,2,3,3,0,2,2,0,13,2,2,67.0,0.855594,6.718139,6.012581,74.073592,0.690898,0.686453
14220,1460,4,2,11,0,5,2,4,0,1,7,0,22,1,7,43.5,0.7121,8.157525,5.35548,101.320108,0.631627,0.590573
8816,560,2,2,2,2,1,1,2,1,2,1,0,6,3,1,80.5,0.977178,5.558076,6.736528,233.336192,0.85264,0.772567
2954,520,3,2,3,0,1,1,3,0,2,5,0,8,2,5,72.5,0.139561,4.062288,2.864472,2.805922,0.516186,0.306847
2336,322,1,2,4,0,5,0,0,2,1,0,0,9,3,0,76.0,0.018679,0.428082,1.091002,0.001419,0.505696,0.164852
7911,600,0,2,3,1,1,1,0,1,2,2,0,5,3,2,81.0,0.837791,4.929845,5.813077,58.941763,0.683755,0.659656
6072,457,2,1,2,0,3,0,2,1,1,4,1,7,2,5,74.5,0.79013,6.093544,4.704223,116.734462,0.813773,0.631274
7651,992,4,6,11,0,6,2,3,0,1,4,3,22,1,7,43.5,0.596851,4.443864,5.116146,16.632364,0.187332,0.508288
6841,1339,5,0,8,1,1,1,3,3,1,4,2,13,4,6,57.0,0.051062,3.069727,3.164832,2.167833,0.315364,0.213268
9559,674,4,0,1,1,3,2,1,1,0,3,0,7,1,3,79.5,0.967443,6.486034,7.885488,79.693276,0.74108,0.799269
12566,1847,4,7,14,4,11,1,2,2,1,5,2,28,3,7,27.5,0.383493,2.864873,4.41827,21.869846,0.572771,0.452299
9270,913,2,1,6,3,7,1,1,2,0,6,1,15,2,7,55.5,0.541937,6.040992,4.241355,13.945139,0.147525,0.50245
5725,774,3,0,1,1,6,0,1,0,2,1,0,8,2,1,78.5,0.062091,1.048035,3.205422,1.044866,0.511622,0.185435
4433,632,3,1,4,2,6,1,2,0,2,3,0,13,2,3,65.5,0.446404,3.609294,3.758322,11.630164,0.509516,0.36475
5533,514,1,0,2,0,2,0,0,0,0,0,0,4,0,0,92.0,0.944445,5.422013,6.074637,31.56918,0.579674,0.694017
1500,300,0,0,6,1,1,0,0,1,0,3,0,7,1,3,79.5,0.113278,2.666667,2.154364,0.048164,0.500326,0.254169
11363,1250,1,1,7,2,3,1,0,2,0,5,0,11,2,5,66.5,0.391103,4.048227,4.56079,31.334069,0.306069,0.412032
10889,1011,5,1,8,2,7,1,1,1,1,4,3,17,2,7,51.5,0.542617,5.877491,4.602139,57.815649,0.860252,0.568702
12289,1471,2,3,10,0,6,2,2,1,1,2,0,20,2,2,53.0,0.246304,3.824559,4.17096,13.990069,0.419208,0.406915
2967,335,1,1,4,0,4,1,0,3,0,7,1,9,3,8,64.0,0.273379,3.707449,2.840649,0.889466,0.65661,0.294913
7146,857,3,2,14,2,11,1,2,1,1,8,1,28,2,9,26.5,0.904031,7.556675,5.757357,116.537242,0.87958,0.652985
5518,687,4,1,11,3,6,2,2,0,1,9,1,21,1,10,41.0,0.862588,9.061254,6.087648,167.785931,0.967788,0.675474
3108,435,1,0,10,0,8,0,2,1,0,2,0,20,1,2,55.0,0.970227,7.078507,5.480079,36.096674,0.578473,0.709562
5333,564,0,1,3,0,5,0,0,0,1,2,0,8,1,2,79.0,0.75035,6.187887,5.126393,19.197169,0.239727,0.555151
9416,1158,2,0,10,1,6,1,3,2,1,5,0,20,3,5,46.5,0.185344,1.91164,3.321253,3.050352,0.38099,0.228358
18000,1125,1,1,6,0,2,1,1,0,0,0,0,10,0,0,80.0,0.740145,5.777778,6.255531,148.849464,0.971478,0.723066
12248,765,1,1,3,0,3,0,1,1,0,3,1,7,1,4,78.0,0.962548,7.838014,5.825116,153.243574,0.599937,0.738321
8341,762,3,0,3,1,2,1,2,3,0,5,0,8,3,5,70.5,0.326171,1.558566,2.754078,3.222816,0.108446,0.282865
9193,1130,2,1,8,0,5,1,0,1,0,3,0,14,1,3,65.5,0.360392,1.631676,3.862331,4.480988,0.478196,0.29348
3081,309,1,0,2,0,1,1,0,0,0,1,0,4,0,1,90.5,0.24177,3.570269,4.042386,10.314216,0.684543,0.385256
4045,470,0,1,5,0,5,1,0,1,1,3,1,11,2,4,68.0,0.192185,4.697157,3.297837,2.843151,0.792748,0.356731
5249,787,0,0,3,1,2,0,2,1,0,4,0,7,1,4,78.0,0.602325,5.715374,4.490153,46.24933,0.436747,0.475837
7648,720,3,1,5,0,6,0,1,4,1,1,1,12,5,2,63.0,0.101791,1.569038,3.515943,0.923861,0.081292,0.197713
15395,1632,1,4,10,1,5,3,2,0,2,1,1,20,2,2,53.0,0.542119,3.37772,4.293159,29.893494,0.204497,0.411622
3407,356,0,1,3,0,1,1,1,1,0,0,0,6,1,0,86.0,0.452039,4.4027,4.039607,1.878082,0.338798,0.447584
14000,1696,3,4,24,3,20,1,2,2,0,8,1,47,2,9,0.0,0.834144,10.214286,5.860475,546.87039,0.904685,0.705271
12125,866,2,0,2,0,2,2,1,1,2,0,0,7,3,0,80.0,0.853285,6.597938,5.751406,116.864872,0.428582,0.662284
14398,979,1,2,7,1,7,1,0,0,2,2,1,15,2,3,61.5,0.202623,3.125434,4.053278,11.410346,0.983273,0.474518
14730,920,4,0,4,2,3,0,0,1,1,2,1,7,2,3,77.5,0.757199,7.535642,6.060085,41.699675,0.676398,0.733314
8474,1072,3,2,7,0,6,0,3,2,0,2,1,16,2,3,59.5,0.43609,5.074345,3.427709,19.325662,0.356048,0.432117
2600,302,0,1,1,1,3,0,0,0,0,0,1,4,0,1,90.5,0.393963,4.615385,5.785404,16.902911,0.632005,0.498581
9630,1273,0,0,7,0,6,1,1,4,3,5,1,15,7,6,47.0,0.653275,5.399792,5.971594,65.495083,0.339416,0.512012
18000,1125,0,4,3,3,2,0,2,1,0,1,1,7,1,2,81.0,0.850136,6.444444,6.491692,291.786051,0.861421,0.82702
5385,909,2,0,8,1,2,1,1,0,1,6,1,12,1,7,63.5,0.240214,2.414113,3.79034,6.17713,0.530638,0.350571
10831,777,2,2,6,0,2,0,0,0,0,4,0,8,0,4,78.0,0.645672,4.801034,5.058899,46.707465,0.244156,0.594168
2144,300,0,1,7,1,1,0,1,0,0,2,0,9,0,2,79.0,0.174383,2.33209,2.282573,2e-06,0.369341,0.236224
7379,879,1,1,5,2,3,1,1,1,0,4,1,10,1,5,70.5,0.711375,4.472151,5.332035,57.602392,0.353203,0.561252
4500,300,0,0,3,0,3,0,1,0,1,2,0,7,1,2,81.0,0.940594,8.222222,7.23856,162.396008,0.740915,0.761732
3022,395,0,1,3,1,1,1,1,0,2,0,0,6,2,0,84.0,0.585185,4.301787,4.662148,16.086164,0.290864,0.430083
12161,760,1,1,7,0,0,1,1,0,0,0,1,9,0,1,80.5,1.0,7.894088,6.122315,307.628153,0.857082,0.765097
7664,1190,1,0,9,0,4,2,1,6,1,5,2,16,7,7,43.5,0.533388,4.827766,4.403395,26.301348,0.440347,0.466191
6702,497,1,1,6,2,3,1,1,1,1,3,0,11,2,3,69.5,0.108284,4.177857,4.221938,16.877967,0.907827,0.434758
3721,464,0,0,2,1,2,0,0,0,0,0,1,4,0,1,90.5,0.64343,6.181134,4.171883,5.577593,0.403306,0.509825
6360,910,1,2,9,2,3,1,1,1,0,1,2,14,1,3,65.5,0.100357,4.402516,3.231883,11.687236,0.598066,0.349409
2800,388,2,0,9,1,3,0,0,0,0,1,0,12,0,1,74.5,1.0,7.857143,6.007236,90.043022,0.360268,0.732403
3567,528,4,1,4,1,1,1,1,0,0,3,1,7,0,4,80.0,0.653081,5.606953,4.301997,5.549275,0.301372,0.414534
4617,588,3,0,6,0,3,1,1,1,0,1,1,11,1,2,73.0,0.884888,6.497726,4.818603,22.22678,0.366764,0.578973
5564,462,1,1,5,0,3,0,0,0,1,0,0,8,1,0,82.0,0.620604,3.774263,3.53851,1.856625,0.05003,0.452544
8096,1498,2,0,15,2,14,2,1,0,3,6,0,32,3,6,21.0,0.076618,1.729249,2.43608,0.086242,0.484591,0.161486
4124,512,1,0,4,0,3,0,0,0,0,0,0,7,0,0,86.0,0.788697,6.789525,4.901053,18.528766,0.364079,0.617661
11303,2059,3,4,30,3,20,2,7,1,1,4,3,59,2,7,0.0,0.916768,6.812351,5.591679,58.208671,0.730434,0.656424
2600,300,1,0,2,1,1,0,0,1,0,0,1,3,1,1,90.5,0.705749,5.769231,4.504709,3.655049,0.673579,0.580803
8202,903,1,0,5,2,5,0,2,0,2,2,1,12,2,3,67.5,0.820982,5.608388,5.927232,45.065913,0.689629,0.647464
16148,1063,4,0,9,1,5,0,0,1,0,3,1,14,1,4,64.0,0.915242,6.873916,6.580475,140.614727,0.565073,0.670256
2673,300,0,1,4,2,1,0,0,0,0,0,0,5,0,0,90.0,0.155729,2.244669,4.796021,2.992195,0.588745,0.38685
8299,518,1,0,2,0,0,0,0,0,0,1,0,2,0,1,94.5,0.70522,8.796241,5.817535,106.050669,0.665579,0.720415
9327,600,2,0,9,0,3,3,2,1,0,3,1,17,1,4,58.0,0.556411,4.717487,4.390569,21.40018,0.900939,0.50324
12777,1149,3,3,8,0,4,0,2,1,0,1,0,14,1,1,68.5,0.982643,7.983095,6.23069,285.614324,0.642534,0.712371
5717,557,0,0,6,2,6,2,0,1,0,3,1,14,1,4,64.0,0.132411,2.448837,3.310415,0.830094,0.56303,0.28792
14000,1773,2,4,20,1,17,3,4,0,2,2,0,44,2,2,5.0,0.794623,6.428571,6.583471,93.074509,0.743706,0.683073
14241,1146,2,2,11,4,8,0,5,2,0,2,1,24,2,3,43.5,0.425317,5.968682,4.413185,24.368358,0.697442,0.480036
4869,738,2,2,6,1,1,2,1,2,0,3,1,10,2,4,70.0,0.095369,4.10762,2.560633,3.569946,0.093624,0.290676
11813,1313,1,0,6,1,7,2,1,0,2,5,0,16,2,5,56.5,0.593941,5.41776,3.644049,24.922141,0.361578,0.557067
11054,690,2,1,4,0,3,1,3,0,0,0,0,11,0,0,78.0,0.931626,8.232314,6.516952,84.984373,0.944888,0.751428
13129,830,2,0,8,0,7,1,2,0,1,3,0,18,1,3,57.5,0.862851,6.321883,6.715746,175.036971,0.976158,0.691844
8053,711,0,1,9,0,1,0,1,0,0,2,0,11,0,2,75.0,0.995004,6.208866,5.839299,109.39861,0.365263,0.705811
16500,2102,2,2,15,3,12,2,2,2,0,2,0,31,2,2,31.0,0.700144,6.242424,3.914588,51.317467,0.524958,0.514443
14624,914,1,1,10,1,2,2,0,0,2,4,0,14,2,4,62.0,1.0,7.043217,6.80953,158.442558,0.679156,0.722996
2800,484,1,0,5,2,3,2,3,0,0,1,0,13,0,1,72.5,0.804191,8.571429,5.285528,19.920158,0.671226,0.673248
4305,627,1,2,6,0,6,1,3,1,1,2,0,16,2,2,61.0,0.21152,1.16144,3.406392,1.240977,0.163128,0.225834
13171,1683,4,0,8,3,2,2,1,1,0,3,0,13,1,3,67.5,0.289265,3.568446,3.717441,23.503758,0.516793,0.40748
9122,1199,1,0,11,0,2,1,2,1,0,5,1,16,1,6,57.0,0.574236,4.275378,4.529143,38.784185,0.231675,0.452008
13000,1167,1,1,11,4,8,1,4,1,1,5,1,24,2,6,39.0,0.10714,2.923077,2.668964,10.579082,0.474401,0.300287
4500,301,0,0,2,1,0,0,1,0,0,1,0,3,0,1,92.5,0.838481,6.888889,5.556621,118.966088,0.925983,0.745256
7535,911,1,0,4,2,3,1,2,1,0,4,1,10,1,5,70.5,0.583119,5.441274,3.800256,16.519551,0.593476,0.4697
5171,579,1,1,2,0,0,0,2,1,0,1,1,4,1,2,87.0,0.421811,3.674338,4.822995,5.462089,0.461186,0.453367
9578,848,2,2,8,2,4,0,1,4,1,4,1,13,5,5,56.5,0.647801,4.280643,4.397615,19.149208,0.74898,0.482009
15000,1845,2,2,11,1,4,0,6,0,1,4,0,21,1,4,50.0,0.505079,4.2,4.190268,18.681561,0.324219,0.483577
10130,1646,3,2,17,2,10,3,4,1,4,9,1,34,5,10,7.0,0.076686,0.493583,4.010711,0.007718,0.536084,0.116375
12498,1954,6,1,30,4,14,1,5,1,3,7,1,50,4,8,0.0,0.915847,7.921267,5.835197,88.97384,0.550426,0.705783
9680,867,2,0,2,0,0,0,1,1,0,0,0,3,1,0,92.0,0.765831,7.85124,5.850561,86.827124,0.611291,0.794635
5661,845,2,2,8,1,3,2,2,1,0,3,1,15,1,4,62.0,0.825189,9.185656,5.861671,197.764622,0.791082,0.77403
12002,907,3,0,7,2,4,0,5,0,0,2,1,16,0,3,63.5,0.860941,7.248792,6.837427,74.563605,0.709575,0.712002
3454,339,0,0,2,0,1,0,0,0,0,1,0,3,0,1,92.5,0.469527,5.790388,4.097551,5.943979,0.329704,0.446968
7830,763,1,0,5,0,3,0,1,0,0,2,0,9,0,2,79.0,0.423437,3.065134,4.137439,16.257224,0.085748,0.425055
13000,1813,3,5,15,2,5,1,7,2,1,4,2,28,3,6,29.0,0.166282,2.153846,4.334818,4.793233,0.379731,0.302829
16500,1677,1,1,6,0,5,1,2,2,0,4,2,14,2,6,59.0,0.662599,5.212121,4.764561,40.877781,0.376091,0.495538
9334,1015,6,2,15,4,8,3,5,2,1,5,1,31,3,6,23.0,0.188223,2.571245,4.358165,16.387533,0.756848,0.285193
2772,323,1,0,1,0,1,1,0,1,1,1,0,3,2,1,88.5,0.07161,2.886003,2.747776,1.001848,0.103474,0.300511
7191,680,2,1,4,1,0,0,2,1,1,0,0,6,2,0,84.0,0.805017,6.67501,4.862097,27.627917,0.168875,0.551011
3653,300,0,1,3,0,1,0,0,0,0,0,0,4,0,0,92.0,0.377647,4.927457,5.976735,12.374008,0.955023,0.543632
11000,1493,2,3,19,5,11,2,8,6,0,12,0,40,6,12,0.0,0.043811,1.272727,2.218647,1.36965,0.536713,0.106762
6157,891,5,2,18,1,15,2,2,0,0,6,5,37,0,11,9.5,0.857885,7.146338,4.969362,48.382572,0.595745,0.662098
8881,609,1,2,3,2,3,0,1,1,1,0,2,7,2,2,79.0,1.0,8.444995,6.624351,68.928234,0.868767,0.826473
16799,1808,1,3,5,3,1,0,0,1,2,4,0,6,3,4,76.0,0.760477,7.976665,4.993512,86.602955,0.34026,0.661936
6351,757,0,0,0,1,1,0,5,1,2,1,0,6,3,1,80.5,0.318395,4.093843,3.671357,2.719829,0.279729,0.339524
15996,1118,2,3,3,1,5,2,2,0,0,7,1,12,0,8,64.0,0.960175,9.689922,6.292623,441.89522,0.833249,0.842915
5972,796,1,3,2,1,1,0,4,1,2,3,1,7,3,4,74.0,0.216961,4.855995,3.221934,3.095996,0.215669,0.307
9369,585,1,3,1,0,5,2,0,0,0,2,0,8,0,2,81.0,1.0,7.364713,6.22759,308.973299,0.911871,0.735592
16288,1426,1,4,6,0,7,0,3,0,1,1,0,16,1,1,64.5,0.985455,6.200884,6.128886,425.121193,0.666118,0.704514
18000,1133,2,3,9,0,6,1,0,1,0,0,1,16,1,1,64.5,0.935513,7.222222,6.620576,107.654686,0.766904,0.708121
14558,1530,4,2,15,0,10,1,3,1,1,2,0,29,2,2,35.0,0.739743,3.915373,5.446688,29.259517,0.26827,0.618056
2200,300,1,1,1,0,0,1,1,0,1,1,0,3,1,1,90.5,0.151688,3.636364,3.418798,0.656049,0.630739,0.339483
12892,1524,2,1,7,4,11,4,6,5,2,5,0,28,7,5,22.5,0.452183,3.180267,4.193988,14.779819,0.696046,0.323787
18000,1671,1,1,3,1,3,0,1,1,1,1,0,7,2,1,80.5,0.89617,7.888889,5.535295,145.031066,0.357146,0.744263
1500,300,3,0,3,1,0,0,0,1,0,1,0,3,1,1,90.5,0.101572,2.0,3.385481,0.74788,0.574206,0.250042
7370,550,1,0,5,0,5,2,2,0,1,3,1,14,1,4,64.0,0.740086,5.020353,4.575535,24.161623,0.960331,0.50857
4500,303,1,0,0,2,1,0,2,1,0,0,0,3,1,0,92.0,0.893073,5.111111,6.468243,132.449713,0.895101,0.68905
5484,715,2,0,6,0,4,2,1,3,0,7,0,13,3,7,57.5,0.245254,3.464624,2.733063,3.486187,0.060464,0.217779
7228,813,4,0,7,1,3,1,2,0,0,5,1,13,0,6,65.0,0.292078,1.66021,1.90817,1.384167,0.163118,0.247041
17569,1567,1,3,3,1,8,1,2,1,0,1,0,14,1,1,68.5,1.0,8.423929,6.613356,350.511608,0.404073,0.748345
10837,1086,0,3,6,1,2,0,2,0,2,1,0,10,2,1,74.5,0.365095,3.875611,4.55752,15.882285,0.580024,0.518592
6178,449,1,1,2,1,1,0,2,1,0,3,0,5,1,3,83.5,0.534592,4.694076,4.868421,15.983049,0.906403,0.542383
4242,623,4,1,9,5,11,0,1,1,2,1,0,21,3,1,50.5,0.283937,2.828854,5.093789,4.962881,0.350242,0.221296
16500,1445,2,1,16,4,5,1,4,1,1,6,1,26,2,7,33.5,0.77104,6.363636,4.673392,35.830397,0.171251,0.621877
11779,1542,4,2,25,1,20,0,3,1,2,13,1,48,3,14,0.0,0.90355,7.470923,7.078392,410.810302,0.999236,0.667576
4570,378,1,1,5,0,3,0,0,2,0,2,0,8,2,2,77.0,0.158352,3.719912,3.505417,4.566692,0.746899,0.34038
12787,1362,1,1,12,2,3,2,1,3,2,7,2,18,5,9,40.5,0.748129,5.005083,5.569718,49.711259,0.343333,0.531137
9950,1271,4,1,8,2,7,0,0,1,0,5,0,15,1,5,60.5,0.477945,4.221106,3.118231,9.272984,0.364158,0.418231
13105,819,1,0,3,0,4,0,2,1,0,0,0,9,1,0,80.0,0.905571,7.783289,6.53536,143.970876,0.790527,0.757574
9049,1092,2,0,11,4,3,2,2,2,1,7,2,18,3,9,44.5,0.798658,4.420378,4.279817,8.906931,0.2165,0.479874
10447,719,1,0,6,1,4,0,1,1,0,0,0,11,1,0,76.0,0.760305,7.179094,4.723958,100.974085,0.853111,0.665204
5069,456,0,0,4,1,1,0,0,1,1,0,0,5,2,0,86.0,0.414404,2.959164,4.378253,6.454955,0.203557,0.456336
15812,1123,2,1,4,3,2,0,2,0,0,5,1,8,0,6,75.0,0.749099,6.387554,4.590031,92.338841,0.857185,0.667144
2800,398,1,0,6,2,6,0,1,0,1,2,2,13,1,4,66.0,0.863775,6.785714,5.967402,64.460027,0.559541,0.681411
11044,1667,4,4,9,1,4,3,2,3,1,5,0,18,4,5,48.5,0.049011,1.901485,3.045431,4.636499,0.546795,0.287647
2710,420,1,0,1,0,0,1,0,0,0,2,1,2,0,3,91.5,0.811125,6.642066,4.019374,43.680219,0.270879,0.619809
5628,441,0,0,2,1,0,0,0,0,0,1,0,2,0,1,94.5,0.869919,4.264392,4.758441,47.079496,0.930028,0.661425
3200,300,0,0,3,0,1,0,0,1,0,0,0,4,1,0,90.0,0.442983,6.25,5.621895,18.243104,0.940863,0.540621
13453,864,3,2,2,0,1,1,2,0,0,3,0,6,0,3,83.5,0.856042,7.804951,5.632024,123.653206,0.938128,0.745665
2919,363,0,1,12,1,7,1,2,2,0,3,3,22,2,6,43.0,0.641003,8.564577,7.472909,25.548408,0.770274,0.663321
2805,444,0,0,5,1,4,0,2,1,0,2,0,11,1,2,73.0,0.845984,4.634581,6.196234,24.282473,0.557904,0.661381
10509,1162,3,2,9,0,7,0,4,2,2,1,1,20,4,2,49.0,0.617217,4.852983,5.050436,50.531292,0.993356,0.543873
5407,504,3,1,9,1,2,1,0,2,0,4,0,12,2,4,66.0,0.440378,5.178472,3.734692,11.917553,0.906969,0.429427
4644,522,0,2,5,1,4,0,4,1,0,5,0,13,1,5,64.5,0.26988,0.861326,4.252903,4.854042,0.057722,0.147538
9039,564,2,0,4,0,2,0,2,0,0,0,0,8,0,0,84.0,0.96765,5.974112,5.92375,210.242278,0.767297,0.749566
5147,347,0,0,0,0,0,0,1,1,0,1,0,1,1,1,94.5,1.0,7.188654,6.742381,167.867496,0.776528,0.809415
8579,649,2,0,3,0,2,0,1,0,0,2,0,6,0,2,85.0,0.873169,8.159459,6.177475,117.601376,0.747921,0.716527
7452,1026,2,1,13,0,3,1,1,0,2,2,2,18,2,4,54.0,0.543884,4.830918,5.062035,21.237494,0.491446,0.430646
7491,551,2,1,8,0,5,0,2,0,0,3,2,15,0,5,62.5,0.52393,5.740222,4.30337,18.946473,0.760076,0.440046
8530,1132,3,1,4,1,3,2,1,2,1,2,1,10,3,3,69.5,0.530956,6.213365,4.901049,29.770304,0.422212,0.543739
4135,433,3,0,3,0,3,1,0,0,1,5,0,7,1,5,76.5,0.041504,1.692866,2.425484,3.811948,0.154925,0.175959
6945,463,0,1,4,0,4,0,0,1,0,0,0,8,1,0,82.0,0.8829,6.335493,6.2063,95.002394,0.924602,0.679417
18000,1203,2,1,14,3,3,1,0,0,1,3,0,18,1,3,57.5,0.979535,7.611111,5.908452,217.954303,0.749024,0.80126
7064,637,0,0,5,0,3,0,0,1,0,4,0,8,1,4,76.0,0.548991,5.237826,4.487858,14.030007,0.094885,0.483547
2800,611,0,0,7,1,2,1,0,0,1,1,0,10,1,1,76.5,0.906734,8.214286,6.419702,101.266906,0.53995,0.755912
14569,1435,0,0,9,3,5,0,1,1,0,2,0,15,1,2,65.0,0.822031,8.785778,6.073766,89.854189,0.538926,0.736504
12083,755,2,0,7,0,6,0,2,1,0,3,0,15,1,3,63.5,0.697475,4.800132,5.826642,238.551888,0.887142,0.545332
8063,831,3,1,9,1,2,0,1,2,2,2,1,12,4,3,63.5,0.193329,1.612303,2.741502,0.797764,0.467998,0.291619
13000,1273,2,0,18,3,10,0,4,0,2,1,0,32,2,1,30.5,0.242692,2.461538,2.997128,0.265595,0.037278,0.240404
10663,1190,2,1,10,4,12,1,7,0,2,8,1,30,2,9,22.5,0.550926,3.845072,5.296061,21.394731,0.653834,0.471635
7725,978,2,2,5,2,4,0,2,2,0,3,0,11,2,3,69.5,0.600485,4.660194,5.063656,17.119456,0.268271,0.497776
7963,868,1,0,2,0,6,0,3,0,0,5,0,11,0,5,70.5,0.464568,4.144167,4.356633,6.136019,0.630878,0.439148
13796,1242,3,2,9,3,7,0,2,1,0,5,0,18,1,5,54.5,1.0,8.553204,5.821514,316.160105,0.596468,0.731171
9118,622,4,0,10,0,3,0,1,1,2,3,0,14,3,3,61.5,0.458241,5.264312,4.468632,25.982748,0.909031,0.546834
16243,1295,4,2,8,6,7,1,2,2,0,4,0,18,2,4,54.0,0.580951,5.663978,4.927,45.864899,0.13798,0.48562
7942,515,1,2,5,2,4,0,1,0,0,1,0,10,0,1,78.5,0.362574,2.266432,3.849112,3.761866,0.907445,0.413362
13329,854,0,1,5,2,4,3,4,2,0,0,1,16,2,1,62.5,0.714109,8.477755,5.252048,75.786672,0.847899,0.717116
10026,884,2,1,3,0,2,1,1,0,0,1,1,7,0,2,83.0,0.954177,6.882107,6.049987,71.883531,0.557967,0.756302
6628,414,3,0,2,0,2,1,0,1,0,0,0,5,1,0,88.0,0.713671,6.638503,5.423466,41.324123,0.82095,0.696939
4250,722,0,1,7,1,12,2,0,1,0,4,1,21,1,5,48.5,0.826263,8.0,6.592688,133.93902,0.817804,0.6808
11971,843,1,0,4,1,3,0,1,1,0,3,1,8,1,4,76.0,0.669546,3.675549,5.24255,42.668522,0.867152,0.663396
4822,951,0,0,7,3,5,1,2,1,3,4,0,15,4,4,56.0,0.157144,2.90336,3.498459,0.460748,0.509176,0.217029
4325,529,1,1,2,2,2,0,1,0,1,3,2,5,1,5,80.5,0.073249,1.618497,1.862866,0.904202,0.146157,0.24358
5366,739,5,2,6,0,3,0,0,0,0,2,1,9,0,3,77.5,0.215639,3.91353,3.821763,3.163675,0.421265,0.379231
9167,1138,2,3,10,4,2,1,4,1,0,9,2,17,1,11,47.5,0.64177,4.254391,4.875274,51.346271,0.571324,0.518833
2200,300,0,0,4,1,2,1,0,0,2,2,2,7,2,4,76.0,0.289226,3.636364,2.534485,0.018619,0.387834,0.369347
5617,721,1,0,2,1,3,0,1,1,0,0,1,6,1,1,84.5,0.551708,1.958341,4.656406,6.163591,0.270446,0.420147
8716,866,2,0,6,2,3,2,3,0,2,6,1,14,2,7,57.5,0.351268,4.359798,4.452726,16.873932,0.661773,0.417433
5578,476,2,2,5,0,3,0,1,1,0,4,0,9,1,4,74.0,0.269075,3.944066,5.132898,22.42421,0.908044,0.50015
10396,1151,4,2,5,2,11,3,3,1,2,5,0,22,3,5,42.5,0.404136,3.751443,4.587802,12.036849,0.712572,0.316694
11905,1418,4,2,4,0,4,1,2,0,0,4,1,11,0,5,70.5,0.479508,4.955901,4.07069,29.506837,0.262065,0.459889
6461,831,0,0,4,1,5,1,0,1,1,1,0,10,2,1,74.5,0.155212,2.321622,2.652872,2.886941,0.118135,0.244948
3739,483,1,0,4,1,2,1,2,1,0,1,0,9,1,1,78.5,0.091264,0.802354,2.40264,0.002619,0.385724,0.241364
8026,910,2,3,10,2,6,1,4,0,1,2,0,21,1,2,53.0,0.229422,4.859208,3.821139,14.182412,0.791297,0.421958
4822,720,1,1,3,1,6,0,0,0,1,4,0,9,1,4,74.0,0.041694,1.036914,1.821834,2.005054,0.344515,0.173741
16431,1219,2,2,4,3,5,0,2,1,3,1,0,11,4,1,68.5,0.924574,7.729292,7.463644,396.559645,0.719965,0.770049
5472,985,1,3,7,2,1,2,0,2,2,3,1,10,4,4,66.0,0.118176,1.27924,2.303219,0.142051,0.276526,0.200711
10574,1293,3,1,13,2,15,5,4,6,3,13,1,37,9,14,0.0,0.158358,0.472858,3.898326,0.228012,0.080737,0.080089
14883,1039,0,0,1,0,5,1,1,0,1,2,1,8,1,3,77.5,0.708403,5.778405,5.414563,45.062708,0.685603,0.674781
11000,2094,2,1,14,5,16,3,2,2,1,7,0,35,3,7,13.5,0.190804,2.454545,2.743658,1.932737,0.498281,0.234667
3429,390,2,1,3,1,3,0,2,1,1,1,1,8,2,2,77.0,0.047752,1.166521,2.061279,0.000235,0.168081,0.215607
3301,419,1,1,2,1,3,0,1,0,0,1,1,6,0,2,85.0,0.414933,2.726447,3.145381,2.812489,0.365098,0.384118
5675,626,6,0,6,4,8,2,2,0,1,2,1,18,1,3,57.5,0.672842,4.229075,4.994063,3.876779,0.774932,0.565912
3728,317,0,0,2,1,4,0,1,2,1,2,0,7,3,2,77.0,0.625372,5.633047,4.061718,9.482473,0.055255,0.453963
3494,437,3,1,9,3,2,2,2,1,1,1,0,15,2,1,64.5,0.901048,10.303377,6.498052,44.938511,0.904326,0.805525
3245,300,1,0,4,1,0,0,1,1,0,1,0,5,1,1,86.5,0.498739,6.471495,4.650188,12.3519,0.762873,0.526191
12320,1573,4,1,9,1,9,2,2,1,1,3,2,22,2,5,44.5,0.592027,6.087662,4.322925,16.101133,0.329631,0.49201
9480,829,0,1,4,2,3,1,1,0,1,1,0,9,1,1,78.5,0.676897,4.64135,4.844273,21.668407,0.409287,0.534285
13284,1570,6,2,15,2,3,1,4,4,2,2,3,23,6,5,34.5,0.487917,3.312255,4.327333,30.718304,0.695403,0.45977
3641,831,2,0,9,0,2,1,0,0,1,3,0,12,1,3,69.5,1.0,8.514144,6.527971,107.487174,0.509804,0.739005
4168,487,0,0,4,0,5,1,1,0,0,1,1,11,0,2,75.0,0.163009,3.119002,2.707224,1.453527,0.588722,0.290418
6724,481,0,0,2,0,2,2,2,4,1,0,0,8,5,0,74.0,0.321397,4.164188,3.638643,16.521828,0.953036,0.560943
7156,656,0,1,5,0,3,0,2,0,1,0,0,10,1,0,78.0,0.795532,8.24483,5.201395,21.026719,0.38268,0.672476
4896,306,0,0,2,1,0,0,2,0,0,1,0,4,0,1,90.5,1.0,8.169935,6.314503,200.307759,0.908922,0.817508
10661,1062,2,0,3,1,3,0,2,0,0,4,3,8,0,7,73.5,0.38676,3.282994,4.582967,3.979446,0.284437,0.435
5875,814,0,1,10,1,7,1,4,1,0,5,0,22,1,5,46.5,0.72324,7.489362,6.258805,175.957049,0.969332,0.669082
3211,321,1,0,4,1,2,2,4,0,0,0,1,12,0,1,74.5,0.597119,3.114295,4.744074,8.468665,0.897744,0.475285
11426,1267,2,1,7,0,3,2,4,0,0,1,2,16,0,3,63.5,0.770767,5.338701,5.421125,45.410263,0.425468,0.48047
5749,537,1,0,6,0,7,0,1,0,0,5,1,14,0,6,63.0,0.040272,4.696469,3.039167,4.575625,0.75092,0.276341
11143,1990,2,4,5,3,12,2,6,5,2,3,1,25,7,4,30.0,0.13786,1.256394,2.351101,5.600498,0.46356,0.213934
4366,300,1,0,1,1,0,0,0,0,0,0,1,1,0,1,96.5,0.625148,5.038937,4.596312,17.544924,0.998495,0.607973
14283,1539,5,0,8,1,11,4,3,0,0,4,1,26,0,5,40.5,0.364376,3.150599,4.755037,36.91497,0.649838,0.45509
5657,781,2,0,0,0,4,0,1,0,2,2,0,5,2,2,83.0,0.618305,3.535443,5.39583,8.604835,0.541788,0.485163
13596,849,2,1,7,0,1,0,1,1,0,0,0,9,1,0,80.0,0.856092,6.472492,6.453012,162.391885,0.646384,0.716171
7639,532,0,0,3,0,1,1,0,0,0,2,0,5,0,2,87.0,0.841126,5.10538,6.141139,55.844594,0.523532,0.675388
18000,1296,1,2,7,0,4,1,5,1,0,6,0,17,1,6,55.0,1.0,8.777778,6.451452,159.811865,0.554807,0.761651
12837,1662,4,3,11,1,13,2,3,1,1,4,3,29,2,7,27.5,0.757204,5.141388,5.527432,32.136595,0.192953,0.472242
7847,563,4,1,7,0,0,0,1,0,1,2,1,8,1,3,77.5,0.472894,6.626736,4.811114,49.378211,0.976625,0.462912
5680,651,0,0,4,3,7,4,1,0,1,1,0,16,1,1,64.5,0.054923,3.34507,2.918967,2.171868,0.077509,0.238178
7810,735,4,1,6,0,2,2,0,0,2,1,0,10,2,1,74.5,1.0,5.24968,6.24645,52.817166,0.260012,0.693184
12511,937,2,0,6,1,6,0,0,0,1,4,0,12,1,4,68.0,0.595293,4.396131,4.280374,18.146032,0.095765,0.441073
10922,804,6,1,9,0,6,1,1,0,0,7,1,17,0,8,54.0,0.662128,5.401941,5.61105,197.663901,0.969309,0.531659
14127,882,0,1,4,0,1,0,1,0,0,4,0,6,0,4,82.0,0.739265,5.308983,6.066737,328.865637,0.826043,0.712694
9331,583,0,0,1,1,1,0,0,1,1,1,0,2,2,1,90.5,0.745605,6.21584,5.131033,106.768592,0.953078,0.68613
2443,300,0,0,5,0,3,0,2,0,0,1,0,10,0,1,78.5,0.135736,3.683995,2.905931,0.363875,0.056991,0.235569
5092,511,1,0,6,0,5,0,0,0,2,4,0,11,2,4,68.0,0.630788,7.2663,4.816897,28.503658,0.854892,0.562447
4817,537,1,0,6,0,7,0,3,1,2,2,1,16,3,3,57.5,0.087558,2.075981,2.867178,0.383061,0.431899,0.161412
4272,524,1,0,14,0,3,0,2,0,0,4,0,19,0,4,56.0,0.699484,8.426966,5.419278,133.583918,0.862256,0.685165
5936,1084,2,0,12,1,5,0,2,5,2,3,0,19,7,3,43.5,0.031006,1.684636,2.839389,4.619566,0.259918,0.207654
8382,867,3,0,6,1,4,1,1,0,2,5,1,12,2,6,63.0,0.099346,1.908852,2.523195,0.130755,0.13043,0.228571
8343,675,2,0,1,1,4,0,1,1,1,2,0,6,2,2,81.0,0.631008,3.955412,4.648612,36.148773,0.255673,0.51328
5360,995,3,1,3,1,2,1,7,0,0,5,0,13,0,5,66.5,0.179731,2.798507,3.576318,1.6011,0.544241,0.325882
4500,396,0,0,1,0,1,0,0,0,0,0,0,2,0,0,96.0,0.969229,6.888889,5.57164,20.76375,0.343132,0.714202
9743,749,2,1,4,1,3,0,3,0,0,1,0,10,0,1,78.5,0.529708,3.900236,5.28084,28.860088,0.122187,0.400329
4865,677,1,0,7,0,8,0,3,1,0,3,0,18,1,3,57.5,0.443939,3.494347,3.703149,3.139302,0.357117,0.344948
10556,792,2,1,2,1,4,2,1,2,0,3,3,9,2,6,69.0,0.556389,3.884047,4.844378,11.490163,0.228993,0.447709
8202,862,3,0,10,1,4,1,4,0,1,1,0,19,1,1,58.5,0.402247,2.682273,4.356409,8.22168,0.927276,0.446507
11879,742,4,2,5,4,1,0,2,2,1,1,0,8,3,1,76.5,0.793719,7.997306,5.66495,337.957317,0.846476,0.69742
10505,965,4,0,11,2,9,2,6,2,0,8,0,28,2,8,28.0,0.047986,1.427891,2.562417,3.97623,0.705181,0.157645
8484,950,0,1,6,1,5,1,4,1,1,2,0,16,2,2,61.0,0.155966,1.650165,2.619397,4.77277,0.406908,0.237854
8697,1425,6,2,8,3,6,1,1,3,3,3,1,16,6,4,50.0,0.535582,4.484305,3.301379,3.630999,0.475679,0.438376
9023,948,4,1,11,3,7,0,2,0,2,3,1,20,2,4,50.0,0.652394,5.984706,5.245206,58.721078,0.897332,0.477336
5930,516,0,0,6,1,3,1,1,1,0,2,0,11,1,2,73.0,0.143782,2.023609,2.439414,4.25693,0.100275,0.245484
13190,1529,3,0,9,2,2,2,1,2,2,4,1,14,4,5,56.5,0.528196,4.624716,4.013526,25.990538,0.310765,0.444157
10320,1284,2,1,8,3,9,5,3,1,1,5,0,25,2,5,38.5,0.640899,3.77907,5.238517,26.155785,0.662045,0.456332
8251,1001,3,0,12,1,8,1,3,2,0,4,0,24,2,4,42.0,0.50766,3.272331,4.284604,13.845993,0.392748,0.405812
5148,609,1,1,2,2,4,2,4,1,0,3,2,12,1,5,66.5,0.050566,3.885004,2.818985,2.053151,0.747208,0.305164
10990,686,1,1,5,0,3,0,1,0,0,2,0,9,0,2,79.0,0.945084,6.460419,6.305133,285.699777,0.983047,0.788186
6590,1050,0,2,11,1,4,0,3,1,0,4,0,18,1,4,56.0,0.148579,2.883156,2.977026,1.242751,0.54894,0.212562
12615,1370,1,1,12,2,7,1,5,3,2,4,0,25,5,4,34.0,0.612057,6.500198,5.213578,43.703469,0.648745,0.51604
7772,1028,1,4,8,0,9,1,1,1,1,3,0,19,2,3,53.5,0.622514,6.047349,4.463121,14.754481,0.414446,0.460797
8581,1034,0,1,9,2,3,1,1,1,0,0,1,14,1,1,68.5,0.257186,3.496096,3.876015,8.551968,0.452478,0.335467
14838,927,2,0,7,0,2,0,2,1,0,1,1,11,1,2,73.0,0.723784,6.065507,7.122843,79.256427,0.885022,0.681233
2796,470,3,2,10,1,0,1,1,1,0,1,1,12,1,2,71.0,0.08094,1.788269,3.031101,0.498956,0.181832,0.248805
8129,706,3,2,6,0,4,0,1,0,0,2,1,11,0,3,73.5,0.957197,8.857178,5.921373,149.684522,0.60008,0.784118
8111,904,6,0,4,5,5,1,1,4,1,2,0,11,5,2,65.0,0.032126,1.602762,2.439345,0.896102,0.005579,0.192088
16500,1825,2,3,11,1,9,0,1,3,1,3,2,21,4,5,42.5,0.591554,4.484848,4.567398,25.294821,0.595188,0.487646
9967,1085,2,1,6,0,6,0,3,1,0,5,1,15,1,6,59.0,0.73865,4.414568,4.952996,25.809048,0.196393,0.511393
9634,1197,3,2,6,0,4,0,4,6,0,3,0,14,6,3,55.5,0.17875,1.868383,2.766507,9.772125,0.560495,0.17921
9091,919,1,4,10,2,9,1,3,1,0,3,0,23,1,3,47.5,0.209143,5.059949,3.855447,12.949572,0.712561,0.432213
4353,601,3,1,9,0,5,1,5,0,2,3,1,20,2,4,50.0,0.248079,1.837813,2.693958,0.048123,0.156568,0.185446
6863,597,1,2,3,0,1,1,2,0,0,2,1,7,0,3,81.5,0.781629,8.013988,6.324052,20.294282,0.675137,0.66407
8425,1194,5,2,9,0,8,1,1,0,1,2,1,19,1,3,55.5,0.665968,4.510386,4.530505,31.424881,0.344653,0.553651
2800,318,0,0,8,1,0,1,0,0,0,0,0,9,0,0,82.0,0.841813,6.785714,6.085149,75.34596,0.979603,0.680077
2851,342,0,1,3,1,2,0,1,1,1,1,0,6,2,1,82.5,0.051492,1.052262,2.591658,0.029461,0.391409,0.176956
11452,1355,1,0,5,2,3,0,1,1,1,2,0,9,2,2,75.0,0.669757,4.628013,4.94668,23.255206,0.304779,0.493491
13000,1813,2,1,5,4,3,3,4,2,2,6,1,15,4,7,51.5,0.035657,1.384615,2.932022,7.455718,0.519202,0.279588
2200,300,1,0,4,0,1,0,0,1,0,1,2,5,1,3,83.5,0.163656,2.272727,2.371639,0.106816,0.209785,0.250964
14411,903,1,1,5,3,2,1,2,0,0,1,0,10,0,1,78.5,0.829932,8.257581,6.041763,435.501138,0.656645,0.682987
16212,1478,2,2,8,0,3,3,5,0,0,6,2,19,0,8,50.0,0.814961,4.811251,5.439983,59.789975,0.628459,0.585314
8604,1034,1,2,2,0,5,1,5,1,0,4,0,13,1,4,66.0,0.468631,4.300325,4.734607,14.776473,0.365458,0.451498
9777,1498,2,4,18,4,16,0,8,2,0,5,4,42,2,9,0.0,0.018115,2.147898,2.994367,0.701798,0.150433,0.157105
3491,416,3,0,3,1,3,1,1,0,1,3,0,8,1,3,77.5,0.150571,1.718705,2.037743,0.546075,0.024266,0.250492
13943,1466,2,2,7,1,0,1,1,0,1,2,0,9,1,2,77.0,0.918157,7.172058,6.306748,165.853262,0.572662,0.776975
4931,549,1,2,5,2,9,0,2,1,0,0,0,16,1,0,66.0,0.735182,3.853174,5.745156,18.829643,0.622611,0.540592
4051,589,2,0,15,1,3,0,0,1,0,3,4,18,1,7,51.5,0.817413,7.405579,6.228924,108.60482,0.753113,0.675566
3845,468,2,0,1,1,3,1,3,0,1,1,0,8,1,1,80.5,0.633831,7.802341,4.339883,16.137301,0.361439,0.588051
10260,657,1,0,6,1,0,1,1,1,0,1,0,8,1,1,80.5,0.956621,7.504873,6.312696,100.082127,0.807827,0.726614
2200,300,0,0,2,1,1,0,0,0,0,1,0,3,0,1,92.5,0.120624,1.363636,4.076255,0.229145,0.461884,0.249643
8356,989,1,0,7,2,2,2,2,1,1,3,2,13,2,5,62.5,0.102005,2.513164,2.531701,5.181593,0.409535,0.252509
7341,1298,2,0,8,2,4,0,1,2,2,1,2,13,4,3,61.5,0.121186,2.315761,2.450293,2.582976,0.31969,0.2848
5924,912,3,2,9,3,6,1,3,2,0,3,0,19,2,3,53.5,0.103016,1.856853,2.734059,1.20648,0.192415,0.219292
2415,300,0,0,3,0,1,0,0,0,0,2,0,4,0,2,89.0,0.104585,0.414079,2.882064,1.838841,0.342647,0.283429
5343,490,1,0,2,1,3,0,3,0,0,4,1,8,0,5,76.5,0.117062,1.497286,3.932312,2.358489,0.240422,0.158855
4129,505,2,0,6,1,5,1,0,2,0,2,3,12,2,5,64.5,0.265628,1.210947,1.898802,0.016959,0.225021,0.22965
13730,858,0,0,5,1,4,0,2,1,0,4,0,11,1,4,70.0,0.958037,10.123816,6.199868,155.344458,0.92391,0.809942
11765,1355,1,2,4,1,4,0,4,1,1,4,0,12,2,4,66.0,0.578859,4.759881,4.217456,47.925653,0.62599,0.509824
8021,845,2,3,3,2,3,0,3,2,1,1,1,9,3,2,73.0,0.675656,4.737564,4.535848,19.119004,0.404256,0.548545
7786,998,2,1,4,0,5,0,1,0,2,4,0,10,2,4,70.0,0.60411,4.752119,4.594378,16.617638,0.330769,0.501635
8919,1370,3,5,4,3,7,1,7,0,0,5,1,19,0,6,53.0,0.127986,1.906043,3.123279,1.066505,0.196233,0.190142
6998,617,1,0,3,1,4,0,0,1,1,3,0,7,2,3,77.5,0.421837,2.429266,4.370233,4.174522,0.413949,0.41223
13698,1371,2,1,8,1,7,2,2,0,1,4,2,19,1,6,51.0,0.745969,5.475252,5.147257,55.769515,0.403034,0.553514
1500,300,1,1,0,1,3,0,0,0,0,0,0,3,0,0,94.0,0.414968,1.333333,2.72334,0.825615,0.519903,0.325749
1500,300,1,0,4,2,1,0,1,0,0,1,0,6,0,1,86.5,0.087892,0.0,0.0,0.0,0.21115,0.184146
13000,1296,4,2,11,3,2,2,3,0,0,6,1,18,0,7,53.5,0.162083,2.0,3.061162,1.303224,0.104488,0.269477
9255,1049,6,0,10,1,5,0,5,0,1,1,0,20,1,1,56.5,0.505284,4.321988,3.86137,5.392567,0.173912,0.428949
5142,494,1,0,3,1,1,1,1,1,1,0,0,6,2,0,84.0,0.990697,5.639829,6.475252,18.921935,0.541966,0.705899
6215,409,0,0,3,1,0,0,1,0,0,0,0,4,0,0,92.0,0.674697,4.183427,5.959714,13.256499,0.587768,0.650187
5753,747,3,3,6,0,3,0,4,0,1,1,0,13,1,1,70.5,0.553209,3.128802,3.495516,2.025151,0.454177,0.350949
6849,831,1,1,7,1,3,0,1,0,4,2,0,11,4,2,67.0,0.760153,5.840269,4.648023,8.739954,0.450736,0.52739
4072,573,3,1,6,1,4,0,0,2,0,1,0,10,2,1,74.5,0.180989,3.438114,4.246167,6.706739,0.502876,0.232629
5746,621,1,1,7,0,5,1,0,1,4,4,3,13,5,7,53.5,0.027406,2.610512,2.90883,1.056414,0.775846,0.161318
11247,1039,0,0,2,0,2,0,0,0,0,2,0,4,0,2,89.0,0.925319,5.957144,6.269783,35.214763,0.54893,0.73423
7827,952,1,0,5,0,0,0,0,1,0,1,2,5,1,3,83.5,0.356642,3.321835,3.585197,2.747523,0.329771,0.448474
11000,1979,5,1,11,2,10,1,4,2,4,6,5,26,6,11,19.5,0.272202,3.363636,3.804713,5.937032,0.492753,0.329059
8150,725,1,1,5,2,3,0,2,0,0,0,0,10,0,0,80.0,0.700456,5.889571,5.194116,31.018853,0.642732,0.659886
6725,591,0,1,6,2,0,0,1,2,0,2,2,7,2,4,76.0,0.645975,2.527881,4.209867,7.075007,0.133624,0.417183
5881,546,2,0,4,0,2,1,2,1,0,1,0,9,1,1,78.5,0.325359,3.570821,3.875889,8.368802,0.112926,0.370237
3613,344,3,1,4,0,1,2,1,0,1,1,0,8,1,1,80.5,0.659486,6.089123,4.899828,57.600293,0.816777,0.523599
6280,794,5,0,5,0,3,0,4,2,1,6,1,12,3,7,59.5,0.074724,2.388535,4.087157,7.737288,0.536015,0.239186
9400,643,2,0,3,0,1,0,1,0,0,1,1,5,0,2,87.0,0.73996,7.234043,4.940158,91.331992,0.585132,0.701775
3398,300,1,0,5,1,3,0,2,0,0,0,0,10,0,0,80.0,0.722785,6.180106,4.766432,37.367821,0.880419,0.610962
3515,360,1,1,2,1,3,0,1,0,3,2,0,6,3,2,79.0,0.261744,3.129445,5.013258,2.622178,0.117419,0.267111
7203,465,1,0,3,1,1,0,0,0,0,0,1,4,0,1,90.5,0.913964,7.635707,6.575429,16.735232,0.842996,0.788534
5265,581,1,1,2,1,3,1,4,0,0,2,0,10,0,2,77.0,0.156774,4.368471,2.92155,4.728442,0.503985,0.437154
13953,1252,1,0,6,0,0,0,0,0,0,3,1,6,0,4,82.0,0.924945,6.020211,6.260472,64.119672,0.612155,0.780771
8203,704,1,1,13,2,8,1,1,0,0,4,1,23,0,5,46.5,0.561102,5.485798,4.575343,119.602348,0.901178,0.410827
4278,394,1,2,1,0,3,1,2,2,0,2,0,7,2,2,79.0,0.331237,0.935016,2.793362,2.578069,0.11526,0.265888
7591,1136,0,0,9,1,2,1,2,2,2,3,2,14,4,5,56.5,0.044955,1.05388,4.207547,2.120151,0.334309,0.186934
4060,378,1,0,3,0,1,0,2,2,0,4,0,6,2,4,78.0,0.7347,8.128079,4.73654,21.410967,0.017862,0.554283
7565,1281,7,3,11,6,8,0,4,0,1,4,1,23,1,5,44.5,1.0,6.477198,5.783709,70.50064,0.624899,0.70509
1500,300,1,0,0,0,1,0,0,0,0,1,1,1,0,2,95.0,0.116828,3.333333,2.339724,0.001883,0.274525,0.294849
3454,425,1,1,5,1,2,0,0,1,0,2,0,7,1,2,81.0,0.807693,7.527504,4.944083,13.184969,0.30315,0.583665
7552,1066,2,1,3,0,6,0,2,0,0,4,0,11,0,4,72.0,0.527685,4.899364,4.329432,22.023127,0.291256,0.435224
11421,713,0,1,1,1,5,0,1,1,0,1,0,7,1,1,82.5,0.817503,6.829525,6.096293,104.499456,0.855589,0.710632
13710,941,3,1,5,2,4,1,4,1,0,2,0,14,1,2,67.0,0.935349,7.148067,5.934929,44.008311,0.550827,0.67261
5831,409,1,0,1,0,4,0,0,1,1,0,1,5,2,1,84.5,0.792488,6.68839,4.691537,27.118807,0.749719,0.73221
6512,716,2,2,2,2,5,0,2,0,1,2,1,9,1,3,75.5,0.647789,7.831695,4.372548,15.14274,0.177426,0.589829
11497,889,3,1,6,2,2,2,4,2,1,3,1,14,3,4,60.0,0.584246,6.61042,5.041713,31.611277,0.978076,0.528284
6978,1323,1,1,16,4,11,3,5,2,1,3,1,35,3,4,18.0,0.170836,2.292921,3.639715,1.49579,0.307997,0.163884
9756,715,1,0,3,1,2,2,1,0,0,1,0,8,0,1,82.5,0.719663,7.175072,5.895279,249.794866,0.763919,0.680095
5731,387,3,0,1,0,2,0,1,1,0,1,0,4,1,1,88.5,0.936936,8.201012,5.775369,149.445538,0.521233,0.650334
8059,831,4,1,4,1,2,1,2,2,1,3,0,9,3,3,71.5,0.136184,3.102122,2.066181,1.975874,0.30512,0.270837
3494,327,1,0,3,0,2,1,1,0,0,2,1,7,0,3,81.5,0.232278,4.006869,3.388589,3.900055,0.224441,0.439775
10254,1485,4,0,25,1,13,0,3,3,1,9,3,41,4,12,0.0,0.816896,9.557246,6.088941,361.719797,0.887288,0.709924
5342,679,2,2,14,0,9,2,3,1,1,3,0,28,2,3,35.5,0.934868,5.615874,6.152986,94.080429,0.922855,0.691275
5616,679,2,2,14,0,7,3,3,0,0,1,0,27,0,1,44.5,0.669123,7.834758,5.281751,43.107379,0.798931,0.652742
4779,680,0,0,6,1,3,0,3,0,1,3,0,12,1,3,69.5,0.206096,3.138732,4.026228,3.94106,0.373336,0.305411
5561,936,2,2,10,3,6,0,2,2,1,3,2,18,3,5,50.5,0.061568,2.337709,2.864106,5.690938,0.213885,0.206932
12073,1796,6,2,9,0,4,1,1,0,1,5,1,15,1,6,59.0,0.725532,5.052597,4.965609,30.115225,0.546497,0.513848
9378,759,1,2,5,1,7,2,4,2,2,3,0,18,4,3,51.5,0.25231,1.492856,3.579634,1.234923,0.278537,0.199626
10239,677,2,1,2,2,3,0,2,0,0,0,1,7,0,1,84.5,1.0,4.492626,6.16402,136.971622,0.579852,0.714664
11131,1197,3,1,11,2,6,2,0,3,0,3,0,19,3,3,51.5,0.185976,2.515497,4.290931,28.170152,0.806687,0.331472
8922,1497,5,0,13,1,6,2,4,1,0,2,2,25,1,4,42.0,0.528554,3.58664,5.36911,4.045716,0.567548,0.480644
3985,379,0,0,6,0,3,0,3,1,1,1,1,12,2,2,69.0,0.693395,4.516939,4.34933,11.286459,0.966059,0.501266
5296,390,0,1,3,0,4,1,1,0,0,2,0,9,0,2,79.0,0.524626,4.531722,5.326519,35.28555,0.92306,0.536179
3310,392,0,0,2,1,2,1,2,1,0,5,1,7,1,6,75.0,0.217302,1.812689,2.817701,0.994857,0.129925,0.232815
7659,883,3,2,3,1,3,2,3,0,2,0,0,11,2,0,74.0,0.395275,2.611307,4.094673,24.553429,0.326135,0.485077
10362,1240,0,1,13,0,7,0,0,0,1,2,1,20,1,3,53.5,0.65075,6.465933,4.569945,28.170639,0.38569,0.615345
6426,762,1,3,9,0,5,0,2,3,1,6,2,16,4,8,48.0,0.00613,2.956738,3.657547,4.223569,0.756731,0.321896
7667,734,0,1,5,0,9,1,3,1,1,3,2,18,2,5,52.5,0.511976,4.956306,5.162611,35.761505,0.911838,0.521708
5258,568,0,0,7,1,3,0,3,0,0,3,1,13,0,4,68.0,0.55443,3.042982,5.023019,15.865966,0.706144,0.484252
6159,534,1,0,5,1,4,1,1,2,0,5,2,11,2,7,63.5,0.438075,5.520377,4.336271,50.317012,0.917471,0.491915
10123,632,0,0,1,0,2,0,1,0,1,0,0,4,1,0,90.0,0.832702,7.211301,5.85646,261.639424,0.986947,0.670038
11304,1180,3,0,3,1,7,0,1,1,0,1,1,11,1,2,73.0,0.553718,4.069356,4.788206,23.086199,0.223913,0.49602
3200,328,2,0,1,0,0,1,0,1,0,1,0,2,1,1,92.5,0.527,5.3125,3.854964,31.216153,0.3773,0.58772
4324,428,1,2,6,0,2,0,3,0,2,2,0,11,2,2,71.0,0.087332,2.312673,3.88577,1.953448,0.769085,0.368757
10632,1153,1,2,3,2,5,0,4,2,1,2,0,12,3,2,67.0,0.60342,4.984951,3.252806,3.254432,0.22712,0.424135
18000,1125,1,0,5,3,3,0,4,0,0,6,0,12,0,6,67.0,0.984429,7.166667,6.723266,514.460772,0.903634,0.74165
3364,476,2,2,4,0,3,1,3,0,0,4,1,11,0,5,70.5,0.672045,7.728894,3.885793,11.504502,0.402689,0.49867
11616,726,2,0,3,1,3,0,2,1,0,3,0,8,1,3,77.5,0.81022,7.92011,5.697589,136.896162,0.793103,0.773969
3297,408,2,3,6,1,8,2,1,0,1,1,2,17,1,3,59.5,0.159914,1.51653,3.344165,0.449902,0.116246,0.204335
6456,711,0,0,4,0,5,1,0,2,0,5,2,10,2,7,65.5,0.627607,5.885998,4.572666,23.90304,0.382822,0.551637
4208,672,2,3,7,0,6,0,3,0,1,4,0,16,1,4,60.0,0.055287,1.901141,2.88012,0.423747,0.187695,0.116387
6681,687,2,4,7,1,6,1,4,0,1,5,1,18,1,6,53.0,0.806288,5.687771,6.258494,80.493735,0.848705,0.639656
5031,688,2,2,9,2,3,0,1,1,0,1,1,13,1,2,69.0,0.286179,1.987676,4.605293,1.535461,0.360462,0.296979
17842,1631,4,0,10,1,2,2,3,2,1,1,1,17,3,2,57.0,0.8993,6.109181,5.027218,42.140167,0.256743,0.673803
3200,323,0,1,1,0,2,0,1,1,0,1,0,4,1,1,88.5,0.412605,3.75,6.48611,2.66189,0.341803,0.495115
2119,300,1,0,4,3,3,0,2,0,2,2,0,9,2,2,75.0,0.121518,0.943841,1.0,2e-05,0.271429,0.222752
10228,878,2,1,6,2,5,0,1,2,2,5,0,12,4,5,60.5,0.417825,4.497458,4.850989,34.025792,0.739444,0.473997
3430,300,0,1,3,1,2,0,2,0,1,0,0,7,1,0,84.0,0.52463,4.956268,4.84213,3.071712,0.990508,0.53468
13936,1558,3,6,10,6,6,1,4,0,1,4,2,21,1,6,47.0,0.708883,4.735936,5.498402,74.74084,0.661785,0.598574
1625,300,0,0,2,0,1,0,0,0,0,2,0,3,0,2,91.0,0.055522,1.846154,3.619192,0.256397,0.588258,0.331983
2065,367,0,1,4,0,0,1,1,0,0,0,0,6,0,0,88.0,0.123609,0.0,0.0,0.0,0.311558,0.173654
14081,1930,4,4,9,3,10,0,2,2,5,7,1,21,7,8,32.0,0.557979,3.621902,4.88066,48.625095,0.211925,0.446747
7991,730,2,2,6,2,3,2,2,0,1,2,1,13,1,3,67.5,0.689161,6.632462,5.293594,41.54927,0.699823,0.489302
5390,633,1,2,7,0,5,0,1,0,1,0,0,13,1,0,72.0,0.295023,2.597403,3.905581,13.546723,0.540418,0.405586
4386,464,0,0,2,0,0,2,1,0,0,1,0,5,0,1,88.5,0.659588,3.647971,3.981428,15.773089,0.231141,0.531912
6616,540,2,1,10,0,2,1,5,1,1,2,1,18,2,3,55.5,0.0048,1.813785,3.056074,2.517837,0.194555,0.130785
2800,558,1,1,5,0,3,2,0,0,0,2,1,10,0,3,75.5,0.856998,10.714286,5.713325,96.382462,0.413448,0.738328
6233,1041,1,2,5,2,0,1,5,4,1,4,0,11,5,4,62.0,0.131684,1.925237,2.674009,0.053755,0.21818,0.226106
2441,329,0,0,6,0,1,0,0,1,0,2,0,7,1,2,81.0,0.132734,1.638673,2.118173,1.343207,0.076706,0.231271
9905,1359,4,5,9,2,8,5,4,0,1,2,1,26,1,3,41.5,0.63455,6.057547,4.470515,32.384381,0.352186,0.565455
4746,481,3,1,5,1,1,0,2,1,0,4,0,8,1,4,76.0,0.386731,3.160556,3.348807,0.150511,0.019194,0.286116
13900,1141,2,5,9,1,4,0,2,1,0,3,1,15,1,4,62.0,0.777112,3.884892,4.180038,27.266879,0.068338,0.418025
13128,887,1,1,4,2,1,0,2,1,0,3,1,7,1,4,78.0,0.757139,4.798903,5.602317,41.400428,0.72561,0.655383
6382,570,2,2,4,0,3,0,2,2,1,5,0,9,3,5,68.5,0.367042,5.640865,5.088514,18.953694,0.996941,0.602684
5387,339,1,0,5,0,0,0,1,0,0,3,0,6,0,3,83.5,0.977856,4.826434,6.384884,25.212801,0.823442,0.67808
5450,457,0,1,3,1,1,0,1,0,0,4,0,5,0,4,84.0,0.9585,5.87156,6.474285,45.142891,0.628614,0.728638
14792,924,1,1,4,1,3,3,4,0,1,3,0,14,1,3,65.5,0.93494,6.760411,6.734169,159.892073,0.945404,0.723186
2200,300,0,0,1,0,0,0,0,0,0,0,0,1,0,0,98.0,0.120113,4.545455,2.810541,9.126841,0.401314,0.321767
6361,502,1,1,1,0,3,0,4,1,0,0,1,8,1,1,80.5,0.482414,5.187864,4.178531,12.239187,0.970425,0.480206
7603,877,1,0,7,2,1,0,2,3,1,1,0,10,4,1,70.5,0.603228,4.8665,4.218845,15.230265,0.174833,0.498338
4675,604,0,0,6,0,3,2,1,0,0,1,1,12,0,2,73.0,0.297766,4.919786,3.912255,6.74636,0.574915,0.48441
12426,776,3,1,4,1,3,0,1,0,0,0,0,8,0,0,84.0,0.806941,6.599066,5.819969,80.580322,0.890082,0.731811
2345,300,1,1,2,1,1,0,0,1,2,0,0,3,3,0,88.0,0.148646,2.985075,4.687572,1.917585,0.057864,0.246671
14621,2297,2,0,16,3,7,5,4,3,1,10,4,32,4,14,7.0,0.54069,3.898502,3.90529,20.579379,0.325763,0.448662
9112,751,1,0,3,0,1,1,0,1,0,2,0,5,1,2,85.0,0.607413,6.694469,5.04268,33.176624,0.607909,0.707018
3449,338,1,0,7,1,3,1,0,1,0,3,0,11,1,3,71.5,0.19002,3.479269,3.841933,2.557785,0.078487,0.287639
10019,1267,2,4,11,4,13,0,0,1,0,2,1,24,1,3,45.5,0.530505,4.092225,4.119029,15.580927,0.298195,0.564677
5429,809,1,3,6,2,4,1,0,2,0,3,1,11,2,4,68.0,0.535032,4.789096,3.645637,12.924068,0.291269,0.486671
18000,1140,3,0,11,0,4,0,3,1,1,2,2,18,2,4,54.0,0.752673,6.722222,5.43174,441.278857,0.938698,0.67704
5724,967,4,1,8,6,7,0,2,3,1,4,1,17,4,5,50.5,0.082215,1.921733,2.786678,0.004984,0.418202,0.100942
17693,1176,1,0,5,0,6,0,1,0,0,0,1,12,0,1,74.5,0.695197,6.386707,5.627529,41.452246,0.728857,0.730826
2898,366,0,0,4,0,3,0,5,1,2,3,0,12,3,3,65.5,0.028992,0.690131,2.098695,1.053168,0.177376,0.177266
12666,791,2,1,4,1,3,0,1,0,0,3,1,8,0,4,78.0,0.836085,6.158219,5.602287,72.57727,0.642417,0.74209
8503,749,4,3,8,0,11,1,3,0,0,2,1,23,0,3,49.5,0.089611,0.705633,2.636068,2.259354,0.157132,0.141587
5041,752,2,0,12,1,3,3,2,1,1,3,0,20,2,3,51.5,0.774457,10.11704,5.749411,197.799695,0.627029,0.704556
13086,975,0,1,3,0,4,0,0,0,1,3,0,7,1,3,79.5,0.974553,8.176677,5.716813,281.429417,0.622295,0.740768
5813,763,1,0,10,2,7,1,3,0,1,2,0,21,1,2,53.0,0.327716,2.408395,3.265861,4.514875,0.442233,0.338699
6046,545,1,1,4,0,2,0,0,2,1,4,0,6,3,4,76.0,0.395743,4.631161,4.719788,15.854985,0.828956,0.458329
10474,1437,1,3,11,1,3,2,4,1,3,3,0,20,4,3,47.5,0.147214,1.814016,2.137544,1.373864,0.412052,0.21767
3734,521,2,3,5,2,2,2,0,1,2,1,1,9,3,2,73.0,0.0,0.803428,4.452182,0.053353,0.664918,0.279414
8483,1303,3,2,11,1,5,2,1,1,1,4,1,19,2,5,50.5,0.151947,3.064953,3.041705,5.304763,0.327108,0.30273
7914,1132,3,1,5,0,5,0,4,1,0,3,0,14,1,3,65.5,0.403496,3.664392,4.235069,10.716562,0.459606,0.401674
8735,863,4,2,5,1,2,2,1,2,1,2,0,10,3,2,71.0,0.70033,5.724098,4.964033,25.272743,0.376934,0.561003
7051,880,2,1,14,0,5,2,1,4,1,8,0,22,5,8,34.0,0.117621,1.84371,3.118798,0.564494,0.753732,0.192046
8880,1056,1,2,8,2,7,0,1,0,0,3,0,16,0,3,63.5,0.731293,4.054054,4.834986,30.572309,0.341268,0.436582
5526,411,0,0,4,0,2,0,1,0,0,2,0,7,0,2,83.0,0.915172,6.514658,6.719072,159.917055,0.968955,0.786422
6918,843,1,3,12,1,6,0,5,1,1,2,1,23,2,3,45.5,0.282817,2.168257,3.371681,2.715982,0.03487,0.214607
8474,1146,3,1,10,0,5,1,5,1,2,4,0,21,3,4,46.0,0.210889,3.186217,3.491335,12.654094,0.611342,0.297246
15000,1542,5,3,10,1,8,2,6,2,5,4,2,26,7,6,25.0,0.626515,4.2,4.698162,36.477716,0.143676,0.420931
8484,1531,2,3,7,4,5,0,1,1,0,4,2,13,1,6,63.0,0.277211,1.414427,3.289493,0.751286,0.313191,0.249262
7530,1431,1,0,9,0,13,0,1,5,1,6,1,23,6,7,31.5,0.268443,3.585657,3.70579,13.059932,0.400432,0.307429
11639,1516,2,3,6,0,6,0,1,1,1,2,4,13,2,6,61.0,0.411898,3.436721,3.443986,18.206152,0.514085,0.470465
8082,1227,1,1,5,2,8,1,2,0,2,6,2,16,2,8,52.0,0.430093,2.969562,3.749346,8.037366,0.507854,0.418389
6320,408,2,0,1,1,0,0,2,0,1,0,1,3,1,1,90.5,0.976351,8.06962,5.782531,143.20788,0.590414,0.733805
5592,678,1,0,6,2,4,1,0,2,2,0,2,11,4,2,67.0,0.124868,2.145923,3.905966,3.542614,0.070662,0.279523
8064,504,1,0,3,0,1,1,1,0,0,0,0,6,0,0,88.0,0.98839,7.19246,6.890326,155.485755,0.820358,0.817823
14475,1835,6,5,9,3,10,3,3,1,1,8,1,25,2,9,32.5,0.729222,6.148532,4.618883,44.653396,0.392398,0.477018
6509,948,3,1,8,1,3,0,2,0,1,2,1,13,1,3,67.5,0.129269,2.611768,2.818714,1.921208,0.519787,0.281756
2208,300,0,1,3,1,5,0,0,1,0,0,1,8,1,1,80.5,0.120906,1.811594,1.510665,0.679831,0.464399,0.228217
15622,1473,2,1,5,1,3,0,1,1,0,3,1,9,1,4,74.0,0.83151,8.513635,5.583727,93.491442,0.607717,0.7205
5689,539,1,0,3,0,5,0,1,0,0,0,1,9,0,1,80.5,0.568433,3.691334,4.228718,7.346958,0.360704,0.451404
5603,884,0,1,6,0,7,3,5,1,0,4,4,21,1,8,44.0,0.061104,1.963234,2.438139,3.936795,0.231042,0.151655
7701,612,0,0,3,1,8,0,1,1,0,4,2,12,1,6,65.0,0.282434,2.077652,3.43305,11.641754,0.707212,0.423322
7109,541,2,1,6,0,4,0,6,3,4,6,1,16,7,7,43.5,0.604329,7.314672,4.810653,30.262557,0.961684,0.542107
1500,300,0,0,1,0,2,0,0,0,2,1,0,3,2,1,88.5,0.082485,4.0,3.923014,2.782221,0.557367,0.37943
7472,718,1,1,4,1,2,3,1,1,2,1,1,10,3,2,71.0,0.066698,2.944325,3.659764,2.662117,0.769867,0.299003
6749,766,0,1,4,1,5,1,1,2,1,2,1,11,3,3,67.5,0.478022,4.593273,4.526342,16.364361,0.269316,0.59004
7138,592,1,1,5,0,1,1,2,0,0,0,0,9,0,0,82.0,0.276181,3.782572,3.873625,7.676479,0.491721,0.34908
7529,776,0,2,4,1,6,0,1,1,1,4,0,11,2,4,68.0,0.296047,1.992296,3.947703,7.88369,0.454064,0.282565
5395,792,2,1,12,1,3,2,2,1,0,2,2,19,1,4,54.0,0.534448,4.448563,5.456024,16.101966,0.420587,0.490911
2985,371,0,1,3,2,2,1,1,0,1,0,0,7,1,0,84.0,0.138968,2.01005,2.479675,1.387269,0.567524,0.294343
9496,593,3,1,5,0,3,0,0,0,0,2,2,8,0,4,78.0,0.825267,6.213142,5.978572,109.320603,0.979037,0.711288
9235,1056,2,2,6,1,4,3,1,1,1,4,0,14,2,4,62.0,0.661651,5.630753,5.184972,17.357563,0.225461,0.510595
13000,1496,4,3,10,1,4,4,6,0,1,9,1,24,1,10,35.0,0.310238,2.076923,3.285301,16.030556,0.370592,0.263257
6930,578,3,1,6,2,4,2,5,2,0,3,0,17,2,3,57.5,0.701942,7.647908,5.622189,156.363952,0.971332,0.620159
4191,488,0,0,5,0,1,1,2,1,0,0,0,9,1,0,80.0,0.674738,6.680983,4.753296,2.367659,0.701225,0.541702
5106,412,3,1,4,1,2,0,1,0,0,2,4,7,0,6,77.0,0.249119,2.546024,3.873393,1.40822,0.27248,0.328327
10887,868,0,0,1,0,2,0,0,1,0,2,0,3,1,2,89.0,0.913672,5.970423,6.658909,66.224401,0.434274,0.662852
8193,1476,3,1,14,1,8,3,6,1,0,4,1,31,1,5,28.5,0.150528,2.074942,4.087275,4.01001,0.17185,0.164643
1569,300,1,0,0,1,0,0,0,0,1,1,0,0,1,1,96.5,0.102203,3.824092,2.664383,2.868975,0.146225,0.328963
10803,1404,1,4,9,2,7,4,4,3,2,2,2,24,5,4,36.0,0.200035,3.239841,3.820991,9.042219,0.446473,0.297112
10782,934,3,3,6,3,7,1,4,0,0,7,2,18,0,9,50.5,0.53158,4.730106,4.410061,17.759192,0.917247,0.5552
6461,586,1,1,5,2,3,0,4,0,0,1,0,12,0,1,74.5,0.675398,7.429191,6.144325,31.810874,0.689956,0.632717
8668,1044,5,2,13,1,6,1,2,0,1,7,0,22,1,7,43.5,0.653146,5.768343,4.441867,22.536928,0.675822,0.519312
6418,526,1,0,4,0,1,0,0,0,0,1,0,5,0,1,88.5,0.289131,5.141789,5.383984,5.973968,0.827713,0.457553
10209,638,3,1,4,1,2,0,1,1,1,1,0,7,2,1,80.5,0.911853,8.42394,6.467508,318.667837,0.88281,0.815996
4654,664,2,1,4,1,1,1,1,0,0,2,0,7,0,2,83.0,0.709216,3.652772,5.428026,12.178474,0.237644,0.45794
3571,486,1,1,3,0,0,0,1,0,1,2,0,4,1,2,87.0,0.456746,3.92047,2.881521,10.333603,0.308705,0.42956
5110,860,0,0,9,1,5,1,2,0,1,2,0,17,1,2,61.0,0.513598,4.892368,3.0779,6.673945,0.224108,0.430253
4845,339,1,0,4,2,5,0,2,0,0,2,0,11,0,2,75.0,0.545602,5.159959,4.751415,22.736695,0.922803,0.628083
1675,300,0,1,2,0,0,0,0,1,0,2,0,2,1,2,91.0,0.033997,2.38806,3.940728,0.646708,0.52364,0.274767
4926,780,2,0,12,2,6,0,1,1,1,3,0,19,2,3,53.5,0.915853,8.120179,5.523618,44.806877,0.542966,0.720075
3606,486,0,3,4,1,0,1,0,0,1,4,0,5,1,4,82.0,0.144606,2.218525,2.852321,0.036833,0.23503,0.21544
6246,632,1,0,5,1,2,1,1,0,0,0,0,9,0,0,82.0,0.997407,10.246558,5.989523,147.38699,0.664521,0.719778
4294,329,0,1,4,1,3,0,3,0,1,2,0,10,1,2,75.0,0.424595,4.191896,4.28766,3.154148,0.869101,0.416777
2800,671,1,1,7,0,9,0,1,0,0,1,1,17,0,2,63.0,0.961307,7.5,5.491695,77.118178,0.478106,0.706027
11047,738,2,0,3,0,5,1,2,0,0,2,0,11,0,2,75.0,0.902793,8.147008,6.849861,70.254799,0.858743,0.741928
4790,452,2,2,3,1,3,1,3,0,0,1,0,10,0,1,78.5,0.125243,1.461378,3.02791,0.059553,0.069107,0.232624
6809,675,2,0,11,2,4,1,2,1,1,2,0,18,2,2,57.0,0.038095,0.587458,3.133404,0.209792,0.098937,0.153478
9214,1200,1,0,5,0,4,0,2,1,0,3,1,11,1,4,70.0,0.178678,3.038854,3.080032,1.509433,0.300419,0.259789
13000,1267,1,1,7,1,11,1,1,3,2,5,0,20,5,5,42.5,0.119562,2.076923,3.45754,3.098613,0.290917,0.221907
12652,1056,4,1,16,2,4,1,1,2,1,6,1,22,3,7,39.5,0.556001,7.034461,5.278116,90.012227,0.804488,0.599879
11642,975,1,0,8,1,8,1,3,3,1,3,0,20,4,3,47.5,0.146724,3.435836,3.176721,10.854578,0.81612,0.289956
5543,1105,4,2,16,5,10,0,1,0,1,0,0,27,1,0,44.0,0.791848,9.200794,6.039579,88.329405,0.480046,0.780018
4109,522,1,1,1,1,1,0,1,1,0,0,0,3,1,0,92.0,0.777018,5.354101,5.547912,2.18003,0.444722,0.589319
10119,651,1,1,3,0,2,3,0,1,0,2,0,8,1,2,79.0,0.691233,6.522384,5.882081,67.181612,0.9888,0.667272
2800,317,1,0,6,0,6,0,1,0,0,2,0,13,0,2,71.0,0.853991,10.0,5.618345,7.940785,0.572058,0.659848
16940,1236,2,1,8,2,4,1,1,0,0,3,0,14,0,3,67.5,1.0,5.903188,6.255103,136.365622,0.791236,0.756269
3778,337,3,1,4,1,5,0,2,0,0,2,1,11,0,3,73.5,0.264335,1.852832,2.936023,0.219774,0.079912,0.287123
7350,503,1,0,1,0,0,0,2,1,0,1,1,3,1,2,89.0,0.871373,6.938776,6.186504,38.544441,0.723984,0.719915
3709,377,2,0,5,0,3,0,1,2,2,2,0,9,4,2,71.0,0.027001,1.617687,3.214064,3.047057,0.793929,0.241958
4558,402,1,0,5,0,2,2,1,0,0,1,1,10,0,2,77.0,0.091344,1.316367,2.28949,0.000138,0.079001,0.195083
6224,667,2,1,10,2,4,0,3,0,1,4,0,17,1,4,58.0,0.11461,1.446015,1.675993,1.186151,0.132697,0.182571
7425,500,0,1,6,0,0,0,0,0,0,0,0,6,0,0,88.0,1.0,11.043771,6.481089,380.145636,0.936315,0.837644
15490,1024,0,4,11,4,3,2,2,4,1,0,0,18,5,0,54.0,0.734021,7.359587,6.570484,138.45519,0.593614,0.694295
5331,491,0,1,3,0,2,1,0,0,3,2,0,6,3,2,79.0,0.057277,2.813731,4.208919,8.514507,0.754558,0.303489
6926,750,4,0,4,2,4,0,2,1,0,2,1,10,1,3,73.5,0.622796,5.197805,4.602601,20.526063,0.625252,0.476605
5067,593,1,1,3,0,1,0,1,0,0,4,0,5,0,4,84.0,0.521751,2.17091,3.782388,6.530578,0.320767,0.405421
9503,1320,4,3,16,3,4,3,1,5,2,8,1,24,7,9,24.5,0.065647,0.947069,3.792043,4.244806,0.167654,0.13175
3384,517,1,1,6,1,2,0,1,1,0,1,0,9,1,1,78.5,0.13899,1.477541,3.371711,0.228927,0.43707,0.296656
8230,1249,2,2,8,4,6,2,2,1,1,5,1,18,2,6,51.0,0.071634,4.009721,3.385811,2.486876,0.600576,0.334294
4695,323,0,0,0,0,3,0,0,1,0,1,0,3,1,1,90.5,0.830855,9.584665,6.24836,150.716881,0.600356,0.721195
5083,558,0,0,12,2,6,0,0,0,2,2,0,18,2,2,57.0,0.226258,1.967342,2.764379,2.994679,0.539501,0.255905
11906,1098,3,1,21,3,7,0,3,0,0,2,1,31,0,3,33.5,0.668616,4.61952,4.973096,69.440903,0.720673,0.528914
4733,655,0,1,5,2,3,1,2,0,1,2,1,11,1,3,71.5,0.346086,4.648215,3.536227,8.297055,0.57766,0.445752
8855,684,1,0,2,2,3,0,1,0,0,2,0,6,0,2,85.0,0.904204,6.437041,5.675284,31.49954,0.553281,0.75425
7241,1103,2,1,11,0,9,0,6,1,1,1,1,26,2,2,41.0,0.628233,4.833587,4.360289,18.283697,0.399445,0.51263
10780,695,2,2,1,1,1,2,1,0,1,0,0,5,1,0,88.0,0.843982,5.751391,5.636927,16.085932,0.811338,0.702797
12551,1363,3,0,14,0,14,0,3,2,1,4,2,31,3,6,23.0,0.269284,2.469923,4.339742,6.461584,0.535181,0.261835
17564,1097,1,1,6,1,3,0,0,1,1,0,0,9,2,0,78.0,0.864651,6.775222,6.855153,275.367032,0.783264,0.691585
13425,843,1,0,3,3,3,0,1,0,1,3,1,7,1,4,78.0,0.929299,8.789572,6.225596,178.037951,0.929083,0.793803
10818,1845,7,1,20,1,11,1,4,4,3,2,1,36,7,3,9.5,0.04105,3.14291,3.337455,7.801952,0.368158,0.268062
3200,388,1,3,4,0,0,0,0,0,0,1,0,4,0,1,90.5,0.622272,3.75,4.105217,8.260044,0.306435,0.558564
18000,1196,5,1,7,3,3,1,5,1,2,1,0,16,3,1,60.5,0.929867,6.777778,6.4127,89.901862,0.571754,0.736561
11698,1172,1,0,5,1,3,0,0,1,0,0,1,8,1,1,80.5,0.895099,8.462985,6.017684,164.681501,0.574774,0.760346
10518,726,3,0,7,1,2,0,2,0,0,1,0,11,0,1,76.5,0.707342,5.894657,5.309838,56.164203,0.964025,0.709341
3909,507,1,1,6,2,1,0,3,0,1,3,1,10,1,4,72.0,0.565862,4.604758,3.196308,18.152224,0.396846,0.440954
8795,1135,0,2,8,1,3,0,4,1,1,2,0,15,2,2,63.0,0.108155,3.069926,3.365481,4.696286,0.58206,0.338746
11566,722,2,0,1,2,7,0,2,0,0,0,3,10,0,3,75.5,0.804579,7.262666,5.838039,314.213007,0.974822,0.726622
10785,674,1,0,4,1,0,0,2,1,0,1,0,6,1,1,84.5,0.990203,8.715809,6.402467,106.131636,0.872654,0.853322
4882,664,3,1,11,0,7,0,3,0,0,2,1,21,0,3,53.5,0.854204,7.374027,6.386393,40.855703,0.749461,0.670881
12200,1879,2,3,10,3,6,2,1,2,0,2,1,19,2,3,53.5,0.651494,5.901639,4.560725,30.092524,0.487007,0.417964
1765,332,1,0,3,2,1,1,0,0,0,0,0,5,0,0,90.0,0.263951,1.133144,2.501702,0.305524,0.227314,0.243176
13801,1578,5,2,12,1,3,0,6,2,0,3,5,21,2,8,42.0,0.654937,5.796681,4.654467,25.645383,0.370613,0.512674
5807,821,2,1,8,1,4,2,0,1,1,8,1,14,2,9,54.5,0.05799,1.205442,2.399047,1.664327,0.603501,0.240439
13252,831,1,1,2,1,8,0,1,0,0,1,1,11,0,2,75.0,0.858291,6.263206,6.518009,342.81583,0.925934,0.706285
1500,300,3,0,1,0,2,1,0,1,0,0,0,4,1,0,90.0,0.237662,2.0,3.690411,0.601604,0.413256,0.306147
6630,880,4,2,5,1,3,1,1,0,0,2,0,10,0,2,77.0,0.239118,3.770739,3.770418,12.135508,0.578527,0.377286
7954,943,3,1,15,2,3,1,2,1,1,1,1,21,2,2,51.0,0.439863,3.143073,4.205592,14.513062,0.635403,0.475872
10361,1158,1,1,3,1,1,1,0,0,0,3,0,5,0,3,85.5,0.407022,3.6676,4.244104,20.299821,0.36353,0.444871
4683,401,2,0,8,0,1,1,2,1,1,2,0,12,2,2,69.0,0.540947,7.68738,5.48367,30.473646,0.89237,0.547435
9363,601,1,1,4,0,2,0,3,1,1,0,0,9,2,0,78.0,0.924232,6.087792,6.247431,247.818319,0.919075,0.654781
4500,329,0,0,2,0,0,0,0,0,0,2,1,2,0,3,91.5,0.94047,6.888889,6.733068,101.983998,0.527825,0.79404
8222,565,0,1,2,0,4,2,2,0,0,1,0,10,0,1,78.5,0.798885,6.081245,4.865808,176.370417,0.929384,0.724372
9858,976,4,0,3,3,1,0,0,1,0,4,0,4,1,4,84.0,0.634946,3.956178,4.70561,30.849583,0.143598,0.461614
12305,1013,2,2,9,1,8,1,2,2,1,3,2,20,3,5,46.5,0.118445,1.787891,3.265818,3.337125,0.008499,0.1561
10320,1536,3,2,9,2,9,0,2,0,1,6,0,20,1,6,49.0,0.487672,4.457364,4.420681,19.665676,0.367794,0.409578
4655,773,3,1,3,1,2,0,1,0,0,3,1,6,0,4,82.0,0.09272,1.074114,2.950774,0.249487,0.318467,0.231726
12729,795,2,1,3,0,3,2,1,1,1,2,0,9,2,2,75.0,0.999627,8.484563,6.230296,126.192302,0.533837,0.787349
7380,1232,2,3,11,3,4,1,3,0,3,1,1,19,3,2,53.0,0.112293,3.929539,2.704452,10.481061,0.233328,0.27076
4259,623,1,0,7,1,3,0,3,0,0,4,1,13,0,5,66.5,1.0,7.748298,6.644331,120.072621,0.959005,0.811271
3988,471,5,1,4,1,2,2,0,1,0,2,2,8,1,4,76.0,0.637362,7.271815,4.127187,21.962461,0.70584,0.524995
4336,464,0,0,3,0,1,0,2,0,0,1,1,6,0,2,85.0,0.614359,5.535055,4.996745,12.842936,0.40584,0.428952
4502,418,2,1,0,0,3,0,2,0,1,3,1,5,1,4,82.0,0.125034,1.332741,2.456697,0.014638,0.011496,0.219376
15000,1471,3,4,7,1,10,1,2,0,1,5,0,20,1,5,50.5,0.536771,5.2,4.776827,55.798304,0.37003,0.525262
6934,1092,1,1,9,1,9,0,2,1,0,4,0,20,1,4,52.0,0.922402,8.941448,6.760332,223.127382,0.793004,0.777885
8197,523,1,0,2,0,3,0,1,1,0,1,0,6,1,1,84.5,0.777664,6.099793,6.371939,177.068019,0.842962,0.688234
10522,657,2,1,3,0,0,3,0,0,0,1,0,6,0,1,86.5,0.802923,5.227143,5.790651,100.786992,0.836567,0.680634
6595,705,0,2,4,1,5,0,2,0,0,2,0,11,0,2,75.0,0.175351,2.57771,2.049872,0.683994,0.0436,0.234762
12595,798,0,2,8,1,2,0,0,0,0,0,0,10,0,0,80.0,0.829818,8.495435,6.180576,158.90251,0.837374,0.707345
15000,1854,2,2,22,2,8,1,10,4,0,4,0,41,4,4,4.0,0.536568,4.2,4.833006,52.555541,0.695186,0.419433
11618,784,1,2,4,0,4,1,2,2,0,2,1,11,2,3,69.5,1.0,8.00482,6.333647,327.825396,0.993843,0.744601
10463,1742,6,5,23,1,13,2,5,1,2,5,1,43,3,6,0.0,0.927921,7.263691,6.485986,346.531521,0.952994,0.708991
4500,301,2,0,5,1,4,0,0,0,0,2,0,9,0,2,79.0,0.884593,6.666667,5.937993,29.474386,0.676955,0.791235
8685,908,0,0,1,0,3,1,1,0,0,1,1,6,0,2,85.0,0.761797,5.987334,5.536811,38.874138,0.554505,0.595032
4235,511,3,3,7,2,2,0,1,1,0,4,1,10,1,5,70.5,0.12196,3.541913,3.190528,5.609331,0.708991,0.298101
13000,1868,4,3,10,4,6,1,3,4,5,4,1,20,9,5,34.5,0.06574,1.461538,3.739775,3.586365,0.153792,0.220168
5185,394,0,1,2,0,2,0,0,0,0,0,0,4,0,0,92.0,1.0,6.750241,6.322679,145.989499,0.867794,0.770541
11000,1546,1,2,9,1,9,1,7,1,0,2,0,26,1,2,43.0,0.071152,2.181818,2.662084,2.80829,0.234254,0.185809
4930,308,1,0,3,0,2,0,0,0,0,0,0,5,0,0,90.0,0.833972,7.099391,5.670886,137.414111,0.909377,0.661329
2600,300,2,1,4,0,3,0,1,1,0,0,1,8,1,1,80.5,0.489472,5.0,4.541138,12.893901,0.708697,0.413698
12600,787,2,0,5,1,4,1,1,2,0,0,0,11,2,0,74.0,0.906135,8.650794,6.400644,463.771078,0.952742,0.777056
8070,794,2,2,12,0,4,1,1,1,1,1,1,18,2,2,57.0,0.62538,6.319703,3.372148,23.421963,0.003457,0.467875
4811,995,0,1,7,2,3,1,4,0,1,4,0,15,1,4,62.0,0.337234,2.286427,3.175656,3.243869,0.35622,0.311596
6243,455,1,0,2,0,1,0,1,1,0,0,0,4,1,0,90.0,0.865035,6.727535,5.603896,41.324799,0.741472,0.720923
4987,800,1,0,4,3,2,0,3,0,1,3,1,9,1,4,74.0,0.144773,3.208342,3.183499,5.086951,0.462101,0.352894
5332,898,4,0,2,1,7,1,3,1,0,6,0,13,1,6,63.0,0.60817,4.501125,4.741525,17.64781,0.477917,0.429613
9811,817,0,0,5,0,1,0,3,0,3,7,1,9,3,8,64.0,0.609209,6.421364,5.785088,157.669778,0.780034,0.58348
3153,454,2,1,5,0,0,0,1,0,0,0,1,6,0,1,86.5,0.282655,2.854424,3.717633,3.290045,0.456728,0.331217
14218,1645,7,3,11,7,4,0,5,2,0,8,2,20,2,10,41.0,0.413881,4.009003,4.596928,35.215028,0.403467,0.40417
5338,407,0,1,2,0,0,0,2,0,1,0,0,4,1,0,90.0,0.642614,5.058074,5.096581,1.354382,0.051364,0.457473
7707,765,1,1,10,0,7,0,1,1,1,5,2,18,2,7,49.5,0.390382,4.022317,4.900817,23.131832,0.954305,0.431154
2496,311,0,0,2,0,2,0,0,0,0,3,0,4,0,3,87.5,0.21342,2.403846,4.397326,8.220266,0.403765,0.30934
2834,434,0,1,2,1,2,0,0,0,1,2,0,4,1,2,87.0,0.166324,2.822865,3.636461,3.035584,0.622108,0.377164
4500,460,0,0,1,0,1,0,0,1,0,1,0,2,1,1,92.5,0.873497,6.222222,5.833275,28.692354,0.280127,0.677474
3920,330,1,0,2,0,5,0,0,1,0,1,0,7,1,1,82.5,0.543947,2.806122,5.420292,2.866281,0.826411,0.419778
17228,1076,2,1,3,1,4,0,3,2,1,1,0,10,3,1,72.5,0.792899,7.13954,6.140162,152.696564,0.738807,0.690915
14087,1418,1,1,7,1,6,1,3,1,0,3,0,17,1,3,59.5,0.639542,5.324058,4.898132,25.073119,0.36957,0.510761
11532,1341,2,0,9,1,6,3,2,0,0,2,2,20,0,4,54.0,0.20219,3.035033,4.177432,7.70904,0.641068,0.290552
16970,1074,3,0,6,1,3,0,3,1,1,2,1,12,2,3,67.5,0.959914,8.7802,5.735744,548.223694,0.890583,0.792877
13148,963,2,2,5,2,0,1,2,0,1,2,0,8,1,2,79.0,0.87901,7.757834,5.220887,155.754576,0.716296,0.658766
3911,477,2,0,7,0,1,0,0,0,1,2,0,8,1,2,79.0,0.642973,4.858093,4.668845,10.930924,0.288674,0.52918
9809,622,1,1,2,2,2,1,1,1,0,1,0,6,1,1,84.5,0.928074,7.034356,6.40422,131.999225,0.823147,0.760974
4429,762,1,3,8,1,4,1,0,0,1,5,1,13,1,6,63.0,0.466585,4.967261,5.023583,7.105708,0.520403,0.459536
14727,1087,0,1,3,1,1,2,0,1,0,0,0,6,1,0,86.0,0.949207,9.710056,6.082269,130.32995,0.82668,0.82795
12651,790,1,1,2,1,2,1,1,0,1,0,1,6,1,1,84.5,0.878671,7.193107,6.861225,362.781172,0.917575,0.709606
10121,739,2,0,4,1,4,1,2,1,1,2,0,11,2,2,71.0,0.893352,7.015117,6.222153,125.736125,0.771832,0.682268
6522,439,0,2,3,0,1,1,0,0,0,1,0,5,0,1,88.5,0.871693,6.899724,6.186393,107.058652,0.77102,0.794285
8735,831,2,0,6,0,5,0,3,0,2,5,0,14,2,5,60.5,0.742697,6.868918,4.354046,27.500477,0.077321,0.585299
4810,634,2,2,6,1,5,0,2,0,1,0,0,13,1,0,72.0,0.898629,9.355509,5.848605,164.707514,0.681824,0.786694
8010,1100,2,2,9,2,5,1,0,0,0,0,1,15,0,1,68.5,0.591587,4.993758,4.27178,32.083929,0.424024,0.460032
10899,1165,2,1,9,3,4,0,4,2,0,2,2,17,2,4,56.0,0.340254,4.404074,3.698116,36.787457,0.576691,0.507651
5303,354,1,1,3,0,3,0,0,0,0,0,0,6,0,0,88.0,0.871242,8.862908,5.967436,146.611563,0.993919,0.785813
9352,989,3,1,7,2,11,1,4,0,3,1,1,23,3,2,45.0,0.083473,1.390077,2.309583,0.033827,0.047953,0.145396
8440,527,0,1,3,1,1,2,1,1,1,1,1,7,2,2,79.0,0.325282,5.805687,4.600902,36.889844,0.945431,0.528494
10313,1401,3,1,5,1,3,1,2,2,3,3,2,11,5,5,60.5,0.098449,3.005915,3.126408,5.434121,0.347098,0.368948
18000,1835,2,2,2,2,4,0,1,1,1,2,1,7,2,3,77.5,0.769458,6.277778,5.179986,69.135545,0.557745,0.66597
10168,1297,2,3,24,3,15,2,4,1,0,9,1,45,1,10,0.0,0.843646,6.785995,6.050448,112.513814,0.561709,0.72209
1577,300,0,2,1,1,2,0,0,1,2,0,0,3,3,0,88.0,0.124893,0.634115,1.888479,0.10963,0.192026,0.244
6448,525,2,1,7,2,5,0,0,1,0,2,0,12,1,2,71.0,0.758918,8.219603,5.619482,69.347101,0.728241,0.679114
8351,740,2,3,5,2,1,0,2,0,1,5,0,8,1,5,74.5,0.336832,2.634415,3.139808,11.430929,0.091509,0.219702
7235,614,1,2,4,0,3,1,2,0,0,1,1,10,0,2,77.0,0.85757,6.496199,5.916467,118.103223,0.451937,0.690546
17240,1111,1,3,5,0,0,1,2,0,0,5,1,8,0,6,75.0,0.851708,6.032483,6.0451,87.883294,0.720312,0.677998
16500,2043,0,0,10,3,9,1,4,0,0,2,2,24,0,4,46.0,0.611857,5.818182,5.539715,82.378467,0.562161,0.548047
5655,711,0,1,7,0,4,0,3,0,1,0,0,14,1,0,70.0,0.093921,3.536693,4.096967,3.586226,0.48285,0.334003
16244,1064,1,2,4,0,2,1,1,0,1,2,0,8,1,2,79.0,0.779817,7.695149,6.282784,446.656699,0.985853,0.701457
7004,558,2,0,7,0,3,0,2,0,1,0,1,12,1,1,72.5,0.498721,5.568247,5.415414,19.66983,0.862882,0.596586
6251,616,1,2,5,0,1,1,1,0,0,0,2,8,0,2,81.0,0.772209,7.358823,5.466266,40.630657,0.343503,0.62628
2600,306,0,0,3,1,3,0,0,0,0,1,1,6,0,2,85.0,0.422033,6.153846,4.229648,5.059163,0.663644,0.545466
6550,1040,1,1,4,5,10,1,5,2,1,8,1,20,3,9,40.5,0.376142,1.679389,3.963371,1.349183,0.119946,0.266766
6131,907,2,2,8,1,6,3,2,2,0,4,0,19,2,4,52.0,0.495853,3.914533,3.97132,10.699343,0.331031,0.409995
9461,597,3,0,2,0,2,2,2,1,0,2,1,8,1,3,77.5,0.995025,11.20389,5.960045,201.910767,0.766412,0.731539
2600,337,0,2,2,0,2,0,3,0,1,1,0,7,1,1,82.5,0.384537,3.461538,5.21385,3.3561,0.457637,0.407789
5460,492,0,0,5,0,5,0,1,0,0,1,0,11,0,1,76.5,0.651665,4.761905,4.125294,13.411712,0.180058,0.535705
10437,667,2,0,3,4,1,0,2,0,1,3,1,6,1,4,80.0,0.801241,6.515282,5.534161,115.410589,0.765774,0.698543
4182,423,2,0,1,2,2,0,0,0,1,1,0,3,1,1,90.5,0.567408,4.782401,4.292799,16.87689,0.228826,0.459491
12110,756,1,0,2,2,2,1,0,1,0,1,0,5,1,1,86.5,0.862817,8.257638,5.542202,180.41188,0.648024,0.700934
16392,1117,1,3,3,1,5,0,1,0,0,5,0,9,0,5,74.5,1.0,6.344558,6.476312,269.586765,0.48468,0.681067
14513,1476,2,1,6,0,1,0,2,4,0,5,0,9,4,5,66.5,0.529635,3.927513,3.906136,11.894498,0.178166,0.422786
4010,432,2,0,2,0,1,0,1,0,1,1,0,4,1,1,88.5,0.074254,2.992519,3.243305,3.105579,0.104532,0.282581
3999,453,1,0,7,0,2,0,1,0,0,4,1,10,0,5,72.5,0.040138,3.00075,1.986266,0.374669,0.800382,0.307474
2036,300,0,0,3,0,2,0,1,0,1,4,0,6,1,4,80.0,0.127266,2.455796,3.689522,0.542712,0.559594,0.293377
5806,612,1,0,5,1,1,0,1,2,0,0,1,7,2,1,80.5,0.830352,6.200482,5.18623,39.399027,0.422234,0.581438
8169,686,3,1,2,1,4,0,2,2,0,1,0,8,2,1,78.5,0.299438,4.039662,5.176866,9.107373,0.761654,0.407394
3583,379,1,0,3,0,2,1,2,1,1,2,0,8,2,2,77.0,0.125994,3.628244,2.619425,7.039279,0.574286,0.334403
4767,411,2,0,0,0,0,0,1,0,0,0,2,1,0,2,95.0,0.145623,2.307531,2.946377,5.533076,0.754053,0.323425
5029,608,1,1,3,0,3,0,0,0,0,1,0,6,0,1,86.5,0.070607,2.585007,4.299568,9.411412,0.418743,0.331182
6796,852,4,2,18,0,13,0,3,3,0,4,0,34,3,4,20.0,1.0,9.56445,6.927019,246.20027,0.874844,0.754188
6388,1124,3,2,10,1,3,0,2,0,2,4,1,15,2,5,58.5,0.124636,1.721979,3.153156,0.710646,0.282789,0.225207
7049,979,3,1,10,2,5,2,2,0,1,7,3,19,1,10,45.0,0.174136,1.986097,2.903564,4.056634,0.182778,0.208487
9201,959,2,0,3,5,3,0,3,2,1,1,1,9,3,2,73.0,0.720023,5.434192,4.666799,29.624569,0.394852,0.556485
14091,880,2,3,4,0,5,0,1,0,0,2,0,10,0,2,77.0,0.850447,7.522532,5.939824,452.534221,0.93646,0.740682
13614,1318,0,0,6,0,4,0,3,1,1,1,0,13,2,1,68.5,1.0,7.125018,7.180662,81.206356,0.623642,0.727257
1500,300,2,0,3,0,1,0,0,1,0,1,0,4,1,1,88.5,0.160855,3.333333,3.685424,0.391834,0.383771,0.284685
18000,1133,5,1,5,4,10,0,2,1,0,3,2,17,1,5,56.5,0.932004,10.111111,6.865127,302.053812,0.972864,0.837909
7618,633,2,1,2,1,3,1,1,0,0,3,1,7,0,4,80.0,0.872489,7.744815,5.947976,57.327352,0.622449,0.751098
2800,353,3,1,5,0,3,0,1,1,0,3,0,9,1,3,75.5,0.825797,10.357143,5.743367,120.629984,0.998549,0.76808
13314,1261,0,0,15,1,8,1,2,3,1,4,1,26,4,5,32.5,0.641834,3.605228,4.3068,11.678016,0.061465,0.457804
10399,1224,1,0,2,1,9,2,7,0,0,6,1,20,0,7,49.5,0.636397,4.519665,4.623714,9.122101,0.195799,0.42945
4374,439,2,0,2,0,1,0,2,0,3,0,0,5,3,0,84.0,0.119408,0.457247,4.549903,1.288501,0.003881,0.253445
9542,1249,2,4,8,2,5,0,5,0,1,4,1,18,1,5,54.5,0.509098,3.563194,4.55274,23.178748,0.478097,0.422357
3818,462,1,2,6,0,0,0,0,2,1,0,0,6,3,0,82.0,0.635833,4.976427,5.433421,11.385627,0.261183,0.486962
9404,1724,8,1,8,3,11,2,5,2,1,7,1,26,3,8,30.0,0.207113,1.914079,2.822979,4.444508,0.538513,0.185323
9984,1163,5,0,5,1,6,1,2,0,0,3,1,14,0,4,66.0,0.912413,7.71234,6.466727,64.08286,0.516888,0.670719
4500,355,0,1,2,0,1,0,1,0,0,1,0,4,0,1,90.5,0.724422,7.555556,5.400946,15.119727,0.63444,0.666416
2800,366,0,0,5,1,7,1,1,0,0,1,0,14,0,1,70.5,0.76622,7.5,6.044179,97.140505,0.846901,0.703489
8280,656,1,1,6,0,0,1,1,1,0,0,0,8,1,0,82.0,0.804997,7.004831,5.60269,29.307067,0.63151,0.677323
5902,444,2,1,2,1,4,0,1,2,0,2,0,7,2,2,79.0,0.317299,3.388682,3.782852,13.495254,0.966323,0.471392
9907,634,1,0,4,1,5,0,4,0,0,2,0,13,0,2,71.0,0.824542,4.441304,5.256975,106.334583,0.930537,0.733138
12518,1092,4,5,9,1,12,0,4,1,1,4,0,25,2,4,40.0,0.381323,3.834478,4.507891,12.962941,0.254767,0.415927
12571,897,1,0,7,3,4,4,1,1,0,1,0,16,1,1,64.5,0.893081,8.273009,6.495796,237.123369,0.987133,0.782512
9873,791,2,1,8,0,3,0,1,0,1,5,1,12,1,6,65.0,0.597909,5.266889,5.27986,43.887506,0.689939,0.529431
6634,757,2,1,9,2,10,0,2,3,0,4,2,21,3,6,43.0,0.209298,0.904432,3.15306,0.159919,0.1083,0.167824
4090,483,2,1,4,0,4,0,1,1,1,2,0,9,2,2,75.0,0.031437,1.466993,1.269801,0.00178,0.652207,0.234817
7891,877,2,1,14,1,3,3,1,0,0,2,0,21,0,2,55.0,0.491097,3.8018,4.621277,9.456202,0.838523,0.482959
7936,786,3,2,6,3,5,3,3,1,1,1,0,17,2,1,60.5,0.778265,3.528226,5.616942,13.501956,0.208056,0.472975
7685,592,2,1,5,2,5,0,2,0,1,0,0,12,1,0,74.0,0.928235,8.327912,6.286578,80.541836,0.525919,0.707863
5885,707,1,0,6,0,4,0,1,0,2,1,0,11,2,1,72.5,0.629969,6.117247,4.19066,19.566662,0.22182,0.575153
9726,607,0,1,5,2,4,1,4,1,0,0,1,14,1,1,68.5,0.931035,6.888752,5.323683,236.099384,0.821916,0.722626
4933,781,1,1,4,3,3,0,1,0,0,1,2,8,0,3,79.5,0.924619,6.689641,6.097856,114.823555,0.686428,0.724939
7364,781,2,0,6,0,5,1,3,0,4,3,0,15,4,3,57.5,0.606866,5.296035,4.957206,23.69659,0.197112,0.446785
8486,1059,4,4,9,4,5,1,2,2,1,4,1,17,3,5,52.5,0.185615,2.356823,4.264287,13.106883,0.280375,0.250218
8628,571,0,0,3,2,1,1,1,0,0,0,0,6,0,0,88.0,0.966172,4.867872,6.817319,128.918586,0.675079,0.739002
8379,1247,0,2,10,1,0,0,1,1,0,6,1,11,1,7,65.5,0.586172,3.102996,5.098786,13.52363,0.485485,0.566488
9450,591,1,0,2,0,3,0,0,0,1,3,1,5,1,4,82.0,1.0,10.47619,6.354153,406.006538,0.80239,0.876114
8701,964,3,2,7,1,3,1,1,0,0,5,2,12,0,7,65.5,0.38129,3.907597,4.311275,20.285273,0.388551,0.421577
7732,915,0,2,4,0,11,2,0,0,2,2,0,17,2,2,59.0,0.14728,1.551992,3.021774,0.276467,0.413687,0.194951
6921,432,0,0,0,1,1,0,0,0,0,0,0,1,0,0,98.0,0.965597,10.403121,6.349659,284.585797,0.959223,0.881755
6582,502,0,1,1,0,4,1,0,1,1,4,0,6,2,4,78.0,0.21662,1.215436,4.739627,4.665197,0.036188,0.241557
8554,1177,2,1,4,1,4,2,3,2,5,0,1,13,7,1,58.5,0.159158,1.402852,2.355183,2.261628,0.124004,0.200756
12841,802,1,0,5,1,4,0,3,2,0,1,0,12,2,1,70.5,0.876816,6.697298,6.344771,339.778419,0.937566,0.657336
3698,458,2,0,1,0,3,0,0,4,1,3,0,4,5,3,77.5,0.088123,1.892915,2.793318,3.674707,0.596959,0.234197
12025,789,2,2,8,1,4,1,3,0,0,2,1,16,0,3,63.5,0.852359,6.819127,6.351382,65.485121,0.657011,0.746606
5311,428,5,1,6,2,6,1,1,0,1,1,0,14,1,1,68.5,0.852987,6.025231,6.100834,17.724756,0.946147,0.6263
8865,602,2,1,2,0,4,1,2,0,0,2,2,9,0,4,76.0,0.967746,8.798646,6.314964,111.942756,0.99938,0.77903
9599,599,2,1,4,1,5,0,1,0,1,0,0,10,1,0,78.0,0.94355,6.354829,6.86206,146.584443,0.978422,0.7623
3200,300,1,0,1,1,0,0,0,0,0,1,0,1,0,1,96.5,0.535762,5.625,5.852146,7.627955,0.669858,0.519267
6652,455,0,0,2,0,0,0,2,0,0,1,0,4,0,1,90.5,0.78964,5.411906,6.168141,40.937769,0.824478,0.735023
6582,782,2,2,7,2,1,2,6,1,1,10,0,16,2,10,49.0,0.217746,3.342449,4.267283,15.031848,0.744334,0.39668
18000,1125,1,1,10,1,2,0,2,1,1,2,1,14,2,3,63.5,0.938092,6.444444,6.710461,89.901925,0.873529,0.772866
16763,1217,2,1,10,2,9,0,0,0,1,2,0,19,1,2,57.0,0.844827,7.039313,7.305825,562.50566,0.992366,0.729915
2398,300,1,1,5,0,0,1,2,0,0,2,0,8,0,2,81.0,0.200812,1.668057,2.319014,0.485094,0.012398,0.191398
10855,1128,5,5,4,4,6,3,5,2,2,4,3,18,4,7,45.5,0.190557,2.210963,3.168495,5.535004,0.522633,0.290984
4797,918,2,1,8,3,4,2,1,1,0,2,0,15,1,2,65.0,0.196282,1.250782,3.90356,0.894892,0.352405,0.222594
15000,1614,4,4,10,2,3,1,2,0,1,6,2,16,1,8,54.0,0.582718,4.866667,4.871047,43.579082,0.302439,0.407382
14578,1020,1,2,7,1,4,0,1,0,1,0,0,12,1,0,74.0,0.921177,6.722458,6.193839,186.569282,0.521252,0.698525
3122,382,0,3,4,1,2,0,2,1,1,1,0,8,2,1,78.5,0.165145,4.484305,3.615944,1.315064,0.579168,0.318184
2800,339,0,0,5,0,4,0,0,1,0,1,0,9,1,1,78.5,1.0,10.0,7.394704,125.222345,0.577927,0.830111
10387,1592,4,7,27,2,13,0,3,1,3,7,0,43,4,7,0.0,0.986951,7.413113,6.326781,75.23311,0.959741,0.678513
6358,629,2,1,4,0,2,0,4,0,1,0,0,10,1,0,78.0,0.167008,2.988361,2.48359,1.960363,0.047015,0.280751
3699,486,0,1,2,0,1,1,0,1,0,1,1,4,1,2,87.0,0.098049,4.05515,3.724121,5.322982,0.618476,0.353358
13448,1524,0,1,9,4,5,0,2,2,0,5,1,16,2,6,55.0,0.622413,4.387269,4.722746,20.016339,0.359933,0.492122
2200,300,0,0,1,3,1,0,0,0,0,1,0,2,0,1,94.5,0.206979,0.909091,3.081633,1.188826,0.493076,0.271196
13611,1397,1,4,4,0,3,0,1,0,1,4,0,8,1,4,76.0,0.493324,4.555139,4.085773,24.455875,0.423027,0.429806
6257,777,0,1,11,2,8,0,0,1,2,3,2,19,3,5,48.5,0.570627,4.634809,5.272927,24.171178,0.529539,0.571425
13133,910,1,1,10,3,3,0,1,0,0,5,1,14,0,6,63.0,0.854401,5.634661,6.15356,39.507381,0.913867,0.754481
3596,407,1,1,6,1,5,1,2,0,0,1,0,14,0,1,70.5,0.103449,3.058954,5.024717,5.767066,0.707566,0.370848
11187,1256,3,1,8,3,10,2,5,2,0,1,1,25,2,2,43.0,0.124277,2.145347,3.37707,0.796334,0.002849,0.236837
5867,491,1,0,2,1,0,0,2,0,0,4,1,4,0,5,84.5,0.04952,3.068007,4.013406,1.180511,0.812455,0.333608
4500,300,0,0,1,2,1,0,0,0,0,2,1,2,0,3,91.5,0.885643,8.222222,5.967776,71.610247,0.955728,0.753032
4500,300,0,0,1,0,2,0,1,0,0,1,1,4,0,2,89.0,0.916298,6.0,6.239025,118.706532,0.90338,0.720777
16747,1046,1,0,10,0,5,1,3,2,2,0,1,19,4,1,52.5,0.843316,7.64316,6.58462,106.820324,0.980843,0.749071
3373,603,0,3,5,1,2,1,0,1,0,1,0,8,1,1,80.5,0.111596,1.48236,2.423435,0.059164,0.157064,0.196113
5713,522,1,0,4,0,4,3,0,0,0,4,0,11,0,4,72.0,0.102704,1.400315,2.748836,1.236177,0.520015,0.235763
8811,895,3,0,10,1,4,2,1,2,2,2,0,17,4,2,55.0,0.06851,1.588923,2.725827,1.641788,0.720632,0.221527
14091,1355,0,0,4,2,3,0,1,0,5,1,0,8,5,1,72.5,0.755861,6.599957,5.720699,114.221188,0.52002,0.700416
7743,586,0,0,8,0,4,0,2,0,2,0,0,14,2,0,68.0,0.657606,5.682552,4.945501,2.742057,0.015843,0.471501
4500,305,0,1,1,0,1,1,1,0,1,0,0,4,1,0,90.0,0.92899,6.888889,5.862798,40.797743,0.680986,0.758735
16103,1727,2,4,15,0,7,3,2,1,1,3,0,27,2,3,37.5,0.58132,6.334223,5.393368,44.951032,0.204016,0.414536
8425,943,2,4,9,3,3,2,1,1,0,6,2,15,1,8,56.0,0.584733,5.697329,4.650404,29.682542,0.706248,0.492441
8682,1069,3,1,7,1,8,0,0,0,2,0,1,15,2,1,64.5,0.48095,5.067957,4.442482,17.097526,0.393518,0.510465
10153,940,3,0,7,1,5,1,4,1,1,2,0,17,2,2,59.0,0.848076,5.023146,4.944844,24.278407,0.199349,0.583577
4122,496,2,0,10,2,4,1,3,0,0,3,2,18,0,5,56.5,0.797975,7.520621,5.677879,123.278086,0.959923,0.664363
7704,823,2,1,9,2,4,4,0,0,1,2,0,17,1,2,61.0,0.334883,3.894081,4.364166,12.011627,0.670864,0.467404
11000,1992,5,4,17,1,12,0,6,2,2,11,0,35,4,11,5.5,0.045286,1.454545,3.267121,1.086656,0.45051,0.170063
15000,1021,2,1,13,2,10,2,2,1,2,7,2,27,3,9,26.5,0.532386,4.866667,5.518005,52.730574,0.996191,0.438102
5507,473,0,1,6,0,0,0,0,1,0,1,0,6,1,1,84.5,0.58846,4.539677,4.611026,8.693516,0.10218,0.450533
9336,1239,1,1,7,0,2,2,0,0,0,1,1,11,0,2,75.0,0.346042,2.570694,4.87315,20.279391,0.551224,0.438514
6062,680,1,0,7,0,3,0,1,1,0,3,0,11,1,3,71.5,0.142946,2.804355,2.507577,3.896513,0.428341,0.286526
4622,392,0,1,3,1,5,0,0,0,0,2,1,8,0,3,79.5,0.844731,5.62527,5.310865,5.786004,0.024417,0.540498
11859,1508,1,1,7,1,3,0,2,0,0,2,5,12,0,7,65.5,0.4994,4.216207,4.863272,30.26751,0.334223,0.432321
7370,1305,3,2,8,0,5,0,2,2,3,5,3,15,5,8,48.0,0.30869,3.799186,2.410914,4.09901,0.347882,0.223639
6135,1039,2,1,7,0,4,2,3,0,3,3,0,16,3,3,57.5,0.142183,3.422983,3.236457,6.439913,0.66284,0.28829
5888,566,0,1,11,1,5,2,0,1,2,4,3,18,3,7,47.5,0.466174,4.585598,4.267035,10.844325,0.929726,0.445867
10689,1301,1,1,8,1,2,2,5,5,3,4,0,17,8,4,44.0,0.811007,3.929273,4.205456,27.126837,0.584697,0.59609
18000,1353,0,4,8,1,4,1,0,0,0,3,0,13,0,3,69.5,1.0,9.222222,7.068644,759.196914,0.663326,0.824636
11313,1199,2,1,9,5,6,0,3,0,1,1,1,18,1,2,59.0,0.48921,4.242906,3.716033,10.436834,0.597429,0.421541
7517,959,1,1,4,1,1,0,1,2,1,3,1,6,3,4,76.0,0.536725,3.990954,5.587772,28.205914,0.227406,0.497201
7332,994,3,2,12,0,7,1,3,2,0,5,4,23,2,9,36.5,0.013597,3.682488,4.086571,8.540972,0.542305,0.277225
4767,370,0,2,5,1,2,0,5,1,0,0,0,12,1,0,74.0,0.610223,6.503042,5.659389,125.441866,0.965045,0.58576
5212,727,3,1,11,3,9,2,0,1,0,5,3,22,1,8,42.0,0.640629,8.825787,5.614723,168.351651,0.784935,0.682505
18000,1148,4,3,8,2,6,1,5,2,2,3,1,20,4,4,46.0,0.912711,5.888889,5.562228,342.148833,0.737676,0.661508
7100,953,2,2,5,1,2,0,4,2,1,2,4,11,3,6,63.0,0.559739,4.225352,4.758225,13.601154,0.534805,0.439792
10156,843,2,0,6,3,3,2,1,1,1,3,0,12,2,3,67.5,0.496392,2.855455,4.722515,9.653787,0.171065,0.452063
3985,516,1,2,15,0,5,1,1,0,1,2,0,22,1,2,51.0,1.0,10.288582,6.378248,169.73932,0.822759,0.758949
7883,492,0,2,2,1,0,0,1,1,1,1,0,3,2,1,88.5,0.931452,4.186224,5.383301,34.794332,0.549415,0.664483
16500,1857,0,1,7,2,6,0,1,3,2,6,1,14,5,7,51.5,0.73032,5.454545,5.208319,90.520825,0.402015,0.532353
7114,821,2,1,2,1,0,0,1,1,0,1,0,3,1,1,90.5,0.445984,4.357605,4.464413,13.258483,0.360138,0.425362
10190,1044,1,3,6,3,15,0,6,1,1,6,3,27,2,9,28.5,0.66182,4.416094,5.321245,20.095534,0.148123,0.452095
7565,701,0,2,1,2,1,0,1,0,1,1,1,3,1,2,89.0,0.94922,5.816259,6.006299,59.253624,0.384039,0.784957
10423,901,3,1,3,0,1,0,3,2,0,3,0,7,2,3,77.5,0.944128,5.7565,5.767203,123.802602,0.629697,0.71874
14884,1828,3,1,10,1,2,0,4,1,2,3,0,16,3,3,57.5,0.708755,6.382693,4.278935,49.443581,0.228578,0.52714
4302,442,5,1,1,1,3,0,3,2,0,0,0,7,2,0,82.0,0.113378,1.8596,2.990638,0.363341,0.260196,0.222346
2600,300,0,1,4,0,1,1,0,0,0,1,0,6,0,1,86.5,0.579893,4.615385,3.964839,1.518159,0.3049,0.468812
14224,984,5,3,9,0,4,0,2,0,0,4,0,15,0,4,64.0,1.0,7.100675,6.369263,207.899705,0.859603,0.716216
13000,1418,3,4,7,5,1,1,2,3,1,4,2,11,4,6,61.0,0.043572,2.153846,3.145858,6.206381,0.673875,0.237396
3200,300,0,1,0,0,0,0,1,0,0,1,1,1,0,2,95.0,0.715666,4.375,5.416703,0.1071,0.087503,0.43435
10802,1593,4,2,8,4,7,1,0,1,1,4,3,16,2,7,53.5,0.302379,3.425292,4.459171,10.572888,0.288414,0.410178
9475,1245,1,2,3,3,3,1,2,0,0,3,1,9,0,4,76.0,0.147619,3.377309,3.617915,15.673912,0.441052,0.355855
3200,380,2,1,5,1,3,0,1,0,0,0,0,9,0,0,82.0,0.524707,5.9375,3.702134,5.076094,0.573467,0.491251
8842,552,0,1,7,2,1,0,1,0,0,1,0,9,0,1,80.5,0.78208,5.994119,4.831835,33.774975,0.65718,0.718663
3200,359,1,1,2,0,0,0,0,0,0,1,0,2,0,1,94.5,0.827131,5.625,4.074808,19.745992,0.594319,0.607383
7656,584,2,0,8,0,9,1,3,0,1,3,1,21,1,4,50.0,0.204482,5.355277,4.296199,19.942293,0.907463,0.473846
13257,1436,3,2,6,1,3,0,0,1,1,6,0,9,2,6,69.0,0.648463,3.469865,4.768602,14.784804,0.346067,0.506854
8134,1154,0,5,6,1,8,2,2,0,0,3,1,18,0,4,58.0,0.692865,6.761741,4.33615,64.870928,0.171467,0.498597
6117,412,1,0,0,0,6,0,1,1,0,2,0,7,1,2,81.0,0.913724,8.500899,5.940051,201.25903,0.785367,0.724391
6416,549,2,0,4,1,5,2,0,2,1,0,1,11,3,1,70.5,0.524336,4.831671,5.016145,11.759023,0.89339,0.591817
6864,688,2,0,5,1,4,2,3,5,1,3,0,14,6,3,55.5,0.723304,7.138695,5.679908,20.133191,0.999462,0.590562
6902,841,2,2,10,2,6,1,3,0,0,7,1,20,0,8,48.0,0.625696,4.781223,3.702232,5.988703,0.052298,0.445696
5608,732,1,2,4,0,3,1,2,1,0,4,0,10,1,4,72.0,0.052239,1.0699,2.304504,0.500318,0.345511,0.171016
7987,973,1,2,8,1,3,0,4,0,2,3,1,15,2,4,60.0,0.112376,3.380493,3.304132,2.413766,0.305708,0.267933
13559,847,1,0,4,1,5,0,1,2,0,1,1,10,2,2,73.0,0.995675,7.15392,6.390478,168.707301,0.778085,0.739072
15887,1183,3,1,7,0,3,1,3,0,0,4,0,14,0,4,66.0,0.901698,5.53912,5.785089,114.264033,0.694189,0.691808
5332,585,4,1,8,0,7,0,2,3,1,4,0,17,4,4,52.0,0.906835,12.378095,6.410055,287.271582,0.833778,0.703901
3812,314,1,1,4,0,3,0,2,1,0,0,0,9,1,0,80.0,0.683471,2.885624,5.327184,9.88883,0.779735,0.55661
2200,300,0,0,2,0,2,1,1,0,0,0,0,6,0,0,88.0,0.182174,4.090909,3.228823,1.187994,0.28298,0.343353
8092,1291,3,1,10,3,10,0,2,1,3,3,1,22,4,4,42.0,0.0,2.471577,2.826559,0.631828,0.672689,0.253055
14377,898,0,0,5,2,1,1,2,2,1,4,0,9,3,4,70.0,0.839117,9.598665,6.196533,262.123921,0.924066,0.75453
1500,300,0,0,1,1,2,1,0,0,0,2,0,4,0,2,89.0,0.224759,3.333333,4.535755,1.99777,0.590059,0.399
9557,597,3,0,1,0,3,2,3,0,0,3,0,9,0,3,77.5,0.740136,6.905933,6.303449,56.853297,0.879448,0.690736
13000,1285,3,1,9,3,12,1,7,4,1,4,3,29,5,7,21.5,0.197847,1.769231,2.560449,2.30508,0.026097,0.159588
11000,1543,3,2,8,8,15,4,3,0,2,5,2,30,2,7,25.5,0.040873,2.636364,2.241906,2.515779,0.404734,0.167984
10018,948,1,0,4,1,2,2,1,0,1,1,0,9,1,1,78.5,0.521086,6.28868,5.406206,33.379834,0.367678,0.534037
11570,1377,2,1,8,2,8,2,3,2,1,5,2,21,3,7,41.5,0.650025,3.975799,5.128532,25.867236,0.363015,0.465472
16154,1910,3,1,10,3,11,1,2,2,1,7,2,24,3,9,32.5,0.594342,4.952334,4.877333,41.856954,0.283473,0.447244
8005,500,1,0,4,2,5,0,1,1,0,0,0,10,1,0,78.0,0.986603,8.369769,7.277212,176.756182,0.810894,0.772558
7436,697,0,0,5,1,3,1,0,1,0,0,0,9,1,0,80.0,0.530142,4.841313,3.863729,6.878364,0.333873,0.439817
16500,2112,6,2,7,2,4,0,2,3,4,3,2,13,7,5,52.5,0.839978,4.787879,5.094354,27.990463,0.300492,0.528271
8536,1335,2,0,11,1,5,3,1,1,1,3,1,20,2,4,50.0,0.241505,2.108716,2.59926,3.08643,0.158773,0.227158
3460,330,0,0,6,0,2,1,1,1,0,1,0,10,1,1,76.5,0.480654,5.780347,4.886855,9.284202,0.921807,0.418628
6146,507,2,1,3,1,1,0,1,1,0,1,0,5,1,1,86.5,0.506956,1.464367,4.165654,6.528048,0.699853,0.475908
2200,300,0,1,3,0,2,0,0,0,0,0,0,5,0,0,90.0,0.136266,3.181818,3.246126,1.563519,0.699999,0.391606
5171,410,2,0,2,0,0,0,2,0,0,1,1,4,0,2,89.0,0.999529,4.834655,5.555297,35.822718,0.593281,0.701245
5515,919,3,1,5,1,5,2,2,0,2,1,1,14,2,2,65.0,0.059613,1.813237,2.901459,4.231808,0.210608,0.231493
9661,1185,5,1,7,1,2,1,1,0,1,6,2,11,1,8,64.0,0.732008,5.071939,5.582383,55.512072,0.499184,0.485098
4500,300,3,1,1,1,5,1,1,0,1,0,0,8,1,0,82.0,0.993905,11.777778,7.795373,269.239746,0.692485,0.848003
11238,1298,5,1,6,2,4,0,3,1,1,0,1,13,2,1,68.5,0.613232,5.072077,3.903869,22.093277,0.33119,0.459723
5945,594,2,1,3,2,4,1,1,1,0,0,0,9,1,0,80.0,0.566137,3.868797,3.978972,26.115694,0.638283,0.527215
12383,1344,4,2,16,3,13,1,8,1,0,6,1,38,1,7,11.5,0.707702,3.068723,4.496253,24.53869,0.177768,0.427631
5527,761,1,0,4,0,6,0,2,0,1,1,0,12,1,1,72.5,0.803917,6.513479,6.55301,49.01453,0.26341,0.616856
3622,454,0,0,3,3,2,0,1,0,0,2,1,6,0,3,83.5,0.178529,4.693539,2.712826,1.450005,0.714181,0.337127
4797,654,2,0,4,5,1,0,0,2,1,1,0,5,3,1,82.5,0.120252,1.876173,2.115222,0.834247,0.234994,0.255713
11406,1227,3,0,7,3,4,0,2,0,1,4,0,13,1,4,66.0,0.828404,7.364545,5.449953,46.332942,0.337569,0.633661
11447,1226,2,1,5,0,3,0,1,0,1,1,0,9,1,1,78.5,0.622017,3.931161,4.83781,23.322604,0.266513,0.509409
9277,1398,2,2,6,5,6,1,1,0,0,4,2,14,0,6,63.0,0.470825,5.066293,4.429199,20.913857,0.455938,0.419385
7593,653,0,2,6,0,8,1,0,1,2,5,0,15,3,5,56.5,0.394416,6.321612,4.410586,19.337256,0.908405,0.487915
9182,1497,5,4,15,2,11,0,2,1,0,6,0,28,1,6,33.0,0.900229,7.514703,6.808664,278.900118,0.820456,0.703272
14895,930,1,1,4,4,1,1,2,0,1,2,1,8,1,3,77.5,0.833803,8.392078,6.572234,551.317711,0.891925,0.73569
8506,531,0,1,3,0,0,0,2,1,1,3,0,5,2,3,81.5,0.826374,9.405126,6.747795,192.504474,0.995873,0.78925
6099,918,2,1,13,1,14,2,0,1,0,6,0,29,1,6,31.0,0.577189,8.198065,4.88355,49.985042,0.806073,0.659839
12695,1945,2,1,19,3,20,1,5,2,2,6,2,45,4,8,0.0,0.901694,7.089405,5.934481,146.990086,0.872335,0.691468
7842,1159,3,0,12,1,5,0,3,0,1,2,1,20,1,3,53.5,0.373766,2.55037,2.783355,1.499107,0.271075,0.257932
5656,787,4,2,6,2,4,1,2,1,1,3,2,13,2,5,62.5,0.095752,4.420085,3.518049,7.367041,0.579692,0.254547
18000,1873,2,1,8,2,4,0,2,1,0,1,0,14,1,1,68.5,0.753,6.055556,5.194482,47.767903,0.269065,0.653721
12419,776,0,1,2,0,2,0,0,0,0,2,0,4,0,2,89.0,1.0,8.937918,7.384693,134.393385,0.783098,0.846123
5509,745,0,0,9,2,3,0,1,0,0,3,0,13,0,3,69.5,0.417698,3.630423,3.680924,5.000044,0.633123,0.413971
9728,882,1,3,11,1,8,3,3,1,4,6,1,25,5,7,29.5,0.363868,3.597862,4.156532,23.501257,0.954981,0.450747
12835,1454,2,4,14,4,9,1,1,1,2,5,1,25,3,6,35.0,0.592185,4.051422,3.725155,11.474403,0.399055,0.401522
8177,557,4,0,2,1,3,0,0,0,0,1,0,5,0,1,88.5,0.821136,7.704537,6.188933,98.455692,0.614292,0.665048
8032,502,1,2,5,1,1,0,0,0,2,2,1,6,2,3,79.5,0.98723,7.47012,5.959588,217.524933,0.819254,0.763283
2200,300,0,0,0,1,0,0,0,1,1,3,0,0,2,3,91.5,0.11674,1.818182,3.076712,0.509206,0.534718,0.237745
4365,582,1,2,6,0,3,2,3,0,0,6,0,14,0,6,63.0,0.323043,5.727377,4.047071,8.601812,0.44987,0.426994
8642,713,0,0,4,1,3,1,5,2,1,1,0,13,3,1,66.5,0.692745,4.859986,5.245963,12.322371,0.120681,0.54972
6681,503,0,2,9,1,5,2,1,2,1,3,0,17,3,3,55.5,0.414009,5.238737,4.11425,20.164698,0.991626,0.487136
6789,613,0,0,6,1,7,0,2,1,1,5,0,15,2,5,58.5,0.307854,4.713507,3.834328,23.670398,0.799313,0.403828
9415,1072,1,2,7,0,7,1,2,1,1,6,2,17,2,8,50.0,0.311973,2.867764,3.419338,5.05299,0.111345,0.241971
7363,576,1,1,4,1,4,1,0,0,0,1,1,9,0,2,79.0,1.0,12.359093,7.064535,221.209067,0.817205,0.797733
3889,382,0,1,2,3,1,1,2,1,1,2,0,6,2,2,81.0,0.332324,3.599897,3.444442,14.865736,0.573489,0.364119
9432,1465,2,2,11,1,3,0,3,3,1,6,0,17,4,6,49.0,0.513277,6.361323,4.761929,25.242597,0.429304,0.404031
4580,570,1,1,5,0,1,0,2,2,0,1,0,8,2,1,78.5,0.103647,1.965066,3.483138,4.926204,0.517741,0.240183
5193,442,0,1,5,1,5,0,1,0,0,1,0,11,0,1,76.5,0.663216,4.429039,5.494697,35.956756,0.672572,0.53572
9681,793,1,0,4,0,2,0,1,1,0,2,0,7,1,2,81.0,0.589818,5.681231,5.11389,104.700939,0.661535,0.548806
2800,467,2,2,6,1,7,0,0,0,0,0,0,13,0,0,74.0,0.909742,6.428571,5.658229,62.912488,0.642954,0.694363
2200,300,3,0,1,0,1,1,1,0,0,1,1,4,0,2,89.0,0.267678,3.181818,3.746602,3.211607,0.094024,0.372552
11817,1304,2,1,2,0,7,0,3,1,1,3,2,12,2,5,64.5,0.520949,3.131082,5.231993,15.616073,0.498531,0.461947
5787,670,0,0,4,1,3,0,1,0,0,1,0,8,0,1,82.5,0.391826,3.801624,3.379223,3.985986,0.464234,0.457321
5562,957,0,1,13,0,8,3,4,1,0,1,1,28,1,2,39.0,0.835352,5.753326,5.540394,113.313074,0.857364,0.70147
6394,453,1,0,0,2,2,2,2,0,0,3,0,6,0,3,83.5,0.971322,8.132624,6.199625,171.910333,0.637116,0.782982
3454,349,1,1,1,2,4,0,2,0,0,2,0,7,0,2,83.0,0.389129,6.658946,5.065913,24.605033,0.965453,0.622064
11496,1010,2,2,13,1,9,3,1,2,2,1,5,26,4,6,31.0,0.45032,4.697286,3.716932,16.570436,0.842236,0.497522
14446,952,2,1,10,0,3,0,2,0,3,3,0,15,3,3,59.5,0.949577,7.406895,6.167898,95.836487,0.92825,0.685913
8139,775,1,0,3,1,1,0,0,1,0,3,0,4,1,3,85.5,0.892823,6.266126,5.743495,26.331071,0.272109,0.755667
13000,1285,6,3,14,3,7,3,2,0,4,8,1,26,4,9,26.5,0.064236,1.538462,3.380907,0.369347,0.193359,0.236235
16500,1733,1,2,8,0,6,1,0,2,1,4,0,15,3,4,58.0,0.30414,4.181818,4.108038,30.867607,0.530261,0.490457
7678,740,3,1,8,1,5,1,2,0,0,3,0,16,0,3,63.5,0.602753,2.735087,4.883839,21.394342,0.27392,0.47684
5815,495,1,0,5,2,3,1,1,1,2,2,1,10,3,3,69.5,0.75665,6.018917,5.414253,33.929807,0.978709,0.588811
5492,765,3,0,10,0,8,1,2,0,0,4,3,21,0,7,47.5,0.790193,8.922068,6.008283,178.089207,0.908257,0.724749
5559,596,0,1,5,3,4,1,0,0,0,2,0,10,0,2,77.0,0.225433,5.936319,4.812827,18.95617,0.916701,0.576639
3160,335,1,0,5,1,1,2,0,0,0,0,0,8,0,0,84.0,0.054699,1.265823,2.3707,5.04855,0.077796,0.203121
2800,382,2,0,5,0,3,1,1,0,0,3,0,10,0,3,75.5,0.494407,11.071429,5.143052,20.956436,0.829092,0.653648
5521,727,1,1,5,0,4,1,4,2,1,2,0,14,3,2,63.0,0.121084,1.449013,3.006247,4.034417,0.463164,0.235004
8752,1168,2,1,17,0,12,1,5,4,1,5,2,35,5,7,9.5,0.990659,8.226691,5.803829,198.848837,0.988471,0.701768
5835,705,5,1,7,4,5,1,2,0,0,7,2,15,0,9,56.5,0.038602,0.342759,2.083273,2.1e-05,0.046671,0.17851
10856,767,2,1,1,1,3,2,0,1,0,0,0,6,1,0,86.0,0.731906,7.092852,6.044256,125.346154,0.655593,0.683091
4960,396,1,3,4,1,0,0,1,1,0,2,0,5,1,2,85.0,0.244053,1.41129,2.497288,1.494695,0.055388,0.198929
11000,1337,8,2,5,1,5,2,3,5,4,5,1,15,9,6,43.0,0.19698,2.0,2.549372,5.326646,0.203646,0.226739
7111,653,4,0,2,0,3,0,1,0,1,0,0,6,1,0,86.0,0.689575,4.218816,3.772124,45.389567,0.377075,0.517016
8306,606,4,2,5,1,2,2,1,1,1,1,0,10,2,1,74.5,0.659644,6.862509,5.458865,67.117624,0.881441,0.561433
5443,609,2,1,2,2,3,0,2,2,1,3,0,7,3,3,75.5,0.023328,1.102333,3.183485,0.789328,0.068794,0.201146
13000,1871,4,3,15,1,10,2,2,3,3,7,1,29,6,8,18.0,0.185045,2.230769,3.115331,9.756975,0.532248,0.280314
8164,994,1,0,7,1,6,2,1,1,0,4,0,16,1,4,60.0,0.566925,3.797158,3.951252,15.582455,0.386362,0.479753
1830,326,1,1,1,0,2,0,0,1,1,1,0,3,2,1,88.5,0.05356,1.092896,4.084637,0.019885,0.385899,0.276337
3699,595,0,1,5,1,5,1,3,0,0,2,1,14,0,3,67.5,0.181838,2.43309,3.492877,2.070729,0.296471,0.309137
5889,457,2,1,1,0,1,1,2,0,0,0,2,5,0,2,87.0,0.372633,3.905587,4.813982,13.866049,0.69384,0.51947
4491,489,1,0,3,0,2,0,3,2,1,3,0,8,3,3,73.5,0.749101,6.012024,4.389224,61.5402,0.110502,0.537909
6172,823,3,0,10,1,2,1,3,3,2,2,1,16,5,3,53.5,0.136493,1.62022,1.905899,0.608285,0.028684,0.196827
5955,668,3,0,6,1,4,0,4,1,0,3,1,14,1,4,64.0,0.177833,2.350966,2.888886,5.499537,0.76694,0.299597
4572,300,0,0,0,0,0,0,1,0,0,0,0,1,0,0,98.0,0.691225,6.780402,5.530233,42.473705,0.699389,0.693434
6534,764,1,1,2,2,2,0,0,0,1,0,1,4,1,1,88.5,0.364548,5.356596,3.937986,18.022515,0.507629,0.534993
3271,423,1,0,6,2,5,0,0,0,0,3,0,11,0,3,73.5,0.755433,7.94864,6.406516,36.575637,0.903041,0.705977
15000,1750,1,1,8,3,8,1,3,1,1,8,1,20,2,9,42.5,0.414153,5.2,4.17229,39.228056,0.334226,0.473445
8679,1032,4,2,23,3,14,0,2,2,1,5,1,39,3,6,7.0,0.972887,6.337136,5.779722,236.726442,0.845494,0.676653
14240,890,1,0,7,1,3,0,1,0,0,1,1,11,0,2,75.0,0.784112,8.075843,5.803588,146.209646,0.875379,0.710712
9915,1053,4,3,7,1,8,1,2,0,0,1,1,18,0,2,61.0,0.747255,4.84115,6.372703,54.579497,0.644353,0.51406
13000,1195,1,2,13,1,3,2,6,3,1,9,1,24,4,10,29.0,0.131132,1.230769,2.78644,6.721409,0.007637,0.172822
7479,916,3,0,1,0,4,0,2,0,0,1,0,7,0,1,84.5,0.337807,4.546062,4.104644,7.418465,0.211561,0.442262
4664,655,1,1,11,4,3,0,1,1,0,2,0,15,1,2,65.0,0.100426,1.929674,3.417768,6.307082,0.362974,0.23181
11810,2089,4,7,10,6,10,2,6,3,0,8,1,28,3,9,24.5,0.425172,4.149026,4.577851,12.559555,0.51168,0.377025
3200,407,0,1,3,0,1,0,0,0,1,2,0,4,1,2,87.0,0.732632,3.125,4.022412,13.720744,0.357495,0.497974
2861,463,2,3,1,1,1,0,0,1,0,3,0,2,1,3,89.5,0.187762,2.097169,3.399246,0.830265,0.381176,0.30679
10356,1397,5,0,14,2,5,0,4,0,1,3,2,23,1,5,44.5,0.062956,0.869061,3.2444,2.789232,0.47571,0.192835
8002,1255,2,3,13,2,7,0,2,2,2,1,1,22,4,2,45.0,0.361622,3.249188,3.702222,9.82007,0.237862,0.356279
2106,300,0,0,4,2,1,0,2,1,1,1,2,7,2,3,77.5,0.122149,2.849003,4.740083,0.253703,0.508403,0.260552
7914,974,2,0,12,2,5,1,2,2,1,2,0,20,3,2,51.0,0.139791,2.653525,2.271696,0.09609,0.05599,0.196622
8903,1348,2,3,11,4,5,1,4,1,3,8,2,21,4,10,35.0,0.15047,2.02179,2.893231,3.712072,0.375136,0.168969
7979,498,4,0,3,1,5,0,1,1,2,1,0,9,3,1,74.5,0.626515,4.261186,5.745401,39.14252,0.992864,0.7021
7266,895,2,1,9,0,1,1,3,2,0,1,2,14,2,3,63.5,0.464504,5.505092,4.731792,21.483824,0.406713,0.492921
6068,461,1,0,4,2,1,0,0,0,0,1,0,5,0,1,88.5,0.216197,4.61437,3.700369,11.034958,0.299222,0.40776
3200,464,1,0,3,0,2,1,1,0,1,0,0,7,1,0,84.0,0.804921,5.625,5.640442,23.351156,0.261317,0.500876
15287,1300,1,0,6,2,4,0,3,2,0,7,0,13,2,7,59.5,0.966157,8.438543,5.355516,456.947815,0.684844,0.735548
14880,2008,1,1,13,6,5,0,2,2,1,7,2,20,3,9,40.5,0.493276,3.494624,4.540474,30.340244,0.320553,0.416147
9804,612,2,1,0,0,3,0,0,0,0,0,1,3,0,1,92.5,0.668118,5.813953,6.64709,241.498583,0.780739,0.698982
13000,1455,2,4,11,5,7,4,5,0,1,7,0,27,1,7,33.5,0.165041,2.384615,3.387124,5.788664,0.440388,0.187333
5189,421,1,0,2,1,5,0,1,1,1,2,1,8,2,3,75.5,0.523715,2.119869,3.710288,3.035499,0.063469,0.409027
3654,547,2,4,6,1,7,0,2,0,1,2,0,15,1,2,65.0,0.99348,10.946907,5.294467,128.869272,0.677303,0.839085
4212,422,1,1,6,0,3,0,1,1,0,3,1,10,1,4,72.0,0.08256,0.949668,3.415312,1.425115,0.048621,0.148342
4558,433,2,0,4,0,2,0,1,0,0,1,2,7,0,3,81.5,0.553051,4.387889,4.677681,0.977647,0.073996,0.410602
9018,589,1,1,6,1,6,3,1,1,0,4,0,16,1,4,60.0,0.71114,6.098913,5.593601,202.588958,0.921507,0.538227
11013,1059,2,1,5,1,3,1,1,5,0,1,1,10,5,2,67.0,0.224081,3.541269,2.737569,0.934645,0.000971,0.238208
9308,1506,2,2,10,1,9,0,6,0,2,5,3,25,2,8,34.0,0.47157,4.297379,4.557567,17.596112,0.283471,0.416503
5830,551,1,0,9,1,3,0,1,1,0,1,0,13,1,1,70.5,0.061702,3.602058,4.58836,2.238709,0.774254,0.319981
4553,545,1,3,4,0,1,0,3,0,3,3,1,8,3,4,72.0,0.043545,1.098177,3.803404,0.146049,0.026795,0.183859
4839,381,1,0,3,1,4,0,2,0,1,0,1,9,1,1,78.5,0.186295,3.513123,2.076389,4.342864,0.769511,0.316302
7131,1109,4,1,10,0,10,0,2,1,0,9,1,22,1,10,39.0,0.251196,2.103492,3.220507,9.253246,0.59568,0.255125
3632,331,0,1,0,0,2,0,0,0,0,0,0,2,0,0,96.0,0.678732,5.506608,4.644435,4.712823,0.013776,0.537123
10887,1272,3,2,13,1,13,0,2,1,0,3,0,28,1,3,37.5,0.717985,6.797097,5.399216,92.359849,0.693213,0.544184
12872,1075,1,1,9,0,3,0,0,0,2,4,0,12,2,4,66.0,0.581322,5.127408,2.956392,17.601084,0.255494,0.426063
12012,1196,2,0,8,0,5,0,2,3,2,6,4,15,5,10,45.0,0.378947,4.412254,4.568153,44.637544,0.947628,0.526074
7571,841,3,0,3,0,1,0,0,0,1,1,0,4,1,1,88.5,0.981783,4.887069,5.428413,27.339417,0.339216,0.717765
5286,688,0,2,6,1,2,1,3,0,0,3,0,12,0,3,71.5,0.401744,3.972758,3.752608,9.575279,0.289879,0.458933
8705,1025,2,1,5,1,6,0,1,0,1,3,0,12,1,3,69.5,0.085481,0.919012,1.948821,1.332091,0.202783,0.193656
3331,511,1,2,4,0,3,0,1,1,3,4,1,8,4,5,68.5,0.108614,3.002101,3.472582,4.600645,0.603739,0.312856
1908,300,1,0,5,0,2,2,3,0,1,0,0,12,1,0,74.0,0.038111,3.668763,2.530784,0.448802,0.599835,0.269987
4344,443,0,2,4,0,2,0,0,0,1,3,1,6,1,4,80.0,0.594091,5.294659,4.157255,20.394117,0.239834,0.582253
11784,755,2,4,2,3,2,1,0,1,0,6,0,5,1,6,79.0,0.956013,6.788866,6.394676,106.628378,0.836771,0.754632
7047,965,1,1,7,3,5,0,3,1,0,3,2,15,1,5,60.5,0.080605,1.986661,2.736621,3.737975,0.284995,0.189464
5265,963,5,1,16,0,9,0,2,0,1,2,0,27,1,2,41.0,1.0,11.396011,6.360678,244.004506,0.395599,0.746461
7923,1424,0,2,9,2,11,4,5,3,1,6,4,29,4,10,19.0,0.012491,1.514578,3.623982,2.106693,0.38095,0.143596
6464,775,6,2,10,1,3,3,3,3,4,3,0,19,7,3,43.5,0.526106,4.331683,5.092862,16.832182,0.252943,0.51982
6972,471,1,0,1,2,9,1,1,0,1,0,0,12,1,0,74.0,0.985758,4.302926,6.195253,123.992416,0.968787,0.736362
10072,1208,3,3,7,1,5,1,3,2,1,7,0,16,3,7,51.5,0.666145,4.269261,4.318133,25.36407,0.22582,0.411617
6090,725,3,2,11,1,3,1,3,0,0,1,1,18,0,2,61.0,0.82866,8.045977,6.411801,183.020969,0.902255,0.666039
15746,1124,0,1,6,2,7,0,4,0,1,4,1,17,1,5,56.5,0.868197,7.303442,5.877172,87.45768,0.501377,0.651285
11066,1647,1,0,5,2,6,0,4,0,2,7,0,15,2,7,55.5,0.394419,3.705042,4.291503,12.243753,0.479605,0.426826
4817,406,2,0,6,0,7,1,3,0,2,1,2,17,2,3,57.5,0.786497,6.435541,5.473143,33.576286,0.7975,0.61001
8429,1089,1,1,7,1,7,1,2,1,0,7,1,17,1,8,52.0,0.513033,4.626883,4.608563,30.027057,0.5761,0.426946
4784,654,0,1,5,0,5,0,0,1,0,0,0,10,1,0,78.0,0.563564,5.016722,4.431998,12.059681,0.461508,0.494432
3290,392,2,1,5,1,1,0,1,1,0,2,0,7,1,2,81.0,0.162865,1.823708,3.589953,8.120706,0.664554,0.319903
5472,630,4,0,10,1,6,3,3,1,1,0,2,22,2,2,49.0,1.0,7.858187,6.519394,96.770205,0.972907,0.732901
10702,1368,3,3,6,3,8,2,4,1,2,6,2,20,3,8,42.0,0.338389,3.083536,4.372061,14.991466,0.122278,0.265678
8131,907,2,0,8,1,7,2,4,0,0,2,3,21,0,5,50.5,0.506967,4.4275,4.303181,13.568589,0.243363,0.47253
3200,345,0,0,5,0,2,1,1,0,0,0,0,9,0,0,82.0,0.674128,4.6875,5.614718,2.663761,0.343828,0.493229
6298,1007,5,3,18,4,9,0,3,0,1,3,2,30,1,5,30.5,0.997583,7.303906,6.691842,213.928468,0.576588,0.733195
7269,1022,0,2,7,0,7,0,2,1,0,4,0,16,1,4,60.0,0.263881,2.61384,3.563855,9.263623,0.276834,0.345267
3523,417,1,0,4,1,5,0,2,0,0,4,1,11,0,5,70.5,0.069662,2.270792,2.88048,4.390823,0.725649,0.311229
3983,633,1,3,6,1,7,0,0,1,2,3,0,13,3,3,63.5,0.408996,2.008536,3.677447,8.150315,0.53386,0.293922
7165,479,0,0,5,0,1,0,0,1,0,1,0,6,1,1,84.5,0.943345,6.28053,6.705858,188.486526,0.922208,0.771736
9262,841,1,1,7,0,0,1,1,0,0,0,0,9,0,0,82.0,0.867257,4.534658,4.524302,6.722548,0.224462,0.519378
7747,1005,1,1,1,1,6,1,1,0,0,5,2,9,0,7,71.5,0.131455,3.356138,3.214307,3.0365,0.149313,0.245076
3121,408,1,0,0,1,2,1,1,1,0,2,0,4,1,2,87.0,0.271542,3.844921,3.906885,1.409633,0.412584,0.334714
2800,428,6,1,6,0,4,0,0,0,1,3,1,10,1,4,72.0,0.759009,6.071429,6.929418,25.626243,0.549222,0.671379
3369,350,4,0,4,2,2,1,0,0,0,2,0,7,0,2,83.0,0.044393,1.48412,3.688015,0.134615,0.486238,0.263863
18000,1150,5,1,6,0,5,1,3,3,0,2,0,15,3,2,61.0,0.91683,7.0,6.78689,190.997381,0.964147,0.764864
6354,1066,3,1,4,3,3,0,2,3,2,4,3,9,5,7,61.5,0.042228,1.573812,3.537068,0.4395,0.327514,0.184616
10480,936,0,2,7,2,4,3,2,2,1,6,1,16,3,7,51.5,0.827457,6.39313,6.48057,165.624758,0.291763,0.549495
5173,763,1,1,3,1,5,0,4,0,1,3,0,12,1,3,69.5,0.021849,2.70636,2.795539,5.94539,0.622394,0.291225
10200,764,1,1,7,0,1,2,2,0,1,2,1,12,1,3,69.5,0.741461,5.196078,4.88346,34.080499,0.966173,0.69559
4232,463,5,2,2,0,6,0,2,2,0,4,0,10,2,4,70.0,0.328336,2.362949,3.967569,1.837158,0.10586,0.285407
11831,1162,4,3,6,0,7,1,3,6,0,1,0,17,6,1,52.5,0.750042,7.099992,5.787749,71.856976,0.668373,0.593388
3185,584,1,0,5,1,2,1,2,0,0,2,1,10,0,3,75.5,0.178942,3.453689,2.154415,1.358706,0.677637,0.327383
5471,380,1,0,2,0,1,0,0,0,0,2,0,3,0,2,91.0,0.900453,8.407969,6.153821,59.254088,0.856598,0.746999
4500,491,0,1,1,0,1,0,0,0,0,1,0,2,0,1,94.5,0.778578,4.444444,5.947825,23.794147,0.563398,0.662453
9079,745,5,5,8,0,4,3,0,0,0,2,2,15,0,4,64.0,0.715537,4.405772,5.626485,110.215165,0.772595,0.596797
5841,929,2,2,5,2,2,0,2,2,0,1,0,9,2,1,76.5,0.039304,2.225646,2.737448,2.678851,0.547334,0.319202
8621,1050,3,1,4,0,7,1,1,2,1,2,0,13,3,2,65.0,0.85575,7.887716,5.53687,245.382983,0.514683,0.639595
10515,1461,3,1,8,1,4,2,2,3,5,4,1,16,8,5,44.5,0.811084,5.706134,5.503297,50.850396,0.268924,0.534258
10290,1019,1,2,10,3,4,2,3,1,0,6,3,19,1,9,46.5,0.336474,2.81827,3.78327,1.905697,0.013513,0.25211
7219,1061,3,1,6,1,16,2,0,1,1,3,4,24,2,7,37.5,0.165781,1.66228,3.038225,0.133144,0.052844,0.196942
3566,300,0,0,4,1,0,0,0,1,0,3,0,4,1,3,85.5,0.401572,4.48682,5.211615,20.724807,0.902512,0.468779
9508,870,3,0,0,0,5,0,0,0,1,2,0,5,1,2,85.0,0.938246,6.310475,5.933803,52.287188,0.639729,0.656681
12533,1600,2,1,6,1,5,1,4,1,0,5,2,16,1,7,55.5,0.722452,4.069257,3.922817,15.312765,0.212546,0.481669
9824,1196,2,3,7,2,3,0,1,2,1,5,2,11,3,7,61.5,0.78884,6.921824,5.056289,57.932471,0.193538,0.591946
3599,578,0,0,7,2,3,0,1,0,1,1,1,11,1,2,73.0,0.078365,1.944985,2.972359,1.938707,0.441933,0.248714
5206,698,7,5,14,3,8,2,5,2,0,2,1,29,2,3,33.5,0.935378,8.451786,6.702653,97.739246,0.850583,0.696368
3981,384,0,0,2,0,8,0,3,0,0,5,1,13,0,6,65.0,0.568727,3.767898,5.764133,10.52095,0.72529,0.410017
9040,653,3,1,8,0,3,2,1,1,1,2,0,14,2,2,65.0,0.915401,8.40708,6.672105,173.485296,0.752678,0.767357
3115,574,1,0,3,3,5,2,1,2,0,1,0,11,2,1,72.5,0.062986,3.5313,2.988603,1.641837,0.254727,0.250239
5018,780,0,0,5,1,2,0,0,0,1,0,0,7,1,0,84.0,0.664178,2.391391,3.652017,2.925738,0.311484,0.450608
7394,731,0,0,4,1,3,2,2,0,1,5,1,11,1,6,67.0,0.6104,3.651609,5.127595,15.284633,0.638579,0.512296
6612,863,1,0,9,2,3,1,4,2,2,3,1,17,4,4,52.0,0.161144,3.629764,3.228523,3.625722,0.433406,0.252915
5046,866,0,3,6,4,1,0,0,2,0,2,0,7,2,2,79.0,0.200336,2.774475,2.978688,1.2474,0.352974,0.283127
2800,369,1,1,6,0,2,0,0,1,0,1,1,8,1,2,79.0,0.913401,6.428571,6.394976,73.681857,0.9771,0.717434
12381,1108,4,4,12,2,6,2,2,0,0,4,0,22,0,4,50.0,0.748892,4.199984,4.868722,25.6624,0.081885,0.416504
8150,953,0,1,5,0,3,0,2,1,0,2,0,10,1,2,75.0,0.968504,5.766871,6.711772,43.143152,0.519264,0.70755
7389,502,0,1,2,0,0,0,1,0,0,1,0,3,0,1,92.5,0.966695,10.28556,7.316039,364.431378,0.83864,0.875045
4500,300,0,0,0,1,1,0,1,0,1,0,0,2,1,0,94.0,0.7337,5.555556,6.458881,42.111596,0.7093,0.693846
1500,300,1,0,2,0,2,0,0,0,0,0,0,4,0,0,92.0,0.087185,4.0,3.747643,8.324445,0.107613,0.286393
5327,453,1,1,5,0,2,0,2,0,0,0,0,9,0,0,82.0,0.608759,3.754458,4.608183,9.422267,0.887274,0.48575
6993,1003,4,2,26,2,7,1,1,2,0,2,0,35,2,2,23.0,0.811341,8.866009,6.584942,104.934178,0.787943,0.67121
10981,1115,2,2,7,1,8,1,4,1,1,3,1,20,2,4,50.0,0.807665,5.919315,4.883828,52.39802,0.406541,0.608184
10873,2021,6,3,14,2,11,2,5,2,0,8,3,32,2,11,15.5,0.196447,1.655477,3.103961,9.465176,0.521638,0.253418
8595,916,2,1,4,2,2,0,2,1,0,3,1,8,1,4,76.0,0.287984,1.861547,3.111395,1.048617,0.511365,0.245309
2873,471,2,1,10,2,7,1,2,0,1,2,1,20,1,3,53.5,0.927337,7.309433,6.578996,43.520187,0.552097,0.700048
9757,693,4,3,3,0,4,0,3,0,1,2,1,10,1,3,73.5,0.530946,5.124526,4.96134,27.554429,0.787775,0.54083
4639,314,1,0,4,0,1,0,0,1,0,2,0,5,1,2,85.0,0.66587,3.233455,4.789551,42.463525,0.075491,0.493293
16500,1323,1,1,8,3,6,1,4,2,2,4,3,19,4,7,43.5,0.422836,3.212121,4.84856,14.937034,0.894315,0.410023
4465,485,1,1,1,1,2,2,0,0,1,2,0,5,1,2,85.0,0.500842,5.151176,3.726393,6.026049,0.215937,0.405352
5839,534,2,1,9,0,5,1,1,1,0,3,1,16,1,4,60.0,0.572848,3.253982,4.532869,29.911967,0.734363,0.413342
7256,779,1,2,7,2,4,0,2,3,1,5,0,13,4,5,58.5,0.272118,3.721058,2.628227,6.980308,0.824908,0.286404
13000,1533,4,2,11,3,7,3,2,3,0,4,1,23,3,5,40.5,0.108824,2.230769,3.329804,5.514458,0.565821,0.214227
6267,911,1,0,12,2,12,1,0,1,0,2,1,25,1,3,43.5,0.857701,10.371789,5.166654,250.455211,0.730002,0.709728
5292,624,1,0,3,1,3,0,2,0,0,1,0,8,0,1,82.5,0.404393,3.212396,5.223958,11.307072,0.223795,0.455955
9224,576,0,0,3,0,0,0,2,0,0,1,1,5,0,2,87.0,0.676481,6.50477,5.813093,96.074665,0.926916,0.689979
4460,481,0,0,0,1,3,2,2,2,1,1,1,7,3,2,77.0,0.164706,2.466368,3.577152,7.971491,0.649569,0.291536
10820,1393,2,1,15,2,6,1,1,2,0,4,1,23,2,5,42.5,0.728431,4.805915,4.588521,15.854307,0.20583,0.448019
6398,923,0,1,11,1,7,1,0,4,0,4,1,19,4,5,46.5,0.094779,1.094092,2.732499,0.475125,0.143444,0.169362
1500,300,1,0,1,0,3,0,0,0,0,2,0,4,0,2,89.0,0.069731,0.666667,2.11179,0.391762,0.162842,0.218298
10689,1225,1,3,9,4,5,1,0,2,4,5,0,15,6,5,50.5,0.424476,5.800356,3.895191,24.97452,0.671964,0.423199
10443,1099,1,0,6,3,7,0,2,0,1,3,2,15,1,5,60.5,0.397544,2.968496,5.422016,14.103665,0.330275,0.463587
4691,300,2,2,1,1,1,1,0,0,0,0,1,3,0,1,92.5,0.989077,7.887444,6.156229,52.818205,0.933213,0.804491
9764,1132,0,2,8,0,3,2,2,0,0,6,0,15,0,6,61.0,0.577291,6.349857,4.486647,46.946935,0.282173,0.525261
7635,661,3,0,10,2,3,1,0,6,5,2,1,14,11,3,45.5,0.242417,3.667322,4.356437,21.296298,0.988087,0.500912
6344,581,6,2,6,0,3,0,1,2,0,4,0,10,2,4,70.0,0.2659,2.522068,2.494834,1.070822,0.111911,0.281386
14029,987,2,2,3,2,3,0,3,0,0,2,1,9,0,3,77.5,1.0,8.268586,6.73664,495.347171,0.843698,0.79861
6303,733,5,0,15,2,9,2,1,2,1,6,0,27,3,6,31.0,0.717764,9.043313,6.336892,234.268292,0.944816,0.716269
6450,586,1,0,2,0,2,0,2,0,0,3,1,6,0,4,82.0,0.388677,3.565891,4.116316,19.50338,0.135589,0.459725
12773,1506,2,4,16,7,10,2,3,0,1,11,4,31,1,15,13.5,0.352121,4.540828,4.894881,54.439399,0.953815,0.440022
12877,1847,2,1,14,5,17,2,3,1,0,8,0,36,1,8,14.0,0.768374,4.426497,5.19767,36.745225,0.25042,0.488612
8895,619,1,0,5,0,4,0,0,1,0,0,0,9,1,0,80.0,0.836301,7.532322,5.380196,51.341019,0.736676,0.62846
5980,889,3,2,12,2,4,0,4,1,1,5,0,20,2,5,48.5,0.081002,0.668896,4.803457,0.644349,0.342368,0.243072
8042,502,3,0,4,0,1,0,1,0,1,0,0,6,1,0,86.0,0.861937,9.69908,6.902738,346.172107,0.839094,0.799364
12337,805,5,1,10,1,3,5,2,2,2,2,0,20,4,2,49.0,0.720837,6.403502,5.387029,54.119783,0.941694,0.591047
12098,1330,2,1,18,2,8,2,5,1,2,5,0,33,3,5,20.5,0.079345,1.570508,3.017522,3.726851,0.257107,0.150382
4544,522,1,0,8,4,3,0,2,1,1,1,2,13,2,3,65.5,0.103239,0.660211,3.366586,4e-05,0.097567,0.178602
9127,570,2,1,2,0,0,0,2,1,0,0,0,4,1,0,90.0,0.830477,6.683467,6.164056,72.67574,0.739872,0.69879
18000,1225,3,2,6,2,2,1,3,0,1,1,0,12,1,1,72.5,0.87548,7.166667,5.957338,244.981943,0.663394,0.702161
6074,628,2,1,6,0,13,0,0,0,0,0,0,19,0,0,62.0,0.203282,3.786632,4.066859,13.832052,0.623527,0.46796
9561,1219,4,3,17,2,17,1,3,2,3,3,1,38,5,4,8.0,0.853075,9.727016,6.046135,346.656799,0.737433,0.682231
3207,300,1,2,3,0,0,0,1,0,0,0,0,4,0,0,92.0,0.408248,4.989086,4.593496,15.714815,0.915868,0.557171
13130,1175,1,1,4,2,6,2,0,0,0,2,0,12,0,2,73.0,0.975122,5.71211,5.895445,72.637016,0.522117,0.714119
8961,813,1,3,15,3,12,2,0,2,1,7,1,29,3,8,24.0,0.423026,4.129003,5.451881,39.462422,0.965441,0.491553
6259,795,1,0,1,1,1,1,0,1,0,2,1,3,1,3,87.5,0.921203,8.148266,5.9437,204.326804,0.565126,0.770861
6135,834,0,1,16,2,8,1,8,2,0,4,1,33,2,5,22.5,0.860279,7.98696,6.67925,48.062309,0.845201,0.684906
7355,872,2,0,4,3,1,0,1,0,1,3,0,6,1,3,81.5,0.589948,3.806934,4.491368,5.367182,0.2989,0.509101
4500,301,1,0,3,0,0,1,1,0,0,1,0,5,0,1,88.5,0.962636,8.0,6.089087,144.945198,0.750405,0.738518
15179,1473,3,0,3,4,5,0,2,0,0,2,0,10,0,2,77.0,0.948117,5.665722,5.694013,49.406654,0.531367,0.672492
9706,934,0,0,4,4,10,0,3,0,0,2,0,17,0,2,63.0,0.440942,5.46054,5.150704,61.993708,0.64197,0.569088
14937,1416,1,3,1,0,2,0,5,1,4,1,0,8,5,1,72.5,0.747118,5.221932,4.602609,122.275553,0.622298,0.531873
3060,381,0,0,1,1,2,0,0,0,1,1,2,3,1,3,87.5,0.157149,1.960784,2.831996,1.647618,0.606828,0.305933
4009,469,1,2,7,0,2,0,0,0,1,3,0,9,1,3,75.5,0.119194,3.741581,2.540233,0.42926,0.027688,0.227669
3873,531,0,1,3,0,3,0,1,2,1,3,2,7,3,5,72.5,0.057949,1.290989,2.782296,2.382345,0.342065,0.2619
11674,1766,5,3,11,4,7,2,6,2,2,3,1,26,4,4,34.0,0.645656,4.197362,5.021675,23.827861,0.349753,0.479895
15155,1654,1,3,7,0,2,2,5,3,1,5,1,16,4,6,51.0,0.44282,2.111514,2.948261,10.128248,0.44754,0.407691
16500,1128,1,6,9,1,3,2,5,1,1,4,1,19,2,5,50.5,0.444585,4.909091,5.333982,87.538292,0.9245,0.523186
2744,300,2,1,5,0,1,0,1,1,0,2,0,7,1,2,81.0,0.446482,5.466472,4.584801,41.889979,0.794533,0.515091
8887,1024,3,2,13,2,9,0,0,2,0,7,2,22,2,9,38.5,0.432245,3.600765,4.113621,3.554666,0.521645,0.277957
5091,896,1,1,6,1,4,0,0,0,2,4,2,10,2,6,67.0,0.113452,2.749951,3.776764,5.516045,0.467461,0.256025
6052,396,0,2,0,0,0,0,1,1,0,1,0,1,1,1,94.5,0.967235,6.278916,6.241019,162.166532,0.763069,0.733688
2800,300,1,0,7,0,4,2,3,0,0,2,0,16,0,2,65.0,0.751719,7.5,5.518315,71.579484,0.725315,0.65405
11000,1815,3,2,8,1,9,2,3,4,4,12,0,22,8,12,22.0,0.204784,2.181818,3.543894,14.082173,0.154019,0.261677
2960,300,0,2,1,1,2,0,0,0,2,1,1,3,2,2,87.0,0.137327,2.702703,1.795025,1.669483,0.810842,0.29611
5633,1358,1,1,5,2,8,5,3,3,1,5,2,21,4,7,39.5,0.099728,1.952778,2.721196,2.152231,0.435275,0.200431
2600,350,1,0,4,1,2,0,1,1,0,1,0,7,1,1,82.5,0.707604,3.076923,5.605594,3.460216,0.533215,0.487254
8550,1120,2,2,8,1,2,1,3,1,1,2,1,14,2,3,63.5,0.065984,1.637427,2.563846,2.712545,0.401067,0.179752
5214,441,0,2,6,0,4,0,1,0,2,2,1,11,2,3,69.5,0.614896,5.945531,4.233485,20.633163,0.248475,0.550968
3200,300,0,0,2,0,0,0,0,1,0,0,0,2,1,0,94.0,0.120388,6.5625,3.041552,4.645639,0.95472,0.400824
16500,2136,2,0,13,1,4,0,3,1,0,5,0,20,1,5,50.5,0.576928,4.121212,4.036987,21.028479,0.261527,0.452332
4991,738,2,1,5,0,4,0,2,2,1,3,0,11,3,3,67.5,0.107317,3.406131,2.908403,3.845881,0.12068,0.214767
4133,448,0,0,2,1,1,0,1,0,0,0,1,4,0,1,90.5,0.712136,5.80692,5.265056,33.843675,0.515419,0.614065
12250,1917,8,3,8,0,9,1,6,0,4,6,2,24,4,8,32.0,0.673569,5.959184,5.385852,39.264051,0.512804,0.496106
18000,1125,1,0,6,1,7,2,0,0,1,1,0,15,1,1,66.5,1.0,7.722222,6.628265,104.756076,0.749881,0.787276
12135,1013,2,1,5,0,3,0,2,0,0,1,0,10,0,1,78.5,0.301572,2.307375,3.828446,16.168154,0.385774,0.414795
5479,342,0,0,3,1,0,0,1,0,0,2,0,4,0,2,89.0,0.944126,5.840482,6.204441,32.061202,0.843112,0.732019
5041,576,0,0,5,2,6,0,2,0,1,2,1,13,1,3,67.5,0.470948,3.173973,3.709142,6.164639,0.109267,0.365922
9000,1186,5,3,14,1,9,1,3,4,2,5,3,27,6,8,22.0,0.062793,2.0,2.858399,3.209611,0.66552,0.119065
11000,2064,7,1,11,4,11,3,3,1,2,5,2,28,3,7,27.5,0.09383,2.272727,3.787076,1.692001,0.484644,0.22519
6146,768,1,0,3,2,2,0,3,0,2,4,1,8,2,5,72.5,0.548891,4.555809,5.021638,7.952821,0.317835,0.42864
12496,1826,6,5,15,2,12,2,2,1,0,4,1,31,1,5,28.5,0.446065,4.641485,4.271339,18.296383,0.453896,0.41355
7297,1095,0,0,7,1,7,1,1,0,0,2,1,16,0,3,63.5,0.851926,4.933534,4.475294,3.190338,0.493009,0.521911
10310,1184,1,3,11,3,10,0,4,2,0,4,0,25,2,4,40.0,0.517052,3.976722,4.436015,21.126232,0.656963,0.419759
4500,429,0,1,2,1,3,1,1,0,0,0,1,7,0,1,84.5,0.920735,8.666667,6.217125,80.827865,0.66694,0.774858
10241,1415,0,0,5,2,6,1,3,0,1,3,0,15,1,3,63.5,0.363079,4.296455,5.494471,21.161989,0.354534,0.47485
4500,317,0,0,2,0,1,0,1,0,0,3,0,4,0,3,87.5,0.671096,8.222222,6.33047,61.25531,0.867678,0.785995
8597,885,3,2,1,1,0,1,1,0,0,0,0,3,0,0,94.0,0.848544,7.444457,5.988294,269.424544,0.507333,0.698367
8796,922,2,0,5,0,1,0,0,0,0,0,0,6,0,0,88.0,0.814725,7.389723,5.720118,55.200628,0.564872,0.732897
8978,1092,3,0,4,3,5,0,1,1,1,3,1,10,2,4,70.0,0.546729,6.683003,4.731954,48.249271,0.623561,0.505533
4132,447,1,0,6,2,1,0,2,3,0,3,1,9,3,4,70.0,0.132042,2.178122,3.465066,2.617587,0.344085,0.239865
11846,1236,2,1,4,0,4,0,1,1,0,1,0,9,1,1,78.5,0.558373,3.376667,3.156287,11.423748,0.37145,0.505115
8754,711,4,1,4,0,7,0,2,1,0,2,0,13,1,2,69.0,0.065548,2.855837,3.299661,3.091313,0.553654,0.338228
15000,1726,1,5,13,3,9,0,2,2,3,4,2,24,5,6,33.0,0.76721,7.466667,4.640786,40.790107,0.273912,0.583671
3044,406,0,1,5,2,1,0,1,2,1,0,0,7,3,0,80.0,0.068553,1.642576,1.915223,0.000981,0.128198,0.220033
5399,707,3,4,13,1,7,2,4,3,0,5,2,26,3,7,31.5,0.927848,8.890535,6.499228,33.103539,0.633975,0.652176
2800,423,2,2,8,0,6,0,0,0,0,3,0,14,0,3,67.5,0.904307,8.214286,5.745736,74.880231,0.995238,0.75103
7349,667,0,1,2,0,1,0,0,0,2,0,0,3,2,0,90.0,0.779311,8.164376,5.270784,78.210312,0.379346,0.656542
13367,1072,1,2,5,2,6,1,1,0,3,1,1,13,3,2,65.0,0.493877,2.917633,5.16267,11.912306,0.006324,0.416532
8186,1286,2,1,8,0,7,1,2,3,1,0,0,18,4,0,56.0,0.746653,5.130711,5.268175,27.712782,0.501948,0.578702
14896,1988,2,1,14,2,6,0,1,3,1,5,1,21,4,6,41.0,0.739084,5.907626,4.313127,38.295402,0.23464,0.462145
18000,1265,4,0,2,2,6,1,5,1,0,1,1,14,1,2,67.0,0.891735,6.0,5.732595,131.163158,0.880286,0.717951
14000,2544,6,3,30,1,13,4,10,2,1,10,1,57,3,11,0.0,0.647766,6.928571,4.542758,122.177722,0.963664,0.655676
5578,1035,0,0,10,1,6,3,1,0,2,3,1,20,2,4,50.0,0.100448,3.406239,3.132301,5.972209,0.376386,0.179211
3007,364,3,2,3,1,2,1,0,0,0,2,1,6,0,3,83.5,0.196986,3.990688,3.485959,7.430044,0.633095,0.407207
3981,525,0,2,5,0,3,0,0,2,0,0,0,8,2,0,80.0,0.063551,2.511932,2.756102,0.609436,0.25254,0.267589
6471,790,3,3,1,0,4,3,0,0,1,4,0,8,1,4,76.0,0.502444,2.781641,4.580083,11.469836,0.518797,0.459911
8603,1421,1,0,8,2,6,2,2,0,1,3,1,18,1,4,56.0,0.48399,3.254679,4.317024,17.884012,0.276097,0.404876
12361,1290,2,3,4,0,3,0,1,1,2,2,1,8,3,3,73.5,0.614568,4.934876,4.82769,23.255804,0.235306,0.470434
4248,539,2,1,2,1,5,0,1,0,0,2,0,8,0,2,81.0,0.315647,4.001883,4.984431,20.251204,0.602512,0.416547
4500,300,0,2,5,1,3,0,0,0,0,0,0,8,0,0,84.0,0.903817,7.333333,5.707955,42.586025,0.936161,0.689049
7923,495,2,0,9,0,3,0,2,1,1,5,0,14,2,5,60.5,0.456166,3.786445,4.746705,44.331163,0.948052,0.433761
6208,658,0,3,4,3,1,1,1,0,1,0,1,7,1,1,82.5,0.203181,3.221649,3.821183,12.595106,0.350553,0.402147
7850,832,1,1,10,0,6,0,0,1,1,1,2,16,2,3,59.5,0.385442,6.11465,5.452766,77.941377,0.959038,0.485933
13000,1745,3,3,11,1,8,1,1,3,0,3,1,21,3,4,46.0,0.144367,2.923077,3.421682,12.923313,0.40563,0.259163
6442,730,1,0,6,1,3,0,2,0,1,3,1,11,1,4,70.0,0.347797,4.036014,4.351913,10.990064,0.634978,0.428838
7015,730,2,0,2,1,2,1,1,0,1,1,0,6,1,1,84.5,0.221251,3.563792,3.646012,2.09099,0.195406,0.423259
16500,2176,2,1,9,3,8,4,4,3,3,1,0,25,6,1,36.5,0.648923,3.515152,4.95606,38.173331,0.227117,0.450807
5604,607,2,1,4,2,5,1,2,4,1,1,0,12,5,1,64.5,0.135706,2.498216,3.351421,4.420511,0.116917,0.241175
3697,508,4,0,10,0,6,0,4,0,1,1,1,20,1,2,55.0,0.626402,11.090073,5.067626,65.119377,0.60525,0.693994
8315,820,3,4,6,1,1,0,1,0,0,3,0,8,0,3,79.5,0.367464,4.690319,4.987244,23.096409,0.210393,0.419741
7792,953,3,0,12,0,6,1,0,2,6,5,2,19,8,7,35.5,0.197658,1.668378,3.496853,4.869082,0.486213,0.230181
4500,300,1,1,2,0,2,0,0,0,0,0,0,4,0,0,92.0,1.0,3.777778,5.87304,59.408961,0.581547,0.731678
7793,906,0,2,8,2,4,1,0,1,0,1,0,13,1,1,70.5,0.739379,5.646093,5.538825,31.31832,0.273985,0.567404
6009,704,3,3,0,1,3,0,3,1,0,1,0,6,1,1,84.5,0.596486,4.659677,4.241927,5.896226,0.037958,0.475106
9318,991,1,0,4,2,5,0,6,2,2,5,1,15,4,6,53.0,0.501068,6.117193,4.106577,13.960331,0.226845,0.411805
4644,359,2,0,4,2,4,0,0,0,0,0,0,8,0,0,84.0,0.513484,5.167959,5.266322,0.881155,0.093822,0.445322
11907,744,1,2,3,1,1,1,0,0,1,4,1,5,1,5,80.5,0.848913,5.039053,6.015041,51.711505,0.546412,0.672583
12539,1382,4,3,18,4,3,0,5,0,2,2,0,26,2,2,41.0,0.485546,5.104075,4.599458,24.94128,0.175707,0.453315
9842,1086,0,2,7,3,8,3,4,3,4,7,1,22,7,8,30.0,0.093082,1.422475,2.459794,3.473685,0.546193,0.169878
10414,1220,1,2,14,5,13,1,0,1,2,5,1,28,3,6,29.0,0.818049,7.105819,6.147121,315.462385,0.718066,0.660523
15444,1689,2,0,12,0,10,2,1,0,0,7,1,25,0,8,38.0,0.662087,3.949754,4.895124,31.993336,0.190967,0.498176
4666,818,0,1,10,3,8,1,2,1,0,2,1,21,1,3,51.5,0.799897,7.929704,5.157309,43.161657,0.345345,0.65689
7204,649,1,1,2,0,3,1,2,0,1,2,0,8,1,2,79.0,0.417792,4.7196,4.322019,29.961018,0.694255,0.421769
5402,745,2,0,15,2,5,1,2,0,0,5,2,23,0,7,43.5,0.913653,7.034432,7.65288,57.341438,0.938178,0.685115
3216,354,1,0,0,1,3,0,2,0,2,1,0,5,2,1,84.5,0.667364,6.218905,4.087145,10.477912,0.136747,0.436067
9038,885,1,3,5,0,3,0,1,0,0,2,1,9,0,3,77.5,0.601598,3.540606,3.746,4.002569,0.30388,0.478382
7309,759,3,1,3,1,1,1,2,0,1,3,1,7,1,4,78.0,0.654621,4.378164,4.13373,15.573085,0.229772,0.494258
4218,466,0,0,4,1,2,1,3,0,0,0,0,10,0,0,80.0,0.679006,4.978663,4.886985,21.960073,0.471877,0.534097
3610,435,2,0,8,0,0,0,1,0,0,1,0,9,0,1,80.5,0.2084,3.3241,2.865772,2.971278,0.705551,0.344368
8744,856,0,3,7,2,4,1,5,0,1,4,0,17,1,4,58.0,0.542973,4.002745,4.247025,16.54272,0.093667,0.430258
1500,300,0,0,3,0,2,1,0,0,0,2,0,6,0,2,85.0,0.07782,3.333333,2.902396,1.528864,0.415134,0.255135
11192,741,0,1,7,3,9,0,0,3,1,6,3,16,4,9,46.5,0.296179,3.395282,4.548614,31.789175,0.952063,0.421496
2988,346,1,0,5,1,0,0,0,0,1,0,0,5,1,0,88.0,0.549314,4.685408,5.032484,6.088842,0.061921,0.519628
9344,1059,1,0,5,2,5,2,3,0,0,1,0,15,0,1,68.5,0.698145,5.351027,4.800089,31.752949,0.567333,0.552668
5416,869,1,0,11,0,8,2,2,0,0,0,1,23,0,1,52.5,0.791489,8.493353,5.492263,146.245565,0.841055,0.718029
8793,587,0,0,5,1,1,2,2,1,0,1,0,10,1,1,76.5,0.883399,6.482429,6.223317,72.92199,0.994533,0.764137
2800,363,2,1,5,1,4,0,3,0,0,3,0,12,0,3,71.5,0.992811,12.142857,6.753401,95.822779,0.66475,0.830501
1980,300,0,0,3,1,1,0,1,1,0,1,1,5,1,2,85.0,0.10337,4.040404,2.809003,1.939169,0.064514,0.219499
16500,2027,4,3,6,1,7,2,3,0,0,5,0,18,0,5,56.5,0.587325,5.454545,4.784184,38.279884,0.385912,0.524651
3099,332,2,0,0,0,4,0,2,0,0,1,0,6,0,1,86.5,0.122004,5.485641,4.087716,0.856103,0.316437,0.329062
10165,660,1,0,6,2,3,0,2,0,0,0,0,11,0,0,78.0,1.0,7.870143,5.731984,102.072618,0.627247,0.713084
7163,1063,1,1,10,2,5,0,3,1,2,7,1,18,3,8,46.0,0.152037,1.535669,3.26264,0.338666,0.102007,0.193829
7237,594,0,1,4,1,1,1,0,0,0,1,1,6,0,2,85.0,1.0,7.599834,6.015994,205.770682,0.689928,0.74787
3216,365,1,0,3,2,2,1,0,2,0,1,0,6,2,1,82.5,0.353577,4.975124,2.947865,1.893078,0.010736,0.405749
5004,573,3,2,2,2,2,1,2,0,0,2,0,7,0,2,83.0,0.657613,5.795364,5.240992,19.066859,0.325722,0.486636
3564,382,0,0,2,0,4,1,0,0,0,1,1,7,0,2,83.0,0.52167,3.647587,4.276979,7.231341,0.261603,0.42205
6592,575,1,2,6,0,2,0,0,1,1,5,0,8,2,5,72.5,0.561591,6.371359,4.86601,10.929972,0.940175,0.594262
18000,1177,2,1,8,1,4,0,1,0,1,5,1,13,1,6,63.0,0.758183,8.166667,6.72665,159.224281,0.877391,0.727653
10386,1173,5,3,7,2,11,1,8,2,6,5,2,27,8,7,19.5,0.028601,1.636819,3.071423,3.647513,0.043976,0.099255
9190,597,0,1,7,1,2,1,2,0,0,0,0,12,0,0,76.0,0.90295,7.943417,6.081143,79.120616,0.807878,0.704696
4160,488,0,1,7,0,4,1,2,1,1,1,0,14,2,1,66.5,0.043959,1.682692,3.973213,0.020432,0.30084,0.209281
5650,740,1,0,7,2,2,1,0,0,1,1,1,10,1,2,75.0,0.515294,4.778761,4.379098,11.398198,0.599093,0.47251
15000,1707,2,1,12,3,10,3,2,3,3,3,1,27,6,4,28.0,0.744339,7.733333,5.100337,41.842299,0.265054,0.481374
6128,629,0,1,2,0,4,3,0,0,0,0,0,9,0,0,82.0,0.969557,8.322454,5.975614,18.245632,0.395809,0.720349
9672,1070,3,0,2,2,5,3,2,3,2,1,3,12,5,4,60.0,0.370865,4.032258,4.392243,17.814851,0.563522,0.450004
12892,1383,1,3,11,3,6,2,2,1,0,4,1,21,1,5,48.5,0.648373,4.421347,4.512089,38.508175,0.035606,0.475601
11480,772,0,0,2,0,1,0,1,1,1,0,1,4,2,1,86.5,0.81605,6.271777,5.690588,208.090848,0.656827,0.772455
2800,412,0,0,4,0,7,1,1,0,0,1,0,13,0,1,72.5,0.815505,11.428571,6.267176,57.618117,0.834349,0.756397
13908,1092,1,1,4,2,4,5,2,0,1,4,0,15,1,4,62.0,0.79631,6.830601,6.351352,237.183145,0.900615,0.660318
5425,923,2,0,1,2,4,2,1,2,0,1,0,8,2,1,78.5,0.121508,1.474654,1.863342,0.229011,0.493716,0.188472
2600,395,0,1,3,1,2,0,1,0,0,1,0,6,0,1,86.5,0.47096,4.615385,4.916929,11.938223,0.356572,0.479309
2350,407,1,1,1,0,3,1,2,1,0,2,0,7,1,2,81.0,0.142743,3.404255,3.135211,1.913464,0.242394,0.234517
6600,435,3,0,5,0,2,1,1,0,2,1,0,9,2,1,76.5,0.992427,7.727273,7.102636,65.599591,0.686946,0.78524
3311,482,0,2,6,1,3,0,1,1,1,1,1,10,2,2,73.0,0.136394,3.322259,3.644122,5.657648,0.594902,0.295616
6001,618,0,2,7,2,5,0,2,2,3,6,1,14,5,7,51.5,0.189966,2.9995,3.288125,7.209005,0.550512,0.312519
4598,611,1,0,9,1,8,0,0,2,0,1,2,17,2,3,57.5,0.865125,8.264463,5.527755,108.753803,0.583441,0.708282
11720,888,0,1,4,1,1,2,0,2,1,0,0,7,3,0,80.0,0.808858,9.300341,5.178823,49.254303,0.645569,0.79596
5687,991,2,0,6,2,9,1,0,1,2,3,1,16,3,4,56.0,0.0,2.813434,2.845378,2.564539,0.471228,0.183172
11215,804,0,0,6,1,4,0,2,1,0,1,0,12,1,1,72.5,0.863443,7.579135,6.631422,57.224561,0.720247,0.751136
3243,300,0,0,3,0,2,0,1,0,0,1,1,6,0,2,85.0,0.383206,5.24206,3.274599,5.220947,0.014162,0.4261
13059,924,7,3,5,0,4,0,6,1,1,1,0,15,2,1,64.5,0.815395,5.972892,5.708458,139.179448,0.656082,0.702712
8777,1112,2,1,7,1,4,0,3,0,2,6,0,14,2,6,59.0,0.450936,3.987695,5.106149,17.62525,0.402786,0.408882
7375,625,1,2,4,0,6,1,1,0,0,3,2,12,0,5,68.5,0.793867,5.423729,4.775811,42.490977,0.232871,0.582252
5275,565,2,1,3,0,0,0,1,0,0,2,0,4,0,2,89.0,0.716198,5.118483,4.752214,37.977111,0.198489,0.595776
18000,1125,2,2,5,1,3,1,2,0,0,4,0,11,0,4,72.0,0.871568,6.111111,6.216487,81.432332,0.828354,0.726993
11174,732,1,2,6,1,4,1,2,0,0,0,0,13,0,0,74.0,0.935636,7.606945,5.807563,180.371572,0.669884,0.753459
6490,996,0,1,12,2,8,0,1,0,1,3,3,21,1,6,47.0,0.027241,2.157165,3.49783,1.292757,0.338595,0.263954
2092,300,0,1,2,0,0,0,1,0,0,0,0,3,0,0,94.0,0.26315,1.434034,2.441716,0.049166,0.469704,0.347818
3055,386,3,0,2,0,0,0,0,0,0,3,0,2,0,3,91.5,0.426134,4.255319,4.007737,5.131159,0.329022,0.438748
5773,406,3,0,5,0,2,0,0,0,0,1,0,7,0,1,84.5,0.954695,5.543045,6.387117,128.278888,0.794883,0.760495
5369,417,0,0,2,1,3,1,1,0,0,1,0,7,0,1,84.5,0.844385,5.587633,6.738691,153.402922,0.642797,0.725732
12519,782,1,1,2,0,3,0,0,0,1,1,0,5,1,1,86.5,0.809089,5.831137,5.970609,40.059391,0.738364,0.702699
7971,1020,1,1,12,4,7,2,1,1,2,6,0,22,3,6,41.0,0.073561,2.509095,2.789373,2.622128,0.828243,0.264022
10458,893,1,2,13,0,5,0,3,1,2,4,0,21,3,4,46.0,0.043505,2.772997,3.536307,3.927038,0.529631,0.269034
4002,502,0,0,5,2,3,1,0,1,0,2,0,9,1,2,77.0,0.240951,2.998501,3.035969,3.456716,0.155134,0.260529
7771,1118,1,0,4,1,6,1,3,2,0,4,1,14,2,5,60.5,0.832365,4.503925,5.156617,11.905313,0.242349,0.532674
4969,584,1,1,7,1,4,0,2,1,0,0,0,13,1,0,72.0,0.152552,3.421212,3.490761,8.469181,0.418455,0.348175
11213,700,1,1,5,3,8,0,3,0,1,1,1,16,1,2,63.0,0.777508,6.510301,6.22334,311.138813,0.821255,0.654222
7713,1045,0,0,6,2,8,0,2,1,1,3,1,16,2,4,58.0,0.665633,3.759886,5.26616,14.784175,0.286403,0.483775
6704,1016,4,2,5,0,4,1,2,1,0,1,0,12,1,1,72.5,0.512228,5.668258,4.891189,20.834501,0.221093,0.582658
2800,397,0,1,7,0,6,0,0,0,0,1,0,13,0,1,72.5,1.0,9.285714,6.317133,114.656166,0.733635,0.774856
2232,300,0,0,0,0,0,0,0,0,1,5,0,0,1,5,90.5,0.18842,2.688172,2.328777,0.351079,0.616659,0.303471
5553,942,2,1,8,2,7,0,1,1,2,1,0,16,3,1,60.5,0.263948,1.620746,2.943842,0.188401,0.210539,0.198623
8601,1044,4,1,6,3,5,2,4,3,1,7,2,17,4,9,44.5,0.12129,2.790373,3.161605,5.411627,0.033676,0.189853
7801,544,1,2,3,2,0,0,0,2,1,0,0,3,3,0,88.0,0.909124,8.204076,5.105457,199.334022,0.689853,0.711821
5128,547,1,1,6,3,4,1,1,2,2,4,1,12,4,5,60.5,0.580171,6.24025,5.965717,111.770114,0.998946,0.632049
11170,1303,3,0,5,2,7,1,1,0,4,2,0,14,4,2,61.0,0.446804,3.670546,3.795248,11.594029,0.357741,0.425899
5050,691,5,1,8,2,10,2,0,2,2,2,0,20,4,2,49.0,0.947431,8.118812,6.438967,173.772844,0.677386,0.732785
2800,300,1,2,14,1,6,2,0,0,0,1,0,22,0,1,54.5,0.971176,7.142857,5.599154,69.900131,0.969826,0.666641
9573,1033,1,1,3,1,5,2,2,1,0,1,0,12,1,1,72.5,0.652436,4.805181,4.81986,17.678147,0.367996,0.568679
5055,820,0,1,4,1,5,0,1,0,1,2,0,10,1,2,75.0,0.348569,4.549951,4.556768,8.003438,0.474276,0.434735
4219,564,2,0,4,2,2,2,2,0,0,7,1,10,0,8,68.0,0.698197,4.503437,3.384821,11.295702,0.350418,0.467126
6791,637,0,2,9,1,2,0,3,0,0,1,0,14,0,1,70.5,0.675822,4.417612,5.305973,4.97233,0.143585,0.489211
4261,421,1,0,5,0,1,1,1,0,0,4,0,8,0,4,78.0,0.167944,1.173433,3.856188,0.209197,0.432976,0.200016
9458,591,0,0,5,0,1,0,1,1,1,1,0,7,2,1,80.5,0.796075,6.238105,6.825935,43.041934,0.999332,0.744346
8235,899,5,2,7,2,8,0,3,1,1,3,3,18,2,6,51.0,0.162113,2.064359,4.644138,12.055703,0.353204,0.283258
5465,665,0,1,2,1,4,0,3,0,1,3,0,9,1,3,75.5,0.69886,6.404392,4.104191,23.253814,0.505997,0.623443
3159,300,0,0,3,0,2,0,1,1,0,2,0,6,1,2,83.0,0.489402,4.748338,3.733401,10.721487,0.115056,0.423053
8708,915,1,0,2,0,0,0,0,2,1,3,1,2,3,4,84.0,0.76066,7.579237,5.471514,37.121427,0.562863,0.680201
8959,1631,3,2,8,0,3,1,4,0,0,4,2,16,0,6,59.0,0.603387,3.683447,4.323584,5.403436,0.240522,0.4021
11000,2136,7,2,9,2,8,0,6,4,4,5,1,23,8,6,29.0,0.137935,2.818182,3.25413,11.1059,0.410994,0.239026
16016,1128,2,2,4,0,1,1,2,0,0,1,0,8,0,1,82.5,0.79697,6.181319,6.342743,334.394124,0.743901,0.679368
10566,1541,7,1,17,1,15,2,4,1,0,7,1,38,1,8,10.0,0.922286,9.653606,6.861407,212.256599,0.807437,0.701017
2600,300,0,0,2,0,0,0,1,1,0,2,0,3,1,2,89.0,0.600781,6.153846,3.835707,2.179483,0.309921,0.431124
5019,541,0,0,4,1,1,1,2,0,0,2,0,8,0,2,81.0,0.200065,3.187886,3.219536,4.984688,0.676954,0.284036
8708,544,0,0,2,1,0,0,0,0,1,1,1,2,1,2,91.0,0.863552,6.316031,6.873027,237.239857,0.997275,0.783044
6425,401,0,1,4,1,1,0,0,1,0,1,0,5,1,1,86.5,0.960488,8.404669,7.061556,103.682169,0.961554,0.801535
10902,689,0,1,1,1,3,0,3,0,0,1,1,7,0,2,83.0,0.864918,6.696019,5.588231,207.078074,0.949438,0.741313
7814,874,3,2,10,0,7,1,5,1,2,4,1,23,3,5,40.5,0.189421,3.07141,3.261923,10.359842,0.808128,0.294871
15000,1693,7,3,15,2,11,1,4,0,0,13,2,31,0,15,15.5,0.687788,6.333333,4.707171,100.74862,0.893305,0.500645
3798,655,1,1,6,1,5,2,2,1,0,1,0,15,1,1,66.5,0.865985,5.792522,6.875903,47.826202,0.877887,0.683331
6705,784,1,0,3,0,2,2,3,0,1,2,0,10,1,2,75.0,0.696464,6.711409,4.6785,13.019876,0.510869,0.618786
8434,527,0,1,10,0,1,0,3,0,0,1,1,14,0,2,69.0,0.979536,9.485416,6.208372,363.896592,0.906285,0.823775
11518,1335,3,0,4,3,5,2,2,0,1,1,1,13,1,2,69.0,0.838122,6.077444,6.707264,186.654134,0.598553,0.632591
3368,505,1,1,7,0,5,1,2,1,0,2,0,15,1,2,65.0,0.637019,4.750594,5.33143,19.881461,0.377187,0.534393
13000,1663,4,2,12,0,4,1,4,1,4,10,2,21,5,12,30.0,0.144092,2.307692,2.399653,6.990635,0.311182,0.123072
7358,902,3,2,4,3,1,1,1,1,0,5,0,7,1,5,76.5,0.577941,4.484914,4.965337,55.409848,0.620843,0.490574
13905,1158,4,1,8,1,5,2,3,2,1,3,1,18,3,4,52.0,0.635728,4.890327,5.14322,111.241958,0.909707,0.520261
5947,469,0,1,2,1,2,0,1,0,0,2,0,5,0,2,87.0,0.361195,3.699344,4.490853,8.110311,0.004459,0.434269
8450,659,2,3,5,0,7,0,5,2,0,5,2,17,2,7,51.5,0.624384,8.402367,4.414621,114.43152,0.992228,0.496076
4530,609,1,2,7,0,3,1,1,0,0,3,2,12,0,5,68.5,0.245764,1.324503,2.148132,1.18217,0.116296,0.191131
6934,859,2,0,4,2,2,0,1,2,0,1,0,7,2,1,80.5,0.76467,5.336025,5.262669,31.520045,0.253823,0.566911
5382,651,3,1,7,1,6,1,1,0,0,6,1,15,0,7,59.5,0.875177,9.661836,5.496634,185.388607,0.687931,0.688188
11000,1428,3,3,9,4,12,0,5,5,2,8,0,26,7,8,22.0,0.377946,2.636364,3.558121,1.375884,0.020328,0.188037
4861,545,3,1,4,4,6,0,1,2,4,2,0,11,6,2,63.0,0.336837,4.320099,3.440194,1.584844,0.302171,0.336381
5297,545,2,2,3,1,4,1,1,0,2,1,1,9,2,2,75.0,0.539248,4.908439,4.178273,11.361348,0.253244,0.441096
8952,1662,3,0,8,1,11,1,6,1,1,7,2,26,2,9,30.5,0.113221,2.680965,3.29606,6.305516,0.581696,0.23692
5096,778,3,0,8,3,7,2,1,0,2,3,0,18,2,3,55.5,0.065508,1.373626,2.908314,0.729331,0.144547,0.207573
16356,1022,1,0,7,0,3,0,2,0,0,7,1,12,0,8,64.0,0.781496,6.113964,6.444311,145.017602,0.864733,0.711253
10050,1246,5,1,11,3,8,1,2,5,0,5,1,22,5,6,37.0,0.179693,2.985075,3.058273,3.191455,0.221893,0.223185
2142,300,1,0,5,1,3,0,1,0,0,1,0,9,0,1,80.5,0.067005,2.334267,3.075952,2.796478,0.517531,0.295001
4305,641,1,0,5,1,3,2,2,1,0,4,1,12,1,5,66.5,0.143447,3.484321,3.257039,0.345858,0.389285,0.231472
3683,367,1,0,6,0,5,0,0,0,1,2,1,11,1,3,71.5,0.401328,7.33098,4.398096,6.715985,0.211227,0.45359
11912,1656,2,1,11,2,9,2,0,0,3,1,2,22,3,3,45.5,0.494163,4.952989,5.085242,19.882935,0.503192,0.530176
4949,329,0,0,1,0,1,0,0,0,1,0,0,2,1,0,94.0,0.949309,7.476258,6.051823,77.713309,0.731487,0.834559
12361,1514,2,1,21,4,18,2,7,2,3,2,0,48,5,2,0.0,0.923597,8.818057,6.766358,466.95615,0.975821,0.680211
15000,2190,3,6,9,1,4,2,3,0,1,3,0,18,1,3,57.5,0.51316,4.0,4.076361,14.515647,0.231621,0.439592
8805,677,0,1,3,0,3,0,1,0,0,0,0,7,0,0,86.0,0.895887,6.019307,7.06458,94.844499,0.719368,0.703326
11564,1610,1,0,6,0,4,1,2,1,2,4,5,13,3,9,54.5,0.635707,5.015566,3.80611,20.725342,0.208097,0.462839
9799,789,3,1,6,1,5,2,5,3,0,3,1,18,3,4,52.0,0.580929,5.612818,5.470015,31.214746,0.684218,0.548605
13397,961,3,0,5,0,3,0,3,1,1,1,0,11,2,1,72.5,0.567855,5.523625,5.021391,15.979688,0.279842,0.51095
2600,333,0,0,3,0,4,1,2,0,0,5,0,10,0,5,72.5,0.530836,4.230769,4.476703,3.266772,0.393157,0.411508
6697,717,4,2,9,3,11,0,2,0,1,4,1,22,1,5,46.5,0.863717,8.212633,6.019839,229.604683,0.820326,0.751448
5643,352,1,0,5,0,0,2,0,0,0,0,0,7,0,0,86.0,0.938295,6.202375,6.391281,22.40493,0.956253,0.731162
16500,1678,3,1,7,1,8,1,7,3,0,4,0,23,3,4,42.0,0.476698,5.818182,4.350147,17.474903,0.134717,0.498418
6673,1062,3,1,8,2,1,0,3,1,0,4,0,12,1,4,68.0,0.665226,5.544733,5.092516,63.835693,0.519159,0.588399
1500,300,0,1,3,1,0,0,1,0,0,1,1,4,0,2,89.0,0.088787,2.666667,2.911741,1.2e-05,0.431779,0.291952
6715,571,0,1,5,1,2,1,2,1,2,2,0,10,3,2,71.0,0.491124,6.403574,3.180083,9.42863,0.242981,0.472993
5012,772,0,0,5,3,3,1,3,1,0,2,1,12,1,3,69.5,0.109788,1.995211,2.457924,1.455147,0.102437,0.212059
5859,928,4,3,5,1,6,0,2,2,1,3,0,13,3,3,63.5,0.431817,2.901519,4.411993,3.417186,0.519895,0.401719
13005,870,1,0,4,0,1,0,0,0,0,1,1,5,0,2,87.0,0.775789,6.382161,6.154522,63.213354,0.807343,0.673924
5547,844,0,1,6,1,1,1,1,1,0,1,0,9,1,1,78.5,0.327286,3.78583,5.14049,9.838148,0.509464,0.415058
4500,327,0,1,2,0,0,1,1,0,0,1,0,4,0,1,90.5,0.882552,7.555556,5.953256,63.538874,0.734249,0.742339
4745,759,4,0,7,4,8,1,1,0,1,2,1,17,1,3,59.5,0.426369,2.31823,4.002171,6.051455,0.530964,0.323966
4300,372,2,1,4,2,6,0,0,0,0,3,0,10,0,3,75.5,0.619331,6.511628,4.461281,17.416854,0.094617,0.566158
15651,1139,0,0,7,0,2,0,0,0,0,0,0,9,0,0,82.0,0.963525,6.006006,6.114085,349.849547,0.731216,0.773015
7773,725,0,0,2,1,2,0,2,0,0,1,0,6,0,1,86.5,1.0,9.134182,6.53656,79.04596,0.53023,0.750309
8476,800,0,0,2,0,2,1,1,0,1,0,0,6,1,0,86.0,0.774843,6.25295,5.047746,36.533088,0.274444,0.76161
2800,595,0,2,8,3,5,0,2,0,0,2,1,15,0,3,65.5,0.828132,8.928571,5.0494,39.252294,0.52762,0.653582
10302,1008,3,2,4,1,7,1,0,1,0,9,2,12,1,11,57.5,0.441242,4.076878,4.731179,16.112498,0.831682,0.457717
10715,1785,5,3,7,2,10,1,4,1,1,2,0,22,2,2,49.0,0.429845,6.346244,4.611898,18.91366,0.59516,0.472068
7086,1052,4,2,8,1,7,3,4,1,4,4,2,22,5,6,37.0,0.193496,1.834603,2.821899,0.275626,0.626981,0.228625
5637,678,1,1,11,2,4,1,0,3,0,3,0,16,3,3,57.5,0.959975,7.98297,5.924771,57.168558,0.614962,0.725876
4520,593,3,0,4,0,5,0,3,3,1,0,2,12,4,2,65.0,0.191347,1.769912,3.124728,0.403351,0.160683,0.21681
4630,300,1,0,4,0,0,0,1,0,0,2,0,5,0,2,87.0,0.863996,8.423326,7.018228,37.27388,0.741329,0.700381
14819,1656,3,0,8,1,11,0,4,0,0,5,1,23,0,6,45.0,0.595398,2.631757,4.397296,19.642506,0.477339,0.412796
6181,776,3,0,8,2,7,1,1,0,1,4,2,17,1,6,55.0,0.095632,2.426792,2.632489,2.304657,0.43509,0.205358
5232,671,1,0,3,0,2,0,0,0,0,1,0,5,0,1,88.5,0.635846,4.778287,4.499016,31.057371,0.504859,0.549036
1500,300,0,0,4,0,2,0,2,0,0,1,0,8,0,1,82.5,0.396253,0.666667,3.877653,0.0,0.555903,0.259439
7869,829,1,1,3,0,2,0,2,0,1,1,0,7,1,1,82.5,0.88794,5.718643,5.184104,27.758596,0.376276,0.705856
7379,886,3,2,10,3,10,1,6,3,0,5,0,27,3,5,32.5,0.17321,2.981434,2.755094,7.805653,0.768737,0.228581
8358,740,7,1,2,1,8,0,4,3,1,4,2,14,4,6,55.0,0.173042,2.512563,3.077768,5.867918,0.114557,0.296703
4671,817,2,0,14,1,6,1,0,0,1,2,0,21,1,2,53.0,0.949256,6.850781,6.533721,21.893216,0.4472,0.662043
7246,819,0,2,10,0,4,0,2,2,1,0,0,16,3,0,62.0,0.812974,4.968258,4.967831,8.207032,0.125815,0.525935
11013,1441,2,1,9,2,5,1,2,0,0,11,1,17,0,12,48.0,0.963258,4.903296,6.30847,42.447118,0.260767,0.596752
8798,773,0,1,6,0,4,2,0,2,0,2,1,12,2,3,67.5,0.578497,5.569448,5.742735,32.973606,0.126854,0.478413
10140,678,3,1,11,1,2,2,1,1,1,0,1,16,2,1,62.5,0.753823,8.185404,6.469057,76.263526,0.998222,0.699491
8913,1032,1,0,7,0,3,0,2,1,3,2,0,12,4,2,65.0,0.610379,2.804892,4.030297,5.331845,0.330684,0.455575
6881,435,0,0,1,1,4,0,0,0,0,2,2,5,0,4,84.0,0.917906,6.97573,5.994697,158.203238,0.61718,0.674446
7094,1101,3,1,4,2,5,1,2,1,1,4,1,12,2,5,64.5,0.537659,4.792783,4.313965,11.269664,0.215738,0.478206
8693,612,0,2,6,1,0,1,1,0,0,0,0,8,0,0,84.0,0.599849,9.317842,5.37727,39.718231,0.919377,0.761393
7539,524,2,0,3,0,1,0,0,1,0,0,0,4,1,0,90.0,0.934333,9.019764,6.806765,161.904853,0.584273,0.78821
6162,549,1,0,8,3,3,1,2,3,0,4,1,14,3,5,58.5,0.587208,4.706264,5.456027,34.006938,0.897468,0.538233
6121,872,1,1,13,0,6,2,5,1,0,8,1,26,1,9,32.5,0.612491,3.594184,5.153462,1.190513,0.366322,0.401013
16500,1289,2,2,8,1,2,1,5,1,2,5,1,16,3,6,53.0,0.502657,4.848485,4.546726,11.163928,0.066229,0.439976
13989,1124,0,0,6,0,6,1,3,6,0,1,0,16,6,1,54.5,0.668395,3.574237,4.846594,9.172471,0.299791,0.4348
4744,300,0,0,0,1,3,1,0,1,0,0,0,4,1,0,90.0,0.970334,7.37774,6.621878,100.341683,0.704823,0.735434
2202,300,1,0,2,0,0,0,1,0,0,0,0,3,0,0,94.0,0.186283,2.270663,3.584268,1.091184,0.285497,0.315049
6425,907,0,2,6,1,3,3,1,0,1,2,0,13,1,2,69.0,0.240329,1.55642,2.968257,2.467186,0.530558,0.198915
2924,392,0,1,2,0,1,0,0,1,0,1,0,3,1,1,90.5,0.211722,1.367989,1.986609,0.000773,0.19429,0.223693
7881,1245,1,2,6,5,6,1,1,0,0,2,1,14,0,3,67.5,0.537701,5.075498,5.061319,9.269018,0.332878,0.405085
4500,402,0,0,1,0,0,1,0,1,0,0,0,2,1,0,94.0,0.800266,8.666667,5.805269,24.323953,0.544706,0.77753
5429,651,1,1,6,0,1,0,1,0,1,1,1,8,1,2,79.0,0.47916,3.868116,3.980651,4.092497,0.385706,0.458893
7371,460,2,1,3,0,1,1,0,0,0,1,0,5,0,1,88.5,0.872125,9.632343,5.401231,106.055062,0.81179,0.81478
9610,775,2,2,7,0,3,1,3,2,0,4,0,14,2,4,62.0,0.687908,6.659729,5.532768,240.13742,0.945082,0.583071
7733,528,3,0,7,0,1,1,1,0,0,2,0,10,0,2,77.0,0.968444,8.146903,6.926167,94.178637,0.92361,0.807289
16500,2012,1,4,12,4,7,0,7,2,0,5,0,26,2,5,36.5,0.388763,2.848485,3.538973,14.173948,0.462552,0.440827
9420,588,2,2,3,0,2,0,2,1,1,2,0,7,2,2,79.0,0.877539,4.670913,6.486791,35.932198,0.677447,0.674762
18000,2089,2,3,8,3,4,0,0,2,0,1,0,12,2,1,70.5,0.950891,5.944444,6.117116,65.819461,0.282393,0.670723
11305,991,4,2,6,2,5,2,0,1,1,3,0,13,2,3,65.5,0.813876,5.926581,5.423869,39.206727,0.297171,0.635038
7529,1122,2,1,10,1,7,2,2,1,0,3,1,21,1,4,50.0,0.279411,1.992296,3.828926,5.009697,0.307829,0.260574
5316,943,3,0,9,1,6,0,4,3,0,1,0,19,3,1,54.5,0.085017,1.31678,1.928631,0.868331,0.296034,0.137978
4988,489,1,1,2,0,4,1,1,5,1,0,0,8,6,0,72.0,0.230347,3.207698,4.637741,3.607534,0.780035,0.364822
5612,681,1,1,10,1,8,1,1,0,2,1,0,20,2,1,54.5,0.744604,3.385602,5.941035,18.865301,0.382407,0.449816
10881,1205,1,2,9,0,2,1,2,2,0,1,0,14,2,1,66.5,0.614266,5.698006,4.661233,52.017323,0.343994,0.546998
18000,1125,1,0,5,2,4,0,1,0,0,3,0,10,0,3,75.5,0.962385,7.166667,6.258689,516.742728,0.843691,0.718734
17844,1453,0,1,7,1,2,0,5,2,0,3,1,14,2,4,62.0,0.930774,7.565568,6.972058,163.534852,0.46139,0.755256
2998,397,1,2,1,3,3,0,0,0,0,0,0,4,0,0,92.0,0.155829,2.668446,2.219733,2.525151,0.13869,0.256511
6280,616,1,0,4,0,2,0,3,0,0,0,0,9,0,0,82.0,0.947115,9.394904,6.690572,75.040455,0.572991,0.794906
18000,1216,1,2,10,1,1,0,2,0,0,2,1,13,0,3,69.5,0.922611,6.111111,6.522483,462.30751,0.815875,0.659351
12359,1670,3,1,14,2,4,1,2,2,1,6,0,21,3,6,43.0,0.743897,5.421151,5.088058,19.834421,0.238572,0.466956
7706,968,5,3,8,2,5,0,4,4,2,6,0,17,6,6,45.0,0.077695,2.725149,2.925327,0.431363,0.502515,0.268832
7205,450,2,1,3,1,2,0,1,1,0,3,0,6,1,3,81.5,0.895461,6.800833,6.662583,206.280866,0.965497,0.680433
2800,514,1,0,7,0,6,1,0,0,0,2,1,14,0,3,67.5,0.765463,6.785714,5.170559,34.368598,0.472785,0.658277
13246,1697,4,0,8,1,4,1,3,3,2,1,1,16,5,2,55.0,0.831892,6.945493,5.393911,17.15752,0.282969,0.58125
6150,566,4,1,7,1,7,0,0,0,2,1,1,14,2,2,65.0,0.697976,6.178862,4.246801,11.674748,0.08044,0.528069
3167,624,1,1,5,0,3,0,0,1,2,2,0,8,3,2,75.0,0.33491,2.52605,5.76282,3.477594,0.331961,0.332351
14645,1450,2,4,15,2,7,4,2,2,0,6,2,28,2,8,28.0,0.624115,3.687265,4.784,16.641276,0.336397,0.513732
6097,557,0,0,4,1,1,0,0,3,0,1,0,5,3,1,82.5,0.867907,5.576513,4.920911,50.008225,0.312726,0.581835
16500,1530,2,2,6,2,3,1,5,2,0,2,2,15,2,4,60.0,0.596203,3.333333,4.996131,17.534491,0.176582,0.471159
4500,335,1,0,1,1,2,0,0,0,0,0,1,3,0,1,92.5,1.0,6.888889,6.34992,92.204421,0.46852,0.690571
16500,2192,2,2,12,5,5,0,1,3,0,3,0,18,3,3,53.5,0.414935,3.69697,4.504752,40.124537,0.646759,0.438077
11000,1239,2,3,12,3,6,1,7,2,2,7,2,26,4,9,26.5,0.269827,2.636364,4.003624,4.292074,0.166138,0.254007
5866,806,0,2,9,0,4,1,1,1,0,3,2,15,1,5,60.5,0.596969,5.114218,5.161461,14.485799,0.130702,0.505908
10297,864,1,1,7,1,4,0,0,0,0,4,0,11,0,4,72.0,0.470997,2.816354,3.586372,11.180597,0.065078,0.462802
2349,347,0,1,0,1,0,0,0,0,0,4,0,0,0,4,94.0,0.133427,2.554278,3.18179,3.415108,0.156784,0.292733
13652,1623,1,3,11,2,0,3,1,0,1,3,1,15,1,4,62.0,0.403834,3.735716,4.311626,11.300268,0.362176,0.473787
1985,357,0,0,5,3,2,0,1,2,1,1,1,8,3,2,75.0,0.061158,1.511335,3.37883,0.000676,0.254808,0.152012
6827,929,1,1,8,1,7,3,1,3,4,3,1,19,7,4,42.0,0.104317,1.171818,4.103422,0.508105,0.656515,0.231782
3822,467,1,0,5,3,8,0,2,3,0,0,0,15,3,0,64.0,0.039312,1.308216,2.711511,0.01537,0.024325,0.189877
7458,1185,2,3,11,3,7,1,1,3,1,4,2,20,4,6,43.0,0.125667,3.083937,3.386238,6.027628,0.550523,0.316431
3200,312,1,0,4,1,0,0,0,0,2,2,0,4,2,2,85.0,0.714001,7.8125,4.519961,9.380455,0.407718,0.473022
5533,386,0,2,6,2,0,2,0,0,0,0,0,8,0,0,84.0,0.775736,8.494488,5.40807,152.237143,0.881663,0.691073
2800,363,0,0,7,0,1,0,3,0,0,2,0,11,0,2,75.0,0.963056,7.142857,6.407287,71.651065,0.888299,0.71008
4255,501,1,1,6,2,1,1,4,0,0,2,2,12,0,4,70.0,0.033572,3.525264,2.737412,1.602911,0.456464,0.285997
17352,1615,0,0,3,1,2,2,0,0,0,1,0,7,0,1,84.5,0.892559,5.071462,5.197865,299.307004,0.288376,0.684982
13780,861,0,0,3,2,2,2,0,2,0,2,0,7,2,2,79.0,0.943445,6.095791,5.831327,312.543519,0.737431,0.721406
1500,300,1,1,2,1,2,1,0,0,0,1,0,5,0,1,88.5,0.099005,4.0,2.22148,2.418866,0.274032,0.314922
14232,1376,2,4,9,2,6,0,1,3,1,4,0,16,4,4,54.0,0.599744,3.091625,3.779786,21.511743,0.353527,0.4655
18000,1270,1,5,8,0,4,2,5,2,2,4,0,19,4,4,48.0,0.751143,7.888889,7.384485,202.151,0.844058,0.683634
6155,897,6,2,8,0,4,1,5,1,0,5,1,18,1,6,53.0,0.072176,2.112104,2.982699,2.667379,0.699125,0.300274
9134,935,4,0,6,2,9,0,2,1,1,3,1,17,2,4,56.0,0.357385,4.050799,4.519726,29.086693,0.628814,0.524034
5713,489,0,0,2,1,4,0,0,0,0,0,0,6,0,0,88.0,0.529802,4.200945,4.170858,10.584454,0.30576,0.505202
7279,454,0,0,4,0,0,0,0,0,0,2,0,4,0,2,89.0,0.945899,4.945734,6.504076,167.188561,0.947795,0.769927
6464,886,2,1,12,1,8,2,0,3,0,2,3,22,3,5,42.5,0.800472,7.889851,6.006193,114.679454,0.991615,0.656423
4876,654,2,0,6,0,4,0,2,0,1,2,2,12,1,4,68.0,0.122874,1.435603,2.582706,0.648933,0.102257,0.172375
13405,1124,4,2,7,1,3,0,0,0,3,1,2,10,3,3,69.5,0.658304,5.520328,4.892866,30.387005,0.137917,0.511771
6765,449,1,0,1,2,3,0,1,0,0,0,0,5,0,0,90.0,0.717734,7.390983,5.060519,36.212573,0.697673,0.726714
11000,1528,4,3,18,2,7,2,2,1,4,3,3,29,5,6,23.0,0.060432,1.363636,2.234237,0.728948,0.081016,0.127881
11828,749,1,1,5,1,5,1,2,0,1,1,0,13,1,1,70.5,0.709963,6.509976,6.061072,87.439908,0.830769,0.735232
9540,918,3,2,15,5,5,0,0,0,0,1,1,20,0,2,57.0,0.440357,3.878407,4.021032,30.818187,0.935833,0.40276
6547,897,0,1,3,0,1,0,1,0,0,2,0,5,0,2,87.0,0.545845,3.818543,6.052988,24.315755,0.328971,0.477873
7233,878,0,0,8,4,1,2,2,1,0,5,1,13,1,6,63.0,0.566786,3.594636,4.463559,14.581003,0.338612,0.408562
5202,448,1,1,1,2,3,0,0,0,3,2,0,4,3,2,83.0,0.53241,5.382545,5.849538,9.269478,0.661807,0.527827
11849,757,0,0,4,1,3,0,1,1,0,2,0,8,1,2,79.0,0.813436,6.245253,6.19217,192.383173,0.829163,0.678609
3641,338,1,0,3,0,2,0,3,1,1,0,0,8,2,0,80.0,0.137645,3.570448,3.564164,7.341882,0.56815,0.347807
8361,743,5,4,5,1,7,0,4,0,1,6,1,16,1,7,55.5,0.692794,4.544911,4.425936,9.023736,0.671565,0.405236
10297,871,1,1,2,4,6,2,1,1,1,4,2,11,2,6,65.0,0.495363,5.14713,4.534879,34.973835,0.848072,0.549214
8255,515,3,1,1,1,1,0,1,0,1,1,0,3,1,1,90.5,0.83012,7.026045,5.489949,103.46532,0.946828,0.748425
3428,361,1,2,2,1,5,0,3,0,0,1,0,10,0,1,78.5,0.706396,5.54259,4.978558,13.056702,0.108821,0.46812
7290,738,1,0,3,1,1,1,0,3,0,1,0,5,3,1,82.5,0.558,6.035665,4.804252,60.390572,0.389827,0.553874
5270,691,0,0,5,0,6,1,0,3,1,5,3,12,4,8,56.0,0.180312,2.087287,3.756028,2.10638,0.168856,0.23418
8415,1008,1,2,7,7,3,1,1,1,1,7,1,12,2,8,60.0,0.54298,4.991087,4.534779,43.583879,0.215979,0.406105
12532,1423,1,0,13,3,8,1,4,0,0,4,4,26,0,8,36.0,0.525714,4.229173,4.121689,29.059141,0.677985,0.520028
8702,1027,2,3,7,5,6,0,4,0,1,5,1,17,1,6,55.0,0.157815,1.953574,3.608859,1.455711,0.279066,0.176306
4994,650,0,0,6,1,0,1,0,1,1,2,0,7,2,2,79.0,0.48116,5.606728,3.865088,5.056865,0.27597,0.42595
8190,924,3,1,3,0,5,1,2,0,1,3,0,11,1,3,71.5,0.149901,3.052503,2.899153,2.616028,0.06024,0.277321
6124,656,1,0,8,1,4,2,1,2,1,0,2,15,3,2,61.0,0.276612,0.979752,2.111148,0.11237,0.111801,0.222767
4068,646,1,2,6,1,3,0,1,1,1,1,0,10,2,1,74.5,0.400395,3.687316,4.797658,10.241601,0.596745,0.455342
18000,1134,2,1,6,0,3,0,6,0,0,1,1,15,0,2,67.0,1.0,5.333333,6.239867,394.078238,0.672578,0.674443
10237,996,3,1,10,6,7,1,2,2,2,5,1,20,4,6,43.0,0.802103,5.861092,5.433207,21.095588,0.694993,0.608978
10130,633,0,0,2,0,3,0,1,0,0,1,1,6,0,2,85.0,0.788084,4.837117,6.171525,97.082333,0.879653,0.671708
1543,300,1,1,2,1,2,0,1,1,0,0,1,5,1,1,86.5,0.29141,0.648088,1.7197,0.0,0.60066,0.223509
6124,890,2,0,9,2,4,1,1,0,1,4,1,15,1,5,60.5,0.518629,5.551927,4.667803,15.567296,0.311719,0.422063
8918,611,2,1,3,1,1,1,0,0,0,1,0,5,0,1,88.5,0.78781,6.727966,5.273276,220.101404,0.577037,0.684071
8132,1728,3,2,20,0,15,0,2,1,1,5,0,37,2,5,14.5,0.785898,7.255288,5.010266,58.476241,0.449931,0.652549
8496,1488,8,2,11,1,4,0,6,2,2,1,1,21,4,2,47.0,0.116294,1.177024,2.518901,2.262267,0.295435,0.1508
10990,1481,1,1,12,0,1,1,4,0,1,0,0,18,1,0,62.0,0.31256,3.275705,3.883015,9.851022,0.35006,0.41452
12496,849,0,1,4,0,5,0,1,0,0,3,0,10,0,3,75.5,0.955706,8.722791,6.056435,147.890374,0.896472,0.766744
5090,557,3,1,6,1,5,0,1,0,0,1,1,12,0,2,73.0,0.116298,2.554028,4.410821,1.073564,0.655393,0.260369
13139,2012,4,0,13,4,7,5,1,2,0,4,5,26,2,9,30.5,0.611581,4.414339,5.34827,27.339849,0.522671,0.464143
11248,1457,0,1,6,1,5,0,5,0,0,3,1,16,0,4,62.0,0.570549,5.600996,4.358591,41.195514,0.297025,0.528183
10371,1615,5,1,10,1,7,2,0,1,3,9,0,19,4,9,40.5,0.831076,5.592518,4.712999,109.866685,0.530267,0.502124
9548,653,3,2,6,0,3,1,2,3,0,0,0,12,3,0,70.0,1.0,7.64558,6.392105,221.138431,0.809419,0.78221
6386,648,0,1,5,1,4,0,0,2,0,1,1,9,2,2,75.0,0.650611,4.854369,5.146185,29.171952,0.377765,0.580782
9257,1088,3,2,20,3,7,1,1,2,3,7,1,29,5,8,20.0,0.064982,2.052501,2.727608,0.128121,0.798531,0.188667
12948,1356,3,1,6,2,11,2,0,1,1,4,0,19,2,4,52.0,0.531889,4.942848,4.798737,26.740519,0.575655,0.527286
5022,461,1,0,8,0,2,0,1,0,0,3,0,11,0,3,73.5,0.176745,3.783353,4.402624,2.15394,0.179048,0.2711
5759,403,2,1,4,0,4,0,1,1,1,2,2,9,2,4,72.0,0.570384,5.55652,5.707414,27.892972,0.920007,0.532757
6968,435,1,0,5,0,1,2,1,0,0,0,0,9,0,0,82.0,0.815948,6.601607,6.862103,147.53823,0.943823,0.739468
9155,1187,3,3,17,0,5,1,1,1,1,5,2,24,2,7,37.5,0.025338,2.293829,3.038909,5.772523,0.008851,0.208964
5861,383,2,0,4,0,2,0,0,0,0,3,0,6,0,3,83.5,0.630293,6.995393,5.070132,54.445861,0.943947,0.698171
3200,300,1,0,1,1,5,0,1,0,0,0,0,7,0,0,86.0,0.513726,6.875,5.017912,24.848306,0.9897,0.606302
6133,743,1,2,9,4,6,1,5,1,5,2,3,21,6,5,38.5,0.274925,2.608837,3.469817,1.225009,0.256031,0.264664
2600,324,2,0,4,0,0,0,2,0,0,1,0,6,0,1,86.5,0.482604,4.615385,3.578329,3.684645,0.303024,0.472041
13737,937,2,3,3,2,11,2,0,1,0,2,1,16,1,3,61.5,0.727939,7.061222,4.844968,100.603002,0.886855,0.63119
2800,476,1,2,7,1,2,1,0,0,0,3,0,10,0,3,75.5,0.923928,8.214286,4.8486,74.02031,0.641858,0.655242
2800,374,0,2,7,3,4,0,1,0,0,2,1,12,0,3,71.5,0.978137,7.5,6.356271,75.980551,0.765637,0.712856
6559,676,2,1,8,4,6,4,3,2,0,6,1,21,2,7,43.5,0.070748,1.982009,2.804733,3.615607,0.185458,0.175037
15703,1666,1,0,2,1,6,2,1,1,2,3,1,11,3,4,66.0,0.802791,6.941349,5.537973,58.365979,0.39166,0.609914
8433,699,1,3,3,1,3,0,2,0,0,1,0,8,0,1,82.5,0.828657,3.794616,5.576612,11.582077,0.334901,0.515651
6024,404,0,0,2,0,1,0,0,0,0,2,0,3,0,2,91.0,0.967476,7.138114,6.058248,72.951563,0.810547,0.755807
6993,611,0,3,7,2,4,0,0,1,0,4,1,11,1,5,68.5,0.713311,6.721007,4.321464,25.626715,0.185698,0.499704
6702,905,3,1,16,0,5,1,6,3,0,7,2,28,3,9,24.5,0.429287,5.669949,3.714213,8.722837,0.648701,0.399658
2716,300,0,1,4,0,3,0,0,0,0,2,1,7,0,3,81.5,0.621568,4.418262,3.895838,3.893214,0.289731,0.405219
8265,516,2,0,4,0,5,0,1,1,1,1,0,10,2,1,74.5,1.0,6.049607,6.363192,218.614256,0.944879,0.729288
3704,710,1,1,7,1,4,3,1,1,1,2,0,15,2,2,63.0,0.037458,1.61987,2.376379,0.962492,0.589952,0.209944
5635,699,1,0,12,0,6,0,0,0,1,2,0,18,1,2,59.0,0.153061,2.129547,2.935222,6.497633,0.017639,0.287799
9938,982,2,3,10,1,9,1,2,0,0,7,0,22,0,7,45.5,0.0,2.414973,3.001089,3.597007,0.516964,0.177774
11001,837,3,0,3,0,2,0,1,0,0,0,2,6,0,2,85.0,0.841941,7.362967,7.302069,107.406841,0.79032,0.665133
11000,1976,0,4,12,5,9,1,6,0,2,11,1,28,2,12,22.0,0.118533,1.818182,3.499614,10.206739,0.296067,0.217969
18000,1125,0,1,9,0,3,1,0,1,0,1,0,13,1,1,70.5,0.897797,6.444444,5.873998,323.435913,0.97215,0.669453
6021,763,0,3,9,2,9,0,3,1,2,1,0,21,3,1,50.5,0.148046,1.660854,2.732502,9.467955,0.18754,0.257583
12716,1439,3,4,15,0,7,1,2,0,1,7,1,25,1,8,36.0,0.057984,3.224284,3.070929,3.694176,0.645594,0.226965
9065,879,1,1,5,0,6,0,4,1,1,0,2,15,2,2,63.0,0.522193,5.51572,4.062899,12.382802,0.169599,0.4283
5098,817,1,0,9,1,8,1,1,0,0,5,1,19,0,6,53.0,0.879952,8.238525,5.498828,159.413088,0.439974,0.702991
4500,300,0,1,2,1,1,0,0,1,0,0,0,3,1,0,92.0,0.931638,4.666667,6.862282,47.133327,0.900013,0.772503
9191,574,1,0,5,0,2,0,1,0,0,2,1,8,0,3,79.5,0.76481,7.616146,5.348237,80.2885,0.828741,0.664236
6305,797,5,0,3,0,1,0,1,0,1,2,0,5,1,2,85.0,0.401732,6.978588,4.266811,31.083419,0.650342,0.580688
2200,300,1,0,2,0,1,0,0,0,0,0,0,3,0,0,94.0,0.052408,0.454545,3.183161,0.0,0.190425,0.174002
4623,300,0,0,1,0,1,0,1,0,0,1,2,3,0,3,89.5,0.741878,5.840363,5.92069,44.794825,0.692586,0.671566
8815,948,5,2,4,2,1,2,1,0,0,3,0,8,0,3,79.5,0.578633,3.970505,4.251918,7.177745,0.169571,0.418327
7116,663,2,1,4,0,2,0,0,1,0,1,0,6,1,1,84.5,0.879546,6.745363,6.991014,46.374218,0.563516,0.694977
7546,794,1,2,6,0,4,1,2,6,2,4,0,13,8,4,52.0,0.183853,1.060164,2.9754,0.147326,0.132249,0.206201
9562,1105,1,0,9,2,7,2,3,0,1,2,0,21,1,2,53.0,0.780109,4.810709,4.76234,18.227328,0.192286,0.539195
10289,1469,3,2,11,2,6,1,4,1,3,6,1,22,4,7,37.5,0.618698,5.053941,4.049443,11.274797,0.554772,0.439095
4682,513,0,0,1,1,2,0,2,0,0,0,1,5,0,1,88.5,0.94996,10.679197,6.573033,41.373102,0.350264,0.794952
8708,544,2,0,4,0,3,0,0,0,0,1,1,7,0,2,83.0,0.824483,6.775379,6.769389,53.140567,0.843931,0.782995
9699,805,0,0,2,0,5,2,0,0,1,3,0,9,1,3,75.5,0.478246,3.814826,4.982241,35.268824,0.314861,0.478419
16500,1834,1,0,11,1,5,1,2,2,0,1,0,19,2,1,56.5,0.879605,5.272727,5.763752,57.484821,0.524529,0.630488
6071,921,1,0,10,2,8,0,2,0,2,6,0,20,2,6,47.0,0.992715,6.423983,6.261893,141.710735,0.579507,0.73421
4576,583,2,2,11,3,9,0,0,1,1,0,0,20,2,0,56.0,0.786417,10.270979,6.176,135.221535,0.90626,0.737527
6319,1383,2,3,9,1,4,0,1,1,0,4,1,14,1,5,62.5,0.12595,2.057288,3.577016,2.470831,0.457332,0.205463
6819,778,1,0,7,3,2,0,3,1,0,3,0,12,1,3,69.5,0.461641,3.812876,4.266649,20.21369,0.576669,0.51795
11285,1295,2,0,3,3,8,2,2,0,1,1,1,15,1,2,65.0,0.533227,4.43066,3.931203,16.181239,0.544189,0.551425
5183,597,1,0,6,0,1,1,2,2,0,4,0,10,2,4,70.0,0.519924,3.472892,4.335175,13.972757,0.403811,0.489732
3585,389,0,0,5,0,3,0,1,1,1,2,1,9,2,3,73.5,0.075948,1.11576,1.795678,0.272793,0.399734,0.203177
3705,371,1,0,1,0,3,0,0,1,0,3,0,4,1,3,85.5,0.723119,4.8583,3.916584,14.612687,0.335702,0.494498
16355,1886,4,2,13,3,5,0,4,2,0,4,0,22,2,4,46.0,0.510478,3.79089,4.283689,24.858068,0.54451,0.487667
13152,1519,2,0,4,1,5,0,0,1,4,6,0,9,5,6,63.0,0.633234,6.538929,4.099677,40.947854,0.441429,0.490816
4977,641,0,1,8,4,6,0,1,2,1,3,1,15,3,4,58.0,0.059997,1.808318,2.927622,1.504157,0.450943,0.292892
3962,463,0,0,5,0,5,1,1,0,3,3,0,12,3,3,65.5,0.587173,4.795558,4.370858,3.345426,0.636165,0.454525
9834,1076,3,0,6,0,6,1,0,4,0,1,3,13,4,4,60.0,0.523938,5.287777,4.289587,25.167803,0.372333,0.434662
5157,332,2,1,2,0,1,0,0,0,0,0,0,3,0,0,94.0,0.945941,5.429513,6.768989,131.911702,0.847291,0.703898
4846,820,2,0,6,0,3,0,1,1,1,7,1,10,2,8,64.0,0.749092,6.190673,4.731678,7.451775,0.40263,0.491255
9807,886,1,0,9,2,10,2,3,3,1,9,0,24,4,9,30.5,0.383737,5.608239,4.375905,42.578706,0.844512,0.419213
8254,927,1,1,7,2,4,0,4,1,0,3,1,15,1,4,62.0,0.255588,2.544221,3.80977,4.374648,0.401994,0.268543
3498,357,0,0,2,0,2,0,2,2,1,2,2,6,3,4,76.0,0.153259,1.429388,3.021681,0.113626,0.259474,0.257247
4057,471,0,4,5,1,2,1,0,1,1,6,0,8,2,6,71.0,0.539,4.683263,3.426118,8.805642,0.642435,0.416014
12591,1226,2,1,7,1,5,1,0,1,1,5,1,13,2,6,61.0,0.559023,4.924152,4.549814,27.736244,0.255052,0.474359
2431,300,1,0,4,0,3,0,0,0,0,1,0,7,0,1,84.5,0.126173,2.46812,4.464831,1.879289,0.287693,0.292716
7009,796,1,1,1,1,3,1,3,2,0,2,0,8,2,2,77.0,0.673352,4.565559,5.699938,24.853736,0.170633,0.501374
4500,424,0,0,2,1,2,0,0,1,0,2,1,4,1,3,85.5,0.900605,8.444444,5.970995,32.987411,0.513318,0.788285
6790,684,1,0,3,2,1,0,1,0,1,1,2,5,1,3,83.5,0.469881,6.038292,4.856008,15.551187,0.568514,0.537759
7442,607,0,2,6,1,11,2,0,1,0,3,1,19,1,4,54.0,0.643012,5.106154,5.0013,70.117895,0.967679,0.598388
15037,939,4,0,8,1,5,1,2,0,1,2,1,16,1,3,61.5,0.917443,5.453215,7.156109,415.090577,0.906162,0.753973
15000,1303,4,2,15,0,12,0,0,0,2,9,1,27,2,10,27.0,0.536853,3.933333,4.161891,19.363071,0.228414,0.405275
8478,854,0,0,6,1,0,1,0,0,0,0,0,7,0,0,86.0,0.731906,6.959188,5.7379,38.633839,0.613927,0.676232
6762,786,1,2,2,0,4,0,1,2,0,3,3,7,2,6,73.0,0.593518,4.140787,4.527327,3.861869,0.207486,0.446247
13000,1137,3,1,10,5,6,1,1,3,3,3,2,18,6,5,44.5,0.025729,1.692308,3.202386,5.262215,0.114595,0.217585
7812,725,2,3,11,0,5,0,1,0,0,4,1,17,0,5,58.5,0.567958,3.072197,3.878023,10.003432,0.125331,0.410433
6487,956,2,0,11,1,10,1,0,1,1,2,0,22,2,2,49.0,0.970114,6.320333,6.459605,83.013431,0.896374,0.693323
6281,1275,1,1,10,2,4,2,3,3,2,3,0,19,5,3,47.5,0.124559,1.592103,3.632814,0.03992,0.219267,0.229437
16500,1396,4,4,13,2,8,0,4,1,2,1,1,25,3,2,41.0,0.574013,4.060606,4.302055,27.046047,0.067819,0.490473
5073,479,1,1,5,1,2,0,3,1,2,1,1,10,3,2,71.0,0.342179,4.336684,3.899439,14.491163,0.906722,0.486521
8163,545,0,0,1,0,2,0,1,0,0,1,1,4,0,2,89.0,0.915236,6.247703,6.370357,55.34067,0.962489,0.729064
6398,902,0,3,10,2,11,1,1,3,2,4,1,23,5,5,36.5,0.025931,2.65708,2.546722,2.806508,0.66211,0.21832
6122,785,2,1,9,1,1,0,1,0,0,6,0,11,0,6,69.0,0.676401,7.023848,5.547516,26.439888,0.49795,0.614841
2980,300,1,1,5,0,4,1,1,1,0,1,0,11,1,1,74.5,0.017262,3.020134,3.183954,1.805909,0.574659,0.34282
3041,337,1,0,5,0,6,3,1,1,2,4,0,15,3,4,58.0,0.04286,1.973035,2.605358,1.133264,0.646293,0.208171
11618,1526,4,0,7,1,4,0,3,0,1,1,2,14,1,3,65.5,0.417998,4.045447,4.700608,11.6349,0.292603,0.462756
14980,1282,3,2,8,2,6,1,1,0,4,5,1,16,4,6,51.0,0.673323,4.47263,4.705843,33.044361,0.40053,0.503341
3608,449,3,1,8,3,3,0,3,0,0,2,1,14,0,3,67.5,0.914552,11.91796,6.358585,186.108078,0.939549,0.819686
17412,1088,0,0,9,3,7,1,0,1,2,5,0,17,3,5,52.5,0.918489,8.212727,6.143547,106.293004,0.713936,0.728492
14429,955,1,1,8,0,0,0,3,0,0,3,3,11,0,6,69.0,0.977265,9.425463,5.844393,496.735181,0.912485,0.848384
2800,514,1,1,2,1,5,0,0,1,3,4,0,7,4,4,72.0,0.679845,7.142857,5.097388,36.349814,0.55823,0.655234
7961,837,2,0,13,3,7,0,2,2,1,5,1,22,3,6,41.0,0.261317,2.63786,3.257826,8.382614,0.254971,0.259815
8401,655,0,1,11,2,4,2,3,0,2,3,3,20,2,6,47.0,0.373592,4.285204,3.957961,7.583868,0.546172,0.335106
4334,396,0,1,2,1,5,1,0,1,0,2,0,8,1,2,79.0,0.18602,1.615136,3.388011,6.879619,0.21204,0.27111
16642,1040,0,1,4,0,3,0,4,2,1,2,0,11,3,2,69.0,0.837985,6.549694,6.679798,477.887735,0.825584,0.730114
12968,1890,4,1,15,2,5,3,4,4,0,7,2,27,4,9,24.5,0.760116,7.325725,5.533928,31.49555,0.260748,0.548055
5424,787,1,1,10,1,3,1,1,1,2,3,0,15,3,3,59.5,0.250037,2.581121,3.20643,4.327788,0.65411,0.343466
11038,1153,4,3,10,0,8,1,3,0,1,4,0,22,1,4,48.0,0.818194,6.794709,5.255739,251.539893,0.680842,0.619265
10668,799,1,0,6,1,2,1,2,0,0,3,0,11,0,3,73.5,0.63103,5.811774,5.430862,54.366516,0.98646,0.705771
12500,1274,4,4,13,0,5,3,2,0,0,2,2,23,0,4,48.0,0.482848,5.04,3.957121,42.160022,0.209665,0.456577
3945,494,2,1,4,1,1,0,2,0,0,3,2,7,0,5,78.5,0.357501,1.774398,3.603351,1.224462,0.188479,0.276435
2200,300,1,0,1,0,0,0,0,0,1,2,1,1,1,3,91.5,0.124729,3.181818,2.618333,3.628962,0.794587,0.316997
7101,708,2,0,6,5,7,2,6,2,1,7,0,21,3,7,41.5,0.331133,2.816505,4.143387,36.591284,0.917961,0.426347
9676,1109,5,3,12,3,11,0,6,4,3,2,0,29,7,2,25.0,0.26482,2.687061,3.49681,8.792935,0.503004,0.336762
10337,705,1,3,2,0,5,1,0,1,0,5,2,8,1,7,71.5,0.41882,2.805456,4.626447,11.95446,0.890705,0.440211
11467,1224,2,1,6,0,4,2,5,1,2,2,1,17,3,3,55.5,0.646245,5.057993,4.923786,21.335196,0.342656,0.444725
6093,680,0,2,8,0,5,1,1,2,2,2,0,15,4,2,59.0,0.09693,1.969473,3.233095,3.026665,0.324351,0.262621
5394,682,1,1,8,0,12,1,0,0,0,0,0,21,0,0,58.0,0.81396,9.269559,6.061159,159.41337,0.930454,0.680081
6225,537,2,0,3,3,3,0,2,0,0,2,2,8,0,4,78.0,0.386609,4.337349,4.185605,27.495659,0.826183,0.537335
16500,1405,3,2,3,1,6,0,2,1,0,8,2,11,1,10,61.0,0.556196,5.878788,5.825212,68.917539,0.946244,0.56663
11831,803,2,0,2,0,5,0,1,0,0,0,0,8,0,0,84.0,0.929965,5.747612,6.081201,82.889445,0.821702,0.667745
10582,966,2,0,10,4,0,0,1,0,1,2,1,11,1,3,71.5,0.440202,3.307503,4.390628,19.511032,0.687375,0.419693
10681,1882,3,2,12,1,6,1,5,1,2,3,3,24,3,6,37.0,0.26435,1.029866,2.415069,0.220225,0.119056,0.128122
7061,1278,0,2,8,1,7,1,4,5,1,1,0,20,6,1,46.5,0.107041,1.557853,2.531959,0.487282,0.321054,0.211216
3007,326,0,0,4,1,1,0,1,1,0,2,0,6,1,2,83.0,0.032596,2.660459,4.721233,1.2e-05,0.754395,0.310774
3221,374,2,0,13,0,1,0,0,0,0,2,0,14,0,2,69.0,0.824664,6.209252,6.025951,82.955145,0.855634,0.658311
7587,556,1,3,2,0,4,0,1,1,2,2,0,7,3,2,77.0,0.510967,3.690523,3.746102,6.538332,0.145012,0.416545
2200,318,1,0,2,1,0,0,1,1,0,1,0,3,1,1,90.5,0.169884,4.545455,2.457251,0.451725,0.310345,0.32155
2800,494,0,0,6,0,8,1,1,0,0,2,0,16,0,2,65.0,0.789858,9.285714,5.226948,37.229822,0.717078,0.691316
6730,684,0,1,6,0,2,2,0,0,2,7,1,10,2,8,64.0,0.119549,1.485884,2.363273,5.119154,0.09225,0.200505
1985,300,0,1,1,2,0,0,0,1,1,1,1,1,2,2,91.0,0.247187,2.015113,3.651398,0.583807,0.022803,0.221963
9716,938,3,1,7,2,11,1,4,3,0,3,2,23,3,5,40.5,0.750935,4.528613,4.983439,11.162447,0.09176,0.429145
4500,300,1,0,3,0,1,0,1,2,2,5,0,5,4,5,74.5,0.79774,6.444444,5.073773,30.712128,0.991715,0.691815
4112,551,1,0,3,0,4,0,1,0,0,2,0,8,0,2,81.0,0.185276,2.188716,3.563705,0.003136,0.56853,0.253037
4530,624,0,0,5,0,3,0,0,0,0,3,2,8,0,5,76.5,0.831298,6.181015,5.063753,7.671095,0.306904,0.519403
9849,1006,2,0,3,1,8,0,3,1,0,1,2,14,1,3,65.5,0.246776,2.944461,2.544679,1.930904,0.1102,0.304114
5456,677,2,2,11,2,5,2,1,4,2,1,0,19,6,1,48.5,0.223835,4.215543,4.311281,6.280308,0.797635,0.356581
6169,832,5,1,14,1,10,0,3,0,2,1,1,27,2,2,39.0,0.94945,8.429243,6.085467,196.478675,0.851515,0.761856
10830,764,2,1,4,0,1,1,3,0,0,2,1,9,0,3,77.5,0.917294,5.909511,6.581295,279.349182,0.890239,0.651135
5046,759,2,4,11,3,7,0,2,1,0,4,1,20,1,5,50.5,0.718647,7.530717,4.499053,100.153286,0.885628,0.661092
2800,483,0,0,7,1,7,1,0,0,0,1,0,15,0,1,68.5,0.951457,6.785714,6.025621,19.78104,0.616716,0.676987
15026,1089,0,1,14,4,6,3,0,2,1,3,0,23,3,3,43.5,0.775953,5.989618,6.024736,93.246655,0.983861,0.628199
10181,1032,4,0,5,0,3,0,0,0,0,2,1,8,0,3,79.5,0.952641,7.955996,6.396456,314.088535,0.545266,0.718772
5005,708,1,1,12,0,8,0,1,0,0,4,1,21,0,5,50.5,0.712629,6.593407,5.509552,122.978572,0.977151,0.672167
9853,690,0,0,7,1,3,0,0,0,0,2,0,10,0,2,77.0,0.923394,7.510403,6.762824,137.270891,0.736611,0.751013
13240,1197,1,2,15,1,3,1,2,0,0,2,0,21,0,2,55.0,0.355184,3.700906,4.481916,6.393539,0.677831,0.456319
10513,1087,1,0,6,1,1,0,0,1,0,3,0,7,1,3,79.5,1.0,7.419386,5.733707,43.380651,0.276715,0.770548
10239,657,1,0,5,2,3,0,0,1,0,0,0,8,1,0,82.0,0.972727,9.082918,6.944298,429.187406,0.932548,0.819075
3200,393,0,1,1,2,0,0,1,1,0,0,1,2,1,1,92.5,0.71125,4.375,5.874069,25.601003,0.222703,0.618681
2695,369,3,0,6,0,2,0,1,2,1,3,1,9,3,4,70.0,0.14547,2.226345,2.362408,0.006285,0.239754,0.179824
9540,1205,3,2,5,2,6,0,3,0,0,2,2,14,0,4,66.0,0.199127,3.563941,4.61087,20.665276,0.240143,0.414153
8016,802,3,0,6,1,6,1,2,0,1,0,0,15,1,0,68.0,0.521396,3.493014,5.409402,6.864877,0.406293,0.434737
12503,1150,1,1,2,1,4,0,2,0,1,0,0,8,1,0,82.0,0.973451,6.398464,5.809168,61.978448,0.466777,0.691098
13142,1545,3,1,8,2,2,0,4,0,1,1,0,14,1,1,68.5,0.623693,3.880688,4.897126,51.136044,0.490986,0.513498
3706,406,1,0,5,1,3,0,0,1,3,1,0,8,4,1,74.5,0.121681,0.809498,2.635848,1.581071,0.032267,0.254124
15000,1300,3,0,6,4,10,1,5,3,1,7,1,22,4,8,36.0,0.550831,3.733333,4.304977,25.69204,0.150128,0.426748
6344,679,1,2,6,0,8,0,3,1,6,6,1,17,7,7,41.5,0.094145,0.630517,2.799158,0.008464,0.466486,0.149174
15000,1785,6,3,12,5,7,2,4,5,1,10,0,25,6,10,23.0,0.563761,7.266667,4.47703,47.54747,0.606365,0.450956
7218,493,0,0,5,1,0,0,1,1,0,1,0,6,1,1,84.5,0.953422,7.481297,6.258025,236.605309,0.540572,0.777429
11764,750,0,2,5,0,4,0,3,0,0,2,0,12,0,2,73.0,0.991417,8.755525,6.97889,468.466354,0.86877,0.81644
10192,1732,1,1,13,1,10,0,2,1,1,4,0,25,2,4,40.0,0.975184,8.339874,5.685554,212.405151,0.398114,0.680952
5513,651,2,1,4,2,3,1,1,1,1,1,2,9,2,3,73.5,0.447718,3.446399,3.906385,10.534927,0.171471,0.419624
2600,304,2,0,2,1,3,0,0,1,0,0,0,5,1,0,88.0,0.548483,4.230769,4.777855,7.827877,0.35231,0.450057
10728,1227,5,1,10,5,8,0,2,0,3,5,2,20,3,7,43.5,0.057105,2.237136,2.321883,3.417908,0.007172,0.177349
9371,1049,2,0,5,1,4,1,1,1,0,2,1,11,1,3,71.5,0.732886,5.015473,4.769853,66.500408,0.489607,0.558996
18000,1160,1,1,8,1,2,0,2,0,1,3,0,12,1,3,69.5,0.739593,6.277778,6.285906,109.828939,0.934032,0.701501
12707,1368,1,2,5,1,4,1,5,2,0,4,2,15,2,6,57.0,0.687556,4.8792,5.045718,61.676372,0.566327,0.582429
10691,910,4,1,7,1,7,3,5,0,2,1,1,22,2,2,49.0,0.858314,5.986344,5.739432,28.337337,0.088723,0.567451
9079,567,1,0,1,0,0,0,0,0,0,2,0,1,0,2,95.0,0.929134,8.921687,6.538382,132.600918,0.888694,0.909452
15000,2269,5,3,18,1,8,2,4,1,0,4,1,32,1,5,26.5,0.399459,4.133333,4.008707,18.566198,0.616243,0.414155
6895,516,1,0,7,0,1,0,0,0,1,3,1,8,1,4,76.0,0.469631,3.770848,5.361354,26.733975,0.799742,0.461053
11717,1554,2,2,3,5,8,0,0,2,1,2,0,11,3,2,69.0,0.637058,5.206111,4.867588,36.436247,0.526734,0.633276
9744,616,0,1,7,3,1,0,1,0,1,1,0,9,1,1,78.5,0.948137,8.825944,6.584139,371.427065,0.760275,0.792854
13000,1299,3,3,12,1,5,3,4,1,0,3,3,24,1,6,41.0,0.069036,1.230769,2.755852,0.409448,0.110891,0.195513
1500,300,0,0,2,0,3,2,0,0,1,0,0,7,1,0,84.0,0.084911,4.0,2.270144,0.0,0.020603,0.244848
7384,738,2,2,23,1,6,2,1,1,3,2,1,32,4,3,23.5,0.635798,5.95883,5.219394,73.937088,0.964149,0.4513
12409,1293,2,1,8,1,10,0,0,3,3,5,1,18,6,6,43.0,0.354748,3.86816,3.868179,29.120214,0.314497,0.434743
13000,1856,1,1,13,0,6,0,4,2,3,9,1,23,5,10,29.0,0.208698,1.230769,2.761031,3.850308,0.333568,0.153296
2249,300,0,0,4,0,2,1,2,0,0,0,1,9,0,1,80.5,0.154935,2.22321,1.818609,1.280066,0.612734,0.262466
6213,721,2,1,4,0,1,1,1,4,0,1,0,7,4,1,76.5,0.446065,3.701915,4.787776,4.697363,0.167736,0.341467
8234,514,0,1,7,0,1,1,4,0,0,2,0,13,0,2,71.0,0.827341,7.77265,5.811303,260.758797,0.775813,0.727972
5700,681,1,2,5,1,2,0,1,0,1,2,0,8,1,2,79.0,0.163852,1.22807,2.872194,0.514636,0.030528,0.243129
13277,1339,2,3,2,2,1,2,1,0,1,2,0,6,1,2,83.0,0.77002,5.874821,5.504994,73.026505,0.602282,0.680231
7833,842,1,0,4,2,2,0,0,0,1,3,0,6,1,3,81.5,0.390782,3.446955,4.090897,3.869213,0.368165,0.445398
18000,1362,3,1,5,1,3,0,3,1,1,2,0,11,2,2,71.0,0.889098,7.666667,5.746618,486.629831,0.813438,0.769207
8146,745,3,0,7,1,7,0,1,4,1,3,1,15,5,4,54.0,0.709281,6.015222,4.530121,15.576033,0.27099,0.474308
1500,300,0,1,4,1,1,0,0,0,0,0,0,5,0,0,90.0,0.0,4.0,2.960749,0.002016,0.166308,0.294151
2600,300,0,0,1,0,0,2,0,0,0,2,0,3,0,2,91.0,0.548561,6.153846,4.98664,22.160546,0.912705,0.534796
8106,939,0,1,12,0,3,0,4,0,1,6,0,19,1,6,51.0,0.571742,4.687886,4.851418,59.165471,0.678591,0.5487
6700,964,1,1,4,1,6,0,1,2,2,8,1,11,4,9,56.5,0.521846,4.179104,4.142779,34.93995,0.321438,0.55231
3382,478,2,0,9,0,5,1,3,2,0,2,0,18,2,2,57.0,0.149699,1.182732,2.479361,0.000934,0.257411,0.192702
6309,719,1,0,2,0,5,0,1,2,0,0,0,8,2,0,80.0,0.106303,1.902045,2.619161,2.156909,0.521298,0.241924
6974,630,0,1,11,1,4,3,3,0,0,2,0,21,0,2,55.0,0.541669,6.739317,4.52222,72.868781,0.824838,0.600684
5734,367,0,0,3,1,2,2,1,0,0,3,0,8,0,3,79.5,0.690916,7.32473,5.828185,81.081787,0.936596,0.690908
7869,491,0,0,5,2,2,0,2,0,0,2,0,9,0,2,79.0,0.969091,9.531071,6.558073,325.979062,0.983869,0.857024
14423,1928,3,3,12,5,7,1,6,1,1,8,1,26,2,9,30.5,0.82705,7.002704,5.408463,63.222852,0.479777,0.59307
3200,303,1,1,2,0,2,0,0,0,0,3,0,4,0,3,87.5,0.465093,5.625,4.452133,5.088566,0.648612,0.531649
9585,1437,5,0,11,1,4,1,2,3,1,7,2,18,4,9,42.5,0.393219,5.007825,4.254726,17.985995,0.62955,0.427669
10163,1385,5,1,12,0,11,1,5,1,2,5,1,29,3,6,27.0,0.119216,1.27915,3.45465,3.510006,0.467008,0.23406
8010,972,3,2,22,2,8,1,2,2,1,1,1,33,3,2,25.0,0.995271,9.612984,7.446587,361.249787,0.955985,0.787055
5641,542,0,0,2,0,1,0,0,0,0,1,0,3,0,1,92.5,0.9121,6.381847,6.154656,44.936898,0.628935,0.786681
4946,527,0,1,3,0,1,0,1,0,1,0,0,5,1,0,88.0,0.69906,5.05459,5.636678,16.015973,0.538118,0.657488
7333,902,0,1,6,2,1,0,0,2,2,7,1,7,4,8,66.0,0.126914,1.909178,3.14694,1.883592,0.745993,0.27126
13936,1760,3,2,14,1,7,2,3,1,3,1,3,26,4,4,34.0,0.650469,4.161883,3.521062,31.091516,0.183612,0.402838
8734,699,3,1,2,1,6,0,1,1,1,2,1,9,2,3,73.5,0.491617,4.350813,4.264512,36.688831,0.794311,0.463733
5847,630,1,1,4,0,0,0,0,1,0,2,0,4,1,2,87.0,0.492482,3.24953,5.244065,19.755073,0.583356,0.520771
2800,381,1,0,5,1,9,1,2,0,0,1,0,17,0,1,64.5,0.679912,7.5,5.702402,56.370453,0.613874,0.652554
14880,1038,2,1,9,2,1,1,2,1,1,3,1,13,2,4,64.0,0.85569,6.653226,5.209467,54.219563,0.550019,0.674506
4393,686,4,0,5,1,7,0,1,0,1,5,1,13,1,6,63.0,0.068003,1.593444,3.619358,1.934415,0.578228,0.237728
4837,525,0,1,5,0,1,1,1,0,0,4,0,8,0,4,78.0,0.730121,4.134794,5.445281,12.32782,0.069497,0.528819
6557,734,2,0,8,2,8,0,2,2,1,5,3,18,3,8,46.0,0.098801,2.745158,2.307108,2.815526,0.063358,0.163304
10446,902,2,2,7,1,2,0,1,0,0,4,1,10,0,5,72.5,0.149192,3.350565,4.258734,25.716355,0.737285,0.414278
4946,541,0,0,3,2,2,0,0,0,0,3,1,5,0,4,84.0,0.493392,5.458957,5.454946,23.904913,0.655873,0.589343
5542,543,0,0,5,0,4,0,4,1,1,3,0,13,2,3,65.5,0.17321,2.165283,3.211678,3.871512,0.11964,0.300669
4712,381,1,1,2,0,3,1,1,1,0,2,0,7,1,2,81.0,0.069255,1.273345,2.274243,0.551796,0.016045,0.201093
6658,416,2,2,1,1,0,0,1,1,1,3,1,2,2,4,86.0,0.960482,9.912887,6.829395,247.189022,0.968431,0.856906
3247,300,2,0,5,2,2,0,1,0,0,0,0,8,0,0,84.0,0.180604,3.079766,3.943528,3.829559,0.020792,0.273297
6813,696,8,2,8,2,5,0,1,2,3,5,2,14,5,7,51.5,0.285182,2.49523,4.567951,9.67082,0.832923,0.315731
3190,397,1,0,5,1,3,0,2,0,0,1,0,10,0,1,78.5,0.111054,0.940439,2.753232,0.006916,0.474428,0.227619
6683,417,0,1,2,0,0,1,2,0,0,0,0,5,0,0,90.0,0.916391,5.985336,6.374639,197.581977,0.812987,0.79017
5191,459,0,0,6,1,3,0,1,3,1,2,2,10,4,4,66.0,0.185921,3.082258,4.577146,4.967661,0.823602,0.295629
9621,601,0,0,3,1,2,0,0,0,1,1,0,5,1,1,86.5,0.792989,7.795447,5.268255,50.527695,0.855958,0.665114
4388,538,1,2,1,1,1,0,0,0,1,2,1,2,1,3,89.5,0.104416,4.102097,3.370856,3.460965,0.39848,0.403483
10512,657,1,1,4,1,2,1,2,0,0,0,1,9,0,1,80.5,0.985998,7.420091,5.70835,38.787636,0.568872,0.669568
2062,300,2,0,3,2,1,0,2,2,0,0,0,6,2,0,84.0,0.360944,5.334627,3.476121,0.230597,0.020257,0.321008
11143,1255,2,1,8,2,7,2,4,3,0,4,0,21,3,4,46.0,0.016942,1.974334,2.341645,3.686881,0.427418,0.204157
10009,883,2,3,13,1,8,2,0,1,0,3,2,23,1,5,44.5,0.15354,1.099011,2.294707,0.150917,0.124452,0.209438
3295,403,0,1,2,0,2,3,1,1,1,2,0,8,2,2,77.0,0.275654,5.159332,3.964736,10.241015,0.61415,0.469397
13328,1135,1,1,6,0,2,0,1,0,2,2,0,9,2,2,75.0,0.951579,7.352941,6.035525,116.170455,0.636428,0.704763
14589,980,1,0,6,0,0,1,0,0,0,2,1,7,0,3,81.5,0.971265,9.116458,6.481757,346.107004,0.877854,0.855377
9436,940,0,1,5,0,5,2,1,0,2,1,1,13,2,2,67.0,0.672701,4.980924,4.653344,22.293577,0.451356,0.541379
10960,1271,7,1,10,2,12,1,2,4,0,3,1,25,4,4,36.0,0.086283,1.186131,2.196239,3.300645,0.147056,0.170903
4860,384,0,0,2,0,3,0,0,0,0,0,0,5,0,0,90.0,0.899458,8.024691,6.121625,65.551274,0.659725,0.677317
3123,473,1,0,1,2,4,0,1,0,0,2,0,6,0,2,85.0,0.119652,3.202049,2.010558,1.118282,0.255795,0.279377
11348,781,0,0,5,2,4,0,0,1,1,2,0,9,2,2,75.0,0.938458,7.225943,6.657608,155.827869,0.529619,0.770698
4834,408,0,0,1,1,2,1,0,1,0,0,0,4,1,0,90.0,0.102162,1.241208,2.181362,1.081444,0.771048,0.23582
2898,523,0,1,6,2,8,4,1,0,0,0,0,19,0,0,62.0,0.873878,5.175983,6.891928,18.456181,0.72212,0.681538
1500,300,0,0,2,3,2,0,0,0,1,1,0,4,1,1,88.5,0.061438,0.666667,1.0,0.281745,0.721682,0.217322
5821,638,0,1,7,1,6,0,0,1,0,7,2,13,1,9,58.5,0.531322,4.981962,4.163781,18.867587,0.685828,0.534832
4500,300,1,1,2,1,0,0,1,0,0,1,0,3,0,1,92.5,1.0,7.777778,6.239951,143.069766,0.618123,0.766411
9500,1326,5,1,8,2,7,1,6,1,0,3,1,22,1,4,48.0,0.4739,3.578947,3.948384,15.03786,0.381894,0.42059
3400,300,0,0,2,0,3,1,1,0,0,1,2,7,0,3,81.5,0.11851,3.235294,2.490161,0.267577,0.522901,0.277425
15881,1175,1,3,11,1,12,2,4,1,2,3,0,29,3,3,31.5,0.739473,4.848561,5.29631,214.88783,0.947919,0.601549
15000,1599,2,2,22,0,8,0,3,2,1,11,1,33,3,12,10.0,0.542424,4.4,5.135631,25.670031,0.645663,0.444164
3200,324,0,1,3,1,0,1,0,0,1,3,0,4,1,3,85.5,0.779432,5.9375,5.047028,37.590774,0.36694,0.615296
10012,913,1,3,8,0,10,1,4,3,0,13,1,23,3,14,27.0,0.584927,4.394726,5.055684,14.527503,0.734169,0.544489
10093,951,0,3,6,1,9,1,4,3,0,8,2,20,3,10,39.0,0.217934,2.08065,3.011609,4.726575,0.73334,0.242831
8373,917,0,1,2,1,5,1,1,0,0,3,1,9,0,4,76.0,0.459269,5.016123,3.980729,27.156351,0.24069,0.518249
4109,467,1,3,5,1,3,0,0,0,0,2,0,8,0,2,81.0,0.426258,3.650523,4.166129,2.760253,0.249358,0.404076
7737,920,4,1,6,0,3,2,1,1,0,2,2,12,1,4,68.0,0.446695,3.360476,3.629589,11.284805,0.378781,0.400002
11294,1506,6,2,21,1,16,1,5,2,0,9,0,43,2,9,0.0,0.98301,9.296972,6.934806,388.544288,0.905662,0.663894
8725,846,3,3,11,3,6,1,2,1,1,2,1,20,2,3,51.5,0.62895,5.157593,5.5439,83.798787,0.98899,0.465374
2800,356,0,1,9,1,3,2,2,0,1,1,0,16,1,1,64.5,1.0,10.0,6.917853,117.292949,0.795617,0.852033
2823,476,3,1,1,0,3,0,1,1,1,4,0,5,2,4,80.0,0.033724,3.542331,1.998896,0.688134,0.159081,0.196592
4458,346,1,0,3,1,1,1,1,0,1,2,1,6,1,3,81.5,0.457947,5.832212,4.08594,48.109835,0.987064,0.519818
2856,491,0,2,6,0,3,0,1,1,0,4,1,10,1,5,70.5,0.032602,1.7507,1.930635,1.884656,0.234425,0.164809
7529,850,1,1,11,0,3,0,4,1,1,1,1,18,2,2,57.0,0.601688,4.781511,5.855653,17.861294,0.653485,0.407356
4148,649,3,2,9,1,6,1,1,1,2,2,1,17,3,3,55.5,0.28276,1.68756,3.625672,0.014745,0.195358,0.244246
14803,925,2,0,5,1,6,1,4,1,0,0,1,16,1,1,64.5,0.861503,6.012295,6.079797,319.973432,0.931599,0.65361
8566,536,0,2,6,1,6,0,0,1,0,0,0,12,1,0,74.0,0.97703,7.004436,6.789032,75.828436,0.946952,0.758897
6460,442,2,1,5,0,3,1,2,2,0,2,1,11,2,3,69.5,0.198841,5.263158,4.11916,21.90538,0.904219,0.456272
7067,787,1,1,8,5,5,1,5,2,1,4,1,19,3,5,48.5,0.16348,2.264044,2.771376,0.400864,0.175704,0.254971
10112,1144,2,2,10,0,3,1,0,0,0,3,0,14,0,3,67.5,0.574575,4.153481,3.643203,26.028592,0.409639,0.497962
2552,373,0,0,2,1,3,1,2,1,0,3,0,8,1,3,77.5,0.272474,1.959248,4.233969,0.556494,0.370262,0.301692
4434,603,0,0,2,0,3,0,1,0,0,0,2,6,0,2,85.0,0.539636,2.93189,4.814338,6.913983,0.592109,0.484811
8277,1018,0,4,16,4,7,4,2,3,2,4,2,29,5,6,23.0,0.674569,5.074302,5.596026,22.689967,0.613788,0.472584
3200,300,1,0,2,2,0,1,2,0,0,0,0,5,0,0,90.0,0.235028,3.125,3.516152,5.667042,0.727159,0.447245
4553,580,1,2,7,1,4,0,0,1,1,3,1,11,2,4,68.0,0.158492,4.612344,3.06225,7.86517,0.229105,0.284071
2800,361,1,0,7,2,6,2,2,0,0,1,0,17,0,1,64.5,0.989369,6.428571,6.334508,23.417264,0.653377,0.651164
7434,645,1,0,5,0,7,0,3,2,2,2,2,15,4,4,56.0,0.188835,3.362927,3.157441,6.105208,0.752336,0.271667
5211,601,1,1,5,1,1,0,2,0,1,5,0,8,1,5,74.5,0.267547,1.727116,3.756492,2.566381,0.79308,0.297645
9496,1016,3,0,13,2,10,2,4,0,1,5,2,29,1,7,29.5,0.934094,5.47599,5.646561,38.653253,0.225738,0.573366
10287,1261,0,1,10,3,5,1,1,0,0,2,0,17,0,2,63.0,0.557127,2.819092,4.521441,14.857239,0.195921,0.434434
3563,300,0,0,2,0,1,0,1,1,0,1,0,4,1,1,88.5,0.633648,5.613247,4.220646,21.080586,0.91748,0.587027
7906,745,1,0,4,0,2,1,1,0,0,3,0,8,0,3,79.5,0.389975,3.794586,5.215729,10.091665,0.424023,0.456916
14971,1267,4,1,11,3,5,0,2,0,0,1,1,18,0,2,61.0,0.978919,11.555674,6.37429,437.949382,0.809999,0.802056
5929,598,2,1,4,0,3,0,0,1,0,3,1,7,1,4,78.0,0.982234,7.927138,5.62752,43.464573,0.615121,0.702131
9828,614,0,1,4,0,4,0,2,0,1,1,0,10,1,1,76.5,0.635283,3.866504,6.122928,23.834187,0.871784,0.660774
13296,1382,2,0,4,2,6,0,1,2,1,5,0,11,3,5,64.5,0.663584,4.512635,4.72082,15.654909,0.329326,0.47542
5576,583,3,0,6,0,4,1,3,0,0,1,0,14,0,1,70.5,0.563582,3.766141,4.988255,5.507468,0.168195,0.429932
11000,1769,1,4,15,2,12,0,6,2,2,7,0,33,4,7,15.5,0.069922,1.545455,2.410362,2.707301,0.318544,0.162153
6436,485,0,1,2,0,0,0,2,0,0,1,1,4,0,2,89.0,0.709719,7.924177,6.034325,73.091327,0.920257,0.658719
11027,1556,3,0,10,1,4,1,4,0,2,2,1,19,2,3,53.5,0.429085,4.806384,4.010464,17.530396,0.566435,0.468987
4500,344,0,1,2,0,1,0,1,0,0,1,1,4,0,2,89.0,0.803222,9.777778,5.617724,35.965042,0.816139,0.705851
4740,410,1,0,4,0,2,0,1,0,1,4,1,7,1,5,76.5,0.073552,2.320675,3.044916,4.629312,0.83213,0.362265
7156,557,2,1,8,2,4,0,0,1,2,4,1,12,3,5,62.5,0.361855,5.170486,4.20442,17.580618,0.993661,0.534448
11242,702,1,0,7,1,2,2,1,0,1,1,0,12,1,1,72.5,1.0,7.827789,6.86804,150.267988,0.754883,0.774535
7120,1066,1,3,9,4,7,0,1,0,1,5,1,17,1,6,55.0,0.581773,6.179775,5.26044,16.418354,0.350106,0.574261
3111,509,1,1,3,0,2,0,4,1,0,1,0,9,1,1,78.5,0.050491,1.92864,2.467568,0.042545,0.346271,0.22686
12553,784,0,0,7,0,3,0,1,0,0,3,1,11,0,4,72.0,0.996874,7.806899,6.766815,450.909471,0.780196,0.793194
14494,1826,3,3,10,1,5,1,3,1,0,4,0,19,1,4,54.0,0.435159,2.55278,4.235899,18.15833,0.372384,0.456291
5009,441,0,0,7,1,0,0,2,1,1,3,2,9,2,5,70.5,0.586012,6.388501,5.075872,17.659479,0.904622,0.598817
3200,390,1,0,3,0,0,0,0,0,1,1,0,3,1,1,90.5,0.738821,5.625,4.65523,16.408554,0.517263,0.579549
9554,1272,2,2,8,2,8,2,2,2,2,3,2,20,4,5,44.5,0.123094,1.884028,3.020277,5.127615,0.492985,0.191591
6632,844,3,3,9,2,7,2,1,2,0,3,1,19,2,4,52.0,0.552796,5.729795,5.007377,31.886027,0.382519,0.417982
11572,723,3,1,5,1,4,1,3,1,2,1,1,13,3,2,65.0,0.528605,6.049084,4.709775,47.757622,0.925909,0.634499
3233,430,1,1,3,3,3,1,1,1,2,2,1,8,3,3,73.5,0.243222,4.639654,4.105275,4.067767,0.420486,0.268244
7868,657,1,0,6,2,2,1,1,0,2,1,3,10,2,4,70.0,0.451842,6.354855,4.861001,29.338477,0.942676,0.484251
11589,1811,3,3,15,1,9,1,5,2,0,3,2,30,2,5,28.5,0.538959,5.522478,4.216034,17.997585,0.50699,0.444575
6441,549,0,0,2,0,3,0,0,0,0,1,1,5,0,2,87.0,0.891269,6.675982,6.476629,118.43945,0.68918,0.73364
1500,300,1,0,0,1,1,1,0,0,0,0,0,2,0,0,96.0,0.18137,2.0,2.919167,5e-06,0.313954,0.263573
10417,808,4,2,4,2,2,1,1,0,2,4,1,8,2,5,72.5,0.382944,3.263896,5.113436,14.503629,0.751796,0.427452
15000,2526,8,4,13,4,12,1,7,1,0,3,3,33,1,6,23.0,0.638462,4.733333,5.292695,36.883292,0.474422,0.588619
9900,844,1,0,2,3,4,1,2,0,0,2,0,9,0,2,79.0,0.869057,6.262626,5.980415,98.598986,0.859775,0.663427
6379,506,0,0,1,0,3,0,0,1,0,3,0,4,1,3,85.5,0.756663,4.546167,5.689291,15.569957,0.659496,0.69241
13000,1344,2,0,13,0,4,0,1,3,1,4,2,18,4,6,47.0,0.128516,1.153846,2.950335,8.038616,0.124389,0.200221
7028,768,3,0,10,0,5,1,2,3,2,1,0,18,5,1,52.5,0.155532,2.13432,2.429699,0.124883,0.318114,0.205512
4500,427,0,1,2,0,2,0,1,0,0,1,0,5,0,1,88.5,0.695299,6.222222,5.521276,18.146517,0.533852,0.741169
11000,1242,4,2,13,1,9,1,5,2,2,8,3,28,4,11,19.5,0.196165,2.818182,2.88473,14.627708,0.676706,0.311948
6163,385,1,0,1,2,3,0,2,0,0,1,0,6,0,1,86.5,0.818153,7.950673,6.74809,36.695361,0.56313,0.708282
7943,689,1,1,5,1,2,0,0,0,1,1,0,7,1,1,82.5,0.489502,4.784087,5.187558,23.589651,0.648496,0.660161
6498,623,2,0,6,0,2,0,1,0,0,1,1,9,0,2,79.0,0.58461,4.462912,5.116454,9.180143,0.654798,0.427632
3200,379,1,2,3,0,0,0,3,0,0,0,1,6,0,1,86.5,0.596175,4.6875,4.591264,15.306274,0.537861,0.545804
12089,1112,1,2,12,2,4,1,4,1,0,0,3,21,1,3,51.5,0.128199,3.887832,3.667199,10.232206,0.764499,0.392351
16500,1265,3,2,13,3,0,2,1,1,0,6,1,16,1,7,55.5,0.695123,4.363636,5.515752,37.946426,0.778354,0.623663
6581,653,1,0,2,1,10,1,3,1,0,1,0,16,1,1,64.5,0.451931,3.950767,5.201939,8.282697,0.737004,0.459303
7214,458,1,0,4,1,4,1,0,0,0,1,0,9,0,1,80.5,1.0,7.069587,6.246616,229.60976,0.666569,0.732733
15000,1696,1,3,14,1,9,3,4,1,5,4,1,30,6,5,20.5,0.586638,4.466667,4.426837,33.587474,0.397976,0.445712
11681,1035,3,1,5,3,9,2,1,1,2,4,1,17,3,5,52.5,0.580663,3.424364,4.060279,24.079925,0.550443,0.351325
8949,559,1,1,3,0,1,0,0,1,1,1,0,4,2,1,86.5,0.923857,7.933847,5.681883,112.221377,0.770182,0.764183
6177,684,2,2,5,1,2,1,3,1,1,3,0,11,2,3,69.5,0.061211,1.457018,2.771255,4.669195,0.210584,0.200066
16500,1258,2,1,6,1,5,0,1,0,1,2,1,12,1,3,69.5,0.381995,5.272727,4.648663,24.643236,0.846371,0.545515
8483,530,0,0,4,0,1,0,0,1,0,5,1,5,1,6,79.0,0.929603,9.312743,6.017028,337.952443,0.91908,0.796377
7693,1045,0,1,2,0,5,1,1,0,0,0,0,9,0,0,82.0,0.474208,3.769661,3.880713,20.371142,0.266415,0.408718
16752,1184,2,1,12,0,2,0,0,0,0,2,0,14,0,2,69.0,0.83584,6.267908,5.375072,99.22662,0.688939,0.688259
4500,300,0,1,1,0,1,0,0,0,0,0,0,2,0,0,96.0,0.98295,8.222222,7.264052,154.131814,0.86995,0.834134
4591,600,1,1,11,0,4,1,3,0,0,2,3,19,0,5,54.5,0.212252,1.960357,4.345496,2.463904,0.207419,0.215823
13203,928,2,0,1,0,4,0,1,0,0,1,0,6,0,1,86.5,0.962868,7.422555,5.721432,81.422029,0.48064,0.724318
10489,1294,7,2,5,1,5,0,2,0,1,7,1,12,1,8,62.0,0.373664,4.862237,3.803526,10.002924,0.435362,0.398732
7492,468,0,0,3,0,2,0,0,0,1,1,0,5,1,1,86.5,1.0,6.273358,6.518201,180.13898,0.947496,0.739603
3243,352,0,1,1,1,1,0,1,0,0,0,0,3,0,0,94.0,0.374035,4.31699,4.972299,2.098936,0.350801,0.403891
8620,921,3,0,7,1,1,1,6,1,0,0,2,15,1,2,65.0,0.885204,5.336427,5.758621,35.018905,0.361678,0.690302
2925,300,1,0,3,1,1,0,0,1,0,1,0,4,1,1,88.5,0.262528,5.811966,4.125036,14.425022,0.988893,0.463326
5055,511,0,0,7,1,2,0,2,0,0,0,0,11,0,0,78.0,0.519201,4.945598,4.55419,19.063578,0.382155,0.45188
7414,882,0,0,5,1,6,1,0,0,1,8,1,12,1,9,60.5,0.213423,4.585919,3.647235,22.640114,0.408883,0.464452
10316,1390,1,0,9,1,13,2,5,1,0,4,1,29,1,5,32.5,0.519728,3.586661,4.20889,27.179235,0.376625,0.434071
10563,893,4,1,6,2,4,1,4,1,2,6,1,15,3,7,53.5,0.464134,4.828174,4.847625,57.582372,0.852881,0.508588
4103,572,2,1,2,0,4,2,2,1,2,2,0,10,3,2,71.0,0.218282,1.949793,2.218664,1.484653,0.400039,0.223412
15157,1100,1,1,7,2,3,4,2,1,0,6,0,16,1,6,57.0,0.490167,3.694663,5.603841,44.207601,0.90373,0.548691
13014,1238,6,1,6,1,8,1,2,2,0,1,1,17,2,2,59.0,0.667166,4.226218,4.423363,18.753478,0.161157,0.473244
3949,439,1,1,1,1,0,0,0,1,0,2,0,1,1,2,93.0,0.477506,5.064573,4.084611,0.851142,0.576555,0.470336
7597,729,1,2,2,0,2,0,0,0,1,2,0,4,1,2,87.0,0.907775,9.214163,6.449682,308.067413,0.598421,0.774163
6473,644,2,1,6,1,2,0,2,0,0,4,0,10,0,4,74.0,0.278953,2.008342,3.356647,1.300503,0.475064,0.27765
10530,1445,4,3,6,4,7,1,3,3,3,4,0,17,6,4,48.0,0.242766,2.469136,3.488711,7.413602,0.391686,0.300707
9834,1093,5,2,9,3,6,0,1,2,0,5,2,16,2,7,53.5,0.68897,5.592841,5.182497,52.001081,0.733633,0.537494
7487,990,5,1,9,2,5,2,6,3,1,3,0,22,4,3,43.5,0.085353,2.804862,2.433173,9.640003,0.248538,0.242036
2800,514,1,0,9,0,7,1,0,0,0,4,2,17,0,6,57.0,0.926591,9.285714,6.672529,63.611599,0.59343,0.735758
6865,1083,4,0,9,1,1,2,3,1,5,1,2,15,6,3,53.5,0.170925,2.03933,3.130985,2.49745,0.373022,0.250388
8121,904,2,0,7,0,5,0,2,2,0,2,1,14,2,3,63.5,0.058023,2.709026,4.310767,0.554856,0.420136,0.252705
7461,531,0,1,5,0,0,1,1,1,0,0,1,7,1,1,82.5,0.752182,3.618818,4.978901,12.786738,0.25646,0.510492
6820,688,4,2,16,1,8,1,1,2,0,6,2,26,2,8,32.0,0.736731,8.944282,5.590148,245.976156,0.911956,0.652771
5363,653,1,1,11,1,14,0,2,0,0,3,0,27,0,3,41.5,0.99261,9.32314,6.86093,221.627996,0.866827,0.797531
9943,621,0,0,6,1,3,0,0,0,0,1,0,9,0,1,80.5,0.944685,8.045861,5.540955,133.035274,0.718849,0.736978
15000,1587,3,1,8,1,8,0,3,1,3,5,4,19,4,9,40.5,0.294307,4.066667,4.327987,26.684184,0.600681,0.455143
2929,544,3,0,0,0,2,0,1,0,2,1,1,3,2,2,87.0,0.435476,5.462615,5.143286,4.45915,0.353809,0.478006
11704,972,3,2,7,1,7,2,2,0,3,2,1,18,3,3,53.5,0.568314,6.493506,4.765886,37.057638,0.966963,0.605031
4500,316,0,0,4,0,3,0,0,0,0,2,0,7,0,2,83.0,0.941965,10.888889,6.465694,105.785514,0.552347,0.775179
2200,349,1,0,2,0,1,1,0,0,0,0,1,4,0,1,90.5,0.113065,1.818182,2.731085,1.808418,0.538964,0.33259
13505,965,3,1,7,0,1,1,2,0,2,2,0,11,2,2,71.0,0.625611,5.553499,5.034386,40.452872,0.64727,0.657288
13399,1301,2,0,6,1,1,0,1,1,0,4,1,8,1,5,74.5,0.971616,5.373535,5.72852,61.189973,0.500205,0.719773
5291,603,1,1,3,1,2,0,0,0,0,2,2,5,0,4,84.0,0.795377,4.725005,5.861206,28.284638,0.235255,0.592295
6399,454,1,1,2,0,0,3,1,1,0,1,0,6,1,1,84.5,0.845469,7.032349,6.094956,13.821819,0.66984,0.672544
4064,334,1,1,6,1,3,1,2,0,1,1,0,12,1,1,72.5,0.678772,4.429134,5.601334,60.57903,0.959449,0.522191
7915,801,0,1,3,0,5,0,2,0,1,0,0,10,1,0,78.0,0.978208,6.443462,6.473604,83.657433,0.536437,0.789232
2550,300,0,0,2,1,1,0,1,0,0,2,0,4,0,2,89.0,0.22661,0.784314,5.249205,0.000441,0.033561,0.243632
4500,322,1,0,2,2,2,0,1,0,0,1,0,5,0,1,88.5,1.0,7.111111,6.809256,145.033387,0.973568,0.692091
18000,1125,2,1,5,4,4,2,2,0,2,2,0,13,2,2,67.0,0.926547,6.833333,5.987951,472.009134,0.875708,0.700909
8721,1036,0,3,10,0,4,2,0,4,3,4,1,16,7,5,46.5,0.031544,1.375989,2.218358,0.558257,0.348805,0.177999
7811,672,2,1,10,2,4,1,3,0,2,2,1,18,2,3,55.5,0.375573,4.864934,5.49166,23.036207,0.949943,0.437894
1726,300,0,1,1,0,2,1,0,0,2,3,0,4,2,3,83.5,0.23036,1.158749,3.00959,0.410177,0.543828,0.261886
9929,1188,2,1,11,0,7,0,2,1,1,5,2,20,2,7,45.5,0.747036,6.244335,5.149395,17.957482,0.416486,0.570511
9758,1173,0,3,9,4,3,1,2,0,0,4,0,15,0,4,64.0,0.595322,2.76696,4.012619,26.327695,0.516529,0.473071
2800,438,1,3,7,1,4,0,1,0,0,1,1,12,0,2,73.0,0.828206,10.357143,6.859296,133.718405,0.894585,0.783584
10271,724,2,0,6,2,3,1,2,1,0,1,0,12,1,1,72.5,0.981114,8.762535,6.349431,229.235977,0.775965,0.734545
7939,570,0,2,4,0,1,2,2,0,0,1,0,9,0,1,80.5,0.842601,5.038418,5.930073,19.829574,0.832586,0.571326
7183,1191,5,2,8,2,8,1,4,1,3,2,0,21,4,2,47.0,0.097227,1.531394,2.523195,0.280071,0.581542,0.209027
10242,986,1,2,8,3,5,1,5,1,2,5,0,19,3,5,48.5,0.270946,4.881859,4.08205,41.462983,0.997443,0.491093
8343,567,3,1,4,3,2,1,1,0,0,0,0,8,0,0,84.0,0.852878,8.270406,6.608666,86.237347,0.955555,0.799752
16500,1661,1,4,6,3,6,1,3,2,0,5,1,16,2,6,55.0,0.461685,4.545455,4.481102,34.741034,0.571855,0.44023
1500,300,1,0,2,1,0,0,0,0,0,2,0,2,0,2,93.0,0.501241,4.666667,3.374123,0.290427,0.027844,0.385234
8169,648,1,0,3,0,5,0,2,0,3,3,0,10,3,3,69.5,0.187927,4.529318,3.828443,19.093083,0.771396,0.499884
3184,439,1,0,10,2,6,0,1,0,0,0,0,17,0,0,66.0,0.846293,9.10804,5.841632,110.499419,0.852431,0.714548
3285,387,5,2,5,2,5,0,1,0,0,6,0,11,0,6,69.0,0.069168,2.130898,2.468706,0.071475,0.00988,0.17223
14144,1148,4,1,3,1,3,0,2,1,1,6,1,8,2,7,69.5,0.880518,6.433824,6.263788,57.547965,0.639319,0.687957
10350,646,0,0,4,0,1,1,1,0,1,0,0,7,1,0,84.0,0.803175,6.956522,6.132534,299.175509,0.817864,0.681952
3173,532,2,0,4,1,2,1,1,0,0,1,0,8,0,1,82.5,0.623148,4.727387,4.9764,2.717302,0.296551,0.455581
8132,1284,5,0,10,0,7,2,3,2,1,2,0,22,3,2,47.0,0.62939,3.689129,3.548306,20.072406,0.300769,0.452338
3744,467,1,0,11,0,7,1,1,1,0,1,2,20,1,3,53.5,0.952871,11.217949,6.234894,191.886207,0.893979,0.776547
8624,539,0,1,5,0,2,1,2,1,0,0,0,10,1,0,78.0,1.0,7.305195,6.249168,177.148667,0.969357,0.802753
3908,649,2,1,4,0,5,1,1,3,2,3,1,11,5,4,62.0,0.265394,2.302968,3.129602,1.217171,0.151413,0.171757
6935,436,3,0,0,0,1,0,1,1,1,0,0,2,2,0,92.0,0.994529,3.893295,6.937596,98.657936,0.671236,0.661658
11343,708,1,3,1,0,3,1,0,0,0,1,1,5,0,2,87.0,0.704544,7.052808,4.993644,253.039746,0.995599,0.678622
14229,1170,0,1,5,2,4,0,1,0,1,0,0,10,1,0,78.0,0.728963,6.325111,5.744361,51.950528,0.694269,0.707427
7436,676,0,2,2,1,2,1,0,1,2,0,0,5,3,0,84.0,0.491458,2.824099,4.817343,5.977811,0.335763,0.416631
7606,475,1,0,1,0,1,0,0,1,0,1,0,2,1,1,92.5,0.998654,6.573758,6.411386,191.231834,0.887914,0.726559
3200,400,1,0,5,0,0,0,0,0,0,0,0,5,0,0,90.0,0.509342,4.375,5.413343,7.360206,0.4199,0.527091
15000,2597,5,1,15,3,7,3,2,1,1,1,1,27,2,2,39.0,0.524106,5.0,4.496269,49.086785,0.533227,0.460039
8300,1598,5,4,9,3,8,1,4,0,1,9,2,22,1,11,37.5,0.106026,1.445783,2.784492,2.09648,0.24831,0.107199
5636,669,2,2,5,1,2,0,0,0,0,2,0,7,0,2,83.0,0.094173,2.3066,4.580701,5.366968,0.706033,0.386418
8054,503,0,0,3,1,0,1,0,0,1,1,1,4,1,2,87.0,0.785303,6.456419,5.958922,130.995031,0.837566,0.728264
3671,806,3,1,4,0,4,0,4,2,0,2,1,12,2,3,67.5,0.155707,2.451648,2.675957,0.182938,0.302475,0.2574
16500,1761,6,2,12,1,6,1,4,0,1,5,2,23,1,7,41.5,0.735259,5.69697,4.93086,41.330165,0.321,0.532372
6466,862,0,4,11,0,4,0,0,1,1,2,3,15,2,5,58.5,0.630523,4.948964,4.38506,9.641439,0.510735,0.484788
7443,560,1,0,6,1,5,1,0,1,2,1,1,12,3,2,67.0,0.329229,4.702405,4.523309,13.443496,0.740891,0.399582
11000,1588,4,2,19,6,13,0,7,3,1,3,3,39,4,6,5.0,0.034239,1.090909,2.703985,0.170021,0.183675,0.08051
5540,559,0,1,3,1,1,0,1,1,0,1,0,5,1,1,86.5,0.905373,9.205776,6.439677,77.821103,0.515829,0.781563
2681,304,0,0,4,0,0,2,0,0,0,0,0,6,0,0,88.0,0.135089,1.864976,2.960453,0.016797,0.139456,0.214999
7079,708,1,1,10,4,9,0,5,1,0,4,2,24,1,6,41.0,0.019297,1.97768,2.683398,0.422142,0.720139,0.310431
11532,720,2,1,4,1,4,1,1,0,0,6,0,10,0,6,71.0,0.933526,9.018384,6.547716,129.675219,0.817584,0.81738
3199,300,1,2,0,0,4,0,2,0,0,0,1,6,0,1,86.5,0.038205,3.438575,4.180667,0.010352,0.732934,0.332247
18000,1125,2,1,3,0,9,3,2,2,0,0,0,17,2,0,62.0,1.0,6.722222,7.029875,250.176089,0.708446,0.781739
13897,868,0,0,10,1,5,1,0,0,0,2,0,16,0,2,65.0,0.955832,6.40426,6.080815,144.772404,0.733126,0.712891
9945,1120,1,0,5,2,2,0,0,0,2,2,0,7,2,2,79.0,0.510607,4.424334,4.503735,13.940329,0.537107,0.523405
5370,686,2,0,5,1,4,0,1,1,2,2,0,10,3,2,71.0,0.522724,5.586592,3.681707,26.239171,0.380445,0.463409
10913,1174,3,0,16,2,6,0,1,1,4,5,3,23,5,8,32.0,0.709581,3.298818,4.735743,17.582442,0.157984,0.414012
8469,804,1,1,9,3,3,1,2,1,0,4,0,15,1,4,62.0,0.272702,3.07002,3.613833,13.187534,0.249433,0.333629
4214,302,0,1,2,0,1,0,0,0,0,0,0,3,0,0,94.0,0.895047,5.457997,5.628113,100.048015,0.706981,0.621657
3541,406,0,1,2,0,1,1,0,0,0,2,0,4,0,2,89.0,0.539439,4.518498,3.800005,3.283858,0.544199,0.443955
6769,660,1,1,7,1,3,0,0,2,0,3,1,10,2,4,70.0,0.594245,6.204757,5.536915,51.324389,0.737275,0.616182
5203,494,4,1,4,3,5,0,0,2,0,3,0,9,2,3,73.5,0.344246,3.267346,3.079654,0.607225,0.088422,0.265954
8344,1091,1,0,2,1,2,1,0,0,0,0,0,5,0,0,90.0,0.412111,3.116012,3.657215,13.023309,0.507932,0.425618
7559,881,2,3,16,1,3,0,3,1,2,3,5,22,3,8,38.0,0.091538,0.529171,3.575024,0.058398,0.497327,0.150973
7385,853,3,0,5,0,4,0,4,1,1,2,0,13,2,2,67.0,0.135439,3.38524,3.920259,7.013796,0.666484,0.274555
7823,505,2,0,0,1,1,2,1,0,2,1,0,4,2,1,86.5,0.755681,8.692318,5.642425,61.299233,0.868866,0.712082
10576,887,3,3,9,3,7,1,2,5,0,4,1,19,5,5,44.5,0.744989,5.011346,4.607402,140.389591,0.895358,0.574536
8834,658,5,1,7,1,5,2,0,0,1,1,0,14,1,1,68.5,0.548067,3.961965,4.360642,31.106493,0.851248,0.500916
5316,688,0,2,9,1,4,0,2,0,2,5,2,15,2,7,55.5,0.201713,2.445448,2.512468,0.915528,0.340832,0.294264
13565,1529,0,1,11,1,7,0,3,1,2,5,0,21,3,5,44.5,0.42259,3.980833,3.655427,18.67768,0.373898,0.459936
13534,1602,1,3,8,0,6,1,4,2,0,2,0,19,2,2,55.0,0.559886,4.211615,4.734632,27.654202,0.280582,0.414845
8103,1040,2,2,1,2,2,2,4,1,0,2,1,9,1,3,75.5,0.470423,4.689621,3.622575,4.908865,0.393674,0.401983
5644,560,2,0,3,1,2,0,0,2,0,1,0,5,2,1,84.5,0.658711,5.1382,4.383418,4.621814,0.064151,0.42034
1704,300,1,1,3,2,1,0,0,1,0,2,0,4,1,2,87.0,0.271298,2.347418,4.037622,0.437379,0.661361,0.272954
9995,1619,3,0,19,0,20,1,5,3,1,6,2,45,4,8,0.0,0.858926,9.504752,6.190612,140.771594,0.916872,0.704278
